node_u,node_v,label
57117690500,57210960198,1
57199839295,57223014620,1
57103819300,7005969319,1
57205695081,57211085447,1
57206481447,57222509786,1
54390925400,6701807050,1
57190167355,6603785139,1
57194431442,6602774577,1
57193155364,7003811166,1
57194289125,6602823371,1
35462639300,37050721900,1
58822981700,8342748400,1
12042047500,7202075544,1
55255901200,55257149800,1
56224796600,57203792010,1
57200755425,57214187155,1
35478909000,6603801818,1
16238022000,56047429200,1
57190161603,57206891141,1
57195309972,57205339235,1
58405037400,7004835587,1
57193241274,8585119800,1
56638311500,57216539523,1
55225014800,57190219361,1
55630517700,6602387255,1
16643141600,57216589597,1
56734378000,56866299600,1
57209721892,57218192507,1
57194876074,7006686754,1
55070746900,7101975791,1
10939275100,57210894280,1
55640145100,57202263698,1
57200552045,6507357025,1
57203099111,7202369029,1
57193163824,7004426962,1
16643616700,57200806732,1
57193699176,57214184119,1
57191250687,6601964582,1
55556296100,57193011405,1
55535491100,6602277744,1
35367031900,57195769948,1
57211214455,57218477328,1
57214192009,7801650202,1
27067901300,7003942962,1
57193343345,57213557667,1
57192199126,57221532970,1
24476818100,7004916334,1
56845192300,57195573495,1
57192073087,57196343089,1
23971662700,8059496300,1
57204023107,6603813409,1
57205760368,57217661773,1
49061029800,57201344847,1
55665656200,57211215663,1
57213595044,6602506368,1
55173582700,57194869340,1
36923965900,57203028938,1
6506645414,6603097867,1
35758609900,55620172900,1
56557107400,7102802523,1
57201026134,57221949854,1
57896963200,7203007412,1
57164866900,6701547321,1
12779013400,6603156028,1
36663263400,57201026134,1
6507157339,7801498529,1
37118135700,57200755425,1
56921446800,57823268500,1
23485751700,57241560600,1
35091557600,57679447700,1
55388149200,57212486335,1
14219526400,55172863100,1
56734378000,7801358604,1
6603165760,8721928400,1
7003810795,7203013613,1
54383232900,57220899192,1
23091409000,57188766397,1
55356969200,60100025400,1
13612663800,7102266163,1
56386934800,57219883772,1
14060455600,57329860400,1
50162339500,57191692420,1
55209865200,57198056374,1
56146474900,57204531379,1
57191039949,6506716797,1
57193493655,57218195605,1
24479726500,56385629000,1
56231177500,56472729600,1
16064360400,7005909070,1
56055096500,57209449016,1
57195100670,8722213800,1
55332536900,55647917800,1
57190969497,57195558385,1
36573296000,37048606300,1
57204478890,57211169861,1
35606519100,56063146500,1
55842599300,56418579500,1
55955245900,57204542974,1
57214551475,57215129481,1
55424695500,57190660749,1
12782630800,55597926500,1
57195731822,57204088786,1
55868704200,6507993283,1
25230650200,7005323635,1
36991101500,57222359921,1
55249712800,6602826319,1
26634884900,57221949854,1
25121531900,6603391847,1
54789187900,57205760368,1
57196347416,57201677203,1
57211350803,9746797800,1
57194547700,57212083287,1
24479959000,6602436600,1
57190799130,57195442657,1
56349737900,6602366281,1
57215150045,6603400945,1
57216279131,6508357924,1
14021049800,57191402881,1
57193750121,7004894512,1
23094594000,57203863712,1
15754481800,35497272700,1
57201983152,57315163000,1
57192679655,57218194363,1
56340522700,57212348641,1
23003258800,56593551000,1
16243020100,57192679655,1
57200378728,7102266163,1
57210841993,57608704100,1
45161224700,57201095477,1
56430927200,57209721892,1
55204775100,55351753800,1
55587917400,57188714069,1
26635822900,7006940836,1
12785708100,57200114017,1
55293802600,57223902831,1
56414241800,57210185493,1
57212783125,7005468526,1
55113709300,6701424197,1
54996034100,6507796594,1
24377391500,57197858027,1
15926246800,55189438200,1
55558132100,57194434562,1
7004521489,7202219958,1
55583329900,57194288925,1
36994478600,57198357708,1
57193493655,6506906545,1
57193520263,57199839295,1
57210691053,6504651173,1
57219169179,6506541996,1
57219433461,6601978164,1
36561004700,8219543000,1
57788715000,57932857700,1
56267927900,57201504995,1
57205287889,7003810795,1
59586827600,7005372641,1
15754481800,56313591900,1
6602589883,8714404600,1
37050828000,57217595641,1
57209641808,57209644316,1
57192963392,9273383800,1
26655075400,7103040365,1
57192275447,57221582068,1
55706745500,57204952547,1
35092058800,56024985800,1
36704152400,56712342900,1
56295292100,57191365913,1
57212468699,57225024461,1
54080224900,57209577412,1
56513768800,57214492532,1
14025574900,56556565800,1
57208927123,57209267807,1
57200755425,6506541996,1
57201504995,57214191037,1
57193617332,57204150218,1
57201026134,57215695696,1
25947321200,55445412800,1
57189222869,7003322687,1
16202211100,6602404361,1
55196096200,6602257132,1
57214112643,7402214018,1
57205728568,6506736837,1
57729458200,6504443983,1
26023085000,57216401949,1
55907520600,58784487500,1
56664043200,57193684279,1
24469054700,57284778900,1
56241060700,56638221300,1
50960926700,56845192300,1
55228787000,6602101968,1
57204646396,57219615160,1
14831722300,57193213489,1
57208165882,57214178872,1
55620172900,57203894446,1
57196706353,57215486904,1
14824679900,57220096035,1
35095506200,57217120265,1
57190425867,57190969497,1
35478909000,57039005600,1
16062998800,57221501622,1
56062113100,57868661700,1
57215277461,57215281565,1
54913625700,57202677171,1
57218599145,57218602621,1
23134993400,57218551907,1
55666338900,6602619791,1
57191205328,7003810795,1
55257393500,57218194340,1
57205231421,57221683008,1
7102666167,7103040365,1
14019420400,57223087546,1
44761100500,7004835587,1
35741718500,7103061271,1
24381651100,56469166500,1
35338069100,57203974537,1
57198056374,57200935294,1
57216966843,7201676108,1
55640145100,56472729600,1
57209821049,57209827092,1
14424608900,7004426962,1
56575083300,57211057969,1
35227632100,35277170500,1
56958400900,9037312600,1
56151754500,57208437654,1
35568595300,55598364800,1
56576608900,57193730238,1
53866828200,57210390533,1
15073894300,57210122175,1
37059628800,57194464165,1
35355756600,7005969319,1
57194868042,57207489753,1
16400914200,35086939400,1
14030472900,56016071500,1
57196023105,57203409598,1
57222864884,58170860400,1
57200422086,7003322687,1
24472732900,57223130117,1
57218192507,7006177272,1
13402677300,7005323635,1
57837668400,57837726300,1
26023085000,57204858767,1
57207470126,57207472482,1
16301272000,57202060730,1
56641717100,7004481112,1
55621132400,56536258000,1
36081078700,6701380843,1
23567383600,58630072200,1
15836326300,7005310639,1
59842697900,6506130489,1
59436164000,6504786804,1
36085044800,7003572956,1
55180668900,57201434495,1
15755373400,57190799130,1
57195576902,57202581227,1
26021760100,57200108150,1
14831722300,26530872400,1
57315163000,57315582700,1
55014391800,6603790113,1
36087035200,57194289125,1
57203099111,7005330448,1
36476939000,36523912000,1
57218166257,7801650202,1
57202707010,57204803206,1
6506641033,6603582934,1
57093060300,6506694707,1
57191039949,57401816100,1
28067543600,57193161850,1
57207732171,7003959774,1
55332427600,57203923646,1
57192073087,7102743604,1
55569831000,57222610574,1
56046985600,57200270272,1
56430927200,7005936077,1
55226136900,56331374700,1
35619528200,8707619100,1
56909556400,6601969069,1
57207695231,57208673910,1
23567383600,57946903700,1
57190169567,7003450280,1
15047537900,35355756600,1
57189469159,57194769305,1
56059049400,57188985666,1
56131381100,7007180997,1
54405056900,8962997000,1
34869477000,6602789090,1
57209022661,6507737860,1
56527129000,57196146647,1
57219671587,8393086500,1
57218166257,59091724000,1
21743825200,6603605014,1
7003322687,7203007412,1
57771957800,7006241835,1
36151189100,7003942962,1
54584961800,54797008100,1
54892907100,59662811800,1
55918065400,56533630800,1
24779987100,57195560550,1
57194273004,6504736433,1
35422588700,8393086500,1
36991101500,56601334700,1
56708983100,57201668565,1
56779692100,57194523287,1
55984672100,55984752600,1
55569831000,57775927400,1
24435910800,36004680300,1
36450289100,57210207587,1
57201725370,57201726260,1
57223307001,6603865548,1
57190510305,57203868309,1
57194163562,57202054317,1
23987119600,57189584266,1
56834997800,6701843536,1
55664319500,56992895800,1
26645089900,57217346265,1
35191604400,7004583284,1
57204120304,8617799200,1
55356969200,57225141700,1
35473838700,55893235000,1
56985040800,57351582500,1
59432039000,8407935900,1
56678362800,7801369283,1
57201677203,57390357300,1
7003811166,7004751343,1
57040829300,7410400145,1
56835107500,57209721892,1
15047537900,57205369615,1
57212420665,7003731076,1
12782630800,35101968300,1
33667994000,54383232900,1
55901968900,7003811166,1
36143358700,6507638077,1
26024868000,57236215400,1
57218484407,7402214018,1
57008808800,7006912075,1
57215683127,57217121483,1
55347249800,57365466000,1
36616921900,56017464200,1
56032699700,7005637352,1
57201580887,7102802523,1
57214737905,7004578182,1
57095385200,57201405929,1
6506649400,7005755002,1
57194525925,57200338451,1
38661114200,57201990363,1
36923965900,56320719800,1
41961752000,55750277800,1
57189253636,57193742768,1
56003074900,57194288925,1
35613974100,57217211003,1
35476648500,7003305314,1
57199309168,57222542321,1
57211056598,7102633221,1
57205073315,7103040365,1
34978994200,36923965900,1
57197801425,57215102752,1
57191492478,57201721084,1
56536258000,6701557594,1
44361299900,57211695211,1
57956814400,57958386600,1
57021797000,57190126621,1
57261486200,57262367600,1
25643956700,57310887700,1
55990052000,57201273749,1
57217058476,7004481112,1
35419894800,7402214018,1
57203970401,57212611089,1
36899632500,57189986568,1
55907009500,57779252800,1
57210960198,7102633221,1
57203687928,57226759480,1
14823069800,36138887800,1
7103355280,7201906013,1
36952258700,57811488300,1
57195576902,9279099800,1
25223549400,57208370152,1
56701962100,57223009414,1
37015226800,54388326500,1
16554843500,55411452400,1
6602101968,6602978778,1
15926246800,57217224230,1
57190864627,57218477328,1
12782630800,55410054500,1
14030472900,57216441606,1
57216743315,6506610707,1
55665656200,6507863945,1
57202887572,7102812576,1
57215821161,57223105880,1
55968603400,7006788459,1
55915590900,57220395358,1
57362983700,57771957800,1
35615066800,56966260500,1
57219123666,57219128890,1
44761100500,57191500103,1
35355756600,6602663937,1
15846722600,8270443200,1
57215146771,57223858883,1
57204735945,57205688879,1
21833487900,24503743000,1
57201723003,7201455990,1
57208819121,6603942569,1
55471004700,55597926500,1
37080514000,57193088524,1
56728521100,57200031410,1
35072691200,35976473700,1
54934537600,57208440295,1
55421338900,6701777193,1
36899832000,7102535804,1
57211349161,57211350803,1
35306973000,6603267560,1
24073240300,57215451153,1
57894035200,58000043100,1
16306368600,55196096200,1
55356969200,57172631000,1
57053197100,57193681931,1
57192697218,57212026794,1
56430927200,57215683127,1
56378542800,57195309972,1
26024868000,54789032500,1
6507638077,7103040365,1
57195760105,57215683127,1
56764612600,57191895726,1
36902842200,57221165763,1
35997230900,7005936077,1
55664319500,57190799130,1
7004376921,7006196140,1
54583433300,57215907602,1
57207449324,57212019850,1
57190799130,57216934454,1
21935159200,6603449202,1
23097126700,7102879500,1
7005323635,9037312600,1
57190732544,8616406100,1
57418950700,7003478797,1
57193566572,7102231043,1
56705418200,7006637649,1
57226376713,57226389009,1
15836326300,55616396400,1
56105087200,57221997539,1
56025767600,7202594350,1
57205762541,6602277744,1
6701843536,9335511500,1
23072832700,57211482914,1
54382485600,57201026134,1
57360507500,8046818200,1
57218193751,57221712866,1
57193110663,6603729308,1
7003959774,7006331391,1
57194021664,57211534375,1
57219674432,7102098015,1
56505366300,56712342900,1
57191906531,57215300006,1
57192938250,57201504995,1
57208794505,57214187155,1
55970678100,8951383700,1
23973868600,57194418540,1
12809396900,57213840834,1
57219982978,7007180997,1
35338930200,57217661773,1
55503270600,57221471206,1
57200984590,7006139983,1
51665647500,55771371100,1
25621529400,57200644240,1
56485432200,6508089504,1
6506906545,6507638077,1
54934537600,56545194900,1
57205594335,6505881924,1
27967551900,57215695696,1
25654395000,57211116981,1
56745087900,57202534245,1
35782421700,56425076100,1
55839922800,57202887572,1
56539286900,6701843536,1
55507423800,57204955592,1
55916496500,8585695400,1
57215104705,57221688357,1
35585451000,56005252000,1
14831676900,36998001600,1
57203923646,8962997000,1
57207815439,57211412226,1
6506171002,7003379409,1
57215585311,57224180610,1
36468959100,57202731272,1
57204182284,57779252800,1
57202585495,57210916767,1
57204359651,57208370152,1
57193611554,7006200042,1
55882827100,7006683766,1
15753813300,57216419648,1
25031854100,58199638600,1
16229748800,57198331685,1
57195442657,57203789639,1
56316545200,57216400517,1
56244888300,57205331827,1
57193168500,57194523287,1
55070036100,56574448400,1
27967551900,56607432800,1
24174852000,55508845800,1
57205197108,7102961338,1
26530872400,7003902989,1
55835740200,57214738792,1
56779727500,6602826319,1
57201112275,6507157339,1
6602277744,6603717726,1
55242228300,7003488906,1
55842599300,7102879500,1
57188951648,57211350803,1
16400718100,57201364069,1
57200755425,57222641576,1
27967551900,7003467120,1
55665656200,56942248500,1
56574448400,7004724933,1
56703525900,57216908760,1
55195951000,7102354941,1
56116349600,57224179823,1
57205106648,57205106670,1
35588325000,57202642008,1
56346204600,57188812962,1
34872648900,6506649400,1
57221698724,6506420388,1
57219660583,57948659200,1
55907009500,56845192300,1
24174298100,8585695400,1
23986455300,7003572956,1
57194720075,7102231043,1
57218195032,57221949854,1
57201480507,57210207587,1
57218195605,6602404361,1
56122157300,57216276073,1
57197711987,7201676108,1
25031122000,7004835587,1
55914857200,56819111900,1
57195504303,6506641033,1
57209744416,6507737860,1
23392652800,57236215400,1
57203878501,7004405540,1
52663129000,57210960198,1
6506938864,7004030554,1
16203173100,57217669532,1
6701823508,7004297492,1
42062305700,55967938200,1
57220039211,6701631287,1
24779987100,57191498025,1
55955763900,6504280283,1
35095506200,57206263089,1
60135003000,6603936681,1
56579953700,59608331900,1
56747200700,56747438200,1
55320336300,57322942600,1
57195065451,7102474754,1
57218491501,58204167700,1
15073894300,21934592300,1
57194439260,59263820600,1
56742830300,7005330448,1
57144663400,57191039949,1
57203993836,57210390533,1
39861120000,7102314294,1
57194062850,7006940836,1
10142248500,57215152591,1
57192690714,57194523287,1
55604213100,58827472400,1
55889853500,59313752200,1
36193268600,55969453600,1
55357477800,57204022682,1
57195468678,57199848502,1
35792345000,57208263840,1
57200272134,8962997000,1
24381811800,8534471900,1
57213873391,6506776579,1
57200755425,57203687928,1
56732311700,57205884945,1
56664043200,57193931875,1
57202214798,57223862253,1
57215486904,6506130489,1
24432034800,7202183609,1
43460890100,56583461600,1
55706745500,57222735293,1
34977020900,7004185360,1
35481219400,7102666167,1
57202330234,57220195292,1
58000043100,6504280283,1
48860936400,8953706800,1
56954535800,57192397433,1
57201990834,6602978778,1
12646290400,24779987100,1
57219384397,7006434026,1
25947321200,26654926000,1
56537108900,57204858767,1
55312463700,7005637352,1
57201456169,7201677725,1
37664726500,57191895726,1
36104074200,57200960068,1
57202255018,7005330448,1
40761630500,8212453900,1
57191440019,57209860294,1
55846257200,7005355323,1
53263670000,7102231043,1
55195951000,56890903400,1
55479849400,56526846400,1
55172863100,7801624906,1
57192194929,7006188042,1
57191500103,7101828632,1
26634884900,57190260444,1
6507310582,7401770179,1
15926246800,7801358604,1
57201026134,6603127485,1
56694162200,57208643780,1
57160512400,6507993283,1
16318838800,54965487500,1
57194868042,7404277487,1
6504280283,7102633221,1
56747200700,57195575460,1
35546900100,57192101947,1
14054493300,57221865286,1
19640313400,57347913800,1
57203687928,57222024477,1
12143506000,57221698724,1
15766181700,7004578182,1
22433734000,55907009500,1
57195512502,6603317232,1
12807248900,8585695400,1
22979244700,57201691055,1
56267296900,57219272053,1
24330030100,6603732085,1
27967551900,35095293000,1
57212705551,7202140793,1
55479849400,56472729600,1
56007251600,57205511747,1
35476648500,8616406100,1
26535979500,7102450017,1
57044761600,6603267560,1
16022155700,56600872900,1
56133490300,57194288925,1
37099155100,44361299900,1
57203970401,57208623046,1
12804479700,16312002800,1
35549305800,60347122100,1
56295292100,56405295900,1
57218326544,7202834119,1
55969453600,7201559188,1
57209641808,7103053518,1
6507863945,7103053518,1
36342233400,57039798100,1
57147359700,57202587895,1
52663129000,57217661773,1
56678362800,57382662100,1
57211695211,57223231639,1
55970900600,7005355323,1
37560946400,57265432000,1
44161246300,56209004700,1
57201466483,6506649400,1
55933323300,57209721892,1
56606104800,57221570837,1
57205690880,57205696181,1
56513768800,57965324800,1
35548015700,6602498091,1
57118110300,9279099800,1
24491486300,57197190962,1
57394792100,8630861900,1
56582416100,57203840752,1
55386448400,55675601900,1
37048606300,57200116102,1
25121531900,55955763900,1
57188643984,6506776579,1
6602460649,7402214018,1
57202012217,57203687928,1
57212549528,57212602955,1
55242228300,57202939548,1
55884865400,8313580700,1
6507198930,7003810795,1
15849625600,57209641836,1
14831676900,35316303500,1
54938953500,55509687900,1
17342671000,36436712700,1
14060455600,57220859011,1
14060455600,55241360300,1
57195239694,57214187375,1
14831676900,55622609300,1
24491486300,55839010900,1
57127886100,57899998700,1
36652331000,8962997000,1
57205718309,8429526600,1
57193716519,7801604422,1
56276475800,6504459543,1
57209291916,57221942405,1
56545026700,6602978778,1
24588088100,54998634900,1
57202773166,6603155299,1
55907520600,6603605014,1
16301272000,56134687800,1
57188861877,57835487300,1
57218195032,7103040365,1
7004835587,7103040365,1
56567804900,57194740271,1
16311686500,57195423689,1
56175367200,57212266720,1
36941888300,57190797190,1
55419194300,57207619810,1
24166599500,7103040365,1
56020397800,57226744981,1
55403844500,57221712866,1
56351639900,57199676160,1
57212308864,6506938864,1
57893550000,7102633221,1
55323420300,56080252800,1
42761099900,56041416200,1
55665456000,57189584266,1
24381811800,56779727500,1
37041364900,57188982321,1
57189986553,7006637649,1
57201450846,57218686403,1
56430927200,57218192507,1
57284114100,57382662100,1
56089509300,57202392636,1
55916496500,57196460207,1
57204587848,7202489013,1
57200730023,7202369003,1
23027995000,56638348700,1
57213814632,57222369971,1
56659358100,6506296754,1
25031292500,55810972000,1
57418950700,6506541996,1
56527129000,57194029067,1
55635809300,7202369003,1
55241118200,57196236454,1
56422332700,57981739400,1
57209571682,57209586253,1
57197190962,7006788459,1
24479726500,57216404500,1
56511751400,57202188259,1
36704152400,7102210862,1
26655075400,57219978530,1
57201314197,57215104982,1
59808396600,7003572956,1
57201504995,57204012974,1
57202440534,7005323635,1
57214492532,57221369272,1
55479849400,57192167055,1
57073644400,6504459543,1
55558132100,57195102037,1
57194418540,57201314197,1
49360907800,56712368500,1
16039416600,58988447600,1
55596434400,7102314294,1
57199421006,8534471900,1
55667266000,57111481900,1
57219547881,6508188121,1
35585451000,56080431300,1
57202137592,6506541996,1
55358891700,57193957180,1
56925585200,6603128830,1
35894571100,58118523700,1
16202211100,7004074021,1
36143358700,56747425000,1
36861375100,57200796602,1
57271034700,6603311220,1
26532212100,57220165440,1
36763791600,57223308289,1
55587917400,58185462600,1
54583143500,56866299600,1
56075745900,57220737705,1
57209641808,57221339125,1
57201436183,6602814239,1
57218139650,57218602621,1
36598939000,57202817424,1
35585451000,57221520155,1
55221319800,56316545200,1
56019245400,57190969497,1
6602404361,7005936077,1
35179056300,6504280283,1
55758558600,55889853500,1
57401049200,6507796594,1
56541553400,7003473187,1
13607877300,57870068200,1
35556063400,57200272134,1
55597926500,7103026228,1
56810310300,57194382730,1
37049416300,57219050927,1
57202072541,58096458800,1
56966388800,7003959774,1
57200447023,57207623517,1
56271600500,6507310582,1
55344487200,57215148164,1
57210312199,7004663022,1
36739221800,6602100418,1
12646290400,57394792100,1
55990644200,57207695253,1
41261303800,57220058547,1
54405566700,7005119089,1
35316303500,7801532760,1
56131381100,57218326544,1
35597873000,57147095500,1
57221912435,57221919439,1
57212611089,57869772300,1
56530089000,60100025400,1
55915333900,57194153124,1
17342671000,55110225800,1
57207928417,57207939956,1
56736635000,57205674692,1
57215537306,57215538915,1
55321357400,56329943900,1
55081840800,55761553600,1
57190140446,57236215400,1
57216798630,7006012333,1
57203687928,8616406100,1
7004239568,7005623741,1
56768831300,57195760307,1
15747632700,7003959774,1
56668772700,7101975791,1
57217661773,6603717726,1
56139889100,6508228018,1
56167188300,57214331393,1
10143354000,57201458555,1
15753813300,57215116709,1
55622679800,8382434800,1
56368548100,56747961300,1
57204658698,7102354941,1
56090125500,6701484227,1
6603127485,7005623741,1
55242228300,57208506306,1
55332427600,8962997000,1
7004357973,7102231043,1
56992310200,57194507415,1
56041416200,57201504995,1
56512220700,57226599828,1
57188951648,57200116102,1
35191604400,55568186000,1
56556565800,7201677725,1
56986760700,6701718828,1
23501793900,6602076702,1
36704152400,57221398814,1
55345608100,57193423579,1
57190974978,57214618988,1
27867659700,7202853939,1
13408242300,7202140793,1
39961645000,57201389246,1
57214601141,57219452208,1
57218629858,6507063353,1
57201084031,57209721892,1
57221322669,57226357862,1
16311686500,57201583936,1
36975879700,6603234996,1
12779013400,57197748523,1
57200679366,7005619860,1
55256983900,57193354587,1
27067481500,54894520000,1
57210908342,57672505100,1
14044492300,55312463700,1
16243020100,56267927900,1
49061029800,7006177272,1
55561799200,7006537200,1
37049371300,6506420388,1
57191911095,7101600451,1
55811114600,56231177500,1
24504319000,57188656367,1
23488185000,57193088911,1
24073240300,56678362800,1
56454907300,56692922100,1
55618665400,57211057969,1
57197750458,57203166008,1
57208794505,7003942962,1
57213539478,7004087255,1
57202581227,9279099800,1
36801262700,57196023105,1
57217633174,57720581400,1
57217121483,59808396600,1
57073644400,57192310375,1
57201298715,57201301532,1
22834387100,57201475385,1
16028772900,6508045259,1
57190223204,7007053749,1
36085727700,57146654400,1
35615066800,57192378182,1
6506776579,6506906545,1
15838303100,7006020996,1
57201301532,7005179732,1
56966388800,7003488906,1
12805509300,57192718321,1
57205510277,9846419000,1
56180075200,7202140793,1
35510536300,57218194340,1
55536183600,56381411700,1
55671510900,57214329258,1
57222615192,6505881924,1
36561004700,57203527179,1
43460890100,57195394779,1
16053243500,55321897700,1
26023085000,37011530500,1
36967507900,49061004000,1
54963208300,6506736837,1
28367982900,6602826319,1
35475009900,55509687900,1
57203931279,7004405540,1
57201153334,57215043417,1
54917559900,57737434700,1
57195439134,57223231639,1
56267927900,56548156200,1
57216924887,6507310582,1
55211263300,57189361665,1
35101283100,55664005800,1
57201026134,7003467120,1
57219169179,7801358604,1
36848326700,58086697000,1
42761833500,6701670128,1
57202339270,57221417645,1
57211215663,57215107959,1
12807827200,35238394900,1
55558132100,57195107561,1
24172674100,36739187800,1
57190662275,6701723514,1
55257393500,7006065236,1
54398879700,54790826700,1
57061886100,8223664400,1
24338809600,57214178886,1
6602713722,6701501754,1
57193566572,7102879500,1
54998020900,57189221940,1
57193743014,57200755425,1
7004578182,7202853939,1
6505883012,7004894512,1
55859432100,7101828170,1
16202633100,23099312900,1
57190343674,6601964582,1
57214591002,7003557544,1
57197824872,6603953740,1
58094003400,59574971800,1
57215151446,57215934737,1
35584031200,55909692500,1
55228787000,57296842800,1
57221684473,57221684607,1
57194104468,57220064244,1
55581041300,56368499800,1
57221864536,8616406100,1
36861375100,57200795182,1
55184863000,57190170514,1
56374254700,8585695400,1
56224796600,57193542018,1
16203173100,56715896100,1
57194740271,6603496317,1
57188643984,6507638077,1
56576063900,57214191817,1
10939275100,57194834780,1
56105087200,57204136385,1
10143354000,57196022709,1
56505366300,7003810795,1
36561004700,56479115000,1
57200824306,57211426825,1
57189326322,57207826682,1
57196023105,7003450280,1
55185349100,6603104178,1
55331323800,57201504995,1
12786182200,57413715900,1
35101968300,56001001600,1
35169491400,57197801425,1
57223381762,7103153424,1
57204032435,7005119089,1
55659638800,57206867017,1
56677243600,7101828170,1
6701843536,7801532760,1
57219379425,7003942962,1
35567766200,55022678600,1
57194418540,57753975100,1
56430927200,7102231043,1
35566702500,57215143687,1
24401621500,57220186315,1
56567804900,57223808599,1
57213829506,6504123736,1
12796793300,57203792010,1
51663826300,55584677900,1
57223380266,57963146900,1
57192892615,57204658698,1
57212148890,6701843536,1
55933323300,57193832250,1
23988450600,57039005600,1
57204172833,57204178529,1
23026082700,55572848300,1
54998020900,57218876692,1
23977600000,57211041078,1
23991894900,55321357400,1
55788057200,57214244618,1
6602978778,7003952459,1
54789187900,57222990908,1
56770826700,57210808140,1
56694162200,7004835587,1
57192938250,57204858767,1
56422356500,56689232700,1
24174852000,7004357973,1
55492898000,57205624942,1
53463361500,57216441606,1
57204052801,57220748550,1
50960926700,59289912700,1
36138887800,7003767448,1
54383232900,57195442657,1
57200412020,57203716261,1
57218195605,8424235900,1
55202346600,6507550236,1
16039416600,57202783289,1
56948379200,7004835587,1
55424695500,58020431000,1
57219124507,57219130663,1
15846649100,57209412605,1
56527030000,56600736000,1
55941514600,56967860700,1
56958400900,57817084200,1
28367982900,36084007800,1
56081399500,57191362976,1
57202441601,8938922300,1
35568595300,36469725300,1
57210185493,7003404516,1
26634884900,55746970100,1
56678362800,57215683523,1
24377391500,56393969400,1
57206787157,57212314332,1
16836131500,6504459543,1
37052471100,55389773300,1
57215432245,57215436548,1
15044739500,57214187811,1
56780466600,57211639191,1
56954622400,7006683766,1
56479216800,57219540911,1
57218194340,7003942962,1
37110131400,57194868042,1
56998669800,57212764115,1
57210960198,57218194340,1
54934537600,56779688100,1
57209799600,6603649409,1
34869477000,58071501400,1
57197831563,57211245221,1
36621377400,57209889542,1
57219414136,6603079011,1
57218602621,57222369991,1
55471004700,56305667900,1
57194868042,57226165264,1
57758232100,57758479700,1
57194200924,57196219628,1
23004608500,57218568822,1
57222399729,7202369029,1
55022701000,57224161143,1
56016071500,57207206869,1
35473838700,57211113045,1
36469725300,56684707300,1
54584841300,55070036100,1
49663363000,57189213896,1
26023085000,37118135700,1
57214988901,57797542800,1
26635523700,27967551900,1
48360967300,57215103429,1
57217336969,57947067800,1
57223170777,57296220700,1
54780172900,57208026750,1
56527129000,57218338315,1
56899043500,57221949854,1
36986835400,37075661400,1
55331323800,56835107500,1
24831558400,57297110800,1
14060455600,56895757200,1
56533987800,57219540911,1
56575083300,6701424197,1
56817715000,7005001396,1
57195731822,57202255018,1
35555798600,8275704100,1
58140925900,7004357973,1
7102314294,8718772800,1
56026669400,7004573622,1
24330030100,57200824306,1
23470649300,23972525300,1
57202137592,57214182134,1
36697947600,7005474747,1
6504311468,6701848441,1
15754481800,7004905361,1
10143354000,36561004700,1
57210969018,57210970862,1
6701317946,8509006100,1
55895265500,56403974800,1
55070036100,57205099849,1
58056113700,6603785139,1
57194021664,6505517404,1
57219085254,57222043955,1
36970994100,7006434026,1
24824925500,57198761704,1
57192073087,57198357708,1
55956159600,57193273980,1
22991301300,57104445900,1
15826940200,15827156300,1
12805509300,60000009300,1
56079359200,57193386417,1
57213824596,57213834122,1
57222611005,57225400428,1
56112797000,57193846028,1
56903779800,7102231043,1
53983044600,57214316831,1
57208623046,57351933900,1
6507796594,7202856767,1
14056688500,57201084031,1
57202817424,9335511500,1
54791865700,57192073087,1
26023085000,56946693800,1
55257149800,57215830373,1
14019420400,38662141300,1
57191895726,7103040365,1
56506744300,57214933818,1
36081078700,57203961109,1
57200504476,57203687928,1
55460426900,57226684680,1
55750277800,56891342100,1
23486135800,57216924143,1
57191614204,57194609941,1
57190169591,57211462657,1
54783486600,6603496317,1
57191498025,7201998846,1
57203868309,7101835141,1
6506777512,7004578182,1
57200795182,8585119800,1
57195732051,7006200042,1
55242228300,6506649400,1
55665656200,56505366300,1
57193743014,57221949854,1
57198331685,57371100700,1
57163497100,6603156028,1
57201912872,57214191892,1
57215572475,6603813409,1
14025574900,56231177500,1
37091702000,57200859233,1
55788057200,57216225746,1
57117967000,57205197612,1
57215306945,57216266197,1
56112797000,57201345951,1
37102119100,57418950700,1
6504311468,7003467120,1
57418950700,6506694707,1
57203021635,6504710819,1
55177578300,7004061355,1
57221908100,57221912435,1
57205461433,57217430038,1
37561153100,6602378213,1
55242228300,57219982774,1
56385629000,56414682100,1
57219803311,7003942962,1
6602197502,7004239568,1
7003450280,9273383800,1
57201084031,57212272884,1
7003450280,7202369029,1
35237785600,57189374217,1
36965913900,6506130489,1
37033733600,57198426793,1
55228787000,6507993283,1
57190969497,57197785807,1
57147095500,6602602840,1
56491360900,57651472900,1
55882490400,56288115300,1
56703319900,57205770305,1
53463361500,6506848650,1
36057308000,55226552800,1
35880914800,57210718477,1
55418858500,57223381762,1
57189627815,57192642829,1
17342671000,6602602840,1
56430927200,57211852761,1
57219452208,6602774577,1
57201879402,57204764225,1
57218260692,7103153424,1
55619775400,6603388713,1
13406948400,7004978561,1
57193356957,6506576334,1
54781176500,57200268559,1
6506541996,6603165760,1
14056461000,57215537168,1
36865582000,57211861736,1
57217126196,7004405540,1
35611272000,56070997300,1
57223308289,58633723500,1
55846106800,7004766599,1
6602787349,7003359246,1
57193353438,8962997000,1
57191605344,57644106300,1
55946024800,6602460649,1
26025948800,57217055948,1
55257393500,57211345269,1
25621414000,57201426073,1
57194191719,6602619791,1
56677243600,57194228256,1
57208165882,57212611089,1
57190278097,57349166900,1
57202575414,57298822100,1
42062166200,55618665400,1
44760952200,57197831563,1
54955193100,6603904264,1
12785708100,55600616300,1
35213588300,57196418063,1
56400980000,57188752058,1
57190572638,9744867500,1
36500840300,7003572956,1
23096428900,7103040365,1
16238022000,57196516585,1
57190068681,8722213800,1
57201026134,59808396600,1
36844104900,55842599300,1
57194288925,6701718828,1
55882063100,57218192507,1
57200727733,6602227807,1
57194876074,57214183847,1
56767436100,57196045519,1
36669038500,55257393500,1
55404271700,6508385053,1
35478909000,57209218667,1
35796101600,57197773630,1
36704152400,57205608779,1
57207884885,7005372641,1
56656367600,57117323700,1
55226136900,57195760105,1
16202211100,57215104982,1
55347531400,57224831324,1
57208653296,57214190875,1
57197269844,6602404361,1
37050721900,6701317946,1
55485366200,55600080400,1
57206658680,57209252159,1
16639084100,57216584870,1
6602277744,7203007412,1
57214186954,57216294315,1
56513768800,7003959774,1
55616396400,57218192507,1
55587974700,57200661409,1
24801934800,55923867100,1
57203816121,6506305946,1
36952258700,57211345269,1
57212035789,57218126879,1
6603160075,7003811166,1
57318015700,7006611602,1
54584841300,54894520000,1
57194186623,57221582133,1
55173582700,57202633576,1
14219526400,56530380600,1
56430562200,57193446228,1
57218194363,57222641576,1
56850444600,6601976136,1
37861401900,7103053518,1
11739296200,15065534100,1
57195256137,57196146647,1
55596434400,57192593705,1
57217436523,6603780090,1
36706127300,56732423100,1
57193542018,7004583284,1
26666280700,6701317946,1
57203970401,57222641576,1
57201026134,57214188556,1
36625829300,57213647258,1
55344487200,57207305344,1
18434783700,57205368996,1
56005252000,7005082971,1
55420972300,55770895400,1
37562228500,6506649400,1
54380357500,57218612375,1
16202211100,54783056700,1
54791045400,6602487131,1
54884280500,6506562449,1
55567301300,56013061400,1
56329327600,56728915900,1
56201455000,57197773630,1
25655622000,56016155100,1
36991101500,7102231043,1
25639439500,6701608636,1
35555798600,57073644400,1
55811278600,6603067218,1
13805284000,56692922100,1
55440589400,6504736433,1
57190864627,57261492100,1
14018322900,35460884400,1
55963020700,57189241650,1
35566702500,57209565615,1
57218602621,7006012333,1
24469152300,57193846028,1
16039416600,57208596460,1
56543375900,7202856767,1
57218192507,57351933900,1
36057286100,37118135700,1
57203410474,57214917728,1
57193093623,7102743604,1
16067892900,7102969029,1
13408242300,55576394100,1
57190738415,57216279131,1
57194517764,57215107959,1
13104402000,56780244700,1
8212453900,8842034500,1
57193857062,57194219224,1
50162860100,57204500053,1
55430587000,6603496317,1
55621406900,56850461100,1
55388629500,6603839720,1
7003467120,7102231043,1
55788564000,7202369029,1
56828766000,57194679642,1
16199397400,8256031000,1
6602257132,8585695400,1
57194113078,7101828726,1
56211390500,57194031859,1
42461275200,57193354587,1
57194689601,57196419156,1
16041624100,57551310000,1
36056049400,7005001396,1
56575083300,7003450280,1
35179056300,57218192915,1
10142248500,8298677400,1
35552663800,57200421924,1
56479115000,57203886562,1
54382485600,7003450280,1
57208663490,57217011143,1
57193832250,57351933900,1
57211448989,57364264600,1
57194232387,7103040365,1
56430927200,57195760105,1
56899043500,57203949863,1
55356969200,57212951193,1
37087037000,7402213724,1
16039416600,57219433461,1
57194104468,7007102944,1
55618665400,59608331900,1
35086939400,57224336572,1
57921050600,6602643141,1
57200504476,57211852761,1
6507131467,8223664400,1
55203286900,57208142067,1
56857250500,57221437133,1
19640313400,57221683008,1
56818653600,57204392643,1
57205247793,6602630825,1
56505483400,57193542018,1
56747425000,57192642829,1
16315359100,6701631287,1
57191669716,7006200042,1
31667532100,57222536810,1
15056983100,57212611089,1
16202211100,57203659172,1
56153132100,7003467440,1
55428191100,56523519500,1
16308664700,55070036100,1
55597926500,57203970401,1
36193760200,55639203800,1
16643616700,7003467120,1
54892907100,6506108266,1
27967551900,56575083300,1
57211315519,57211320405,1
57196022709,59608331900,1
56333925500,7004751343,1
57191403586,7103043561,1
56728918000,57203456202,1
57218193345,57218194340,1
37050528600,7102064649,1
16243020100,7102231043,1
57226337681,57571822600,1
57226149042,6506214929,1
35489358300,37068006200,1
23390441500,57163855400,1
55918137600,57201998453,1
42761833500,56151478400,1
57004538100,57197750458,1
41762252900,56400980000,1
57202855454,6601964582,1
57196185087,57205302568,1
13607877300,24174852000,1
56828766000,6603449202,1
57217533046,8951383700,1
57188667367,58204167700,1
36163560500,7004826368,1
24073407400,57202376967,1
49862024200,57194622625,1
57189875946,57200516957,1
56288956500,7103040365,1
55574026000,56583461600,1
58157133500,8375248900,1
16202211100,57201314197,1
57194200924,57224158929,1
14025574900,22938031400,1
55598364800,56806537200,1
33768086600,57203970401,1
57214807416,57218329111,1
55667318700,6505881924,1
13104402000,57164866900,1
56707421100,57195060271,1
57193832250,7103040365,1
23987119600,56781086400,1
54583306200,6505881924,1
57190343674,9037312600,1
25636959900,56451087100,1
44361299900,6505881924,1
57204847637,6603271904,1
57218556849,6602452399,1
57201084031,6506776579,1
57204806033,6603822311,1
56857250500,57220554391,1
57305805200,57828083200,1
55616396400,56133490300,1
57194421943,57208142802,1
55623543800,57482336600,1
35081168700,7006505400,1
40161025300,7006200042,1
57195504303,57211868326,1
56288115300,57191075957,1
56549855600,57205627840,1
6701501754,8270443200,1
57201617502,57201617982,1
57192955592,57207472482,1
57202053244,6602680085,1
55424695500,57207121382,1
57216924143,7005969319,1
57205468811,7003959774,1
28367982900,57204120304,1
16318838800,57197773630,1
14029585100,55130633800,1
56734378000,57204938647,1
54783486600,57216436094,1
57221117988,58101037600,1
57201084031,57214189077,1
24177052000,56313591900,1
54782477100,57193066035,1
24449232200,57211927845,1
7005430904,7006731667,1
12240246800,7103043561,1
24172674100,57209578821,1
35227632100,57217718572,1
7006065236,8534471900,1
57208165882,57210718477,1
35567766200,57210255285,1
56193073000,57194101972,1
58083458800,6603311220,1
10143354000,57192200403,1
57191991115,57214183798,1
56003074900,6504284862,1
37079049100,7005401841,1
55216567600,57189222869,1
57191991115,57192642829,1
57194029067,57214882838,1
57204858767,57208643780,1
56070841600,57195940931,1
55932949800,56487314600,1
26538927600,58826703900,1
57221949854,7003942962,1
57221872165,7102633221,1
13808174600,55389773300,1
57203599101,7006531411,1
55323998800,7402031672,1
53982777700,6508228018,1
57218300529,6602404361,1
57207458647,57212025718,1
55640145100,56607432800,1
56587445700,7003467120,1
56414682100,56845192300,1
25636959900,57203284883,1
16416659200,57190686529,1
37048606300,56692922100,1
55620172900,57201250923,1
55332536900,57205688879,1
57215683127,57218192915,1
23134993400,6508251074,1
24779987100,6507310582,1
56026669400,57203066384,1
14123842600,57194466483,1
56906498500,7202143212,1
56537108900,57188643984,1
57287307800,58113853600,1
6507552484,6508085010,1
7006505400,8534471900,1
56116845300,57173260200,1
57230877100,7004087255,1
55916877800,57210908339,1
56430927200,7102633221,1
56289557600,7006065236,1
57188415100,6603188445,1
6602823371,7003626714,1
22834507600,24437971100,1
56428793800,59988731200,1
57195675149,7007018624,1
15926505500,35355756600,1
42761833500,57538517900,1
57194228256,57316553000,1
6508045259,6602498091,1
55395465100,56090125500,1
57222634123,7003403034,1
57503194200,6603782454,1
57191604670,57208004073,1
55665456000,57211113045,1
17342671000,57195330801,1
57063450500,7005891606,1
56151478400,56732311700,1
26634884900,57211056598,1
7003810795,7005323635,1
56607432800,6506776579,1
35179056300,57196074470,1
57201310910,6505883465,1
14037194400,57195940931,1
14218935500,57218541935,1
55535491100,57218195565,1
26636439000,35497272700,1
55618665400,56366658300,1
26024868000,27067901300,1
35555798600,57192697218,1
57117690500,57214112643,1
55835740200,57053449700,1
24376383400,57401049200,1
57202054317,6507924993,1
57195995961,7103043561,1
56957827000,57209314233,1
14522699800,6504280283,1
54389051200,7101893707,1
55250044700,56641717100,1
57226828744,7202140793,1
55319211200,57201197834,1
16643616700,23072832700,1
57204178425,57204186666,1
25923097000,55583932500,1
57140052000,57218329111,1
57117412100,7201455990,1
23972243100,55424695500,1
56177119400,57196117932,1
56537108900,57201985653,1
57195232322,7004835587,1
56450278400,56641097100,1
13402677300,55498034900,1
55620172900,57204136385,1
14059609600,9746797800,1
14041302800,6701843536,1
35460884400,55587974700,1
35481219400,57201314197,1
57211350803,6507310582,1
57201583936,7202140793,1
11041471000,24435910800,1
16038750100,55070036100,1
57193743014,57210960198,1
55413884300,55878047800,1
35478909000,6507993283,1
24491486300,57211349867,1
57215147476,57627052700,1
12753224600,7006118189,1
54388326500,59988731200,1
55356969200,57216276073,1
57189039460,57252950100,1
57208653296,6506485066,1
27967551900,57196392129,1
16301272000,57193957180,1
14060455600,34867881000,1
57204076767,6508385053,1
35175388700,6507638077,1
55641935300,7102759919,1
35419894800,54387228000,1
57214866014,57217011143,1
55620172900,7402214018,1
16022155700,56527030000,1
57213557667,57215585311,1
56055822100,57957696700,1
37261932700,57193440795,1
56381411700,9335511500,1
57204349370,57343120900,1
22834507600,8342748400,1
57209713447,7102671215,1
56371151800,8714404600,1
54787646600,57201721084,1
55597926500,57203949863,1
57195573495,58434898100,1
56151478400,7003404516,1
36868722700,7006434026,1
23091409000,57208393419,1
57192963392,60100025400,1
35588325000,55842599300,1
35734884600,54789187900,1
56180502200,57190069418,1
57190370382,58102558100,1
57226449174,7202143212,1
55513019800,57197754933,1
57191854299,57219803311,1
56424971900,57837668400,1
16203663200,6603936681,1
35460884400,57209267807,1
22934036700,7801413705,1
35548015700,7005119089,1
56454907300,8256031000,1
55981667500,57215590312,1
57205608779,7003450280,1
24779987100,57394792100,1
55946024800,57191075957,1
55940439800,57190864627,1
26024868000,57219387197,1
25621529400,57218193345,1
57214192444,57216407144,1
24469054700,57193447530,1
57222377612,7003942962,1
55990644200,57194431442,1
57195735397,57221949854,1
13609877600,8972484200,1
57221912435,6602460649,1
57201314197,7004074021,1
25621529400,7004835587,1
41761023100,7004199959,1
12785708100,57193241274,1
56047429200,7005637352,1
57221606534,57221872165,1
56201455000,57225773882,1
14030472900,8948536400,1
57222049354,57639111000,1
57202750564,6506956761,1
57202012217,6506776579,1
35588325000,55324365600,1
57194735363,57219826253,1
57851615500,7005330448,1
36612500400,7202183609,1
15848917900,26323137300,1
56517792700,57576395400,1
54583188600,55421047900,1
56768831300,7004941263,1
57192200403,60100025400,1
13406948400,8275704100,1
56768831300,57192073087,1
15926505500,7005969319,1
57193079613,6602856381,1
54890745800,57196439003,1
57197773630,8616406100,1
23091409000,55842599300,1
25640638600,6603214162,1
57223902831,7103061271,1
56041720100,57193131830,1
35460884400,6506305946,1
57202339270,57209314505,1
57191895726,57218195032,1
57191900480,57224576738,1
56515498400,7006012333,1
57195940931,6701542482,1
56027000000,6602978778,1
57191440019,57195411285,1
54945032000,6602844477,1
57203128103,7202183609,1
55312463700,55918156500,1
37009830200,54584841300,1
16301272000,7005119089,1
57215281063,57215415791,1
57209314505,58044242000,1
55172863100,57203784627,1
57195256137,57207826682,1
57111481900,59159117500,1
35101283100,7202140793,1
57202137592,57221606534,1
10142248500,55641935300,1
55604213100,59432039000,1
57190174044,57191628734,1
56139889100,7801358604,1
25032280000,55366804400,1
56906498500,57218210439,1
54787646600,7202140793,1
37664726500,57210960198,1
24483001900,57194735868,1
55226552800,59571734900,1
57218192915,57218195565,1
37664726500,57200755425,1
57203687928,57204658698,1
14037194400,26432175700,1
56665426600,57218514682,1
56575083300,57203687928,1
57218195652,57760698700,1
23391167300,57191961791,1
53878253500,55556296100,1
57194039106,57197750458,1
56373507100,57215776173,1
55578236600,56046126600,1
35425219100,57118274600,1
55323998800,57223851595,1
57217336719,57221769089,1
55831761600,57196198415,1
57199972142,7003450280,1
56605966900,57211209210,1
23493442400,57221949854,1
7003921536,7005891606,1
57218679133,7102098015,1
57223163012,6504280283,1
56606290700,57190069418,1
57214189215,6508254295,1
57217418469,7006097264,1
57219227832,6505881924,1
16199397400,57798686400,1
57207458121,57477350800,1
57201272538,8407935900,1
57210885575,57226337681,1
14056688500,55601629800,1
57205596425,57226385771,1
57195309972,7402031672,1
12807248900,57195256137,1
33368324200,7101835141,1
16416659200,57224898689,1
35475009900,53264886900,1
35796101600,57192892615,1
55253743700,57189049081,1
55835740200,6701691981,1
56829048900,57208598672,1
57214940820,6506320574,1
23091409000,57216457753,1
36882558500,57218509637,1
7005381764,7006196140,1
57220094971,57921106200,1
57210692502,7201677725,1
24437971100,57322306100,1
6603354500,7103043561,1
35975558700,57201114242,1
57219826253,7102633221,1
57194523287,57203949863,1
57215579465,57221949854,1
57190171149,7005355323,1
57191906531,57215683127,1
56026669400,57205677091,1
16306368600,6601978164,1
57195903324,57899998700,1
13103004700,56400930500,1
52263339900,57401816100,1
56001001600,6603785139,1
57217442328,59842697900,1
57219884392,57223344567,1
57214182134,6602826319,1
57209744416,57221104876,1
16040180600,57219993689,1
15849625600,56430927200,1
57202255018,6603729308,1
56062113100,57728837000,1
35175388700,57218193751,1
56116011400,57191415170,1
55514754800,57195411285,1
58434898100,59289912700,1
57198890094,6508228018,1
26024868000,57202887572,1
14219526400,55471004700,1
13402677300,56440229500,1
57203968179,6602633095,1
55355939200,57200208907,1
57193163932,6602589883,1
56118064000,7004751343,1
57221337264,59583216800,1
27967551900,43260935500,1
57202939548,8534471900,1
54383232900,59863203900,1
57195671153,7102795216,1
17342671000,7201715448,1
57217336719,57887572500,1
7003949406,7004441231,1
22433527400,57193440795,1
55907009500,57203557613,1
56910252000,57202924082,1
57205594335,6505883465,1
57787059700,7102671215,1
26634884900,7801532760,1
57194769305,6504443983,1
55358855100,6601978164,1
57204012974,6602826319,1
36436712700,6507198930,1
23091409000,7006940836,1
15067932200,57204534992,1
55614676600,7004724933,1
35423064700,6508037327,1
57193447530,57193541117,1
32668058700,56530380600,1
57220645082,57224181326,1
35425219100,57207684461,1
57211113045,6507310582,1
45161530100,55386448400,1
57218861254,6506906545,1
56890903400,7003572956,1
57195504303,6603110227,1
57559535300,58934071000,1
57219012294,7404277487,1
22985592800,57775927400,1
57212035789,57215829648,1
57190126621,57412583900,1
57205106648,7102795216,1
57218687063,57892996200,1
25621529400,57218192915,1
57192686298,57192686429,1
57192955592,57207470126,1
30567549800,55514754800,1
56479115000,7103053518,1
57200552045,57221720549,1
6602460649,7005179732,1
16554843500,59269898000,1
57219358729,6504443983,1
16243020100,26025948800,1
58184966900,6507713214,1
57201026134,57211056598,1
36143358700,6506906545,1
57202318301,57215419320,1
57189584266,57211113045,1
56080452600,6507310582,1
13408242300,57291448600,1
24176157900,54930614800,1
60106470500,6508085010,1
26654926000,7004767629,1
56958400900,57202498565,1
55625765400,9338311900,1
57203006095,57214862204,1
57210691053,57214758551,1
57208772594,6603284338,1
57209721892,57351933900,1
57215213867,57223906737,1
6602730645,7102879500,1
37102119100,7102602128,1
57201719319,57214827923,1
56026669400,6603865548,1
16067739500,7801408313,1
57203789639,57221606534,1
57212884979,57220039211,1
59158249000,7101835153,1
56414241800,7401770179,1
36810373800,57221417783,1
8342748400,9743411300,1
55604213100,57214189215,1
6601969069,7003732915,1
54950226200,57210707090,1
24073240300,37102119100,1
57210805871,7003404516,1
6504786804,6506541996,1
6602826319,7006412165,1
14007750600,57190068681,1
57190193610,6508101025,1
57210960198,7003942962,1
56819117900,57193556294,1
57217442328,7801650202,1
57202514592,57210344965,1
56454907300,7102535804,1
57207815145,57207826682,1
57204099075,57220047088,1
14831722300,57192697218,1
55914857200,7004521489,1
16068156800,57197773630,1
16243020100,57218195565,1
57202318301,6506736837,1
56437217100,57643482500,1
57191854299,57203949863,1
56430927200,6506002895,1
56732974800,57215383762,1
14323836500,57194868042,1
57198357708,7102879500,1
16203663200,57195065451,1
57193743014,57203970401,1
35476648500,56017979500,1
33667611100,56073934300,1
14060455600,57203816121,1
57214188515,57214735717,1
55968603400,7006035721,1
57218376468,7402631347,1
57197499872,6701768461,1
10143354000,7404277487,1
35552663800,57209659745,1
25959640900,6603449202,1
57208653296,57221759064,1
35615066800,57224183328,1
6602680085,7003479249,1
25947321200,59871724900,1
50262384000,6507198930,1
27867659700,57204598234,1
57194323286,57195442657,1
15754481800,57211024981,1
23392652800,58586227900,1
6602138253,7004401732,1
14037194400,57211759862,1
25031122000,55919995400,1
15826940200,7005141725,1
57192963392,7005645193,1
56276475800,6504067845,1
42261069700,54791045400,1
54413111200,55638899000,1
57038894000,57192811895,1
57193382012,57199839295,1
55070746900,56668772700,1
56399244800,6701631287,1
56433597800,57188482200,1
6504311468,7102231043,1
57211349161,6507310582,1
57208819121,7007180997,1
57117412100,57188714069,1
14021049800,6506776579,1
57199676160,57215104982,1
57202612972,7103153424,1
57191854299,6602808786,1
56017979500,57204658698,1
14029585100,14030472900,1
57204150218,7006331382,1
57211523239,6603128830,1
57209578821,7003959774,1
55940858000,6603772028,1
36522431400,54945032000,1
33667994000,57188575644,1
57216404368,7202143407,1
56850461100,7004835587,1
57211427319,6603717726,1
55110225800,57197711987,1
44761100500,7004315011,1
57190864627,57218516928,1
53063493500,7801498529,1
57211601878,7003435386,1
21934592300,56333325300,1
35145814800,7406100777,1
15849625600,7005592130,1
57673340300,57673883400,1
55861003600,57207684461,1
57191362485,6701623022,1
55810100600,8871368500,1
57220207200,57226803668,1
57192690714,57204241954,1
57200913729,7102475868,1
57204308519,57209542137,1
57226350513,7101973932,1
56638221300,57191440019,1
57188965609,57202689961,1
16243020100,25621529400,1
57207615640,7102354941,1
6603271904,6603713879,1
57205313315,57205313842,1
57202203734,6507713753,1
55110225800,6508202257,1
57194288925,7006241835,1
10539970600,35510387000,1
55865568271,6506171002,1
57189253029,57189254214,1
55523859600,7006434026,1
57214316831,6602589883,1
37081771200,57817037700,1
23486135800,7003478797,1
57226732619,57296220700,1
53463361500,57204938120,1
56579953700,57196021981,1
14010734200,50462510200,1
57110082200,6603640296,1
57201480507,57212554434,1
54998020900,54998634900,1
13609877600,58201811600,1
57197190962,57217138390,1
57210285712,57896963200,1
57218195605,57218195652,1
57142546700,57196460207,1
57226739497,7003376733,1
57191866398,7003544066,1
55618665400,7005936077,1
15741157800,55355286600,1
57201183664,6507796594,1
56041720100,57191708331,1
57214849856,7006012333,1
26634884900,35478909000,1
24166599500,6602404361,1
57015234300,57214180726,1
56440229500,57203226594,1
15073894300,57202339270,1
57203687928,7102633221,1
57190161603,57211167870,1
14056688500,57218192915,1
57366114000,57366260200,1
6508037327,9273383800,1
56349737900,6701848441,1
56151869200,6505883465,1
55665456000,6602826319,1
26024868000,55963020700,1
50162860100,6602277744,1
56046985600,57200377026,1
57203746746,57208356523,1
57191866398,7004835587,1
57219616202,57219618009,1
23568485900,57190844317,1
57194547700,57201153334,1
35880914800,57203678896,1
57219108089,7005179732,1
57216430944,57222369971,1
57211426674,7003942962,1
24777877600,7103053518,1
35378828900,56938103700,1
38660925700,56543587500,1
55193515100,9744469200,1
57201587854,6602227729,1
57190441690,57211057969,1
7003404516,7203013613,1
57223848036,57642875700,1
24381811800,57220737705,1
52663129000,57221369272,1
15136671100,57211010956,1
56537108900,57196022709,1
56241060700,56672404300,1
57201026134,57217121483,1
56610376800,57193929028,1
57209929651,6507716063,1
36056049400,57202887572,1
57215148037,6603188445,1
24801934800,6507353478,1
57197754933,57205760368,1
57208645087,57208653296,1
16203663200,55361319500,1
24167716600,55936832400,1
57188685395,57191675846,1
16315359100,57201668565,1
6603311220,7801407600,1
55581041300,57315582700,1
6506171002,7006097264,1
54880573100,57221531300,1
57214112643,6504284862,1
57217618521,6602680085,1
6506776579,7003305314,1
39961645000,57195735368,1
55413466200,55413884300,1
35605694300,58117054000,1
57214182134,57223808599,1
24330030100,7005758098,1
25636359300,57210281711,1
37666056000,57217661773,1
55939105000,57204020633,1
36624165900,37013762500,1
56303931700,7003305314,1
57207688686,57211450084,1
28567789500,7005001396,1
56594276600,57222193631,1
57221683008,6504395175,1
57205123119,8146513400,1
24176529600,57221477530,1
57949458500,6505927440,1
57217054548,59662811800,1
57219012294,7102633221,1
55618665400,6603790113,1
57200188106,7203007412,1
14037194400,57212200598,1
55907009500,57197512902,1
38660925700,55225014800,1
57200400301,57203945030,1
57195442657,57225804358,1
55252499600,8223664400,1
54896027900,8840081100,1
54411902000,7801532760,1
35585451000,57208036984,1
24167716600,7103056112,1
57204513287,57204515495,1
57204802242,57205121004,1
55173582700,56605888200,1
56018147400,57195504303,1
35095506200,57215149048,1
57203863712,57217116183,1
57212200598,7005468526,1
57038894000,7003723827,1
35238394900,57223927741,1
58826703900,7801624906,1
56053264100,6602387255,1
15926246800,55986627700,1
35175388700,36143358700,1
57201389246,57207766930,1
51665647500,57192073087,1
57217100420,8617799200,1
54383232900,57210960198,1
54881321300,57194647407,1
55312463700,6701726222,1
56587445700,6507638077,1
57211861736,6602672295,1
56380525500,57033911800,1
6506420388,7202085730,1
35367031900,57214849928,1
35568595300,57188861877,1
12804338800,56236071200,1
57217216201,6602844477,1
57103819300,7101835153,1
57211695211,7003959774,1
57211520883,7004357973,1
11041471000,55761353700,1
57211462657,57220077698,1
25621529400,57218195605,1
56684707300,57205564497,1
56116011400,7403252543,1
6603835270,7003942962,1
15057670200,59596801200,1
55966916000,57195769948,1
57209661857,6603785139,1
35556063400,57225422813,1
55915590900,56638311500,1
57203822525,57210390533,1
57203814409,7102743604,1
56606104800,57222395294,1
57200644240,7003942962,1
56239725600,57193684279,1
36607166400,44761100500,1
23072832700,57218257206,1
57208598672,6507578882,1
16232535600,35619528200,1
55620172900,8962997000,1
14056688500,35389968300,1
57210577815,57210584363,1
35329490200,6508357924,1
58183770900,6506736837,1
57207244828,6602680085,1
25654395000,6603214162,1
57201310910,57203059518,1
12807248900,57193493655,1
57202322317,57413255500,1
57217120265,6506214929,1
27867659700,56893098600,1
57194542116,57215829648,1
24401621500,57209806295,1
56638311500,57215147987,1
57217618521,59944389400,1
57219540911,6601969069,1
57201458555,6701424197,1
35772986700,57214188515,1
56834997800,57201942692,1
35568595300,57189623051,1
26029384400,6507525596,1
57191846864,57219660583,1
56530380600,57221341400,1
55413884300,6603772028,1
57218300529,6504311468,1
56341961400,7005778076,1
27967551900,6507638077,1
55630517700,7006612363,1
56992895800,57217634280,1
57200338451,57217045845,1
35555798600,56399244800,1
55964412900,57164833400,1
55626682400,57196185087,1
57191439732,7006504347,1
55781722000,57200206882,1
56664043200,57194869340,1
19933786000,57201152643,1
26023085000,56606104800,1
56948379200,7006466498,1
24779987100,8554385000,1
26221591900,7003949406,1
57715757800,6603728170,1
57482201100,6602277744,1
57205938518,57208356523,1
55882063100,57203970401,1
16028772900,7003980008,1
57075751200,9235487600,1
57188985666,57192426164,1
57209721892,57218194363,1
57221866958,7003450280,1
56154459200,57004538100,1
8344301600,8718772800,1
14123842600,7004225897,1
6504651173,7003959774,1
57203457964,6602543045,1
35478909000,55618665400,1
6507993283,6603955506,1
56288956500,7003959774,1
16554843500,59158249000,1
56548156200,57189986568,1
7202219958,7404277487,1
14056688500,57218194340,1
54901949900,6602730645,1
56368499800,57224181770,1
37077016100,57201634282,1
57164866900,57215026290,1
55924979800,57214180726,1
57208919486,58083458800,1
34968901700,54383241100,1
55665456000,57203970401,1
57195731822,57209314505,1
35175388700,57215683127,1
57192593705,7102314294,1
55878047800,57771957800,1
55196096200,55981667500,1
6506002895,7003952459,1
55770895400,56116780700,1
57194520838,57218849349,1
57195760105,57201504995,1
26029384400,55963960000,1
56333325300,57211214455,1
20235434500,23099238800,1
16067739500,57769374700,1
57203949863,57217661773,1
56389402100,57208142067,1
35796101600,7004121723,1
56241060700,6602589883,1
15836326300,7202185275,1
16836131500,57215584160,1
33368324200,39862790000,1
57194021664,57201617023,1
24831558400,7005179732,1
55885881500,6603753302,1
57218195565,6506541996,1
56513768800,56519578400,1
56732381200,57218511476,1
6602101968,8340039100,1
16039416600,57212259738,1
23072832700,55639203800,1
56955542100,9437475900,1
56545194900,56582416100,1
12807138200,55242415100,1
57203028938,7004143438,1
7004905361,7402838973,1
57196185087,57208081454,1
56055096500,57204854613,1
56487314600,57208513869,1
37664726500,8616406100,1
56530788800,57201942692,1
57214321792,6506130489,1
55514754800,57867438200,1
38660925700,55404271700,1
37015226800,57204835697,1
15753813300,56331782700,1
12804479700,36698967300,1
56406110100,57211115618,1
55388629500,56668764200,1
55514754800,57193213489,1
57218135478,57219564979,1
54938953500,57003631500,1
56850348100,56999263100,1
35425219100,55258506900,1
57192679655,6507638077,1
24381886000,7102474754,1
36663263400,57210960198,1
11142276800,58253682400,1
57216276299,59157726400,1
57214717892,57218851150,1
55070036100,57189986568,1
57210696636,57210706661,1
25636959900,6602452399,1
37099155100,55746970100,1
16243020100,57216566854,1
57216083610,6602814239,1
12805509300,57201583936,1
36450289100,7004061355,1
55293802600,7103061271,1
36873751100,42461275200,1
57412583900,6701424197,1
55600080400,6602828632,1
55576830500,7006466498,1
54383232900,56185227800,1
57218861254,7103040365,1
56316545200,57190970262,1
57190969497,57195568405,1
35145399900,6506610707,1
57219558202,58164078600,1
57076839000,57203949863,1
25944144700,56403974800,1
55636320349,7005082971,1
6701501754,7004357973,1
57197831563,7004978561,1
57131351600,57216530591,1
46661131200,7004905361,1
35493849600,57194099102,1
56513768800,57581607100,1
57204835697,57914525400,1
35389968300,57201505153,1
37664726500,7004481112,1
57199986491,6602680085,1
56395383000,6507310582,1
57291448600,7004426962,1
7006177272,7202075544,1
38661394900,57497433600,1
56992895800,57204009812,1
57202498565,7005891606,1
10939275100,16028772900,1
27467963800,54930614800,1
57201360330,6506641033,1
57213873391,7404277487,1
16305587500,7102474754,1
55932949800,7003287875,1
57196021981,57219416088,1
25121531900,57188667367,1
57200425884,8554385000,1
6602404361,7102633221,1
56184500600,56505366300,1
55242228300,57191568144,1
25643956700,57194418540,1
54583143500,56703319900,1
57195239694,57216403979,1
57219665854,57219672415,1
57195574116,6602713722,1
25825541000,35478909000,1
56720078700,6506562449,1
14029585100,7202369029,1
57203226594,57204465600,1
57219416088,57235573200,1
57190278097,7103040365,1
57202395857,58591565300,1
55022701000,57205331827,1
59842697900,7004481112,1
14219526400,55535491100,1
36873751100,57212603218,1
55647917800,7102474754,1
57195469490,57200113310,1
24588088100,6602118481,1
15020172200,6602713722,1
56146474900,8718772800,1
34978111800,57200332456,1
25621414000,57205150265,1
16053243500,53983027600,1
35386603800,57224583512,1
35615066800,56732381200,1
57205195001,6506776579,1
36848326700,7005372641,1
6507790545,8585119800,1
41262448300,7005758098,1
57219232067,7003572956,1
55644034300,56587445700,1
57296842800,7005969319,1
55892373400,56575920300,1
57196219628,6504443983,1
54383232900,57203948395,1
57222400953,7004211122,1
15922168100,57205575907,1
56890903400,6701608636,1
57214551475,7103061271,1
6508343814,7003959774,1
56428622900,57196088987,1
36868308600,54791045400,1
57193832250,57199328648,1
57108771800,7006466498,1
57214185808,7103026228,1
57203767462,6701623022,1
37049371300,57207615640,1
57214188493,7801624906,1
57205627840,57215934737,1
57188866318,57221086062,1
57200422818,57202668445,1
57216755559,57218491923,1
14219526400,55189438200,1
23986455300,54986324600,1
57212951193,57719990600,1
37081771200,57196544254,1
55955763900,8616406100,1
57203355876,7003952459,1
35481219400,7003572956,1
57200806732,7004361186,1
25031122000,35355756600,1
57201121493,57211132197,1
15836326300,57192690714,1
55242415100,6507895824,1
57193541117,57203928236,1
55424695500,57208653296,1
57296575500,57672505000,1
57221674698,7202075544,1
42761833500,57222076121,1
15067932200,57091437800,1
6507716063,7402031672,1
14619829600,58093159300,1
57296575500,8407935900,1
35277170500,55815769500,1
6602638796,6701916486,1
56835107500,57200755425,1
57191258859,57192199126,1
57212554434,7004061355,1
57195429424,57211349867,1
6602713722,8609629400,1
55404271700,57210917958,1
56747264300,57209292495,1
57201190300,7005330448,1
56938785300,6506576334,1
57217121483,6602680085,1
12762025200,58094003400,1
24381886000,55936865800,1
57193761650,7103053518,1
55831616200,57216656795,1
57210960198,57214187155,1
12786182200,23767899400,1
26321876400,56610376800,1
57218861254,7404277487,1
35113636300,7003479249,1
26538927600,37118135700,1
14021049800,55986627700,1
57202284031,7103056112,1
57201344566,57201877563,1
57200249355,57202970422,1
57202955220,57205197486,1
57201026134,7102354941,1
34978111800,54998634900,1
57614101900,6508085010,1
57203860123,6504284862,1
56613137000,57218527208,1
6506641033,6603110227,1
56489989200,7102474754,1
12807248900,57221949854,1
55418858500,57218260692,1
57219671587,57550030800,1
57222634123,57310887700,1
55940858000,56308309200,1
57200603691,57204572813,1
57212061327,6602680085,1
57201250923,7003438159,1
55989994000,7801532760,1
35997230900,7202219958,1
57193079613,7801614854,1
34978111800,7202551071,1
57215814237,57221949854,1
57034025700,6603772028,1
13008420400,55646317900,1
35975558700,57214601141,1
16243020100,57222024477,1
54789187900,6603835270,1
57728837000,8146513400,1
57212420665,6602713722,1
35851415800,57195946682,1
37025944200,57118274600,1
6602487131,7007037837,1
12807248900,8617799200,1
57204017182,57204017418,1
57197756333,7006200042,1
56708122100,57211215663,1
36861450500,57215150045,1
55667307600,7004508608,1
14021049800,57211469086,1
57214861366,7101828726,1
24166599500,6504651173,1
7006505400,7102231043,1
57210960198,57221369272,1
57211057969,7005401841,1
57190799130,7103043561,1
57211927845,7004481112,1
55932949800,57191854299,1
57215695696,6507716063,1
56844997500,7005468526,1
57195102037,7003473187,1
57195065455,57214192566,1
56954535800,7004426962,1
56236071200,7003322687,1
22938031400,27967551900,1
57211426825,57211427050,1
57201464415,57206366893,1
54890719200,57117323700,1
57189584266,7006065236,1
57215491924,6601978164,1
24435910800,36868308600,1
55640145100,57192073087,1
37052613300,41961752000,1
57201474993,7004447092,1
57190686529,57192685584,1
57315582700,7102231043,1
55410054500,7004663022,1
7004441231,7005119089,1
56603977800,57741497200,1
14824679900,57214190714,1
35895494700,55481403500,1
57201250923,57203931279,1
55418858500,56927703600,1
57201884329,57205696181,1
57189578538,57207458121,1
55172863100,57213172991,1
59944389400,6506214929,1
57160341000,57222401768,1
55189438200,57735286700,1
7102802523,7102957757,1
35615066800,6701335257,1
57225881000,9841204400,1
56185997600,57208393419,1
14522699800,16199397400,1
55640145100,57190169567,1
36462533600,55209865200,1
37091702000,6603249112,1
23486135800,57204427688,1
32668058700,7003450280,1
57190126621,7007053749,1
56890903400,7103061271,1
56271600500,6507993283,1
35179056300,8616406100,1
55410054500,7003790688,1
57201734615,57208663490,1
6506420388,7003702845,1
57188982321,57201703959,1
35615066800,57258624100,1
57837726300,7004405540,1
55918156500,7005637352,1
36084007800,6506649400,1
57209641808,6507198930,1
57194647407,57203924074,1
11241685400,12809579800,1
57225217157,6603007070,1
57190126621,57213660851,1
35797987200,57195065451,1
56123715400,56693891900,1
55851403100,7003952459,1
15849625600,6507638077,1
56195416200,57200546142,1
57219108089,57223190210,1
57211601402,57217472308,1
6507157339,7004558741,1
56825146000,7101893707,1
57191362976,7005381764,1
52663129000,7004835587,1
24073240300,55541202300,1
55039209500,57202129227,1
57218194363,57218195605,1
56414901900,57207455831,1
57210706661,57210707090,1
55371363900,8292047300,1
57195558385,57202707010,1
52663129000,7003305314,1
57191258731,6508085010,1
57204017182,6506670264,1
57211448989,57893790700,1
55113709300,57200727733,1
57190799130,57212951193,1
57206263089,59944389400,1
57198357708,57674559000,1
57219955546,7004835587,1
36802392200,37011530500,1
56948379200,6602663937,1
57194798214,6602227807,1
55410054500,56656367600,1
57218573553,6602227807,1
56689232700,7006253775,1
57196236454,7003478797,1
57193647460,57887572500,1
21933704500,56732423100,1
57204427688,57205263489,1
57193268552,9037312600,1
57219092528,6507578882,1
14060455600,56539286900,1
12786182200,6701424197,1
56080252800,57219955546,1
56790073300,6602844477,1
56505366300,7006200042,1
56371151800,57218434377,1
57215075474,7003959774,1
57202689961,7003473187,1
12783094300,7003952459,1
55410054500,6603785139,1
57191445065,57193268552,1
53264886900,57194539161,1
56418579500,57212705551,1
57224075170,7201854991,1
15836326300,36245952100,1
56175638900,6604037091,1
6506160194,6508385053,1
36143358700,57203355876,1
56780215300,7006940836,1
57195274382,57222125145,1
57200619062,7004120983,1
16203173100,43762251000,1
14123842600,55665456000,1
56607432800,57196021981,1
57192384912,57211349867,1
54789187900,57211427050,1
35415485100,57209750686,1
55471004700,57193931875,1
51665647500,57191198857,1
16243020100,56764612600,1
57211852761,7102633221,1
57215152591,57216881349,1
37013762500,55863857900,1
57198892017,57215583488,1
49061029800,56576063900,1
57212492905,7003467120,1
57207780549,57220509361,1
56201455000,57200376897,1
56747425000,7004143438,1
56927703600,56955704200,1
57216743315,57221445700,1
57216400517,57226680783,1
57812866200,7003699883,1
24278819400,35762732900,1
55601629800,57190069418,1
37111391400,57196194347,1
55536183600,57200504476,1
60100025400,7103053518,1
57212554434,6504443983,1
35555798600,6504443983,1
57195731822,7202369029,1
57217336947,57221759064,1
6602619791,6701484227,1
55833066700,56556565800,1
57199972142,6701608636,1
55552961100,57218127282,1
24469152300,57221417645,1
57214184367,7004185360,1
57191329099,57211405877,1
57193168500,57204017182,1
57191846864,57222542321,1
57201975171,6603936681,1
35510387000,55587917400,1
24479959000,43461584000,1
6508385053,8939026000,1
47361218700,7201677725,1
56928302200,9738985400,1
57208423429,57783980900,1
57190732544,57203949863,1
57195232322,57204858767,1
56890903400,57215135933,1
36652922300,58636377600,1
57202514592,7006035721,1
57218193345,57218195565,1
57215143687,7005645193,1
57189501491,57226744981,1
57155881500,7005091934,1
14219526400,56779692100,1
57200859233,57200860592,1
57201278144,7403252543,1
15754481800,57193210476,1
55916496500,57192938250,1
15047537900,54945032000,1
36978732600,6602856381,1
57201677203,57215493165,1
56041720100,57194507234,1
26634884900,57191906531,1
57201990363,57212428239,1
55679304100,7403252543,1
57198154555,7004835587,1
57191250687,57194705410,1
57211901417,57221684607,1
56962704100,7006434026,1
35997230900,57211056598,1
56708122100,57225024461,1
36665879900,57202587506,1
37110131400,59944389400,1
36704152400,57195420487,1
13612663800,7006196140,1
55814885800,57467343600,1
37666056000,57205143340,1
56625931000,7101893707,1
55255901200,7004724933,1
55700283700,56059152500,1
7007133905,7102633221,1
57200332456,57215147987,1
54383241100,57221931145,1
57219416088,6507716063,1
56527129000,56664043200,1
57197798240,57197801425,1
57195807828,57210174703,1
57189986568,57223318174,1
55542533400,57208165882,1
57216924887,9746797800,1
56151478400,57222076121,1
21933704500,56958400900,1
57203949863,57214189077,1
23981156000,6506645414,1
16402502400,7003732915,1
57196327480,57218192915,1
56257387400,57193877561,1
50960926700,57351582500,1
55388149200,57222397579,1
57203816121,57222043955,1
35095636300,57212675084,1
53866828200,56728521100,1
56257919200,7101828170,1
58340753800,7005619860,1
57195439134,57223241922,1
57195229698,9037312600,1
57188714069,57211469086,1
35568764200,6603217119,1
23972525300,57189659579,1
6602978778,7004826368,1
10143354000,57220064244,1
35453890900,57209087382,1
55203915600,57211231697,1
24172674100,57222984834,1
7003572956,9273383800,1
35095506200,57194868042,1
35555798600,7004573622,1
57205515495,8313580700,1
55895265500,56116780700,1
55182867000,57223037046,1
23072832700,25630164400,1
58782951900,7006614631,1
24437971100,57207883215,1
54783056700,7003572956,1
26634884900,57208623046,1
55347531400,57189221940,1
54791960600,55358891700,1
57219706579,7004087255,1
14060455600,23003258800,1
57201504995,57214189077,1
57190169567,8985745300,1
56845192300,57191410688,1
16553665300,7004030554,1
16025957000,7801358604,1
56380525500,57202080987,1
7102231043,7203007412,1
54413111200,7003811166,1
57217346265,57234377700,1
37018663100,56305667900,1
52663129000,7103040365,1
35316303500,35460884400,1
55865568271,7004325688,1
57189267051,57206665886,1
14018322900,7006139983,1
15926246800,57204198476,1
57219841927,6602076702,1
14032837800,7006139983,1
55523859600,55914857200,1
57218399556,8938922300,1
56376735700,7102205549,1
55620172900,57203233646,1
57207458647,57211287922,1
36970630800,57477350800,1
11739296200,55882063100,1
56462886200,8353821500,1
6602633095,7102312930,1
55770895400,57191365913,1
57194647407,57209860294,1
35350379700,60135003000,1
57218194363,7006331382,1
14052714800,57117967000,1
35997230900,6506420388,1
57209860294,57338424600,1
56999684500,57189220102,1
21934592300,57197756333,1
24779987100,25121531900,1
56124213600,57195309972,1
57204178529,6508254295,1
57191611102,57204017418,1
57216132287,6603271904,1
36706127300,55133761700,1
57201722633,57201731908,1
15836326300,55581041300,1
57208898617,8382434800,1
57218595550,7003959774,1
57194869340,57219169179,1
55535491100,7102633221,1
57118274600,6506048716,1
55929968300,56973349700,1
56903779800,57203816121,1
57209661009,7003557544,1
55087222300,57193629087,1
57193493655,7005592130,1
35585451000,6602834144,1
14123842600,56084970400,1
57195987896,57199404829,1
56195416200,57214178695,1
26634884900,57203949863,1
57201026134,57218192915,1
36057286100,46661608200,1
52264226300,55479849400,1
57200303669,57216419648,1
56491360900,6701484227,1
55606603600,57331084500,1
57087112000,6506320574,1
57214180581,6701632574,1
57188643984,7003467120,1
16643616700,57213707703,1
57212218856,6603079011,1
56890903400,57209449573,1
55361992300,57196117932,1
57200759527,6506602604,1
56367444600,57212697795,1
57216848864,7201498609,1
50162860100,57218849088,1
57296220700,57296576200,1
24339158000,56380525500,1
57201985653,57203191886,1
57638569100,57729458200,1
56075745900,57188415100,1
55403844500,7004481112,1
57185295400,57191259498,1
34874490300,7005082971,1
55781722000,7101828170,1
57221949854,7004835587,1
57218195605,8554385000,1
6506006903,7004481112,1
56954535800,7005231695,1
15765091600,7003895942,1
55644034300,57196023105,1
22035903600,6506130489,1
55022701000,57214890660,1
55746970100,57558221300,1
57209638038,6602971364,1
15045722200,15518960000,1
57190686529,57193579889,1
16229748800,54881321300,1
35317341600,7101626401,1
57202072541,57226357862,1
56819286200,6701922481,1
11439250900,58778624800,1
54079371100,56145502500,1
58582140500,6602619791,1
37077016100,7003450280,1
54417901000,7102474754,1
16643616700,56845874500,1
57194517764,7005330448,1
57147237500,57204052801,1
58711707300,7004239568,1
57210960198,59808396600,1
43762251000,56990733700,1
55933323300,57215579465,1
22938031400,56607432800,1
56901271600,7004546814,1
45161224700,57208412329,1
57215695696,6602404361,1
56911753200,57188728709,1
55507423800,57222172230,1
55879558900,7202074304,1
16243020100,57200644240,1
57196146647,57215102752,1
7004508608,7005586609,1
12782630800,6603810686,1
57204883159,57214861771,1
15922168100,57224831324,1
57218194340,6504280283,1
54413111200,6701380843,1
57201112275,6602404361,1
57190686529,57846301200,1
55986627700,57188714069,1
23013587700,57224156534,1
55882063100,57215683127,1
57215152591,6506610707,1
35419894800,57195442657,1
16643616700,50960926700,1
16203173100,36923965900,1
57217216201,6701608636,1
57211852761,7103040365,1
57865339700,7402213724,1
6505881924,6602633095,1
57218686403,57221341400,1
14823069800,57188697738,1
57191854299,7004835587,1
15827156300,55017479800,1
55986606800,57219884947,1
26221591900,57247124600,1
57201884329,7006177272,1
57200425175,57482520200,1
37063709100,7006505400,1
24381811800,55230018700,1
55942071800,57214556569,1
35322830900,55771551500,1
18436000300,57214182134,1
14054493300,8972484200,1
57196146647,57203974537,1
57194735402,7003473187,1
57201250923,57203894446,1
55636870000,57188766397,1
35425219100,55070036100,1
57191440019,57218610871,1
56373507100,57216826033,1
58282114600,58749461200,1
57194191719,57216798630,1
15844865900,6506736837,1
35741441600,57191407988,1
56689207300,57193087551,1
6701670128,7005637352,1
57194021664,57886360900,1
15073894300,57203181593,1
57218192507,57218195605,1
58094003400,7006686754,1
56414901900,57207449471,1
57195067107,7103053518,1
36503793400,57200377026,1
54998020900,57202263698,1
57197499872,57203416958,1
57202887572,57566640800,1
14831722300,57194213497,1
57211523239,57220642249,1
6506694707,7103061271,1
57212705551,6601969069,1
26538927600,57201734615,1
16402502400,57201802678,1
57482201100,6602808786,1
55746970100,57202027485,1
35338069100,57194029067,1
14831676900,57204586575,1
16634614100,37099155100,1
14059609600,57209661857,1
58037639700,7202369003,1
57191961791,57740708200,1
57189267051,57210926756,1
57194104468,57201504995,1
57201985653,6701424197,1
56079359200,57197269844,1
36442085600,57118274600,1
56537108900,57191903903,1
22936288700,57201861727,1
24377391500,56025884600,1
35378828900,56921446800,1
57216419607,57220996918,1
23072832700,57195935522,1
13605127900,23490079100,1
38661114200,57200619062,1
12785708100,55661019500,1
24491486300,56693891900,1
16426043400,37123859400,1
10143354000,6602404361,1
56530383700,8840081100,1
57218761267,7202219958,1
35615066800,7801424387,1
35337121100,7101828170,1
25031122000,57418950700,1
57201990834,7203007412,1
56513768800,57195671153,1
57207764447,57220645082,1
57209882568,57230877100,1
56239297000,7003699883,1
57189440797,57197510614,1
56606104800,56781086400,1
55357477800,57195424045,1
57203355876,8554385000,1
54913625700,7102231043,1
24174298100,57207305344,1
57220190496,7003379409,1
55572848300,7101666751,1
25621529400,57221949854,1
57192073087,7003305314,1
36871528400,6506694707,1
57200728822,57202776363,1
57193163824,57201652562,1
57209507576,6505758008,1
57190660749,57193427408,1
56910252000,57201153334,1
35497272700,57193210476,1
57217214525,6603356349,1
50861948800,57202833589,1
57218192507,6506776579,1
7003732915,7202140793,1
55323998800,57190572638,1
25822049200,7004835587,1
57215102728,57221606534,1
57203949863,57209721892,1
57199645286,6603311220,1
55332159900,6506892530,1
57413715900,7102633221,1
57193161850,7004751343,1
56462886200,57234377700,1
57201084031,57214192991,1
10939275100,57115428900,1
54892907100,57211927845,1
7005281685,8382434800,1
55644034300,57188643984,1
12141305200,57209746692,1
56605966900,8534471900,1
35758609900,57219422226,1
22938031400,8630861900,1
36952258700,6701542482,1
24824188400,57207766930,1
56542795100,6701801409,1
46161079100,59158332000,1
57195549409,7004405540,1
54383232900,6506776579,1
37118135700,56576063900,1
14030472900,53463361500,1
56161056700,57221684473,1
14060455600,16318838800,1
16053243500,6603269083,1
56328460200,57197754933,1
57021797000,7102969029,1
57192073087,57205307761,1
35425219100,55614676600,1
57195760105,57214178872,1
13607606600,6701922481,1
57189099690,57221322669,1
55665656200,57226803668,1
57208147782,57217390643,1
57200757737,57222000582,1
56715896100,57209294585,1
57205739069,7003572956,1
56671395200,57195062603,1
7102743604,8275704100,1
57211056598,7005401841,1
57214192991,57221949854,1
57210998630,7004405540,1
25636959900,6602828632,1
57214185812,6602589883,1
23486135800,57214191677,1
37562228500,7004481112,1
36975879700,57209532118,1
54383241100,57197708155,1
56958400900,56966260500,1
56825146000,57296575500,1
57104208800,57218105207,1
57191344544,7202369029,1
56732423100,57193076284,1
57201668565,57208034389,1
57216909327,7801406059,1
36652922300,55907009500,1
34768087000,57218265161,1
57189213896,57218493522,1
57216908182,7801406059,1
28067543600,57195060271,1
57212552316,57222401768,1
57219674433,7102098015,1
15136671100,36873751100,1
35378828900,57191991115,1
55513019800,56027000000,1
56104379700,6603353014,1
56019914100,6507310582,1
57201734615,60100025400,1
54398879700,55679310300,1
15021715600,55937582600,1
57212272884,7003942962,1
56789638500,57571322500,1
56074017300,7004751343,1
57207623125,7003731076,1
26635822900,57205583730,1
44761100500,57192938250,1
10539970600,6506576334,1
15136671100,57190213554,1
55750106200,57190751938,1
55581041300,6603156028,1
57196707430,57270614000,1
57188724612,7005330448,1
57226124228,7202074304,1
24172674100,36489087800,1
56479115000,57195457711,1
55679310300,6701777193,1
55334528900,56151754500,1
57201407965,57201990363,1
57214849973,57218681957,1
57189659579,6602138253,1
26025948800,57207827862,1
56688575600,57203722976,1
22934833900,35555798600,1
57205195001,57209721892,1
57207458647,59159117500,1
24779987100,36573296000,1
57204542974,57218761267,1
24491486300,56625783900,1
57202255018,7006200042,1
6507516780,7003942962,1
55930258000,59944389400,1
55418858500,56333325300,1
55704795900,56193073000,1
36192495600,7004061355,1
35334974300,6603156028,1
57195593253,57220554391,1
38662141300,57216776259,1
55424695500,56990733700,1
57023536800,57202072541,1
55878047800,6602277744,1
57215683127,6603165760,1
57217661773,57222990908,1
55403844500,57225141700,1
7003450280,7003810795,1
13406948400,7003723827,1
12807827200,57223231179,1
55882063100,57203949863,1
57195442657,6508228018,1
57217278003,7004376921,1
26642336600,55915590900,1
56780244700,6701547321,1
16199397400,57216826033,1
16243020100,57217661773,1
57195574437,57196084513,1
57215135933,58175870700,1
57073644400,57199309168,1
56530788800,57204553792,1
15047537900,7202075544,1
57205760368,7003942962,1
26031890200,6603839720,1
36801262700,7102231043,1
56790073300,7006466498,1
39862790000,7101835141,1
57201301532,6701448651,1
57194735402,57214440843,1
14056688500,55242228300,1
55363925500,9279099800,1
57204580421,57323175600,1
17342671000,7201677725,1
36991101500,57614238500,1
16402502400,57214798137,1
35497928300,58165093600,1
35548015700,57203028938,1
57188667367,7006331382,1
56626106100,57219674432,1
57208393419,7004751343,1
57208056106,57208281260,1
55007549700,6602127645,1
56378542800,57192985424,1
56211154400,56451087100,1
56825146000,57201464361,1
36562239400,57214862204,1
57205696181,57211427050,1
55410054500,7101835153,1
6602711642,7004357973,1
6602436600,7005372641,1
60106470500,8298677400,1
56893098600,7004355226,1
57221398814,7003450280,1
27867659700,57215281063,1
25621529400,56331374700,1
57188643984,57221552670,1
57203949863,6602277744,1
57330321700,57413255500,1
24073240300,57214227643,1
14037194400,57008663500,1
37033733600,57217126196,1
55485847600,6507796594,1
57205760368,57222990908,1
16243020100,57351933900,1
57203747851,57214188493,1
26021760100,57170689800,1
57212460388,6603839720,1
35546900100,7005355323,1
55070036100,7007102944,1
55986627700,7005637352,1
57296575500,57297110800,1
57200203568,57937876100,1
35745132700,7801650202,1
57217121483,6504123736,1
6701916486,7402631347,1
57211337705,7004481112,1
55542533400,57194769305,1
6504284862,6701848441,1
57211061716,6603772028,1
57208403478,57212148400,1
55607369800,57683694700,1
57201057880,58370749100,1
42761833500,57202054317,1
57218852842,57218854552,1
57196023105,7404277487,1
6603717726,7003942962,1
57207939956,57211160801,1
50261661200,7003811166,1
55172863100,7003699883,1
57418950700,6602844477,1
53866828200,57194507234,1
54383232900,57221393685,1
25621529400,7003959774,1
57195278111,57209314233,1
57194163562,7004663022,1
56677243600,57216539523,1
35549305800,57203257068,1
55574403700,57222509786,1
54880573100,57221520155,1
24167716600,56541553400,1
57215107838,8962997000,1
57127886100,6506534335,1
55750277800,56417497000,1
16053243500,57191854299,1
55846257200,57195677316,1
55639203800,56276475800,1
57207766930,57211156194,1
57221949854,9746797800,1
12807827200,56066528600,1
57189222869,57194049511,1
36810373800,7101828726,1
55618665400,57191895726,1
56767436100,57016539100,1
57214538182,57315502900,1
49862080100,57205120373,1
36573296000,57195560550,1
55665656200,8340039100,1
25031122000,57218192507,1
57204542974,57204671752,1
57217133930,7004941263,1
55868704200,57190970262,1
56253057200,58175870700,1
57219955546,7102743604,1
16202211100,55182867000,1
26634884900,57208794505,1
57224648718,58288472900,1
55252005600,57201396424,1
57202938171,6506937354,1
57200641844,7004724933,1
54791045400,55761353700,1
35449361400,57218193751,1
56003074900,6602277744,1
57191344418,6603967186,1
15056983100,56115462100,1
35894571100,57190766886,1
57196023105,57213873391,1
12141305200,6602825456,1
57214190875,57221769089,1
36612500400,57214190323,1
56131381100,57208819121,1
10143354000,55172863100,1
55885881500,57213824596,1
26321347400,55226552800,1
56768102100,57219972999,1
57201464415,57212705551,1
57195442657,57222076121,1
6504651173,7103040365,1
57221949854,8424235900,1
57200984590,7006940836,1
57211071832,57970371700,1
55550695600,57214244618,1
12242010500,31667532100,1
7003404516,7004239568,1
56954535800,56971526400,1
57203814878,6603156028,1
55587974700,57216457753,1
12785708100,57221997539,1
55578807642,6701916486,1
24831735200,6507638077,1
57205696181,6602277744,1
57202939950,57209537948,1
57194029067,57203784627,1
57201580887,6603328586,1
15137647600,25121531900,1
54583188600,7202219958,1
57283440400,7006035721,1
55963960000,57117323700,1
35547105800,36899832000,1
55530682500,57218135478,1
13408242300,36340568700,1
26967874700,27467963800,1
22934833900,56231177500,1
57209314505,7202369029,1
57193825552,59158527300,1
57203028938,57204929759,1
56513768800,57203233646,1
14054021400,6603772028,1
6504651173,6507616033,1
57204534992,57210638469,1
6508089504,7003575763,1
55560606300,57210174849,1
57195760105,57221949854,1
57202330234,57210987876,1
55344487200,8585695400,1
55466744300,56512220700,1
57039798100,6701542482,1
35317341600,7004724933,1
57190849611,6603089460,1
35555798600,6602978778,1
36617961200,57201858683,1
57117690500,57222641576,1
6507357025,6508289866,1
56747425000,57201389246,1
55616396400,57219955546,1
36598939000,57209721892,1
16416659200,35071113300,1
36143358700,8948536400,1
15836326300,23991894900,1
55746970100,55846257200,1
53463361500,57217860895,1
35997230900,56133490300,1
55597926500,57117690500,1
55344487200,57217217541,1
36881021500,7801532760,1
56646348800,57194033798,1
7003702845,7004239568,1
16202633100,6602633095,1
55946024800,57223848036,1
21934592300,57201345951,1
54392384900,7201677725,1
56017979500,57202057353,1
55886033100,7004401732,1
55581041300,55617337800,1
55788564000,57221866958,1
57201990363,57209571682,1
57200755425,57218194363,1
56986760700,57192963392,1
36802392200,57192892615,1
56080452600,6603388713,1
57205760368,6602277744,1
57199505943,6507063353,1
44161246300,56371219500,1
57214188556,57214189407,1
57213840834,57219416088,1
25636359300,57209449016,1
34874490300,57197190962,1
56016071500,57205287889,1
56694162200,57204858767,1
24469152300,57218214540,1
35386603800,7102671215,1
22934036700,57191903903,1
57215281565,7004578182,1
57211056598,6603790113,1
57208927123,6701501754,1
21233394500,7801532760,1
41961752000,55583329900,1
55976136700,57204038909,1
57214183665,59313752200,1
57216367360,6508015390,1
57191329099,8299640100,1
56262841300,57117690500,1
6602856381,8212453900,1
56124477400,57216619736,1
55249712800,57195256137,1
7103061271,8617799200,1
57194184312,57203822804,1
57201734615,57205368996,1
35588325000,57200661409,1
24330030100,57205143340,1
12042047500,35338069100,1
56817715000,57216938503,1
56650773000,57199839295,1
57218687063,7102879500,1
56708122100,7006200042,1
57224183328,6701602182,1
59158179600,6602602840,1
56819980000,57189507284,1
50162339500,55220196200,1
54386526400,55989994000,1
57193647460,7801532760,1
47961447600,57211426825,1
35476648500,57200644240,1
57214178872,57219982774,1
24779987100,8630861900,1
54583143500,55471004700,1
37561944900,6601976136,1
35326255200,57214192525,1
16028772900,50760945800,1
54383232900,7103040365,1
54950226200,7801532760,1
57223595085,6506893389,1
57201683846,57212705551,1
7801624906,8418436300,1
57190013276,57201190300,1
14018322900,56719561000,1
57190660749,57205102882,1
18436000300,57219169179,1
55207034500,57193343345,1
56790133000,7402838973,1
57209929651,57451854100,1
57200755425,6701390755,1
57194041971,8585695400,1
23094594000,27967551900,1
56677243600,57712744300,1
55788981600,57191403346,1
56430927200,7103040365,1
57192679655,6506541996,1
57205594335,57211160801,1
35378828900,55557530000,1
24437971100,36902842200,1
23101552500,57208033946,1
36084294000,57203457812,1
36873751100,57200730023,1
57200376897,57225773882,1
57199673260,57214940995,1
27967551900,57190169567,1
57191956654,6603156028,1
36492568500,52563804900,1
57201884329,57202887572,1
7202143283,7402214018,1
55819425300,57557282400,1
53463361500,55362857300,1
36095740700,37096845900,1
57200378728,57204177993,1
12782630800,6602643141,1
23493442400,35997230900,1
55915537200,57203454123,1
57202961712,7410400145,1
11239484000,57211057969,1
48161853500,57210888538,1
57195307508,7003942962,1
57200113310,57218876692,1
27467682900,8342748400,1
55604213100,6602227729,1
57192200403,57205120607,1
36973301500,7202183609,1
56784297000,7005778076,1
22938031400,57201458555,1
57219187761,57416183200,1
57201185210,7003731076,1
57191899205,7003450280,1
57117690500,7004650022,1
15067932200,57211404233,1
10143354000,55347531400,1
57190169567,57211482914,1
55226552800,9278040100,1
57208423429,8585119800,1
35782421700,56845192300,1
14219526400,16743542100,1
14056688500,57202012217,1
11041471000,36868308600,1
57196019663,57217858843,1
14422612800,36651681100,1
10143354000,57218686403,1
55600080400,7006177272,1
55413928100,6602877928,1
44361299900,55597926500,1
56993156800,7006536875,1
57215187039,57219169179,1
27967551900,6506776579,1
55312463700,6701848441,1
57213597508,57214879572,1
6603388713,7004941263,1
24504319000,56857250500,1
57197773630,57218192915,1
55620172900,7003438159,1
23026082700,57194387948,1
10142248500,7102759919,1
57215066418,6602349237,1
57203746746,57205354812,1
57201548063,7005981970,1
57208224279,7004297662,1
40161025300,58582140500,1
36763791600,56819111900,1
55546002700,55932574500,1
36151189100,57200426447,1
57218618377,7102231043,1
57218679602,57218681957,1
15754481800,6701542182,1
55212615700,6507796594,1
57217661773,6506776579,1
57206658992,6603155299,1
57191403346,6603790113,1
15047537900,57196084513,1
54398879700,55976667800,1
57217864647,7006612363,1
56012624400,57214191677,1
57217634280,7004481112,1
35796101600,57203634349,1
56533331100,57215986944,1
52364875700,57201442115,1
35721785100,57192275447,1
57266335300,60100025400,1
35101283100,7006788459,1
55882063100,57209721892,1
35478909000,35758609900,1
35556063400,7003959774,1
16203173100,35786735700,1
52663129000,57211056598,1
57039198100,6603064685,1
37037191100,56507330400,1
55846257200,57207732171,1
56414241800,57201912872,1
56122157300,57190798075,1
16634614100,55846257200,1
57207449324,57207458647,1
56116845300,56768831300,1
57201458555,57201990834,1
16639084100,55110225800,1
37118135700,56527129000,1
57211292618,57211298407,1
56545026700,57210174703,1
55189438200,57195256137,1
57196021981,57211251094,1
56992748100,57208819121,1
55664319500,57221908100,1
36627561600,56584408200,1
56848256800,57195062603,1
55914857200,57205515495,1
7102812576,7103355280,1
56441147000,57777372300,1
12801111200,6701848441,1
55242228300,57211056598,1
57194418540,57209314505,1
12785708100,55332427600,1
14032837800,56990733700,1
35453890900,57651472900,1
53263670000,7103053518,1
56430927200,59436164000,1
57194200924,6504443983,1
57190849611,6602978778,1
57218595835,6602404361,1
16243020100,55746970100,1
24779987100,57428307800,1
26634884900,58140925900,1
55091061100,57188971733,1
58307618500,6602227807,1
54382485600,7005936077,1
55355036100,7004724933,1
58532096700,6602619791,1
26634884900,56046126600,1
35475009900,55371363900,1
6603356349,7007018624,1
57204507199,8343086500,1
24758131700,57193681931,1
55640145100,55644034300,1
57200206882,7101828170,1
57194868042,6506214929,1
37048606300,57214191892,1
24381651100,56605875600,1
24344225800,57209252159,1
57218195605,6507638077,1
55946024800,6507516780,1
35510536300,57205305981,1
57202349525,57223261084,1
57195062603,7003435386,1
56694162200,57195232322,1
55589269800,6508289866,1
56194536400,57215143687,1
55471327500,7003980008,1
36462533600,56124477400,1
38661114200,57223344567,1
16202211100,7103053518,1
16203173100,35093933200,1
56162804900,56593551000,1
57195592867,57202379800,1
35301767300,56890903400,1
57212197546,7102354941,1
57221949854,57351933900,1
14037194400,6603271904,1
57209314505,57213597508,1
23486135800,58101037600,1
35095506200,43260935500,1
55620172900,55927598000,1
35419894800,7005645193,1
57195065451,57201734615,1
57220064244,58253682400,1
16416659200,55578807642,1
11241685400,55618669100,1
58826703900,7006827604,1
57188759143,7202140793,1
57215683127,7003450280,1
54998020900,57196404150,1
57206938059,57206938115,1
57205287889,57284778900,1
16836131500,57197768182,1
55530682500,57188415100,1
56241060700,7003473187,1
16232535600,57205624942,1
16243020100,55933323300,1
26023085000,6602257132,1
6603267575,7003488906,1
7003379409,7006012333,1
55189438200,7006412165,1
26635523700,56378542800,1
7005323635,7202142674,1
57074001000,58081982900,1
57208026750,57220640044,1
26022392400,56947560600,1
57225764016,6506329109,1
28367982900,56779692100,1
22938031400,57213873391,1
57205677091,57224158112,1
57986628800,7801532760,1
49963207400,7003980008,1
57216881349,7005381764,1
15766181700,57204063924,1
55180668900,55981667500,1
56489989200,57212443709,1
18437640800,57224588100,1
56605875600,7102812576,1
56537108900,56779692100,1
57194876074,57204241954,1
14219526400,58833399200,1
25031122000,57210960198,1
57217546552,8313580700,1
57336713600,57343120900,1
55479849400,57193114096,1
57208427094,57223180447,1
57194049511,57201344847,1
53879388500,55623402000,1
14025574900,16243020100,1
55446662500,57209449016,1
16039416600,57194650805,1
15067932200,26025948800,1
24075557300,55769165700,1
36970630800,58934071000,1
55270260700,56432590300,1
55597926500,57221369272,1
35568595300,42761099900,1
56526846400,57108771800,1
25822049200,56085612400,1
56076362200,57212462893,1
36615328700,6602506368,1
23072832700,57194592301,1
56389402100,57206787157,1
55421047900,57189326030,1
55091061100,56487308200,1
6507796594,9279099800,1
57203687928,57214188493,1
24073240300,26654826000,1
57215143722,6506893389,1
55257149800,6603160075,1
59662811800,6701542482,1
35460884400,55967938200,1
13002871000,7003980008,1
57193114096,7006466498,1
55882063100,57192892615,1
12809579800,8721928400,1
57202339270,7202369029,1
56104872400,56513768800,1
57196023105,57201026134,1
24075557300,57212350721,1
57215103060,57222193631,1
57191193090,57195995961,1
57192201395,57218257221,1
54383241100,8161184700,1
57194572637,57211209210,1
56025855800,7003359246,1
54405566700,57193343345,1
57193673695,8722213800,1
57207826682,57215102752,1
56897081100,56909556400,1
41261303800,7101855432,1
55358891700,7202521198,1
56233839100,57201026134,1
10143354000,57190169567,1
57211113045,8534471900,1
14060455600,7402631347,1
13104130100,57751873500,1
35476648500,57218194340,1
56427716500,6508385053,1
55815769500,57216909327,1
15849625600,57210960198,1
57202633576,6701390755,1
57197756333,7202369029,1
56891694300,7003767448,1
55815769500,6603822311,1
16639084100,6603477177,1
57212764115,7202219958,1
57205313315,6603267575,1
55931740800,7004087255,1
36550085300,56841143500,1
57278847300,7004835587,1
6603128830,7801624906,1
16243020100,25031122000,1
35306973000,57217155322,1
12807827200,35750735600,1
12804479700,58445911900,1
36970994100,57213651245,1
56104872400,7003438159,1
57208086230,8934613900,1
6504646694,7103294844,1
57215104705,57371100700,1
57211715117,57216881349,1
57188951648,7401770179,1
57217148219,7102312930,1
57214183120,6701317946,1
57190841025,9746797800,1
55204775100,56124477400,1
6602828632,7004978561,1
57223380573,6505881924,1
35175388700,35355756600,1
56884068700,57214244618,1
57205760368,57221229361,1
12775552900,57190170514,1
57197768182,57197775231,1
35449361400,55535491100,1
8585119800,9273383800,1
57218300529,7005936077,1
56527129000,56946693800,1
55966916000,57217640646,1
57191492308,7004426962,1
55587917400,7005623741,1
57189253895,57214618988,1
55257393500,57203520233,1
57195431787,7006018359,1
56768831300,57195568405,1
26967874700,6507578882,1
16243020100,57203355876,1
57191250687,6603070803,1
35478909000,57196084513,1
56241060700,58575567800,1
23072832700,57008663500,1
12809396900,57196298635,1
57205106670,7004405540,1
57202129227,57209661009,1
8722213800,8937627500,1
57209250367,6603079011,1
57191903903,57215300006,1
57226141788,6506641033,1
21934592300,57193110663,1
57189507284,6602877928,1
57226149042,6507716063,1
27967551900,57196023105,1
57211214455,57404662900,1
37041364900,6701801409,1
33368250200,36462533600,1
57211071832,57224179574,1
57204012974,57204017182,1
7006118189,7102314294,1
57191868182,7003732915,1
24174298100,55916496500,1
57190219361,57270295500,1
55865568271,7006097264,1
57204847637,7003478797,1
57194439260,57779252800,1
57194869340,57218338315,1
57217215485,6508202257,1
25636359300,6603110227,1
55618665400,6506002895,1
55312463700,57201607778,1
55646079000,8275704100,1
57195442657,60100025400,1
56519578400,7003572956,1
7004751343,7402173770,1
12240246800,57224123277,1
55628238100,57216849475,1
14037194400,6603118183,1
36967865500,56970595000,1
12805509300,57216411532,1
57208794505,57209721892,1
57211448989,57222076121,1
56940459700,60000009300,1
18433294600,57201703959,1
56074017300,56955599800,1
57194191719,7003473187,1
54383232900,56533987800,1
15067932200,6603156028,1
11142276800,16038750100,1
57956814400,57957696700,1
57190732544,7801532760,1
57215102728,6507638077,1
35071113300,55578807642,1
57191250687,57216350704,1
57217442328,6601978164,1
57211337705,57215149890,1
57201734615,57371375000,1
36561004700,7203007412,1
57214164280,7006188042,1
57203868309,7202140793,1
57210772027,57216404187,1
36340568700,57452457000,1
57195423689,57216403875,1
6508101025,7005798822,1
55339506500,6603363265,1
57212764115,58101037600,1
57212469865,57226551715,1
56641717100,57215907602,1
57214188493,57225923318,1
55258506900,56180495400,1
55070036100,6506649400,1
27967551900,57565693900,1
35497272700,57189089854,1
57214755482,57216403979,1
57224155633,58189908500,1
15057670200,55225014800,1
56074017300,57204040996,1
57209721892,57210960198,1
55587917400,55986627700,1
43961125800,6602463745,1
43260935500,57206263089,1
54880573100,6602834144,1
57221501622,6603919610,1
22991301300,55459308900,1
6602672295,8059496300,1
56575920300,57318015700,1
44760952200,56652016600,1
55598364800,57201975171,1
57192591670,57203223181,1
22985592800,57222248811,1
57205740241,7006912075,1
57203867228,7403252543,1
6701670128,7102633221,1
55507423800,8275704100,1
35588325000,57201464415,1
57193005664,57566537500,1
56025568600,6507713753,1
55604213100,57211003402,1
57201734615,6602672295,1
55081840800,7003450280,1
57194104468,7103043561,1
57214188309,57219204189,1
25630164400,57211482914,1
53064241900,6508352050,1
54892907100,57204009812,1
55620172900,56105087200,1
57117690500,57195760105,1
55189438200,57218135478,1
56430927200,57191906531,1
57201198471,6602404361,1
14060455600,57189270902,1
32668058700,57214188536,1
57199731514,8410841300,1
57197750458,57201153334,1
27067481500,56585559800,1
57201998453,57216407144,1
41261303800,57204764225,1
57193832250,57209721892,1
58251274400,6603110227,1
57193579889,57286620800,1
56659358100,57218801846,1
35425219100,56574448400,1
57210956628,57218849349,1
26647133500,56712368500,1
55618665400,57219012294,1
57204629917,57212443499,1
54386526400,57221931145,1
54583143500,7801358604,1
57196235419,57196235565,1
24330030100,26650457300,1
57219400414,6603311220,1
6603772028,7103061271,1
57191982380,57215605923,1
36881021500,7201849882,1
57215108895,8534471900,1
57200516957,7005543703,1
55249712800,7004835587,1
57214755482,57223308289,1
58175870700,6603097867,1
57205251798,7103053518,1
57225312385,7004698727,1
57216275328,57222395294,1
35475009900,57194539161,1
36561004700,7007180997,1
57221908100,57719990600,1
57219169440,7102633221,1
56399244800,57194769305,1
37018663100,6507310582,1
15055653500,56803532000,1
43461584000,7005372641,1
6508352050,6603955506,1
16836131500,56041416200,1
57194985202,6506893389,1
57089853400,6603249112,1
57163083200,57460531600,1
57188854446,7003379409,1
25636959900,57212218661,1
57211678716,57217797374,1
57208623046,7003942962,1
37014622400,57189253895,1
55907009500,56022635600,1
57201985653,7003467120,1
56105087200,6504284862,1
16062998800,27169708600,1
57197190962,7003686739,1
35077555400,56267927900,1
57201335426,57212697795,1
57193386417,6508085010,1
6601977808,7202140793,1
57208653296,58020431000,1
35355756600,7006434026,1
54390755100,57200218961,1
25621529400,57205195001,1
35419894800,57196516585,1
37664726500,7004835587,1
16307042200,7202551071,1
35566702500,57200795182,1
57203806277,57221949854,1
57196297669,57217116183,1
55331323800,56539945500,1
14056688500,57190732544,1
37111391400,50162339500,1
55667266000,57200822092,1
34571143700,57203717842,1
55838145700,57216436094,1
56329327600,56600872900,1
15766181700,57215415791,1
57207455147,8342748400,1
57204854613,6603649409,1
24831587100,6507121325,1
36085315900,6602877928,1
6505881924,7003959774,1
57190020246,57216279131,1
24831735200,36143358700,1
13607129600,56779688100,1
35574263900,57198357708,1
55915537200,57190278097,1
57023536800,57195769948,1
33267449500,57201127458,1
7003404516,7103053518,1
56828766000,6601977808,1
57210377117,7006637649,1
25621529400,57208623046,1
55523524400,7004905361,1
23987119600,6701916486,1
54789032500,57194289125,1
55083474300,7102210862,1
57208034389,7003395367,1
57203970401,57214189407,1
6505881924,7004074021,1
37085668700,57222107173,1
58245835700,6506736837,1
56650874500,57191527875,1
57221200208,6508357924,1
23478076600,7102509180,1
10143354000,13607877300,1
57208107230,57216881349,1
14025574900,6507189055,1
56743105600,8212453900,1
57651472900,7003902989,1
14831676900,57212445342,1
25923783400,57197773630,1
57226357862,7801532760,1
55558132100,57194735402,1
54913625700,57214181552,1
23026082700,37079049100,1
57076839000,57226298314,1
24588088100,57200332456,1
25622766500,57218849349,1
57196146647,57207815145,1
26029384400,57223207805,1
56523519500,57559982600,1
54882813200,57192660477,1
57195577884,57220094971,1
57196327480,7003305314,1
57191362976,57218399556,1
57194228256,57205627840,1
16243020100,56288956500,1
55859432100,56549855600,1
56605888200,57221606534,1
35510387000,7005179732,1
57194029067,57203747851,1
57202120096,7202819763,1
14323836500,57217121483,1
15753813300,7801498529,1
15849625600,7103040365,1
53463361500,6601964582,1
55324754000,6603165760,1
23134993400,40762338100,1
53263670000,57896963200,1
13607129600,56545194900,1
36462533600,57202286637,1
56329943900,57205696181,1
41262448300,6507310582,1
57211232334,57222271356,1
58307618500,6506602604,1
36882558500,57201474499,1
24831735200,57206133412,1
56115462100,7202143212,1
55810848300,56998752500,1
56019245400,57192712005,1
12762025200,7006686754,1
12042047500,55216567600,1
34267487200,58395292000,1
7005637352,7201849882,1
57204088786,7005330448,1
16199397400,56271600500,1
56451087100,6602828632,1
36479812200,7202177797,1
57202255018,57209314233,1
57210960198,57214192991,1
57218193751,57218195565,1
22991301300,42962909600,1
56927848700,57195062603,1
25655211900,57191900480,1
57204658698,7004121723,1
35588325000,57197190962,1
57189576273,6504786804,1
57200598850,57210725877,1
35585451000,7103040365,1
12242010500,56131381100,1
7004185360,7201890059,1
57205627840,57215151446,1
57196021981,7003450280,1
37666056000,57201884329,1
8871368500,9746797800,1
56983023200,7005119089,1
35894571100,57204099075,1
57217190881,57894035200,1
56079371000,56449354900,1
57205302568,7006188042,1
6507863945,7103043561,1
57225312385,6603936681,1
55927598000,8962997000,1
55770895400,7102266163,1
36923965900,57204149623,1
55905205100,6508037327,1
36937510000,55552961100,1
57211131431,6506576334,1
57218195565,7103040365,1
55655408300,57197023682,1
57200303669,57720581400,1
57225202614,57225205938,1
57189326030,7202219958,1
56267927900,8313580700,1
35478909000,57200755425,1
57189253636,8948536400,1
56046126600,6603790113,1
57201734615,57221552670,1
57218194340,8554385000,1
16064406700,56076362200,1
57194740271,6602826319,1
57209603501,7004062139,1
57202072541,57207780549,1
55257393500,57218192507,1
14522699800,57207305821,1
57330199500,8059496300,1
42962909600,56116780700,1
35568595300,6507357025,1
57207695253,7005323635,1
57192378182,7005891606,1
36944857500,57194689601,1
56395383000,56692922100,1
56942248500,6603640296,1
55172863100,57194029067,1
54387228000,6504284862,1
55220687000,57191259498,1
57194288925,57205765158,1
56414901900,58934071000,1
55323998800,57205339235,1
24469152300,35976473700,1
57202319866,57915019800,1
57821212600,6507737860,1
56527030000,56600872900,1
6602602840,7005592130,1
14619829600,56369064100,1
35478909000,7005969319,1
35478909000,36469725300,1
58221326000,6506736837,1
55679310300,57222081690,1
50162860100,7003942962,1
57191403586,60100025400,1
6603271904,7003732915,1
6507993283,6602277744,1
57190223204,57225957056,1
36340568700,6506395143,1
57188667367,59956618700,1
57201802678,9846419000,1
57192166828,57207246029,1
57207452039,58539953000,1
35425219100,6508228018,1
56577650300,57195732712,1
57194021664,57674157400,1
7004663022,7201890059,1
57879978800,6504280283,1
35449361400,6603936681,1
55376079600,56525225200,1
57205627840,57215147987,1
55323998800,57207489753,1
57219674432,7101828170,1
50760945800,57204038909,1
13406948400,56688575600,1
57201474499,7004835587,1
56664043200,56781086400,1
57204658698,7003959774,1
16634614100,57753975100,1
16308664700,25825489500,1
56955753400,7103153424,1
57214861450,7006097264,1
35606519100,57209573401,1
57351582500,59289912700,1
57189270902,57193566572,1
14619829600,15055910800,1
14025574900,23991894900,1
44461002100,55249513200,1
57202057353,7004121723,1
55981204500,57209661857,1
57218602621,58298122500,1
57194184256,59851417600,1
57190849611,6504443983,1
35104765400,7103061271,1
57160512400,57205468811,1
37055346900,57094616900,1
12782630800,24559165600,1
57211744823,6505884924,1
22834507600,56919132800,1
24504319000,57211894564,1
55413466200,6603772028,1
35175388700,57211056598,1
16243020100,57192928378,1
22433527400,54881321300,1
42761833500,57223380266,1
55321897700,6507189055,1
15047537900,56001001600,1
55110225800,6603835270,1
57188866318,57219599957,1
55344658600,6506736837,1
16243020100,6506776579,1
57204541607,57209882567,1
54782910300,7202143407,1
56454907300,6603165760,1
6507863945,6603673097,1
55499300300,57196706353,1
37011530500,55846257200,1
56399244800,57190849611,1
57202053244,57217116183,1
36639370700,7102879500,1
57226248248,6506776579,1
28367982900,57204858767,1
46161079100,56811564300,1
35077555400,57190575702,1
16062998800,6603919610,1
35238394900,7003322687,1
57200268559,7003305314,1
55578070700,7003686739,1
35796101600,57218195127,1
23072832700,36699328700,1
35145399900,57215152591,1
56962704100,6602844477,1
57223309138,7006434026,1
57212350721,7102961338,1
35478909000,7103026228,1
35548015700,55936865800,1
34867881000,35319586400,1
14007750600,36112975500,1
57117690500,57224181362,1
53463361500,56603632300,1
56901271600,57219433461,1
57214861976,57256466800,1
35597873000,7003959774,1
14056688500,57214189407,1
57190797190,57192203666,1
57200425884,57428307800,1
57200504476,57208794505,1
55428927600,7004549172,1
57211427406,57219387197,1
58667890700,6603097867,1
57204108963,57219820552,1
57191961791,8666782100,1
55550695600,57211079349,1
57194346703,57222251209,1
57190799130,57195417633,1
10143354000,57371375000,1
15057670200,26321347400,1
57201364069,57204458451,1
57197773630,57212272884,1
57194153124,7004751343,1
55405029600,57217661773,1
15926246800,57197801425,1
55905205100,57202939548,1
57214188262,7102602128,1
57147095500,7102354941,1
55665226800,57193556906,1
23568485900,55932927000,1
36706127300,55990644200,1
35175388700,57221606534,1
35568595300,56421951000,1
57216934454,57217633174,1
6505883465,7003572956,1
6602978778,7005082971,1
16022155700,7203007412,1
25032280000,35378828900,1
31667532100,56099793900,1
6505883465,7005637352,1
56519578400,57222634123,1
10143354000,57219012294,1
26023085000,7202075544,1
57211601222,57211603186,1
27967551900,57203863712,1
35574475800,57190686529,1
57192201395,7102474754,1
16202633100,57550030800,1
57201975171,57218223824,1
57211056598,57760698500,1
16643616700,55907009500,1
57201298944,8059496300,1
57215683127,57218194363,1
23972243100,55771371100,1
35092058800,57192957965,1
26535979500,57207861606,1
40761630500,55293802600,1
57218991639,6602715112,1
26538927600,7006827604,1
57219556394,6505901432,1
6603574466,7004297492,1
55963960000,56720078700,1
57219288899,7005969319,1
57215695361,6506002895,1
57211695211,6505881924,1
34874490300,57206658680,1
35568595300,57208673910,1
57190969497,57205630922,1
57038894000,8934613900,1
14824679900,6602977166,1
57200860118,7003902989,1
57195735368,57211156194,1
22934833900,57202362927,1
55583329900,57201884329,1
57202783289,6601976136,1
57212468699,58044116500,1
54787646600,56940104900,1
16243020100,7004835587,1
57196191611,57214244618,1
55263512800,6508085010,1
16028772900,57115428900,1
57204531379,7102314294,1
35742713600,54950226200,1
36496371500,57811678600,1
55530682500,57203970401,1
57201985653,7102633221,1
25654395000,59827720000,1
14025574900,57196022709,1
57193882076,7202219958,1
36699328700,8666782100,1
57218194340,57221606534,1
55639203800,57204427688,1
13607606600,57212389835,1
55616396400,57195232322,1
39862790000,57212705551,1
55617337800,7004062139,1
33768086600,55255901200,1
57194855038,57220434860,1
55253529800,7203007412,1
56427716500,8059496300,1
57191270368,57208651654,1
37079049100,57204140640,1
57191344418,57206032001,1
15045541200,22133963900,1
25643956700,6603477780,1
40162386100,57222193631,1
57223009414,7101828632,1
35355756600,57189490884,1
16203173100,24074075300,1
57224646930,7004199959,1
55123448900,55220063300,1
12782630800,57209661857,1
16243020100,6701390755,1
57214183368,57216437931,1
55665656200,57899998700,1
54885945900,57919844100,1
57226734959,8223664400,1
22834507600,55355286600,1
56701962100,7103040365,1
36816603100,57204144935,1
16062991900,6506185708,1
57201799454,7004549172,1
57195065379,57203784627,1
24469300300,56672515400,1
56998669800,57221712866,1
57201989588,57223912375,1
57211427050,57211427319,1
57218602483,6602387255,1
55984752600,6508188121,1
56289557600,56641717100,1
33368324200,57224081255,1
55419194300,7203013613,1
56779911800,58951839600,1
55255901200,56585559800,1
57193566572,57194720075,1
57191270368,57203931279,1
16315359100,35555798600,1
35568595300,7005543703,1
57204658698,57211852761,1
37089506500,7202551071,1
50162860100,7004835587,1
55343987900,8059496300,1
57190799130,57205120607,1
57057275300,8585119800,1
36868308600,57200550747,1
57188697738,57209799600,1
35574475800,56422332700,1
57195065451,57220996918,1
55989421700,6602713722,1
56122157300,6602101968,1
56479115000,7102474754,1
57318015700,57325393100,1
57209573401,6508045259,1
57193730238,59158928400,1
35277170500,57217718572,1
55598364800,56151869200,1
55907009500,57200249355,1
57211350803,7401770179,1
18436000300,57214192444,1
57210428111,57224117026,1
55827609000,56156146300,1
54881321300,57201333411,1
24381811800,59586827600,1
57211337705,7005468526,1
57191708331,7102743604,1
57209721892,57215579465,1
57217053664,7004481112,1
23972243100,57190139455,1
55459308900,7007102944,1
57215343686,8299640100,1
57201363003,57204465600,1
57193761650,7003478797,1
57197858027,6602977166,1
57205468811,6505883465,1
26025948800,57212057185,1
26635822900,55587974700,1
14029585100,7003395367,1
35478909000,57117690500,1
57191259498,7202241794,1
55471004700,57201196907,1
57204075119,6601977808,1
57202968313,6507713214,1
57189708597,57225881000,1
57189501491,8554385000,1
57117690500,57214189407,1
35319586400,9635329200,1
57209882567,7201455990,1
37049416300,57206693050,1
52663129000,57117690500,1
27967551900,59944389600,1
57203181593,7005330448,1
57209721892,57221606534,1
25635426900,57215103429,1
23099312900,6602751821,1
10044311600,56526846400,1
57194163562,57196940803,1
15047537900,36871528400,1
36923965900,56745087900,1
57402959700,7801408313,1
55172863100,57195442657,1
14029585100,57204883159,1
55270260700,55885881500,1
56891694300,57266105400,1
40161025300,57211214455,1
35796101600,57206133412,1
57208510656,57209571682,1
56530788800,6507863945,1
14041302800,7102037424,1
55637497100,55770895400,1
54890745800,6603785139,1
35605694300,7005179732,1
57225141700,7005969319,1
55657575200,57117412100,1
57194542116,7102312930,1
57191250687,57289768100,1
25621529400,55618665400,1
56074017300,56903779800,1
57538517900,9273383800,1
57516122500,6602404361,1
57194104468,7101626401,1
54913625700,7102879500,1
55664036300,57202953110,1
55771371100,57194507234,1
55618665400,57208794505,1
57195065455,7005119089,1
35101968300,57209661857,1
36612953000,7007018624,1
55636320349,8953706800,1
57201318293,7005637352,1
6602672295,7202134742,1
57223912375,6504710819,1
57193163824,7003395367,1
57226750833,57293102200,1
57194876074,57212063161,1
57190660749,59158928400,1
57194021664,57210908342,1
35491581000,7202219958,1
36697180500,6602460649,1
57215821161,6506541996,1
37661803000,55907009500,1
57206133412,6602856381,1
35796101600,57205749825,1
57893972000,7004225897,1
55667266000,57195374965,1
57194876074,6506776579,1
57191669716,57191899205,1
55667231400,56248778900,1
57215103060,57218526486,1
56366658300,57200116102,1
25621529400,57217661773,1
35473838700,57220195292,1
57210692502,7201676108,1
16308664700,57108771800,1
57193616375,7003811166,1
57214758551,57215104982,1
37050721900,56122157300,1
55189438200,57215491924,1
6507121325,7201676108,1
56268711100,57205703793,1
57195573495,57351582500,1
24330030100,57219379425,1
56780215300,57195134052,1
57284400900,6602638796,1
57201276000,7006012333,1
56727870200,57212393274,1
56845192300,58434898100,1
56005252000,57221520155,1
22133963900,55443918000,1
18436000300,57216693787,1
36469725300,57201975171,1
55413466200,7003942962,1
56430927200,57215579465,1
6601978164,7003699883,1
57208663490,57218656687,1
54383241100,57214192009,1
12646175000,57195423689,1
57189099690,7801532760,1
13608891900,7003958646,1
45161012900,57191492308,1
54791045400,57200554850,1
57214190336,6506214929,1
57192892615,57210960198,1
35263846000,57195940931,1
57213873391,6602404361,1
12646175000,57193644769,1
15134994000,58827472400,1
36550115500,6507924993,1
57199505943,57215537459,1
36145399600,6602680085,1
57201985653,57202362927,1
57212272884,57218194363,1
56582416100,57189986568,1
36625829300,57463416000,1
35095293000,57203863712,1
55636544000,7003572956,1
6602227729,6603269083,1
57214849215,57711316900,1
55931753000,57223341206,1
10143354000,22938031400,1
57200728822,7006188042,1
18433294600,57191605344,1
57190065256,59956618700,1
15755373400,57538517900,1
57205302568,6601969069,1
16634614100,57201121493,1
57204829606,7005310639,1
57223919857,8342748400,1
55440558900,59842697900,1
33667772300,54390755100,1
57119396700,6602789090,1
57194418540,7003572956,1
56013061400,7402279049,1
14021049800,36881021500,1
37664726500,57215683127,1
12646175000,33368324200,1
57201719319,7202177797,1
6504443983,6602978778,1
56258914100,7201545134,1
55850511800,57196146647,1
56515498400,7003473187,1
57208926150,6701848441,1
57190864627,7102126040,1
57798912800,6504123736,1
57199994567,57209449016,1
37666056000,57219379425,1
57217054548,7004481112,1
55619775400,57196370330,1
16634614100,57214861754,1
55446662500,56018147400,1
57189270902,57197532484,1
34874490300,7101835141,1
56260930100,6603583878,1
53063493500,6602404361,1
57194547700,57219123655,1
57221582133,7003902989,1
55933323300,56331374700,1
57216209478,7102743604,1
57204827588,57204832128,1
24824925500,55206360800,1
6603102572,7101794327,1
56593551000,57189270902,1
57193161850,57211342197,1
57614101900,7003732915,1
57202679910,57221222767,1
36801262700,57188643984,1
22934833900,36143358700,1
57217472308,57222402952,1
57195738912,9640389100,1
57117690500,57209721892,1
57195738912,6506776579,1
7101835153,7103053518,1
23072832700,57195940931,1
35350379700,6701608636,1
6507716063,7102231043,1
14032837800,7004573622,1
53983044600,57215362609,1
36573321300,56747438200,1
22934036700,57099808000,1
55616396400,57214191817,1
55502662700,57195265762,1
56414241800,9746797800,1
15061070200,25621529400,1
57087112000,57190176186,1
56732974800,57210390533,1
55113709300,55323998800,1
24491486300,56389402100,1
54892907100,56992895800,1
57201084031,57218193345,1
6507993283,7004724933,1
55665456000,7006065236,1
56235960100,6602638796,1
55172863100,57194033798,1
57188866318,6506736837,1
57211852761,57212272884,1
35419894800,35473838700,1
57195439134,6507516780,1
57189579649,57214341930,1
7102828590,7801408313,1
56331374700,57205195001,1
55481403500,57211214455,1
34978111800,57205627840,1
6507578882,7201498609,1
57190975605,57538517900,1
57216876993,57758103800,1
56079359200,56513768800,1
57193673695,6601978164,1
57193761650,57205150265,1
57215281063,7004578182,1
24330030100,57482201100,1
12807138200,55241765900,1
14037194400,56730985600,1
16238022000,57195512502,1
57117690500,57160512400,1
36057286100,57195256137,1
57226195987,6603249112,1
6701916486,9746797800,1
57194798214,7006188042,1
24474341000,57195070975,1
57200644240,57203949863,1
57204542974,57222101401,1
57192660477,6602092602,1
16202211100,48161853500,1
35510387000,7004405540,1
55618665400,57218194363,1
57205302568,57208081454,1
24172674100,57190062691,1
26024868000,57211426674,1
36991101500,55581041300,1
57140590800,57205760368,1
57218584529,57218878899,1
35378828900,57207780549,1
59988731200,7103061103,1
57191868264,57210908468,1
57197756333,9640389100,1
57076839000,57219982774,1
54383241100,57214192566,1
35585451000,8585119800,1
37031406300,57188628987,1
57204542974,57219249545,1
24376383400,54996034100,1
57871155400,7006097264,1
13605127900,56817715000,1
55583329900,56494277900,1
57208923087,57216837386,1
56454907300,8585119800,1
57205354812,7005322928,1
35568764200,57211232334,1
6504311468,6506776579,1
59608331900,7003952459,1
57200504476,7004481112,1
57192679655,57200755425,1
23101781200,57190260444,1
35419894800,6603317232,1
52263339900,56966260500,1
57201380210,6603810686,1
57218195605,7003942962,1
56845192300,57210428111,1
55461244200,57113291300,1
55180753500,57015234300,1
55266291800,9841204400,1
26634884900,57202707010,1
35555798600,7801624906,1
57817084200,57817621100,1
57193846028,7006200042,1
37102119100,7005969319,1
56368499800,57217442328,1
35301767300,35478909000,1
16416659200,23099312900,1
57215152591,7004355226,1
36084294000,57219564979,1
56520976100,57192199126,1
57211215663,7006200042,1
55771551500,57212389835,1
16318838800,57195442657,1
58303598400,8951383700,1
25621529400,55915537200,1
56576608900,7003811166,1
55855503900,57193131830,1
25822049200,35355756600,1
56135789200,57222420295,1
35277170500,6701823508,1
54685141100,57920009300,1
56116780700,8938922300,1
36159000900,57204950902,1
14019420400,55445812900,1
7004185360,7004663022,1
56768831300,56927916000,1
25636959900,57201335426,1
37110131400,56378542800,1
13607877300,57212445342,1
36984061800,57340458500,1
54390925400,57191906531,1
57191198857,57202578790,1
55419194300,57219696692,1
54787646600,57191492478,1
57189688011,7103061271,1
55620172900,57214492532,1
57214827923,7006466498,1
7003942962,7006241835,1
54894520000,55070036100,1
49862227900,57202850720,1
57195592867,7102314294,1
57196236454,7203007412,1
12807827200,6701462572,1
53263670000,57195457711,1
55842599300,6603156028,1
55459308900,57222670928,1
57195232322,7006177272,1
35308026500,57225207483,1
56369891000,8298677400,1
56652016600,57205690283,1
37261932700,57221688357,1
57218194340,57218195605,1
14123842600,6508251074,1
54881321300,57200164025,1
12445473500,57219169944,1
36952258700,57192201395,1
27967551900,55618665400,1
55070036100,7202480403,1
57218329111,7007180997,1
57023536800,57226357862,1
56257919200,6602463745,1
56008793500,7005934666,1
55270260700,57207048621,1
57194469942,57215145301,1
55184863000,55970678100,1
36197442000,59956517300,1
57249069300,57769374700,1
26634884900,57222641576,1
57207692557,57217311399,1
55388629500,57219130663,1
57160512400,7003959774,1
57218193345,57221606534,1
57214192566,57215597398,1
55313664100,57219085254,1
35497272700,7004185360,1
56910252000,57216220748,1
57201407965,57212610783,1
57190510305,57194728258,1
57190845377,7005430904,1
57218194363,7003305314,1
57188924761,57195671153,1
57194868042,57435766000,1
7005758098,8972484200,1
57211678716,58000043100,1
11338962300,8344146700,1
57214331393,57225055707,1
24176529600,7004441231,1
54383232900,54390925400,1
57218195032,57351933900,1
36801262700,57192679655,1
35497928300,7103053518,1
57202776363,57225206477,1
57200108150,7202219958,1
57208885848,57220085442,1
56834997800,57204553792,1
27067481500,56267927900,1
56511751400,57196040224,1
12143506000,7003810795,1
57219820552,7101828170,1
23972574300,35976473700,1
57201857610,6603267575,1
37018663100,55471004700,1
35169491400,57201884329,1
36603279900,57212603218,1
15047537900,8375918900,1
57217120265,57798912800,1
56957827000,57190864627,1
57188982321,8840081100,1
6603477780,8212453900,1
36112975500,57194033798,1
12807248900,8424235900,1
25932322600,57190026512,1
57191961791,57209022661,1
57194288925,57201884329,1
57195549409,8962997000,1
12786182200,57221552670,1
57192310375,6602101968,1
56727870200,56806537200,1
57222076121,57225804358,1
57194868042,6507716063,1
55325994100,56375953800,1
57221571136,59871724900,1
35334974300,57190969497,1
57192963392,6602101968,1
57214861908,57221949854,1
37761053000,55258506900,1
23003258800,57189270902,1
57203959069,7006065236,1
56018161900,57193750121,1
56444409700,7102404745,1
57194592301,6701542482,1
52663129000,57203684508,1
59584261900,7003980008,1
55213936400,57204575069,1
25931183500,53983044600,1
16238022000,57390357300,1
57203840752,57214188262,1
56768102100,57200371411,1
6507102122,8842034500,1
57194517764,57209314505,1
57203059154,57209314505,1
57209577412,57214444776,1
35175388700,7003305314,1
35619118900,36615328700,1
57206893445,7005330448,1
15721705000,55405029600,1
57208437654,6603839720,1
37561153100,57218195127,1
16243020100,57215579465,1
57193663631,57193667570,1
57201614824,57201617795,1
25822049200,57195735368,1
55955763900,57218195565,1
57192913068,57205106670,1
57192201395,57208054392,1
56075745900,57201863977,1
57204198476,57217442328,1
57190174044,57193155364,1
57203413251,57221683008,1
56331374700,57193832250,1
57192870873,57209573401,1
57209244438,7003732915,1
55503270600,7201559188,1
56674598600,6701424197,1
57199731514,57226335939,1
26436055100,55440589400,1
23094594000,6504123736,1
37118135700,55850511800,1
6507310582,7402631347,1
14037194400,57211135609,1
57205526157,7005934666,1
35894571100,56487791700,1
57207925552,7003450280,1
55960802600,57190015285,1
57189875946,57418950700,1
57189713730,57225173469,1
6508254295,6701623022,1
26029384400,54890719200,1
16243020100,57205104840,1
14219526400,23987119600,1
15753813300,52264226300,1
57199848502,7003473187,1
6507198930,9273383800,1
57217235640,6602101968,1
55846257200,57190171149,1
28567789500,56313591900,1
35175388700,57200504476,1
35480634700,38661394900,1
57214742019,59863203900,1
57188861877,57193207695,1
35460884400,55749596900,1
55846257200,57203233646,1
26324745300,57201855029,1
6603640296,8547936900,1
56992748100,57210391108,1
56113988500,57194042924,1
57209175245,57222509786,1
36197442000,6701718828,1
56355096200,57226376713,1
56910252000,57210573473,1
57204531379,8718772800,1
26021760100,6508174172,1
55618665400,57218195565,1
56688575600,6603356349,1
56073934300,57224831324,1
11239484000,57210202522,1
7005645193,7202219958,1
54387228000,59158249000,1
54893383900,7801532760,1
56427492300,57215143722,1
45161224700,57204017182,1
36902842200,57203549453,1
10143354000,57193882076,1
36881021500,57206902885,1
56437217100,57209291916,1
22033565300,7004087255,1
57201436183,57202402895,1
57211115618,7102961338,1
57208142067,7004300438,1
26221591900,7004441231,1
35386603800,57787059700,1
7103061271,7801498529,1
57215537306,6507063353,1
35727949600,57219384397,1
23099312900,7003952459,1
56454907300,56903779800,1
57188866318,57956262000,1
56331374700,9746797800,1
6505980963,6603267575,1
6701807050,7403277146,1
57196235565,6602460649,1
35476648500,57208794505,1
57190515304,57212135371,1
15067932200,23134993400,1
15755373400,56122157300,1
56537108900,6506002895,1
56609785800,6602672295,1
55070036100,7103061271,1
16203173100,57221322669,1
58165093600,6508037327,1
55413883100,7003395367,1
57190797190,7102231043,1
57194869340,57214188493,1
54383232900,57215683127,1
55667318700,57205594335,1
55206360800,55851403100,1
55212754600,6507550236,1
35481219400,7003959774,1
57195103794,7003749755,1
57209097511,57215935670,1
57218159427,8657454300,1
27967551900,57205158107,1
35615066800,36706127300,1
57194868042,57412654200,1
11439250900,57210706661,1
24482873000,6603477780,1
53163233200,7003699883,1
57192896710,57205749825,1
57197801425,7004835587,1
35555798600,57212554434,1
57214188309,57214190714,1
57219665854,6603351261,1
57916143500,7006188042,1
57194466483,57999454200,1
57345462400,7003952459,1
12807248900,57200755425,1
58284465800,58591565300,1
6506776579,6603127485,1
35301767300,7102354941,1
6508037327,6602277744,1
57189703568,6603772028,1
36085044800,9273383800,1
18433294600,57211405877,1
56425076100,56985040800,1
57200644240,57208794505,1
57216321182,6602978778,1
57197749404,7101828170,1
57189254852,57205198099,1
57226739497,6507157339,1
35757374200,57614101900,1
57214932830,6602100418,1
57482336600,6504646694,1
15067932200,57892996200,1
57205627840,57211883988,1
57190223873,57196117932,1
57212428239,57218194363,1
16177877300,35546900100,1
36721779500,57212272884,1
54413111200,56074017300,1
56513768800,57209644316,1
57217121483,7003450280,1
56518279500,56990944200,1
36626076000,57217864647,1
55252005600,7004941263,1
56674832400,57193280191,1
57200806732,59289912700,1
55313664100,57423670500,1
7102210862,8340039100,1
55811114600,57094717800,1
56241060700,57211350444,1
16678820800,57221772511,1
56513768800,57219330311,1
15926246800,55173582700,1
12805509300,55770884000,1
57201084031,57203970401,1
57211349180,6507310582,1
56946693800,8605183500,1
15518960000,35453890900,1
6507796594,7004578182,1
57193670804,7101835141,1
58409049600,7006448661,1
56241060700,58397505200,1
58165093600,7103053518,1
57195256137,57216401949,1
14056688500,7004835587,1
56530089000,56530380600,1
57190738415,57207206869,1
36473118700,57189901715,1
34869477000,57219563270,1
56608729500,7003949406,1
56454907300,57204829606,1
57214861606,6603155299,1
36663263400,57212492905,1
15846769500,28067543600,1
56539945500,57212148890,1
16834582300,57203974537,1
57203687928,7003959774,1
55615833500,7202489013,1
35617224000,57193699176,1
57220064244,7005844374,1
57201185210,8314479600,1
18433294600,56406029500,1
25621529400,57218194363,1
55667266000,57189578538,1
57201436183,57203372876,1
55320336300,57219182019,1
14021049800,6603188445,1
56948379200,57193114096,1
57196146647,57203807364,1
55266291800,56739975200,1
13611549900,34570748500,1
55587974700,57194153124,1
23567383600,57188627462,1
13104402000,36603279900,1
57204243731,6602257132,1
57192073087,57218122043,1
56368499800,57218376468,1
55770895400,58822965000,1
55665456000,57219982774,1
35510387000,55312463700,1
56472729600,56928409300,1
57190169567,57202362927,1
7004835587,7202075544,1
57207766930,7801532760,1
36763791600,56684707300,1
14037194400,56401670600,1
14219526400,57216401949,1
57163083200,6603873202,1
36598939000,56834997800,1
55471004700,57211427050,1
23971662700,56663792300,1
33267449500,7102354941,1
57195442657,57216447728,1
57202284031,57278289000,1
16643616700,57202029288,1
55344658600,57224311701,1
14018322900,60016460600,1
57214112643,7003959774,1
36666109700,57190849611,1
15846769500,57193161850,1
26024868000,57219379425,1
48860936400,57204093450,1
55692535200,57201269175,1
35191604400,57204637412,1
55087222300,57215143687,1
57550715400,7203007412,1
55850511800,7004835587,1
57205510277,7003732915,1
57199731514,58533234200,1
23981454200,57193213489,1
35619528200,56043142500,1
14044492300,57216437861,1
57076839000,57200268559,1
6602404361,7801498529,1
58096458800,7801532760,1
57211167870,6603839720,1
57189241650,57225312385,1
57190068681,6601978164,1
55635809300,57211558125,1
57216934454,7005969319,1
55315642100,57213692823,1
57211494679,6603317232,1
56201455000,7004121723,1
25926668200,55203286900,1
57221918587,7004481112,1
22133963900,56747324300,1
57211715117,7006196140,1
57197023682,57198357708,1
57194434562,57194735402,1
6603477177,7005592130,1
15136212300,15136518800,1
57249069300,57459511000,1
35319586400,6603363265,1
57193210303,6603388713,1
57193663631,57210344965,1
10143354000,8985745300,1
35480634700,58165093600,1
14056688500,55173582700,1
57211448989,7102633221,1
57203028938,7102098015,1
57204052801,57215093791,1
57192679655,6506906545,1
57196442016,7103026228,1
36138972900,56103848100,1
57218624821,7003731076,1
57191614204,57217058476,1
6701542482,7004573622,1
10045032400,6506576334,1
58167149200,6603311220,1
57191899205,57212468699,1
23986455300,7103040365,1
57201151550,8429526600,1
56709575500,57204103404,1
55618665400,56556565800,1
57164746200,57218686403,1
57202689961,6603034176,1
23091409000,56819111900,1
56505366300,57203059154,1
15518960000,57201652562,1
56606104800,57219169179,1
37664726500,7003959774,1
7004663022,7101835153,1
56340522700,58919213900,1
57202339270,6603729308,1
57189074292,6603079011,1
56768212800,6507737860,1
10143354000,57190441690,1
6602460649,7003958646,1
10143354000,57194868042,1
57204446271,6602823371,1
34874490300,57268328400,1
26635822900,60016460600,1
55572639600,57215066418,1
57195731822,57203059154,1
6701424197,7402031672,1
55811114600,7102231043,1
24491486300,37560946400,1
57213619626,57219552495,1
56576063900,6506649400,1
57211113045,57214551475,1
56472729600,7203007412,1
55576394100,57218584529,1
57211005261,57218656687,1
56344208100,6701817002,1
57191832514,7202143212,1
36801262700,57201985653,1
14059609600,57219050927,1
6602633095,7005001396,1
55850511800,57193931875,1
56457951000,8353821500,1
55946024800,57196347416,1
57190064502,7006177272,1
56768831300,57190340003,1
57218599145,6603070803,1
55466744300,7005119089,1
56712342900,57211214455,1
57191906531,57195760105,1
56736635000,57192981765,1
35476648500,57200376897,1
35602313000,7004405540,1
6701390755,7004225897,1
57202953110,57202955220,1
12782630800,57205143340,1
14060455600,57188563654,1
55253529800,57202955175,1
37110131400,6701424197,1
6701922481,7102879500,1
57218602621,57737434700,1
56018147400,57199994567,1
55606603600,57947786700,1
14056688500,57224556300,1
56819111900,7006434026,1
55560606300,57190682714,1
57214758551,7003959774,1
56183251000,6602197502,1
57201686257,60016460600,1
6602638796,7005623741,1
7004074021,7203013613,1
57189267051,7203007412,1
56946693800,57203784627,1
57218192915,7006331382,1
57217724309,7006504347,1
55839922800,57482520200,1
57196219628,57206938059,1
56897081100,7005468526,1
13612026300,57200728822,1
55665226800,57205541173,1
57217640646,7006020996,1
56231177500,6602404361,1
56732311700,7801624906,1
57203261728,57224310969,1
57203264738,6602366281,1
24491486300,6602349237,1
12807248900,7006065236,1
55968603400,57224218461,1
56998669800,57221908100,1
57209929651,57214190336,1
24483001900,42461275200,1
56375804100,57195995961,1
26032064700,7003473187,1
56146474900,7101828170,1
55173582700,56779692100,1
6602977166,7004573622,1
57196328853,7006097264,1
35997230900,57194288925,1
57215683127,7404277487,1
37050721900,57215152082,1
56393969400,57221949854,1
57202633576,7004835587,1
57202060730,57204534992,1
10143354000,57192073087,1
13406948400,35238394900,1
37081771200,8640190300,1
55513019800,57191961791,1
57651822100,8899556100,1
56818653600,57205305981,1
36057286100,36598939000,1
57201314197,7102666167,1
55343987900,57270295500,1
24174298100,55344487200,1
56044626000,57216419607,1
57201458555,7003467120,1
35555798600,7004766599,1
16202211100,8962997000,1
55204775100,57212391108,1
56579953700,6507638077,1
36663263400,57203687928,1
57203455596,57211620714,1
36991101500,55811114600,1
10143354000,57201198471,1
35568595300,57204802242,1
49061029800,57190064502,1
57197857623,6701557594,1
56378542800,56489594600,1
55971993800,6603346587,1
57218172060,6506296754,1
14025574900,57190169567,1
15926246800,57201998453,1
57212469865,57224218461,1
35093933200,57204084745,1
57201084031,57218195565,1
55683866600,56708877700,1
6603790113,7006177272,1
37011530500,57188924761,1
55907009500,57210428111,1
55905205100,7006505400,1
55641935300,56393969400,1
15067932200,57218687063,1
55022678600,57195594364,1
55850511800,57188318700,1
35337121100,49862227900,1
56075745900,56779727500,1
56789638500,57209746166,1
55618665400,57218195605,1
57188575644,57214183066,1
23988450600,6505881924,1
23987119600,6506649400,1
56716031800,7203007412,1
36598939000,55331323800,1
55530682500,56654822800,1
55622679800,57196036128,1
25636959900,57189215849,1
6602713722,7202074304,1
56575920300,7801532760,1
56151478400,56539945500,1
55888894200,56151869200,1
23471753800,7007060970,1
57218595550,57218595835,1
57199972142,6603936681,1
55357477800,57221918587,1
57194560490,57214183798,1
7004199959,7007180997,1
57201985653,6602978778,1
55224067300,6603079011,1
35148438600,7005179732,1
56971526400,7801604422,1
24831735200,57218195605,1
35750735600,7005683131,1
57191895726,57218195565,1
16038750100,57117967000,1
44061113300,57034025700,1
54785510000,6603904264,1
16039416600,7801532760,1
14123842600,25028014800,1
56069458700,7005179732,1
57204088786,57215107959,1
15926246800,6701843536,1
55324754000,55618669100,1
57193931875,6506048716,1
54583143500,7004835587,1
57117323700,57164833400,1
55865568271,56533331100,1
54583143500,7003305314,1
26538927600,57202349525,1
57216754595,6603953740,1
36084294000,57218135478,1
6504311468,6506002895,1
56289557600,57003631500,1
15754481800,57209322197,1
54934537600,57195394779,1
35548015700,57192179573,1
57190732544,6507759837,1
54408304200,57193644769,1
47961447600,55604213100,1
56891303100,6506451414,1
16426043400,56780466600,1
57192892615,57208794505,1
56533987800,57220899192,1
54783056700,7003488906,1
56958400900,57223435605,1
25923783400,6507102122,1
36970630800,57111481900,1
37560946400,7003732915,1
15047537900,57216760960,1
23493442400,6602633095,1
57215075474,6506420388,1
57223207805,6602257132,1
26022392400,57208393419,1
55889853500,58288472900,1
26535979500,55624616000,1
35606519100,7005778076,1
16199397400,7201849882,1
55839922800,57200425175,1
59158249000,7003544066,1
57075751200,57217442328,1
6601978164,9235487600,1
57962093500,57963146900,1
56530358600,7103053518,1
55404271700,57201298944,1
6602277744,7201906013,1
23004608500,7202534688,1
24166599500,57194232387,1
35319586400,7102474754,1
37102119100,57192275447,1
24491486300,55572639600,1
55523859600,57213651245,1
25822049200,57413715900,1
57208673910,6601978164,1
25822598300,7005909070,1
13612026300,7006188042,1
55158649200,7006279246,1
57214742652,6701542482,1
55692535200,57214191037,1
57364264600,6504280283,1
57215683127,57218193751,1
35734884600,6602277744,1
56526101200,57191259498,1
57214189407,7003959774,1
57194769305,57201480507,1
16067739500,57226030553,1
57189986568,6506048716,1
36904328200,7006012333,1
57196021981,7801498529,1
57226734959,7101671449,1
51665647500,56732311700,1
57200513385,7006139983,1
55324754000,57211003402,1
57195593253,57221437133,1
57202677171,57205890458,1
25721986900,34978994200,1
57203863712,57217120265,1
57170837300,57190515304,1
57210960198,6506906545,1
7403252543,8717065900,1
14007750600,15926246800,1
55481403500,6508289518,1
56610376800,57220056200,1
13104402000,15051957000,1
57193110663,57210122175,1
44761100500,56032699700,1
57191898518,57217442328,1
56469309400,6507121325,1
13408242300,6506130489,1
57201426922,7004894512,1
55471004700,57212272884,1
56430927200,6602277744,1
55613154000,56491360900,1
23486135800,57201896796,1
35476828500,57211136874,1
57203970401,8616406100,1
57202498565,6506716797,1
55535491100,8616406100,1
57212428239,59436164000,1
57201792167,57218401533,1
12785708100,57195330801,1
57190732544,57218195565,1
57216608788,57642875700,1
34570748500,56179227100,1
17342671000,36085727700,1
57210638469,57213692823,1
57195065451,7203007412,1
57199848502,6602774577,1
55915590900,57205627840,1
57202970422,6701901312,1
57191911095,57202402895,1
6603193612,7007102944,1
36603279900,7202143212,1
6506776579,7003942962,1
57214856588,57216727772,1
56959964500,9744469200,1
57204175501,57204177993,1
6602602840,6603477177,1
57194042924,8714404400,1
57202634244,7006065236,1
56253057200,7003572956,1
57284114100,7006466498,1
56050718400,57215185646,1
57210577815,57210578491,1
55604213100,57370310800,1
14422612800,55512466300,1
55966916000,57023536800,1
57192173601,57193913494,1
57225312385,7004508608,1
54382485600,57218195605,1
57369833800,8429526600,1
56393969400,6603155299,1
54780172900,56289741000,1
57215907509,7102257782,1
57217208569,57222118878,1
57203226594,6603249112,1
57195065451,6701317946,1
57428307800,8630861900,1
57223170777,57226732619,1
55692535200,57208717781,1
15753813300,59606597200,1
14219526400,57213172991,1
40161025300,57214861366,1
57192938250,57218195032,1
57201990834,6506002895,1
57209447843,58170860400,1
56703319900,7006065236,1
55915537200,7005645193,1
57197750458,6507537895,1
23972243100,57201658547,1
57202416901,57216755559,1
56556871700,6507516780,1
57193345637,57210122175,1
35555798600,7004835587,1
35319586400,36844104900,1
6701380843,7004724933,1
12786182200,39961645000,1
57211214455,7203013613,1
56712342900,56742830300,1
24073240300,55479849400,1
15045722200,57208923087,1
57214182134,57215148675,1
7003952459,7005082971,1
57473904200,6506893389,1
57195232322,6506649400,1
35169491400,57195442657,1
23099312900,9744469200,1
35194602500,57202424701,1
35588325000,57196019663,1
56556565800,6506776579,1
36499182400,57214684438,1
10143354000,36663263400,1
57218194363,7005401841,1
24401621500,57198412705,1
6506160194,6506576334,1
56241060700,57189074292,1
56942248500,8547936900,1
7004061355,7103040365,1
57204017182,7003305314,1
50760945800,7003980008,1
57216530591,6601976136,1
57201198471,57210960198,1
36699328700,55581041300,1
57212764115,6504280283,1
57190864627,57214879572,1
56432590300,57218401533,1
55471327500,7801532760,1
10539970600,7004405540,1
57212951193,57221908100,1
57201380210,57226732619,1
14123842600,57202939548,1
35478909000,35597873000,1
57194228256,57200332456,1
11739296200,57614738900,1
15045722200,8388378000,1
11142276800,35317341600,1
57211695211,7004074021,1
57195415635,57207925552,1
6504359000,8934613900,1
35568764200,55410054500,1
58822965000,58822981700,1
56537108900,57190441690,1
57204897122,57221931145,1
57208226334,57225804358,1
36561254400,7201890059,1
57203840752,57550715400,1
36952258700,57205063868,1
57201990834,6506776579,1
57202634244,58118595500,1
55363925500,7005040560,1
57205121004,57210207587,1
56707546300,57222611005,1
57190427965,57195962305,1
57188854713,7202140793,1
6602630825,7005231695,1
6701807050,6701843536,1
37048606300,56454907300,1
57211289303,57211299710,1
29767581200,7801598304,1
55203286900,57200218961,1
52663129000,55746970100,1
16416879600,57211943844,1
14054610100,7801614854,1
35326255200,58179990300,1
24725355000,57219547881,1
6602978778,8219543000,1
57194560490,7801650202,1
6508357924,9037312600,1
56385629000,57200806732,1
57195136446,6602138253,1
55619738000,6701390755,1
54383232900,55331323800,1
57219400414,6603155299,1
57188685395,57201421643,1
57216743315,58074396900,1
57193452712,57201363003,1
55946024800,57215144279,1
57196074470,57218195565,1
57200504476,6507131467,1
57215502619,58144715700,1
23099238800,57217011143,1
57189875946,6506048716,1
14522699800,57222030405,1
23973868600,57219727623,1
57194868042,57217121483,1
55618665400,57208623046,1
26025948800,8283972600,1
10044311600,57214556569,1
37560946400,57192661896,1
6701390755,7102266163,1
26635822900,7003811166,1
24073819900,24176157900,1
57204362887,7003538249,1
57209661857,57482336600,1
25822049200,7003952459,1
14037194400,57221552670,1
39961645000,7801532760,1
18041935700,57211116981,1
37031476400,37052471100,1
12141305200,36970630800,1
35548015700,56328172700,1
57204553792,7004941263,1
35478909000,7003572956,1
54789187900,55583329900,1
57191344544,7006200042,1
57201114242,57219452208,1
56288956500,57201026134,1
57261608300,57262195800,1
55776752900,56893098600,1
57111481900,8342748400,1
56444409700,7005119089,1
6603790113,8616406100,1
57191854299,6603732085,1
56606104800,57194033798,1
14831722300,57195229698,1
56533315000,57566651600,1
57893550000,7402170845,1
57201198471,57215683127,1
35175388700,57203949863,1
57185805600,59259306200,1
57215424913,6603477780,1
14025574900,54383232900,1
57207489753,6504123736,1
57214188493,57215491924,1
35548015700,57215509002,1
15768120800,7004751343,1
55405029600,58712438200,1
57194679642,6601977808,1
56541553400,6603110227,1
15058927200,57247124600,1
55846106800,57223307001,1
15926246800,57214188493,1
57193207695,57222735293,1
32668058700,55411452400,1
36151189100,6508254295,1
57205100814,8299640100,1
36342233400,57193613314,1
26023085000,55172863100,1
6505758008,7202641088,1
55405029600,57212783125,1
43460890100,56779911800,1
26023085000,57219169179,1
25639998500,7004766599,1
57210636363,7004905361,1
55634527800,56779716500,1
55308038800,57220077189,1
57188714069,57200889937,1
55941314800,57190126621,1
57201057880,9335511500,1
57201458555,7404277487,1
57915019800,7101893707,1
6506690970,6507993283,1
55620172900,7004405540,1
14060455600,24174852000,1
57117690500,57209641808,1
35556063400,57215147476,1
18436000300,7003699883,1
57218257206,57218257221,1
6602277744,6603955506,1
57212025718,8342748400,1
55667318700,57203968179,1
37013762500,57131132900,1
57219552495,7006200042,1
16067892900,57196480270,1
57203970401,57218242668,1
14018322900,35316303500,1
57203489818,57212518981,1
51864239500,54412962900,1
22133963900,55262959400,1
57211262772,57218566681,1
25622766500,54383232900,1
57203970401,57203974537,1
57193089684,7006018359,1
6701317946,7005082971,1
56835107500,56850461100,1
23003258800,57215598462,1
57205627840,57216539523,1
57094031700,57108771800,1
57201985438,7801406059,1
57194598932,7004905361,1
57211014966,57216841198,1
57117690500,57207737009,1
43762251000,57031886100,1
27967551900,6506214929,1
57206662342,57210926756,1
55569831000,57216317950,1
35179056300,58117054000,1
10939275100,56134717100,1
57195256431,6602460649,1
56605966900,57199422121,1
56906498500,57203479812,1
57196021981,57201026134,1
38661114200,7402631347,1
55940439800,7006200042,1
26023085000,57195256137,1
56072470500,57211030130,1
57194868042,57215695361,1
56204610200,7004357973,1
57204803206,7801528716,1
56124215400,57192199126,1
57201990363,57211056598,1
56430927200,57192679655,1
57879978800,58000043100,1
12807827200,57203941853,1
56641717100,57215579465,1
24381651100,8225271400,1
22933897800,7003731076,1
56664043200,57203789639,1
36970630800,57207455147,1
15926246800,57194523287,1
57193011405,57193257291,1
36617961200,57192083628,1
45161224700,8534471900,1
57191439732,57224116267,1
57218192915,57351933900,1
55574026000,6603388713,1
57192929383,6506451414,1
57220640044,57220645082,1
55638899000,56185997600,1
57216414176,7202140793,1
55963020700,57237606700,1
57195442657,9734887600,1
53463361500,55844549500,1
36436712700,57209661857,1
14522699800,55856892800,1
55574026000,57211786756,1
57202193229,9037312600,1
56401670600,57200552045,1
57189576273,6701623022,1
57209641808,57219232067,1
54938953500,57200695435,1
6602978778,6603271904,1
24377391500,57204175501,1
55918065400,57206260044,1
55413466200,57218849088,1
56712481600,57144446900,1
55110225800,6602751821,1
57216549095,57218801846,1
56537108900,7102633221,1
57192073087,6603156028,1
55252654100,6603839720,1
24372159200,57208549601,1
57201990363,57218195605,1
55189438200,57666277200,1
54383232900,57222541649,1
57194289125,57202887572,1
14056688500,57215102752,1
16026698600,57206662342,1
6701916486,7005758098,1
45161012900,57202193229,1
57364264600,57893550000,1
55907009500,57226123823,1
57211205211,57226680783,1
35175388700,57351933900,1
26532212100,56910252000,1
6507718206,7202811057,1
57193761650,57206665886,1
24344225800,57024123700,1
24381651100,57211426825,1
55085556800,6602277744,1
55885670800,57205657884,1
37664726500,57208623046,1
56703319900,8340039100,1
57195760307,6701501754,1
57217661773,7003942962,1
56539945500,57216407144,1
57194434562,6602774577,1
55550695600,55788057200,1
55634527800,57200206882,1
6507441195,6603683306,1
56845192300,6602436600,1
57192073087,57193235583,1
57195573495,57867506600,1
57219738798,8299640100,1
22133963900,57190751938,1
15926246800,57214882838,1
57218127282,7103061271,1
57210591208,6601964582,1
57211523239,7801624906,1
57004538100,57210578524,1
56201455000,57192892615,1
22733536400,36473118700,1
35355756600,57226744981,1
57195940931,57211345269,1
24779987100,6701718828,1
55915537200,57205739069,1
57223308289,7006434026,1
35556063400,57221086062,1
56445863200,6508228018,1
56602798100,8223664400,1
57200425175,57219387197,1
55839922800,57219387197,1
57215493165,7402214018,1
56910252000,57300766300,1
57191344544,57213619626,1
57201607778,57214491317,1
57209314505,57261492100,1
57196234145,57218325471,1
57191402881,57203860123,1
57194715865,7410400145,1
26221591900,57194650805,1
57191669716,57217487916,1
57204108963,57204952547,1
27467682900,54419322000,1
55583329900,57205760368,1
7006260853,8554385000,1
55665456000,8534471900,1
57207884885,58615275700,1
55636544000,55846257200,1
16028772900,57201587977,1
57221908100,57720581400,1
57218477328,57219446439,1
23072832700,57214664064,1
57219405497,7202534688,1
35322954900,7004835587,1
56116349600,56210364100,1
56530380600,7004120983,1
56209004700,57190068681,1
57203687928,57205195001,1
36651681100,57194055042,1
14619829600,58635462800,1
15926246800,57223808599,1
6701542482,8585119800,1
57207489753,57223851595,1
56707421100,7102743604,1
37025944200,55535491100,1
6507713753,7006629961,1
56366658300,57193832250,1
6506104070,6603104178,1
54880573100,55851403100,1
36462533600,57343120900,1
6701322590,7004642148,1
57212443709,7003478797,1
54950226200,6508364691,1
6602774577,7801604422,1
55212754600,57197092087,1
16634614100,7003959774,1
55567301300,56641717100,1
53163233200,55189438200,1
55110225800,55321357400,1
57200514213,57226389009,1
7003732915,7004546814,1
15849625600,7005969319,1
54955193100,56626106100,1
6602633095,6603127485,1
22938031400,57201198471,1
24588088100,6602463745,1
57197858027,7101600451,1
23096428900,7004074021,1
25031122000,6603127485,1
57195071622,57205331827,1
36017460300,7004315011,1
57219285911,6602440608,1
57343633300,58044116500,1
23134993400,58317947500,1
36651681100,57215144273,1
55882063100,57191895726,1
56270025100,57463416000,1
55616396400,56779692100,1
56231016100,56257387400,1
35734884600,57482520200,1
35101283100,7003686739,1
57956234700,7004225897,1
57195415635,57217633174,1
28367982900,46661608200,1
36697180500,6507198930,1
35602313000,57211426825,1
55665656200,6505883465,1
7003810795,8948536400,1
55413466200,57213358811,1
16635637300,6506048716,1
57214189077,7102633221,1
57191669716,57201190300,1
57205150265,6602101968,1
23091409000,24477066700,1
26023085000,57197798240,1
57117690500,57351933900,1
36143358700,57211057969,1
57194029067,57215102752,1
26021760100,36340568700,1
57202440534,57210255285,1
35478909000,57199676160,1
6508037327,7103053518,1
56742830300,57193540668,1
57216876993,57757849200,1
57191258859,7404608099,1
35568595300,57210207587,1
57222660465,6601969069,1
24469152300,55940439800,1
55514754800,6603079011,1
54780172900,57207861606,1
22938031400,7003450280,1
55933323300,57218195605,1
35179056300,57201250923,1
35323810600,7005468526,1
57217121483,6506776579,1
57212428239,57351933900,1
36899832000,57370310800,1
57201250923,57216491565,1
23099238800,57203970401,1
56692922100,8407935900,1
36898360800,57195237565,1
23470649300,56124215400,1
13008420400,15849625600,1
16203173100,56747425000,1
57205564497,7006466498,1
57205594335,7004074021,1
56239297000,57217224230,1
12807827200,58331966900,1
57190817492,57203191886,1
57220639868,57220642258,1
54583433300,56703319900,1
57211292618,8342748400,1
57209314233,57211403633,1
6507616033,7103053518,1
57208794505,57217661773,1
57211156194,57222622777,1
55581041300,57218761267,1
24437971100,57211991325,1
57200504476,57215683127,1
14025574900,57196023105,1
56603632300,6603079011,1
6508289518,7003810795,1
57211924975,7005465927,1
57192892615,57211056598,1
55600616300,57147095500,1
56517792700,57211427050,1
57201721084,57201726260,1
57214178872,57214191037,1
55667266000,56414901900,1
57374553600,58975341700,1
55936832400,57204854613,1
57203687928,7005401841,1
6602713722,7801650202,1
35480634700,7201455990,1
57056521300,57215213867,1
57204469681,6603729308,1
56061023800,57192073961,1
6701557594,7003356559,1
23101552500,56049004900,1
57205221064,57208086230,1
57786189900,6505724820,1
57215106856,7201854991,1
54783056700,6505883465,1
56153132100,57193315259,1
56479115000,57210285712,1
35476648500,6506541996,1
57200400301,7003810795,1
24073240300,56518279500,1
57214189407,57218194363,1
57224310969,6603293779,1
59158288200,6506736837,1
57212389835,6701922481,1
57203863712,57217208569,1
55882155100,57189253682,1
57196219628,57217442328,1
36665879900,57202917829,1
6603127485,7203013613,1
56830151700,57211024981,1
57215148675,57219169179,1
57215148675,6506670264,1
57191365913,57202441601,1
57221872165,6506541996,1
55172863100,57195065379,1
6508289866,6602808786,1
55039209500,57205325248,1
36952258700,57219227832,1
55173582700,57203789639,1
26634884900,37091409800,1
57214755482,7005543703,1
37110131400,57207489753,1
56716031800,7801413705,1
57673607400,6508254295,1
57210753988,57214192009,1
37055346900,55770895400,1
58633723500,6701807050,1
6506645414,7003287875,1
56469309400,57193079613,1
56427492300,56462886200,1
57215129481,6602856381,1
6506649400,8585119800,1
57211669282,57286620800,1
12801111200,56663792300,1
57195803504,6508352050,1
22135510100,6602979827,1
56100276100,7004549172,1
57210924789,6602680085,1
23026082700,57224156534,1
16678820800,57210954530,1
57205106648,57205106684,1
6508037327,7003942962,1
57201288831,57201879993,1
57191854299,57194289125,1
55332159900,6603780090,1
55963020700,56906498500,1
57218192915,57219826253,1
25230650200,57190161603,1
56231177500,57201458555,1
14219526400,57195065379,1
57190732544,57201026134,1
56539945500,57201998453,1
57194869340,57203807364,1
55618665400,56080452600,1
25621529400,55857416000,1
57201480507,57222401768,1
57117279100,6701317946,1
57201458555,6506002895,1
57202887572,57217661773,1
36462959600,56688575600,1
6504280283,7006177272,1
56100276100,8353821500,1
56899043500,56967992400,1
57191632365,57194265142,1
14029585100,57205287889,1
57201466483,57218686403,1
37013762500,57212602955,1
55220687000,56526101200,1
10539970600,17342671000,1
36340568700,57212565921,1
57196022709,7005936077,1
57943710500,6601978164,1
53463361500,55648098400,1
36436940200,57189631142,1
57221759064,7801532760,1
25825489500,57108771800,1
6505881924,7102666167,1
56526846400,7006434026,1
16643616700,56537108900,1
35478909000,7102795216,1
57197767979,7103061271,1
35460884400,57204040996,1
16743542100,55850511800,1
55968603400,57224322868,1
55110225800,56020397800,1
57193086757,7801624906,1
57296603700,7003732915,1
57201095477,8534471900,1
23501793900,55835740200,1
6603936681,7004941263,1
16643616700,24479726500,1
57216760960,7005364633,1
56780215300,57212705551,1
57219108089,57219592561,1
57211057969,7005936077,1
57202284031,57209449016,1
36104074200,57206032001,1
57482336600,7201677725,1
57202612934,7103153424,1
56080452600,7201545134,1
57982355200,6603079011,1
57210132299,57216002789,1
57202318301,57210183990,1
6506305946,6506382388,1
37059628800,7005119089,1
35425219100,57223174150,1
57211494679,57237606700,0
57193882076,57215903709,0
57217211003,57538517900,0
57208036984,58635462800,0
57189579649,57191415162,0
50161231300,57195982562,0
57210841993,6603217119,0
57132920800,7202489013,0
55886033100,57200755425,0
56271486800,57193486010,0
37014654000,58514709100,0
57204144935,57224156152,0
56140052600,57203678896,0
56718706100,57219253720,0
34573703700,7801408313,0
55927927000,57209285279,0
37561044100,57197756333,0
36850997100,55252005600,0
57388968100,6603118183,0
41160942000,57553885100,0
54963750300,57214227643,0
53464349300,7004297662,0
57200639987,57204136385,0
36662021500,57282290400,0
55329077700,57196205393,0
57211403633,57214861984,0
56479115000,56666993200,0
57194237814,7006750502,0
57773396100,8840081100,0
56732311700,56970590600,0
55362857300,57212083287,0
56118064000,57201884329,0
55933913700,56613137000,0
55932927000,57216332968,0
57215383401,57223190210,0
57215572475,6603102572,0
57203484568,57212136924,0
18041935700,55210006500,0
36480585000,7005981970,0
57210132299,6508089504,0
56530089000,57210841125,0
57203009601,57221918587,0
58368009300,7801421883,0
56615162900,58307618500,0
37093481700,57203457964,0
6506322220,6603787466,0
54419946700,57189089750,0
57195572942,7004447092,0
23096090400,57222061171,0
58486613000,7006241835,0
55918156500,57195961955,0
14420864600,6506649400,0
57192697218,57214188309,0
55981416100,57352592100,0
57216404490,57218689642,0
55653726100,57221692718,0
57205307761,8270443200,0
57190380910,58769120700,0
37050721900,53868248900,0
57204392643,57222000582,0
55180668900,57211071832,0
57211639191,57218849349,0
57212239205,7102969029,0
57195136446,57221445700,0
57190126621,57214849529,0
55976136700,7003866554,0
55694511900,57219674433,0
56919132800,57213692823,0
56340522700,58824549100,0
57215149890,6603729308,0
57212308864,57216009455,0
36651122600,57212611089,0
56179227100,57204040996,0
56728521100,57214189215,0
57192890175,57216776259,0
55618665400,7003712236,0
54893383900,57201504995,0
57212551636,57222061171,0
44361325200,57204567083,0
56587445700,57243831900,0
56010491300,57202776363,0
57190183602,57932857700,0
57194869340,57203162035,0
57694465400,60082572200,0
57212237824,58693751700,0
14219526400,6603153404,0
57192173601,57222562872,0
57204587848,57222271356,0
57194853443,57337589100,0
55667266000,57193207695,0
55981667500,7007149880,0
56146474900,57208081275,0
10939275100,56328172700,0
57209827092,7103201405,0
57199848502,57214705609,0
57193672454,57201681975,0
37561944900,57221997539,0
57195394779,6603826892,0
57234377700,7004376921,0
55827609000,57581537400,0
35794016300,57222610574,0
35473838700,57216938503,0
57203284883,57209746166,0
56506744300,57205739069,0
57203173663,57222030405,0
54583433300,57220072646,0
57194104468,57211255039,0
38662141300,57207455831,0
57209747356,57214189667,0
56210785300,57205263489,0
57214192009,6602436600,0
57225206477,57267262100,0
57211960952,57225312385,0
57289236600,6506006903,0
56790133000,57221949854,0
56976864600,57215000256,0
22733536400,57204428956,0
57219494022,7102525318,0
12783094300,9745198000,0
56539945500,57041085500,0
35549305800,57216763037,0
56731050800,57222399729,0
56688575600,7402213724,0
11440300600,57207844316,0
57206459890,57225217157,0
56596313400,57209322197,0
55963020700,56819111900,0
55556296100,57189628889,0
57207112042,8202851100,0
54400811900,57223051751,0
57214183738,58093046500,0
57412349400,7006522989,0
55844394700,57204858767,0
55315642100,57210805930,0
57199972142,57314462000,0
26031890200,57190026512,0
7005330448,7005846438,0
25226734800,57218286932,0
36965913900,7404382052,0
57200889937,57207928417,0
35338069100,57205325248,0
56835238700,57039798100,0
36627561600,8938922300,0
57201185210,8161184700,0
35609932800,57205938518,0
57211601222,57217190881,0
57205150265,57218595708,0
22954969300,7005088724,0
56912294300,57218679825,0
55616120700,57218681546,0
55918137600,56462470600,0
55990052000,7005619860,0
57195946682,57563552800,0
36343722700,57214329258,0
36946403400,57202376967,0
23981156000,57211014966,0
35574475800,57204469224,0
57195974983,57201898788,0
57200189686,7003356559,0
57212418884,6505881924,0
42062305700,57194470244,0
55351753800,57215530391,0
55361659900,57218583376,0
55252005600,57194740873,0
57206239200,6602884321,0
57196023539,57771957800,0
57225173469,7003702845,0
57210928006,57643482500,0
12807138200,57203750079,0
55969453600,58282114600,0
23991894900,25422285200,0
37113578200,57210820864,0
57204976787,7006614631,0
57147359700,57208788710,0
57197785807,57812866200,0
19640313400,57190380910,0
57214192009,6603356349,0
55895265500,57199676160,0
57194347166,57203181593,0
57208923087,9273383800,0
56708122100,57195996825,0
57028170700,57223434569,0
22938031400,57221675291,0
36923965900,9846419000,0
57117892400,57214861520,0
57192890175,6507917569,0
57203547083,57218684326,0
57195626464,57875139500,0
57194194226,7003557544,0
6507063353,7801650202,0
57195309972,57219717607,0
55546293600,6506694707,0
57219841927,57221109427,0
55624616000,57188766397,0
56948379200,58020316700,0
57204691995,8429526600,0
56804339500,57217208569,0
57194853443,57219169179,0
23097126700,57198497937,0
57202955175,57226432809,0
57193566572,57210122317,0
57670913400,7003479249,0
36816468000,57191584418,0
57211444387,57215303912,0
57194799753,57221684473,0
57190740486,57296220700,0
57204930523,57220639868,0
58139792000,9746680000,0
57195962879,57222708506,0
57204012974,6602663937,0
57204461143,8547936900,0
57204469224,57223180480,0
57194191719,57200504476,0
56139889100,57194346703,0
10142248500,57226267364,0
54780334600,57189584205,0
14322023700,7004675336,0
57218583376,57223051751,0
36881021500,57147237500,0
57192872661,57226399900,0
57220996918,57226335939,0
57214182680,57216753873,0
57189251881,57204835697,0
57198497937,57540334900,0
55927598000,7004548216,0
16064406700,55249712800,0
55561799200,57491116800,0
35478909000,57199848502,0
57205880194,60082572200,0
12142068500,55889655600,0
36839858800,56541553400,0
56421951000,57207732171,0
57198154555,7007018624,0
56047429200,7005355323,0
56469309400,6507525596,0
25654002300,6701474709,0
53879403200,57223241991,0
55404271700,57201683846,0
57191089948,57203245070,0
49061004000,57214861366,0
57004538100,57208142545,0
36550115500,57220109247,0
55882155100,57130935800,0
24278819400,54797008100,0
57221436999,57457149700,0
57199731514,7004401732,0
55868704200,57211980385,0
57212021422,7007060970,0
36461041400,56674631200,0
23988400700,57578634600,0
56441147000,56770826700,0
57212314332,57497371000,0
14013330900,57200116102,0
57219161373,57360507500,0
56385629000,57278847300,0
57201155862,57219249545,0
56523519500,57194547700,0
54408304200,57193093623,0
43861246800,6603780090,0
16743542100,57191878940,0
57214932830,59791432300,0
57226680783,6701901312,0
57207744163,57208425001,0
35609379300,56368061500,0
56537108900,57211031880,0
57188683967,57201734615,0
54584961800,57194055042,0
35602313000,57215145301,0
55848380500,57192718321,0
57265162800,7004211122,0
54998634900,57189758876,0
57196706353,8962997000,0
36017460300,56527129000,0
57215362609,57219884099,0
57202939548,57921050600,0
36924429000,8882780600,0
57204524013,57212453508,0
57202094662,58472101200,0
56026888300,57193356957,0
35797450100,56237393300,0
40361627700,57220897367,0
57216893366,57219672415,0
55932949800,55986627700,0
26647133500,57201990363,0
56151478400,57284114100,0
55361659900,55567301300,0
57204103404,57205632211,0
57214861984,6701547321,0
36898360800,7006196140,0
57206693050,57222395294,0
57222377612,58082494500,0
57203852441,57208745531,0
57210569063,57429841700,0
53663773900,56529093700,0
57203455596,57213814632,0
24167716600,57216590176,0
55303432300,57190761644,0
55325186200,57204478890,0
57205145236,57217154962,0
57205073315,6603351261,0
57221496394,58975341700,0
55344487200,57196297669,0
57190837633,7004573622,0
56732974800,6602971364,0
7102064670,8718772800,0
57201573233,57262367600,0
56593551000,57212610783,0
57214092801,57219387197,0
56556871700,57451854100,0
57194646658,57222542321,0
27067901300,57221606534,0
35410389400,57203845954,0
58200046600,58667890700,0
56494277900,57094031700,0
18434783700,56576608900,0
36151189100,55469668000,0
55510111500,56316545200,0
55266705500,56140052600,0
48860936400,57194232387,0
56716031800,57189254214,0
54389051200,58582140500,0
24537961100,57221712438,0
55062282700,57197023682,0
35619118900,57197139370,0
15021715600,56999263100,0
55247019400,57222377612,0
55133761700,57215592478,0
36598939000,57218177878,0
57190381783,58071501400,0
36851295700,7201890059,0
57215151862,6601978164,0
56701962100,7003686739,0
57413715900,58253682400,0
56227341800,57143944000,0
57200121227,57205627840,0
55554576000,56383442400,0
56308309200,57224117026,0
14049155900,56263403900,0
57130935800,57200755425,0
35101968300,55770297800,0
55915590900,58102558100,0
33768086600,9746797800,0
56366658300,57195593033,0
57194183386,57194633231,0
57194348036,57237785000,0
55343310400,57215107389,0
57195256431,57204108963,0
55754467500,7003557544,0
6504285422,7102666167,0
54791865700,7004521489,0
55249513200,57219400414,0
56526383300,57190183602,0
56709549400,57208236682,0
57212227838,57614738900,0
57194055042,7003544066,0
53063493500,7007018624,0
57203021622,57218286932,0
57202578790,57226337681,0
57202585495,57990097600,0
57200695435,6506156863,0
26022392400,55329077700,0
55622609300,57203930984,0
30567549800,56659358100,0
56817814000,57211520883,0
55347958000,57192211666,0
57310887700,57865907500,0
10939275100,57219791677,0
36802444100,57894035200,0
57212391108,57226449174,0
57200078915,57447340800,0
55941225400,57203822525,0
56239297000,57193929795,0
58828716700,7006505400,0
57209008490,8715712100,0
56857250500,58766061200,0
57204099075,6506776579,0
57205123119,6505819924,0
36451118600,57215776173,0
14021049800,54901949900,0
55898255600,57226165089,0
57193877561,7005952973,0
7006611602,7006827604,0
57205342050,57217018455,0
56901169400,57206039206,0
57031886100,57209364426,0
35552663800,9273383800,0
57209828320,57215663741,0
55002971800,55626682400,0
57204093450,57219330311,0
57103819300,7006200042,0
57214877947,57672073500,0
57220434860,58986651200,0
57200422086,57218556770,0
26654926000,57202349525,0
7102210862,8299640100,0
55369035500,57211516339,0
24381651100,57191492900,0
36145399600,57261257200,0
56825146000,57217138390,0
57215043417,57576247800,0
23096090400,57215151862,0
55859432100,57214244618,0
57204638546,57222634123,0
35322830900,56768212800,0
25947321200,57206032001,0
24476818100,57209182762,0
57205307761,57215102728,0
55616120700,7006097264,0
56033235800,58635998700,0
57196236454,57207121382,0
56227341800,57218573553,0
12776250500,24831558400,0
57202072541,58636377600,0
57203511535,7201764396,0
58074396900,6602487131,0
13205307600,57205215527,0
56903779800,57215444648,0
24336430800,6603729308,0
35585451000,7004062333,0
57204783922,57222536963,0
55589269800,57193452712,0
57221369272,57429254000,0
56289557600,57222556832,0
36095740700,36492568500,0
57743985700,8544008900,0
57200218961,57719990600,0
57200700773,57216414176,0
57194186623,7005364633,0
57215486453,7202606880,0
12242010500,23987645200,0
57207826682,57216893366,0
57214187522,59850437200,0
57194854340,57212025718,0
57199731514,6506641033,0
54783293900,57189061659,0
57189253636,57201407965,0
57837199100,7004426962,0
57201857610,57210842981,0
56135789200,6506561384,0
55216567600,55538971700,0
57202785952,7005755002,0
54410372700,57216908760,0
37102119100,57099808000,0
57200037148,57201096233,0
6701722261,8225271400,0
57208691584,57215151862,0
26530872400,57221688357,0
26032541600,57205540254,0
55622679800,57190170514,0
57217336947,57894035200,0
57214192444,57221501622,0
15134994000,56672404300,0
57214183847,57226335939,0
16022096800,57195903324,0
56541553400,57259086200,0
57205433716,58317816000,0
56393969400,57189267051,0
57204575069,7004265737,0
57132480100,57206133412,0
57194031859,57215144273,0
7004194383,7801598304,0
35745451600,7404277487,0
55319211200,7102733067,0
57118110300,57209008905,0
16643141600,56662790000,0
31667532100,57205247793,0
36978732600,57197711987,0
35976473700,57193492200,0
36971878100,56433597800,0
55538971700,57220509361,0
56231177500,57208645087,0
57192378182,57203372876,0
6506472913,6507638077,0
55941225400,56768152200,0
55325823300,55931005800,0
57218159427,57222474421,0
55556296100,57221085828,0
56747438200,57201550536,0
56834997800,7006637649,0
57192700087,7201790171,0
56963400100,57206032001,0
54784204200,57191476074,0
56845515200,57195282664,0
57221452241,57223307001,0
23981156000,57211010956,0
55332536900,57203823276,0
55675601900,7202551071,0
56668772700,57208425908,0
56025855800,57203223181,0
16062998800,58472101200,0
55778572900,57207841332,0
53979318000,57226149147,0
56122157300,7005386667,0
56584408200,57221393685,0
57192650467,57210805930,0
44461002100,57209746692,0
57207615640,57217116183,0
56333325300,57204352960,0
57194021664,8551369700,0
57200965730,57788715000,0
55413928100,7003789671,0
57214862204,59158527300,0
57200070246,57204359651,0
55867037900,57209292495,0
57212705551,57559982600,0
55089982700,57932056700,0
57904040900,7102178796,0
35324039000,6602543045,0
58020431000,6603936681,0
57202590581,57215502619,0
57201740576,57218836033,0
12771529000,57195429424,0
35619528200,39961645000,0
18437640800,7403277146,0
40262544400,57194232387,0
54388326500,57195350761,0
56992310200,57203789639,0
55241765900,6603354500,0
57207623517,57212308864,0
35772986700,57223026498,0
55770297800,55919995400,0
36652331000,57205677091,0
55469668000,8424235900,0
16025957000,56326376300,0
57195314179,57195573495,0
57195394779,57213566990,0
57200188106,57222221127,0
57077922100,57221936035,0
54382485600,57212389835,0
57194869340,57216009455,0
57195265762,57215769602,0
57194547700,57201281807,0
57195504303,7203089161,0
35185387700,6602681536,0
56919341400,57205143340,0
57191259498,57213814632,0
56545194900,57221246668,0
57211849751,57218864767,0
57189703568,57200561274,0
55532526000,57203284883,0
56425076100,57200283406,0
56131617800,57214175164,0
57201725745,57224114773,0
57210132299,8630861900,0
37037191100,57195473054,0
57210841125,57268089700,0
57226577471,57429254000,0
57204724009,57219706579,0
57195313178,6504395175,0
55445812900,57201456169,0
27467963800,57218387464,0
57195593253,7201854991,0
37562228500,57210344965,0
57206934725,57220859011,0
57218681957,57223051751,0
56745087900,57201155862,0
23476510600,57219820552,0
16634614100,7202594350,0
22985592800,55974158800,0
56825146000,7003789671,0
57366114000,59797986500,0
57202513641,57211336525,0
57210691053,57218251679,0
57195426504,57218257206,0
35338069100,55532526000,0
57204291056,7005909070,0
57190169591,57220044618,0
35567766200,36144437800,0
55508673500,7004578182,0
35950439400,57216361338,0
57226350513,7402213724,0
57195675149,58305032800,0
57201725745,57201878797,0
28367982900,57208088761,0
23490079100,57212705551,0
36970994100,56603977800,0
57094669700,57215693018,0
56527030000,59454890900,0
56074017300,57753975100,0
57198154555,57210960198,0
57202955220,57208081454,0
45661023000,55344487200,0
35086939400,57195735397,0
57201434495,6603061539,0
56583543400,57215150045,0
57205548821,57226244654,0
57190662275,57203028938,0
24167716600,57212554434,0
57295361800,7101975791,0
57193451329,57203099111,0
56656184700,56665426600,0
25031854100,57201864122,0
57201185210,57209542137,0
55558132100,57194347166,0
57217989463,8533612500,0
57194439905,57810959300,0
57120078000,7801424387,0
57192929383,57454133500,0
55895199400,57207305344,0
14007750600,57216294315,0
56117747500,57210908574,0
56625931000,57216432854,0
57204784098,57226298314,0
55321897700,57189870236,0
55546293600,57202071668,0
57200945886,7404382052,0
57200338451,57204764225,0
57078009900,57210924789,0
57193926781,7003478797,0
56505483400,57202395857,0
57220554391,7004650022,0
56253057200,7004518637,0
57220064372,57639111000,0
58934071000,6506995592,0
57195256431,57195358619,0
57193452712,57193957180,0
57195261969,57200334285,0
55859432100,57189391159,0
56388715400,57218509637,0
24338809600,44361299900,0
57205342050,58101468300,0
57219446796,57220639868,0
24381811800,57199421474,0
36554763200,7004476045,0
57194560502,57202493835,0
57194507415,57195962305,0
57190662275,7801604422,0
25655622000,56519578400,0
55345344600,57219204189,0
57203550028,57215821161,0
55667266000,6506420388,0
56811564300,57218223824,0
57200212887,57201587268,0
57204343177,57205690880,0
57193495004,6603188445,0
57215969159,57216447728,0
35213201500,58749461200,0
41261303800,7005797030,0
56962704100,57216319401,0
57202968313,57207844316,0
57203784627,57212565921,0
23990618900,57195512502,0
55130633800,57191614204,0
36970630800,57202361345,0
55353996100,6603640296,0
57224075170,57313075200,0
59740856700,6508352050,0
57194735868,57200284842,0
57194788857,6602109801,0
37560946400,55252654100,0
57203118946,57223174150,0
56381411700,57218376468,0
56405295900,57216371644,0
56638311500,57193087551,0
43461171700,55319040900,0
57211252287,57817621100,0
57212369504,57218139650,0
56435594400,57195574116,0
57222537781,6508168817,0
57214171040,57760698700,0
55984805800,56526101200,0
23488185000,54791348000,0
25621529400,57845858500,0
57201564046,57218854552,0
55667485000,57211298407,0
16426043400,56209004700,0
36973301500,57202322317,0
43461171700,57188728709,0
57218509637,57290939000,0
57200371411,57981739400,0
7003327298,7003404516,0
56020397800,56928409300,0
57195417633,8718772800,0
56505366300,57217224230,0
57201634282,57202590581,0
55754467500,8355630100,0
57205727302,7005364633,0
23472984600,57219510407,0
57204501045,57221135771,0
22733536400,55388213100,0
57220184531,57223851595,0
57210805930,7004061355,0
56525306900,57194715865,0
59662811800,7102060198,0
56689342000,57222990908,0
57195735397,57215103060,0
16238022000,56705418200,0
12042047500,57195100670,0
55274252500,58104798300,0
57205596425,57207244828,0
35548015700,57207728602,0
37099155100,57189361665,0
57203044423,58575567800,0
36841545200,57221972860,0
55237904100,57203716261,0
56689517000,6506003725,0
57219386443,7101835153,0
56526512000,57207695253,0
57191846864,7102450017,0
57216727772,7003356409,0
57207489753,57214451580,0
57200081815,57203028938,0
57217853428,57219660583,0
57219616202,57226030553,0
54419946700,57217718572,0
55618669100,57722436200,0
35338069100,57207455147,0
35081168700,57202322317,0
36192953700,57221759483,0
57108771800,57264877700,0
55345344600,57195350761,0
36462959600,57214185808,0
57193441638,57218378776,0
57195591112,57213619538,0
36923965900,42062305700,0
56675379200,7003403034,0
57215151862,58027976500,0
57205545749,57211115618,0
35617224000,58170229500,0
57190231248,57204598234,0
55839922800,57192805123,0
57210154153,7202241794,0
57202850720,6601977808,0
54965487500,56825146000,0
56378542800,57193273980,0
57203165474,57219884947,0
37111391400,55444535500,0
56320719800,57226734959,0
57191163832,57207107620,0
34880368100,57215322835,0
57206187560,57211067905,0
57202578790,57204802242,0
36739187800,55637497100,0
26867481600,57189361665,0
57207455147,58481893500,0
26221591900,55378410100,0
57211450084,57218569616,0
57214187811,57823268500,0
57192426164,57222998015,0
24503743000,57214185768,0
57213812480,57222809607,0
57211337705,57220087133,0
57210888537,57218491501,0
56157071700,57192876741,0
55931005800,57219123655,0
15061070200,26021760100,0
56378542800,57192661896,0
57218761000,6602828586,0
56139998600,57202214798,0
56940459700,57216798630,0
11439250900,36651681100,0
57205731647,58300629700,0
56145502500,57205354812,0
56023181200,6603271904,0
56070165000,57255889800,0
26323078500,57218399556,0
36669038500,56073934300,0
57193262849,57868312200,0
57209008490,8275704100,0
57336713600,58345149400,0
57195476384,7103026228,0
54785510000,57447340800,0
57191832514,57209449966,0
57194679642,57213686247,0
55332536900,57226548735,0
57191445065,57210753988,0
57190517862,57210391108,0
57034684000,57216776259,0
57195424338,57203716261,0
56681998900,57201443305,0
57216826033,6603391847,0
57194381556,59160069300,0
37013762500,57203394800,0
23982788200,41461314400,0
57194871737,57215590312,0
57226485843,57862176200,0
55661019500,6603810686,0
27067481500,50462510200,0
57212403889,6602404361,0
55659638800,57195062603,0
57208644872,57216924143,0
56988931300,7004675336,0
57202660685,57214072005,0
55247269900,56819117900,0
55314365000,8840081100,0
35770374200,54791960600,0
22135510100,57194191719,0
26535979500,57204803206,0
14044492300,55941514600,0
57189326030,58257581800,0
57189875946,57220896417,0
56681785000,57215585311,0
57211010956,57214823832,0
57195429424,57211349180,0
57204308519,57208403478,0
57202612934,57218477328,0
36561254400,7004481112,0
57201278144,57210390533,0
16238022000,56928302200,0
35478909000,56237393300,0
23493442400,34573703700,0
57204618792,57208488188,0
35306973000,7102525318,0
12809396900,16307277700,0
57208214907,57559535300,0
56906498500,57197806772,0
57209578821,57224180153,0
57204938120,57221418361,0
35321390300,56542795100,0
55252654100,55638899000,0
57203863712,57210344965,0
57191878940,57932056700,0
15849625600,6602559493,0
56584651800,57214187155,0
35099287000,54405056900,0
24473173200,36057308000,0
56192402100,57201775200,0
57194854340,57877530600,0
57061886100,57835514000,0
57094669700,57132065000,0
23027995000,6508060144,0
50162860100,57219696692,0
36144437800,54976634500,0
56229442400,57208592747,0
56185997600,57222377213,0
56878687500,57305805200,0
57224315503,6701405364,0
57226248248,57320372800,0
56040192300,57213834122,0
56906498500,57204929759,0
49862080100,57204671752,0
55615833500,57190793080,0
55320475800,56689342000,0
24331672700,57203858093,0
57203948395,58485734000,0
54392384900,55546002700,0
7201498609,7201559188,0
57193011405,57204952547,0
57191878940,57204561962,0
56349737900,57204453282,0
57194184256,57204646396,0
57215537459,57220208183,0
24073819900,7003952459,0
56556365300,57216924887,0
23987156400,55598364800,0
15056983100,23990618900,0
57226750833,7005322928,0
6602904104,8219543000,0
26428514900,57216419648,0
57195197340,57204844571,0
35306973000,57214529668,0
49561034500,56131381100,0
53063493500,57193716519,0
56383442400,57837199100,0
57200166732,9743372800,0
56018161900,57222107173,0
57215187039,7005381764,0
55194722700,57201197834,0
55859488500,57204541607,0
6603034176,6603155299,0
57208370152,57457149700,0
56527030000,57203552338,0
57193280191,57219088940,0
57193091494,57201436183,0
57190793080,6507791976,0
13808174600,57203728880,0
33368250200,35585451000,0
57195480765,57204038909,0
57210822480,57212526783,0
36816603100,57216848864,0
57218582698,57221436999,0
57210440387,7003702845,0
56801024300,57223231639,0
36550115500,54781176500,0
36739187800,57038894000,0
55829472500,55849415300,0
57197754933,57904040900,0
26024130100,57320372800,0
57190660749,57214171104,0
57203279194,57214164280,0
57212197546,58711707300,0
57189267051,57196019663,0
56355096200,7004361186,0
57208081275,57223264908,0
57200212829,57223093121,0
56145502500,57201272538,0
57192928549,7003544066,0
16204004300,45661023000,0
56530788800,6507063353,0
57208749019,57217797374,0
35114462700,7202480403,0
56421951000,58822981700,0
52563804900,57703337400,0
23972243100,57215590312,0
57209860294,57220109247,0
57208224279,57418950700,0
56333925500,57208596460,0
56990944200,57798912800,0
59166000600,6603713879,0
36625829300,57215108895,0
57190166582,57205461433,0
57212403889,8340039100,0
56506588300,7005233332,0
56416487300,7404277487,0
57204930612,7005091934,0
37035058100,55358891700,0
37861401900,56178466100,0
57201157989,57205575907,0
57193403076,57202349525,0
57214188590,7006504347,0
56145502500,56747200700,0
57192073961,7006640091,0
36017460300,6505758008,0
56025855800,57425394900,0
24469054700,57208471055,0
57208488188,57795222800,0
55842599300,57224783614,0
57206511541,7006020996,0
57219838343,8212453900,0
55918065400,57222049354,0
57194798214,7005355323,0
57189659579,57216403979,0
23984556200,36767009800,0
57150050300,57211601402,0
55882155100,57211350444,0
55312463700,56281940700,0
54583188600,57209714947,0
13408783400,57203659172,0
55094588600,57211317466,0
57209449966,57879728600,0
57214184367,57218569616,0
35473251400,57200552045,0
57193148546,57516122500,0
56779727500,58157133500,0
57431831400,7007133905,0
55992177600,56178466100,0
35497272700,57190260444,0
56010491300,57207623517,0
41961752000,57193663631,0
56811564300,7005553803,0
16318838800,57216083610,0
56665426600,57203546432,0
57211523239,6701711430,0
55999384600,57201074087,0
57222990908,57516122500,0
56529942300,6602510000,0
55319040900,57217237669,0
57212783125,7006412165,0
16203173100,35727949600,0
57206658992,57211071832,0
55624616000,57188697738,0
56113181900,57190841025,0
57003502400,57212428239,0
56401670600,7102474754,0
57089853400,57204202845,0
54788472200,7004315011,0
57197805115,57215490665,0
57163497100,6701848441,0
57208673746,57216881673,0
57204897122,57290649500,0
57210428111,58985607000,0
36763791600,56125857500,0
24176529600,57205541173,0
37006277900,7402527117,0
16432457600,57224180153,0
57209638038,57211452861,0
55070036100,57217430038,0
57189253636,57212369504,0
57209542137,6701801409,0
57204952547,57212526783,0
25121531900,57211004693,0
36163291700,49061029800,0
57212021928,57217148812,0
35306973000,57203880602,0
55514754800,57214861984,0
35762732900,56359247700,0
57199421474,57216367360,0
57193684279,57203191886,0
24725355000,57204938120,0
56257387400,57200218961,0
57222251209,58313855200,0
57202856333,7005386667,0
56938381900,59160069300,0
57192397039,6506104070,0
57196084513,57215205857,0
36651122600,53264886900,0
14056461000,6507310582,0
56048202300,57202330234,0
57194273004,57213619699,0
55664656300,57196460207,0
12804338800,57204517469,0
57204485962,6701390755,0
57189048036,57211030130,0
57206867017,57214183858,0
55616396400,57196346722,0
59827720000,7004405540,0
56192402100,59791432300,0
56940768100,57223323186,0
36970630800,57300766300,0
57201112275,57220748550,0
57191156712,8418436300,0
57194547700,7005952973,0
56912294300,57189708597,0
16426653000,57384054900,0
57193315259,57218883509,0
57193825552,57194419901,0
16314873300,6603942569,0
57190849611,57347206900,0
58139792000,8507685700,0
57194033798,57205109115,0
55971047700,56906498500,0
57197857623,57224116267,0
35389514400,57215216359,0
26040811700,57225351962,0
57202953110,57223163012,0
55976667800,58090740800,0
56548901900,57201877563,0
37118135700,57204576678,0
57208506306,57216874423,0
15753813300,57207449471,0
57199676160,58199638600,0
16064360400,6506382388,0
55657575200,57216361338,0
36139031800,56780215300,0
14822449200,57224576738,0
57205971214,57408877300,0
57202779377,57207206869,0
14632576800,57217661773,0
26025948800,55249712800,0
57202291912,57202779441,0
36437322100,57576395400,0
57201474993,7004297492,0
56019914100,57207261148,0
36139031800,37661803000,0
57205218245,57357424100,0
37048606300,57221413381,0
57193616375,58633723500,0
11241685400,57578634600,0
56719193000,57200728212,0
57193846028,57203547083,0
57190174044,57214861520,0
26636439000,57193093623,0
24376383400,57216403875,0
36627561600,57812866200,0
13104130100,35308026500,0
57837199100,7102210862,0
55969994800,7202140793,0
57204735945,57208004073,0
24479959000,59289912700,0
14049155900,57226828744,0
55955245900,57204835697,0
35453890900,57211349180,0
37057681700,57795222800,0
57205526157,57218854552,0
36192953700,59454890900,0
57202703855,57366114000,0
56790073600,57222369971,0
57202467348,57223344567,0
57192931040,7202834119,0
57061886100,57218435526,0
57222990505,60100025400,0
56890903400,57211159662,0
55778572900,55897622700,0
57190340003,57201364069,0
57222193631,57235785200,0
26647133500,57221086062,0
57199839295,57209741247,0
57216615165,7003478797,0
57204955592,57398464800,0
57203142306,57219885785,0
56938103700,59662861800,0
37561902600,57210795365,0
23013587700,57219547881,0
57205613427,7801408313,0
18436233000,57215094199,0
57200859147,57222735293,0
36156175900,57223299337,0
55574026000,57219384397,0
58157133500,9738985400,0
55321897700,57211345269,0
24371217600,58310610200,0
57194031859,57196487492,0
16402531900,56919132800,0
37664650300,57221712866,0
57219660583,57223241922,0
55895265500,57199422121,0
36991101500,55323998800,0
57194465718,6602440608,0
56575083300,57193131830,0
53263670000,57202323816,0
35098561600,57195933421,0
57193210303,57222562872,0
16199397400,24381811800,0
10140958400,57219225523,0
57219671587,57412583900,0
28067543600,56730985600,0
55510111500,57215572475,0
15020462500,56803532000,0
50961404100,57202938171,0
56004744000,58591565300,0
57219124507,7003403034,0
57204308519,57933192100,0
57206787157,57213539478,0
57201677202,8613637200,0
57035379500,58283699600,0
57195593253,7005605890,0
55830280800,57214719964,0
57305805200,6507993283,0
57200796602,57207778188,0
57211980385,57221398814,0
56938381900,57208898617,0
57198412705,57554507600,0
57203372876,7004642148,0
57190258392,57190496107,0
42761099900,57218419020,0
57194464165,57197831563,0
36899832000,57222221893,0
57216908760,6603835270,0
57203260803,57222404485,0
58370749100,8161184700,0
33267446900,57695986000,0
57357424100,57869350700,0
12241738600,57224576794,0
55909692500,6604037091,0
55665656200,57204520499,0
57403967600,57808326400,0
37010994900,56603977800,0
55789166200,6508289518,0
56841143500,6603018015,0
57211652467,57223207805,0
56366658300,57360529800,0
56131640900,57217121483,0
35489358300,57209878396,0
55365894200,57204212138,0
10143354000,57203527004,0
57219387197,57403967600,0
55857416000,57221712866,0
57208927123,6602138253,0
57211403633,59586827600,0
36944857500,57211759862,0
57201298715,57204799516,0
57216276073,57220599188,0
57194172739,58097002900,0
37006277900,7102828590,0
57219746232,57965324800,0
56388715400,57201426922,0
35568764200,56462839800,0
16026698600,57193210476,0
57200552045,57214183665,0
56526846400,57197190962,0
57202735929,57203527004,0
23072832700,7201559188,0
56267296900,57317666400,0
56715896100,57201855029,0
55691083100,57194153124,0
57283440400,57894035200,0
57201426073,57220748550,0
55328939800,57190223204,0
57190425867,57291448600,0
56059152500,58635998700,0
57204349370,57208691584,0
22979148200,57204513287,0
57201250923,57207692557,0
57209292495,7005322928,0
57195976657,57267049700,0
35098561600,57467343600,0
57203393699,57211534375,0
57194854340,57217224086,0
57396461300,7005944724,0
56663792300,57296780900,0
57200796602,7102509180,0
57194452160,57201474499,0
57204058713,57477350800,0
56967992400,57203878501,0
57191402881,57194592301,0
56605875600,57212420665,0
56485432200,57219746232,0
55811114600,57038894000,0
57193957180,57948659200,0
57207261148,57224117026,0
56059049400,57206693050,0
57208056106,57454133500,0
57188711562,58097002900,0
48361797800,57194172739,0
56707706900,57314518400,0
22133963900,56895810800,0
56689966300,57192100557,0
57214092801,9841204400,0
57202903305,57212473405,0
42361850800,57214719964,0
35613260800,57915143800,0
57219168835,57238861000,0
36084007800,57196297669,0
16678820800,57188766397,0
57193148546,57217224086,0
56811564300,57496536900,0
56928302200,57219092528,0
57203880602,7004578182,0
57202968313,57204671752,0
35095506200,57219437153,0
36626391900,57217780021,0
35478909000,57194464165,0
27467682900,57214192681,0
55510111500,57188678648,0
57202263698,57817084200,0
56819111900,57223156545,0
18436000300,56389402100,0
15045541200,57191415162,0
57073063900,6603067218,0
55388213100,56530788800,0
57555079900,7004297492,0
57039005600,57211536782,0
57140590800,57208644872,0
55388149200,55941225400,0
59221030000,7103153424,0
57193273980,7201545134,0
55850511800,57211482914,0
36060393900,57210987876,0
54419946700,57203166008,0
57219699142,6602663937,0
57196317229,57214341930,0
57198890094,57205765158,0
55312463700,6507565457,0
57211004693,57222399729,0
16318838800,57218546108,0
56449354900,57215965148,0
55888894200,57211252287,0
37561944900,57679447700,0
57195962305,57201012786,0
56730985600,57215216359,0
57209219608,57221418361,0
54383232900,57170411000,0
37050721900,57219232917,0
13607877300,56768102100,0
56055096500,57963146900,0
14527406600,57205251746,0
16203663200,57218573553,0
55654537000,57214183738,0
57191895726,57224941989,0
57221972860,6602510537,0
56257387400,57819287200,0
16026698600,55967938200,0
57194464165,59158425100,0
57210284271,57868661700,0
57191982380,8718772800,0
13408783400,59956517300,0
55366804400,60429549400,0
57215292949,58638569600,0
57207695231,57214171104,0
36461041400,6602825456,0
57190974978,7101600451,0
57200554850,57208081275,0
55530682500,57201318293,0
57201942692,57208403478,0
55241360300,55421047900,0
57215343686,7004518637,0
56655144300,57205323693,0
55831614700,7006200042,0
57192201395,57202029288,0
57210843347,6602440608,0
57200227440,6506160194,0
36699328700,57188697738,0
36704152400,55989994000,0
35598380000,57217190881,0
57223087546,6603956720,0
56806537200,6602436600,0
57211520883,57216437931,0
55888331900,57207737009,0
57221997539,6504359000,0
23397640200,57193546923,0
56341961400,57193087551,0
57217121483,57220050287,0
55247269900,7004941263,0
55826044700,57214329258,0
57192383343,57204517469,0
55558132100,57191043562,0
56236071200,57193667570,0
56444409700,57201896666,0
57201464415,57224646930,0
55930520300,57172631000,0
57203617316,57220642258,0
57209449573,57214186954,0
7202945091,8666782100,0
16040180600,57218883509,0
57194572637,57201974603,0
56244888300,7004578182,0
57192803905,57201007272,0
35487065300,57948659200,0
57192896710,57193647460,0
57203712003,57211136874,0
57209217870,57216753873,0
57202512041,57202782702,0
57214684438,7006135966,0
57193163824,57193616375,0
35552663800,57200425884,0
11239484000,57219328786,0
57193528257,57212585521,0
35731701000,57215460273,0
56346204600,56954480400,0
57223013992,57253439200,0
56450278400,57214470968,0
57210889568,7004357093,0
57194560502,58074396900,0
57205107800,57219130663,0
57034940200,57195062603,0
57225173469,57243881500,0
56926654500,57193452712,0
57194720075,57557409200,0
57126247000,57203173708,0
55984752600,56609785800,0
56061023800,57215830373,0
57288044400,58629743700,0
36665912900,57215424913,0
57195995961,57215829648,0
25822049200,44461124100,0
16039416600,6603225483,0
56287189500,57219706579,0
57118110300,57674157400,0
58381132700,58629743700,0
57191868030,6506003725,0
54791942700,57204571525,0
57194033798,6603673097,0
57190029635,57213268547,0
15058927200,8388378000,0
56374254700,57205765158,0
36816468000,57195314179,0
57195806817,8046818200,0
56166219100,57447340800,0
56766050900,57210808730,0
56393969400,6603097867,0
35794016300,57218210439,0
57207778989,60403668400,0
57217214525,6603574466,0
57200960817,57555079900,0
57194508181,57893550000,0
57202910657,57217546552,0
57212546444,57216938503,0
36192495600,57212307833,0
40361398000,57201474499,0
24073819900,57211444713,0
6603225483,8871368500,0
55081840800,57193241274,0
57218454002,57264877700,0
24537961100,6701867677,0
57203000098,8962997000,0
57211405877,60000009300,0
56331782700,58636377600,0
26024868000,57105113000,0
55022701000,57209244438,0
57202498565,57202947398,0
55982097300,57193663631,0
54410372700,57208034389,0
57202291912,57446732400,0
57204308510,57209298696,0
57212148890,7003767448,0
54685141100,57004538100,0
35077555400,59842697900,0
37081771200,57557282400,0
54884280500,7004265737,0
57195289413,57214914115,0
35786735700,58986651200,0
57205100814,57211469086,0
57215663741,57219845650,0
16038750100,55606603600,0
57194466483,6506322220,0
12762025200,57191632365,0
57220996918,57957696700,0
57203959069,57778883200,0
53463361500,7404444957,0
36561254400,57143944000,0
57200836355,57204832128,0
57195504303,6602814239,0
6602508577,6603214162,0
57203728880,57204470217,0
56025855800,57202606096,0
35387319700,57219554292,0
55083474300,57204461143,0
57190183602,57194799753,0
57204172833,57418950700,0
56079371000,57205215527,0
56487308200,57221398814,0
56659215200,57235619600,0
57956252100,6505819924,0
35308026500,57200603691,0
57215343686,7003557544,0
56073934300,57201152643,0
6602557554,6603089460,0
57215129481,57388134900,0
57193213489,6602510537,0
30567549800,57189253682,0
36144437800,8353821500,0
56244888300,57210425479,0
36102163500,57201614824,0
54882813200,57217215485,0
57200616340,57214827923,0
56263684300,57221951393,0
54998634900,7102404745,0
57191708331,6602378345,0
57220087133,57429841700,0
55258506900,7005668079,0
57203717842,57215103429,0
55968603400,56063146500,0
56018147400,57195331847,0
56572487000,6506398380,0
56153132100,57204637412,0
13104402000,27467682900,0
57215683127,57221398814,0
56400980000,58140925900,0
57194798214,57199972142,0
56818653600,56911753200,0
57200045265,57205762541,0
57226692280,8540875500,0
57103819300,57217059317,0
11939831600,57193573999,0
57169746700,57208408260,0
57219327377,57558221300,0
55856892800,57222541649,0
55185349100,56768102100,0
57196198415,57207987084,0
35583000200,57213686247,0
55508673500,57200412020,0
47961447600,57195153415,0
57200426447,7003699883,0
26032221100,7004598380,0
54412962900,57207841332,0
57195437049,57201301532,0
35563352400,59454890900,0
6507157339,6603061539,0
23476510600,56515498400,0
55613154000,57218610871,0
23989613800,7004481112,0
57203728880,8410841300,0
57215093791,57516122500,0
10143354000,36868256400,0
31667532100,37031406300,0
57207877810,6701801409,0
11239484000,57204243731,0
56587469400,57215107378,0
55324365600,7006537200,0
37117779600,57201614901,0
57140052000,57192811895,0
57190140446,8715712100,0
56116845300,56998752500,0
35329490200,58638569600,0
57191090520,57198497937,0
54419946700,57215965148,0
56707421100,8225271400,0
57195927787,6601973250,0
57208427094,6701547321,0
57644106300,8225271400,0
59170145200,6507790703,0
36128430700,59289912700,0
57193088524,57221469135,0
56414682100,57219842800,0
56059049400,57209641836,0
57218514682,57226446472,0
57204089221,57216500981,0
57213647258,57221418361,0
57210582296,57210954530,0
37561044100,7004492843,0
55510111500,57214178872,0
57211135609,57322306100,0
24484085200,58165093600,0
56079371000,57643482500,0
48361797800,57220069751,0
57576395400,8987609300,0
57216656795,57904702600,0
55325217200,55600646000,0
56037303500,57223841065,0
35568764200,57203204973,0
57202265696,58117054000,0
57202855454,57222038917,0
16231013400,56257919200,0
57199710086,57215144112,0
57212602955,57215903709,0
57201619181,7102064670,0
55914857200,57201074087,0
56151478400,57192958390,0
26650457300,57202094662,0
57218883509,8507685700,0
36861375100,59454890900,0
16416659200,57203858093,0
57202753279,57202953110,0
57202707010,57218401533,0
57195935522,57219699142,0
57032358800,57201157989,0
57201527512,57228033000,0
22035903600,23767899400,0
55597926500,8872152600,0
57204178529,57212551636,0
57211536403,57785110600,0
57218594010,57888737100,0
57221712438,6602993112,0
57189241650,57202054317,0
55827609000,58693751700,0
55606603600,56122157300,0
23981156000,57643482500,0
57202219556,57315047400,0
55842711200,56819980000,0
55911024000,59663054900,0
57201153334,57300766300,0
56582449700,56890903400,0
36669038500,57614738900,0
57125475100,57195476384,0
54791960600,57210746863,0
57202284031,57204561962,0
57212139767,9746680000,0
55445433300,57216902450,0
26647133500,57205109869,0
57194633231,57219227832,0
15044739500,57218603221,0
16836131500,54383232900,0
56430562200,57197499872,0
57216860533,57218612375,0
56530864500,57210284271,0
57194854340,57200984590,0
25639718900,53983044600,0
57208142067,57426794900,0
56270025100,57476577900,0
55087222300,57217798823,0
35422588700,57218195652,0
57222000582,58492949000,0
56692922100,57190736386,0
57216401706,57219352443,0
36615328700,8882780600,0
57191900480,57670913400,0
57203099111,57217698482,0
57211534375,57211920176,0
57192872661,57202417915,0
57221866958,57226061739,0
57210593504,6508174172,0
14218935500,8313580700,0
37664650300,57193168500,0
56227341800,57195568405,0
56678362800,57221675291,0
56019914100,7004120983,0
56010010500,6505963063,0
57117892400,57209175245,0
57209002257,57222481947,0
57218878899,58638120800,0
34771840400,55572848300,0
56596808700,57203546432,0
57210928006,57211943844,0
55122335200,56734378000,0
55937582600,6506006739,0
57190494888,57205354812,0
57215417733,7005596756,0
55343987900,55607369800,0
25028014800,56210364100,0
55919995400,57189253636,0
57203066384,7004447092,0
26022779800,57052581100,0
57211679608,57222141841,0
37117779600,60347122100,0
16554843500,57204930612,0
55770297800,55985149100,0
55747007400,56486081700,0
16643141600,57214341930,0
57192167055,57740813500,0
55776752900,57203066384,0
55970900600,6506736837,0
57197269844,57226805942,0
55939315300,57967209300,0
36616921900,57203456202,0
35389968300,57193825729,0
35753650100,57213595044,0
57213829506,57218760330,0
55924979800,57566640800,0
57209821049,7003895942,0
57196297669,57219272053,0
57211071832,57214849614,0
57204178529,6507516780,0
56587445700,59584261900,0
57211519146,6506106345,0
57189708597,57921050600,0
57200661409,57413255500,0
57170411000,57218272578,0
55314365000,57209222127,0
57210593504,57958386600,0
57212486335,57213838684,0
22135510100,47361218700,0
14822544000,57211010956,0
56524961100,57196117932,0
57213999440,57221227724,0
57194740271,57208919070,0
57210986527,57214183738,0
57219342028,8872152600,0
55334528900,59903159300,0
57221393685,57226684680,0
55341051500,57195457711,0
57212136231,57337589100,0
55234979200,6701718828,0
36476939000,57217053664,0
57094160700,57221912435,0
23567383600,57195100670,0
57218325951,57226298314,0
56612660700,57208056106,0
14420864600,57204832348,0
57194853443,57226375720,0
57118282100,6602622533,0
35345554700,8718772800,0
24734445000,57219187761,0
57204976812,57205630922,0
57196795591,6506214929,0
54398879700,57221417645,0
55552961100,7102961338,0
56509520400,57218991631,0
55855114300,6507131467,0
56161056700,57195675149,0
55636544000,57218195127,0
56835238700,7004074021,0
57203684508,57204799516,0
57197856140,57215103143,0
36813736000,57190223873,0
35721785100,7006279246,0
55320076100,57194774675,0
12786182200,56593551000,0
57201619181,57218594010,0
57214192009,57451799600,0
56959964500,57201269175,0
36816603100,57194774675,0
56603632300,56884068700,0
54789032500,55321338000,0
57200960007,57695455900,0
56118064000,58284465800,0
24381811800,56049411000,0
16426192300,37118336200,0
57144663400,57219452208,0
56016071500,57223381762,0
56809028000,57210285313,0
55226552800,55743865300,0
56897081100,57202633576,0
55973463500,57201314197,0
54976634500,57223122313,0
57201550536,57482201100,0
57200045265,57218760330,0
35099287000,57211507822,0
57196346722,57202729931,0
54386526400,57218511476,0
16038750100,54782910300,0
57293102200,57762944800,0
57195976657,58305032800,0
55224067300,57212443709,0
57205596425,57211004693,0
57117690500,57202291912,0
55242228300,7004481112,0
57188675884,57203687928,0
57190193610,57203546432,0
56940104900,57223236563,0
57201703959,57214183665,0
37107641900,6504710819,0
57205099849,7003949406,0
57218195652,57226715767,0
57199862372,57219050927,0
55230018700,57208149153,0
23767899400,57216411532,0
39161826500,55867037900,0
55324365600,55545633500,0
12780694800,57216743315,0
24472732900,26323096800,0
57204478890,8380852200,0
55022701000,57193131830,0
57194507234,6603128830,0
57208788710,57214171040,0
57202578790,57208147782,0
36965913900,7006200042,0
48161853500,55211263300,0
56401604900,57192890175,0
56494277900,57202060730,0
57203924074,57205541173,0
55956159600,57208919070,0
55361319500,57209244062,0
57159190500,57218569616,0
57193440795,57314518400,0
56511751400,57205683162,0
15768120800,55887007300,0
36984061800,55619775400,0
55771551500,56196163700,0
56790073300,57204052879,0
25121390100,7102060198,0
57163855400,57202162041,0
57215828952,57216411532,0
57211715117,9338311900,0
57355537400,57567212400,0
57190166582,57225213890,0
56329943900,57188759143,0
23102200100,52364875700,0
57194742238,57201422179,0
53263670000,57196544254,0
56344208100,57209291916,0
55481190200,57211652467,0
56955704200,60078300100,0
57215490665,57296780900,0
57211136874,57224179574,0
55427624900,57195274382,0
18437640800,57208893425,0
55630517700,57218449304,0
57224156534,58629743700,0
54890719200,57217278003,0
55761553600,58118595500,0
56609785800,57211364480,0
25121531900,57195760105,0
56231177500,56530383700,0
56539498000,57217116183,0
57193645493,57194029067,0
55411452400,55892544700,0
55509191600,57216777429,0
57188676353,7202834119,0
16308664700,57215148164,0
56587445700,59956517300,0
56640740200,57195904455,0
55923867100,57218573553,0
57201406627,57205511747,0
57204515495,57222141841,0
42962909600,57217148219,0
37050528600,57199986491,0
35880914800,57214179230,0
57234377700,6603912395,0
23472984600,57224123277,0
57190258392,57672505000,0
57143765400,57209215404,0
57218827763,57221086062,0
57188970615,57193076284,0
55845591500,57188758198,0
16315359100,7004357973,0
57206839368,57214795771,0
22834387100,54398460700,0
57212551199,7004357973,0
57201457162,57201529189,0
57204182284,57204500053,0
57202735795,57286620800,0
57189627815,57223231639,0
57758232100,7003952459,0
56406110100,57213619538,0
50262384000,6701700454,0
56734378000,57207615640,0
57205106684,7004675336,0
56271486800,56910192400,0
56946693800,57201316851,0
55364087500,57201998453,0
57205120373,57221953193,0
16640437000,56803930400,0
12786182200,59956618700,0
36946403400,57454133500,0
56689966300,57349166900,0
55750277800,57206144971,0
56229476100,57213195597,0
57214189407,58694275200,0
57200641844,57424025400,0
56677243600,57214099401,0
36739221800,6603267575,0
55992197100,57200227440,0
55976765600,57223380266,0
57201074087,7003949406,0
57204149623,57222865853,0
24734445000,57221094616,0
57207121382,57225106601,0
57195592867,57202284031,0
57210195604,6508352050,0
14218849700,57219584344,0
56954480400,57214186713,0
57222401768,6505883465,0
57288044400,57835487300,0
56649607000,57190126621,0
55530682500,57190517862,0
57191415170,57204664607,0
55206360800,57914525400,0
55606603600,57349166900,0
53464349300,57225217157,0
57191584418,57194633231,0
55861249700,57200881811,0
33368250200,35955821200,0
57203745745,57204658698,0
35179056300,36473857600,0
57201686333,57205107800,0
15765091600,57215554729,0
14041302800,57214862204,0
57209683121,57210692502,0
56003074900,57192686429,0
55596434400,57215693235,0
26323078500,57205305981,0
57192872816,6506485066,0
56471187100,6602751821,0
35583000200,56287189500,0
6507790545,7006412165,0
57189049081,57204532732,0
57069622400,57190797190,0
57216083610,57316553000,0
55328025000,57201426922,0
58283699600,59276188200,0
57219790908,57220195292,0
56308309200,57218940092,0
55180668900,56018161900,0
25932177400,54996034100,0
55083474300,57457149700,0
56179227100,58166544500,0
38361199900,57220921306,0
35191604400,56026838800,0
36651681100,57189709233,0
56506744300,57034025700,0
57206839368,57221109427,0
6603293779,7005846438,0
55446662500,56740449800,0
56020397800,57222990908,0
40162386100,57194650805,0
56308309200,57214183690,0
57215509002,59158364300,0
24278819400,57208281260,0
36941888300,57194482614,0
57289236600,7102795216,0
55575264500,55960567100,0
55048002400,7006792253,0
22991301300,36967865500,0
57218126879,57362885900,0
35772986700,57217430038,0
49863051000,57196117932,0
35098534100,57189363992,0
55831761600,56494277900,0
57196219628,7102060198,0
55421338900,57211874104,0
37050528600,55842711200,0
57150050300,7402213724,0
55185349100,57215907602,0
57069622400,57220989806,0
16318838800,58283699600,0
54400811900,57328904500,0
54791942700,57195314179,0
57350976100,58659151000,0
57200376897,57210843347,0
57219384397,7202566988,0
55632342000,7202945091,0
57204820435,57220899192,0
55931753000,57408877300,0
56998752500,57210969834,0
56084446200,57215410734,0
23971662700,9743411300,0
55367728700,55533735200,0
36850997100,57215771023,0
57203814878,6504280283,0
55648098400,57193742768,0
56942248500,57192872816,0
55555939700,57193913494,0
56244888300,57216413958,0
36489087800,58183770900,0
57208875935,8410841300,0
55683866600,57904040900,0
35476828500,57202953110,0
55122335200,57212142431,0
57202322317,6603193612,0
17342671000,56046985600,0
57191866398,57215277461,0
14010734200,57200227440,0
56895810800,57211520883,0
56371151800,57211085493,0
57204089221,57211209210,0
55253529800,57969643100,0
57194323286,57195414864,0
15844865900,57215683127,0
57217858843,7003952459,0
56818486400,57205298384,0
57194158209,7102913880,0
57371100700,57672505000,0
57214333012,57221759483,0
55499158100,8161184700,0
57205106684,57208320368,0
22954969300,57221393685,0
55329220800,57224157295,0
12241738600,24558599900,0
55882155100,57219674433,0
55623543800,58711707300,0
56999263100,57216747690,0
55776752900,57192686429,0
54685141100,56183251000,0
16635637300,57226022241,0
57217148812,57223862253,0
25825541000,57463289600,0
38661114200,55519829000,0
58170229500,6602571895,0
56533315000,6701691981,0
56707706900,57221086605,0
19639770400,56903779800,0
57209806295,57213195597,0
23099238800,57217054548,0
57132480100,57190223883,0
55940858000,57215108230,0
35410389400,6603673097,0
57189875946,57210969018,0
57188965609,57249069300,0
57202855454,57216760960,0
24721433600,6603193612,0
54782477100,57198345630,0
56818486400,57200070246,0
57223380573,6507310582,0
57208427094,57214182134,0
6603256601,6603785139,0
57207449471,7102475868,0
57223435605,59166000600,0
57188861877,57214755482,0
55917698800,56720078700,0
57192101947,57218568822,0
57214188536,57216763037,0
56241060700,57201801374,0
56533315000,7102509180,0
57817037700,7202241794,0
56678362800,57211901680,0
57210452432,58308831700,0
56986760700,57191106963,0
57203948395,57222141841,0
57204459377,6603496317,0
57193600702,57211142396,0
11438764100,57200535204,0
57207246029,57218564883,0
55220196200,57208056106,0
57217686509,57222193631,0
56921676700,57190817492,0
35322954900,57218300529,0
55358891700,57195065455,0
55328810400,57193757569,0
57193082107,57218484407,0
57201686333,7801604422,0
57190223873,7102671215,0
54791365300,57787059700,0
57205145236,57214182754,0
36468959100,6701623022,0
57196088987,57349073900,0
57214188556,6506995592,0
38660925700,57193645493,0
57214099401,6701595637,0
12783094300,54584961800,0
57196045519,57208320368,0
57196298635,57222125145,0
57201722633,9338311900,0
55007549700,57214188590,0
55085535700,57218329835,0
56367444600,57892996200,0
57201301532,57202792218,0
57204832128,57384054900,0
57199404829,57212123895,0
57209882568,7102474754,0
36197442000,57197756333,0
57197858027,59312128300,0
54390755100,57215683523,0
57221933008,6505724820,0
56236071200,57200580344,0
57214601141,58245835700,0
14522699800,26323078500,0
55989994000,7801424387,0
55749596900,57956252100,0
55861003600,57209198882,0
50262760900,57194482614,0
24474341000,7004839394,0
13103004700,57212005993,0
57195722234,57215144279,0
57194734970,57214601141,0
57193011405,57794115600,0
57220897367,7201545134,0
26432175700,6603780090,0
57197767979,7003356559,0
58340753800,8270443200,0
55389773300,57215383401,0
57200427588,57211348936,0
57226803668,7404444957,0
57204586575,58919213900,0
55427624900,57196370330,0
53983027600,57222064066,0
57208423429,59454864300,0
57188866318,57219767607,0
55889655600,56455210900,0
33667772300,57204835697,0
42062166200,57225881000,0
57204879604,57209914610,0
56118064000,57211993311,0
57207883215,57224577912,0
57193713456,57214182065,0
24381886000,56919341400,0
35480634700,57226149147,0
56946693800,57203527004,0
57196117932,58822140400,0
58083458800,8547936900,0
57203902293,57218127282,0
55070036100,57192725275,0
57218509637,6602428368,0
57193076284,57201198471,0
56381148600,7202369003,0
36706127300,57200571178,0
57220576877,57347901100,0
56236850000,57209828320,0
23101781200,56970590600,0
57194868042,57211861964,0
57213767003,7004978561,0
56053126600,57225207483,0
56308418600,57209087187,0
57215103068,6504345622,0
35772986700,6602619791,0
16301272000,57201120639,0
11142276800,57196219628,0
37003768700,57216566854,0
55329077700,57193241274,0
55885670800,57218991639,0
57202606096,58191426800,0
55339506500,7103307130,0
57194740873,57195197340,0
58450729400,7202480403,0
36639370700,57213566990,0
57202054317,57211883988,0
51665647500,56388715400,0
36822962900,57217430038,0
56183251000,57210185999,0
6505883012,7102957757,0
24759095300,36650382400,0
23968333600,57212308864,0
57211122245,57219564979,0
57214332314,57217472308,0
57204178529,6507713753,0
57204567083,8544008900,0
57196328853,57207847450,0
57205583730,57220550983,0
57225199843,6601964582,0
36128430700,56006305200,0
56610376800,57202012217,0
59112752400,6505883012,0
57201335426,57208936945,0
57195197945,57218177878,0
56029506300,58144715700,0
55499300300,56041416200,0
57201057880,57203264738,0
24477003700,24504319000,0
57215108230,57217293200,0
55499158100,57215592478,0
57221684607,7003438159,0
41961590900,57214861520,0
50162339500,57450321900,0
57218684326,57221337264,0
57217533046,58101468300,0
55323998800,57209661663,0
34267487200,57728765800,0
57218195032,7007060970,0
57189659579,57216368717,0
57202792218,57215103143,0
57201691055,57204172833,0
57216319401,6701542182,0
25229539400,35480634700,0
55646353000,57211573618,0
57201436183,6508168817,0
57212842237,57226248248,0
56919341400,57221682183,0
57195274382,57205369615,0
6506298338,6602551667,0
57215152062,57217782102,0
57215104336,57282378500,0
35975558700,57210174703,0
55743865300,57188563654,0
56664043200,58532469400,0
55671510900,57554621700,0
55202981400,57221165763,0
57215104982,57215145200,0
56066528600,57216132287,0
56271571800,57255889800,0
55960802600,58919213900,0
54782910300,57195526609,0
23484917300,55974158800,0
57210293047,57224483723,0
57193623498,57218493522,0
57202640262,57208645087,0
57197768182,57201775007,0
57202703855,57218624821,0
57201898788,7004120983,0
25639439500,56582449700,0
35762732900,57817084200,0
55788057200,7005553803,0
57203410474,57205106684,0
57204783922,57224833308,0
57188714069,57247124600,0
36469725300,57218214540,0
57209889542,57835514000,0
56732974800,57212590380,0
24483001900,24832378300,0
56605966900,57216693787,0
56674598600,57216608788,0
53866828200,57200376897,0
24776424000,55970678100,0
54788472200,57204879604,0
57193743014,7005758098,0
11041471000,54791865700,0
54945032000,58450729400,0
56271571800,57202093490,0
54790586800,56901271600,0
57195995961,57215144273,0
55968603400,56668484900,0
57214737063,57566651600,0
37029926100,57205690283,0
24472732900,57144620500,0
24176529600,57218325471,0
36822962900,58919213900,0
57200412020,57226548735,0
56536258000,60429549400,0
57192200492,57209878396,0
57192430080,57208079451,0
55941314800,57188758198,0
55312463700,57202642940,0
57219232067,57723092100,0
56449354900,57216934454,0
56010491300,59289912700,0
57211135609,58192215200,0
57201127458,59850437200,0
57205197486,57218509755,0
57131132900,57192718321,0
57189713730,6602808786,0
57194774675,57222193631,0
57201550536,57211960952,0
55085594200,55918156500,0
55844549500,57209314505,0
36975212900,57190030886,0
57209022661,57222610574,0
57188985666,57190062691,0
57197865665,6602452399,0
57201634282,57216842638,0
55571429900,57226125260,0
56139998600,57164833400,0
56674725400,56958400900,0
57218685839,6603155299,0
54985692200,57222221127,0
22991301300,35387954000,0
56927848700,57214179230,0
16305587500,57219558202,0
57205739069,57869350700,0
57203413251,57256466800,0
57222178455,59827720000,0
35319586400,57041085500,0
57394538700,58445911900,0
57320372800,7003921536,0
57204093450,58869453300,0
54391112800,57209097511,0
57193737463,57218341338,0
35563291000,57215106726,0
56640740200,57193628522,0
57221683008,7003407328,0
55622609300,57214179663,0
57210725877,57224203439,0
57169746700,6507656894,0
57210888537,7004087255,0
23096090400,56533630800,0
57211116981,57798686400,0
15827156300,56241060700,0
57188818704,57215281063,0
16305587500,55846106800,0
57211292618,57695986000,0
57193091494,57202267045,0
41461314400,57189096251,0
56300583300,57191403346,0
25630218400,59158288200,0
57150050300,57194183386,0
54419500600,57221089604,0
55556296100,56368061500,0
46661608200,57127886100,0
24176529600,57213707703,0
36720453500,56533987800,0
37664726500,56938103700,0
35387954000,57203416958,0
55969453600,57220085442,0
54682077400,55975324900,0
37025944200,57201464361,0
50760945800,57215102117,0
56650874500,57209447843,0
56814366700,57218679133,0
58145364900,7003403034,0
59542585400,9239516400,0
57190425867,57200822092,0
35324039000,41261303800,0
25229539400,55918156500,0
56448473600,57207778989,0
57188563654,57210578491,0
57213605510,58381132700,0
57207732171,6603729308,0
57193423579,57224158112,0
22035903600,57349166900,0
56927848700,57921050600,0
57200206882,8948536400,0
55253743700,55992197100,0
57201723003,57212259738,0
57212139767,57249069300,0
57147237500,57207623125,0
56516359700,57215094997,0
57220897367,59289912700,0
57214332314,57218210439,0
57190167355,57214849928,0
33667611100,57217210168,0
55646150900,57194042924,0
35423064700,56122157300,0
57217043875,6601905996,0
44061113300,59158249000,0
57210957893,57216583353,0
57212218661,7004357093,0
56076362200,57219728368,0
57201989588,57210790053,0
37091409800,54892907100,0
56248778900,57191965690,0
55555939700,58199638600,0
56533630800,57218164265,0
56942512700,57219225523,0
35229105100,36965913900,0
22033565300,57954564100,0
38660925700,57193163932,0
56556707000,58694275200,0
23485751700,56257919200,0
57194788857,57221391810,0
56739975200,57200270272,0
57207780549,8382434800,0
35148438600,57576247800,0
14823069800,56668479100,0
23987119600,57188589539,0
55332536900,8375918900,0
57203215683,6506296754,0
16067892900,57209222127,0
41160942000,57189089750,0
57194520838,7203013613,0
57185295400,6506398380,0
55555939700,6603147366,0
41861097500,7101973932,0
35770374200,57208936945,0
24376383400,24477003700,0
57218387464,57226244654,0
57193672454,57214184119,0
55388213100,57194774675,0
57193168500,6603354500,0
35112646100,55546002700,0
57218195127,57218568200,0
25032280000,7801407600,0
55211469500,6504359000,0
36451118600,57206481447,0
56018517400,57204541607,0
57204759847,57204929759,0
57212021928,58822965100,0
35321390300,57217216201,0
54419500600,57201895156,0
33267446900,57208224279,0
56151754500,57191692420,0
37761053000,7006415263,0
35092058800,57205323693,0
57205511747,57210452432,0
35101283100,57201198471,0
55671365500,57201301532,0
36104074200,57223093121,0
57214030833,8616406100,0
36838460400,57190029635,0
57092726700,57222494810,0
57117279100,57202745618,0
57206239200,57212019152,0
14029585100,57217018455,0
36612500400,6701405364,0
57194382730,57216462455,0
57223435605,57869772300,0
57203066384,58313855200,0
57410030100,57483438000,0
57201074087,8721928400,0
34570748500,57196483542,0
35497272700,55627752400,0
25822598300,37080314200,0
57214861908,57223808599,0
36085315900,8202851100,0
57215814237,57223858883,0
23987741800,57212148890,0
55679310300,57214072005,0
56099793900,57130385900,0
55621132400,57204475814,0
57208323503,8718772800,0
35462639300,57188924761,0
57214823832,9239516400,0
57218120589,57224181362,0
35410389400,56526101200,0
56035968900,57215417733,0
57193345637,57224646930,0
57205120607,57216414176,0
57205221064,57211292618,0
57188714069,57210150969,0
35175388700,57203551659,0
56520358300,59289912700,0
57201319366,57205526157,0
57197845197,7801421883,0
36245952100,57202286637,0
57202600498,58164078600,0
57193441638,57194774675,0
57218127514,57777372300,0
11239484000,56271571800,0
57190849611,57211669462,0
56505483400,57894035200,0
57210151909,57218584481,0
56050718400,57205109115,0
55886033100,56998752500,0
36489087800,57214183429,0
57190797190,57218801846,0
24381811800,57218849088,0
24831735200,57418950700,0
57203965820,6701462572,0
16242557400,57191632365,0
57205120607,58167149200,0
57188685395,57215322835,0
57219232067,57225804358,0
35588917000,57211993311,0
57216902450,57296603700,0
57219584344,57666277200,0
57194647407,57200644240,0
35574263900,57200822092,0
57214988901,57463416000,0
23097126700,35493849600,0
16025957000,57194833881,0
57199676160,57212025718,0
36629917200,57210440387,0
57208678786,57209449016,0
57194869340,57221684607,0
16432753100,57192173601,0
22938031400,6701602182,0
57215145200,57264877700,0
15739907700,8551369700,0
57196185087,6508037327,0
50161231300,55628432900,0
35434643100,57191220763,0
56966260500,57191846864,0
55343987900,55597926500,0
57203068143,57310745900,0
24073240300,57219554292,0
56346204600,57217436523,0
55532526000,6506602604,0
15020462500,54400811900,0
57216874423,57218402398,0
57200965730,57381354400,0
57190489365,57315047400,0
36911445600,56689232700,0
57196297669,8985745300,0
57203162035,57222399096,0
57216857778,57222359921,0
57190660749,57193066035,0
57193730238,57673607400,0
56527030000,57217869851,0
12804338800,57211067905,0
24464916700,57196045519,0
37113578200,57214190714,0
23485751700,54583539500,0
57217186654,7004870189,0
11939831600,57214180232,0
35622518000,57203191464,0
37038193900,56779688100,0
57193315259,57827416400,0
57190799130,57208279498,0
15926246800,43762251000,0
55350871900,57219587097,0
57206260044,57209002257,0
50161231300,56970590600,0
57190389790,57204515219,0
56747200700,7004194383,0
53982777700,55320336300,0
56257387400,56974539100,0
55087218800,57204178529,0
55158649200,57469952900,0
56533987800,57221720549,0
12807819800,56012725500,0
57204063924,57213172991,0
57210956628,57219556250,0
22835701100,55616396400,0
55262959400,56650874500,0
27067481500,57197856140,0
35323810600,56748079300,0
27367533300,57219128890,0
57195973683,57209806295,0
26026264500,57208596694,0
52563804900,55321897700,0
57194789300,57222501287,0
56970595000,57140052000,0
57196040224,6603912395,0
54389051200,57220357430,0
57208673746,58145364900,0
57200283406,57202199079,0
56236071200,57192679655,0
57205464770,57213767003,0
57188581536,6701501754,0
57222248811,57371016000,0
56596808700,57212019152,0
36151206500,57218491923,0
57210185493,57210577815,0
57208147782,57775927400,0
55826044700,57218223534,0
57222422731,57958386600,0
57200031410,57200881811,0
57224577912,58251274400,0
55339955200,57221086062,0
57217484884,6505883012,0
36144437800,57204459377,0
57204571525,6603267575,0
57211403633,6508101025,0
56155278900,57871155400,0
34570748500,40361194400,0
22033698600,57218214540,0
57212135371,57228033000,0
56231177500,56422544900,0
55372499800,8342748400,0
55664937300,57218246541,0
57191440019,57218434377,0
12782630800,57213619538,0
57201273749,57214230102,0
57210593504,57218223534,0
36782032100,60082572200,0
14041302800,57195229698,0
57201494217,57214861606,0
35415485100,57211638107,0
55901968900,57274627100,0
56204610200,57193486010,0
57639111000,7003435386,0
56303931700,57203924074,0
54976634500,57196317229,0
56942512700,57189215849,0
55691083100,56790073300,0
55942071800,57224941989,0
7003467120,7007175125,0
57211924975,57719990600,0
57194774675,57222401768,0
55704795900,58069070600,0
54886372200,57194464165,0
16426043400,57202985269,0
23470649300,55810100600,0
57216401706,57221582133,0
57211169861,7004870189,0
23102200100,57207511100,0
57218194340,57408805500,0
54791348000,56414241800,0
24801934800,57218583376,0
57193737463,57214742652,0
57203923646,57207261148,0
56906903200,57224483723,0
55588451200,57197754933,0
55339729900,57191708331,0
56440229500,57197711987,0
56396961500,6602179402,0
55810100600,57204856560,0
57203832935,57208054392,0
55075768000,7005465927,0
54894520000,56158073100,0
57202955220,57210889568,0
35613974100,57551310000,0
56957827000,57558221300,0
57203789639,57207861606,0
56790073600,7801374608,0
57209641836,57837726300,0
57197023682,58190035900,0
57205297181,58766505500,0
57192378546,57207449471,0
57204095303,57483438000,0
57480473100,6602711642,0
57203208004,57218761267,0
57218689642,6603317232,0
35609932800,57219387197,0
57193195869,57208488188,0
57204076767,57215907509,0
56927916000,6508364691,0
57211030130,57219358729,0
56576608900,57284997600,0
56385629000,57209638038,0
56414901900,56966260500,0
58089326200,58492949000,0
57192892615,57211759862,0
57211071832,59157726400,0
55830280800,59158288200,0
57190260444,57193213089,0
55202981400,56069458700,0
57205307761,57207457530,0
56742830300,6701722261,0
55413466200,58109357600,0
51864239500,57214187811,0
57695455900,58020999900,0
14831676900,57221684607,0
56146474900,57217442328,0
56656184700,56801024300,0
57209821049,57224322868,0
55320352000,57215146771,0
36480585000,58694275200,0
55220196200,7801421883,0
57202899987,57218681957,0
57216132287,57219176706,0
57218581406,57614738900,0
26532350200,57211603186,0
56605966900,57193379060,0
57201074087,57226446472,0
6504786804,6603385896,0
56745087900,57200935294,0
57221393685,7003473187,0
56308309200,57210285313,0
55909692500,57189703568,0
57076839000,57195995113,0
57221684607,57222474421,0
56192169600,58102558100,0
21734175700,56308309200,0
57203511535,57203639399,0
57195903324,57207966256,0
57221953193,57315047400,0
57191878940,57204929759,0
57218603221,57396253900,0
57189579649,57195307508,0
24464916700,8223664400,0
57190137206,57224576794,0
24381651100,57362983700,0
53879403200,57113291300,0
57203923646,57204241954,0
57221720549,6602076702,0
12809396900,57206032001,0
57209292495,58044116500,0
57205287889,57723092100,0
57219176706,57336713600,0
57912866100,9278040100,0
56689966300,57214183858,0
57191090520,57218551907,0
55437936800,57220077843,0
32668058700,56049411000,0
56652016600,57209750686,0
35797450100,37050528600,0
55443918000,57216924143,0
56424971900,57211534375,0
57266105400,7006196140,0
35734884600,57268089700,0
57201009963,58000043100,0
57193087446,7004427430,0
54584961800,56494751200,0
57222538412,6701814599,0
57195806817,58164078600,0
57200422086,57200728822,0
35085431000,57785110600,0
57200081815,7102666167,0
58282114600,7201455990,0
23988400700,55941514600,0
56539498000,57211602931,0
37261601200,55646317900,0
57193926781,57215322835,0
57208440295,59851417600,0
26655075400,57216491565,0
57200935667,58491552400,0
55317765400,57195735368,0
57195265762,57237785000,0
35584031200,55110225800,0
57190171149,57190864083,0
14015348600,57211920176,0
56462316000,57214192451,0
55781722000,55910051900,0
55503270600,6602441507,0
57189236111,57200031410,0
57899473800,6507157339,0
57188698209,57224101410,0
57212418884,7402527117,0
23478076600,57216419607,0
25825489500,57210293047,0
57189703568,57296819700,0
36621377400,57215419320,0
57203191464,57211888244,0
56192840600,57192378546,0
57211081040,57222101401,0
57215492173,6701807050,0
16067892900,55621051200,0
57189709233,57218329111,0
57215538915,57223929188,0
57191632365,7004315011,0
56084970400,57204507199,0
55221002700,57189459314,0
23072832700,57329860400,0
57208893425,7102633221,0
55587974700,57214711058,0
53983027600,57202513641,0
56992895800,57203457812,0
55344635300,57207687413,0
57216401706,6507323221,0
56333925500,57211404233,0
56681998900,57211405877,0
35074139100,56085612400,0
53868248900,6603097867,0
56527030000,6506897113,0
57214861976,57255889800,0
57192588365,57222402952,0
56584651800,6603865548,0
28567789500,57261608300,0
57202437390,59662887900,0
57204461143,6506649400,0
55365894200,57195946682,0
57215585311,57218195565,0
50960925600,55827026000,0
12645700300,57211136874,0
57209736376,57226399900,0
56728918000,57201298944,0
57189331236,57204979566,0
54884280500,56998223600,0
13605127900,57198357708,0
57193934157,8533612500,0
16432753100,57956262000,0
55344487200,57225400428,0
57203489818,57215107018,0
37014654000,56650773000,0
57220357430,6603351261,0
57200415960,59842697900,0
54390925400,57222000582,0
57210979128,57222112884,0
56817906900,57222377612,0
57199848878,7003602579,0
36626076000,55366804400,0
56211110600,56912294300,0
57188482200,57211980770,0
56030924100,7402170845,0
36669038500,57195987896,0
35337121100,55589269800,0
54965487500,57215486453,0
57205354812,57224322868,0
57209267807,7201890059,0
35112646100,58822965000,0
57015261100,58086697000,0
57191205328,57211920176,0
58124207600,59802529000,0
56819286200,57191898518,0
57210822480,7102666167,0
57218325951,57278847300,0
57217154962,57772698400,0
12780694800,55833066700,0
57209291916,8616406100,0
57360529800,6701867677,0
57221570663,57222610574,0
55787164700,59797986500,0
57094616900,57223014620,0
55665456000,57202779377,0
57202745618,7101975791,0
57189074292,57388134900,0
57212266720,6603234996,0
36650382400,58102558100,0
55324294400,57212554434,0
57225199843,8540875500,0
55746940300,57206893445,0
57222730994,57224218461,0
35092058800,6701745767,0
57225217157,57788715000,0
57200410908,57218766337,0
57215102752,57362983700,0
57204174728,57219277990,0
36721779500,57554507600,0
35095636300,57904702600,0
57220748550,6602277744,0
7005683131,8871368500,0
36468959100,57208596694,0
56100276100,57200965730,0
57220950721,6603509762,0
57202379800,57278289000,0
56050389900,57195279135,0
54583539500,57217170008,0
57201316851,8202851100,0
24278419000,55911024000,0
56017313400,6602814239,0
24278419000,56157717000,0
56926696600,6508363068,0
15741157800,55307484200,0
55228787000,57198890094,0
35475009900,57193423111,0
55665226800,57207766930,0
56556565800,57914525400,0
55545633500,58200046600,0
35786735700,57202787234,0
56025884600,57224831324,0
35619118900,58108233000,0
24462686100,57215145200,0
55378410100,57196036128,0
57191708331,8842034500,0
57221552670,9746797800,0
54781300600,57191633013,0
55788564000,57218568822,0
55471327500,57772698400,0
57203531204,57205063868,0
22991301300,57210894280,0
57194104468,57203454123,0
16229748800,57673607400,0
56709640900,57193268552,0
57195568405,57213689998,0
55619738000,57224576794,0
26032541600,57221582056,0
56081399500,57215769602,0
57202424701,57217718572,0
55523859600,57150050300,0
57194026780,59988731200,0
57200984590,57322306100,0
57204832524,57207619810,0
55619775400,57289768100,0
55992177600,57198345630,0
14021049800,57208033946,0
55087222300,57208088761,0
57192303346,57194622625,0
55981667500,57201691055,0
56959964500,57217336969,0
57200045265,57203044423,0
13605127900,57194715865,0
35615066800,6603551893,0
37025944200,54924322100,0
57209746166,6507213163,0
35546900100,57201546952,0
57218401533,57226376713,0
57207967241,57216539523,0
57191854299,57203413251,0
57558221300,7004120983,0
56779692100,57749939300,0
57193486010,57223435605,0
36651681100,57202448929,0
26027149800,56674725400,0
24479959000,6508363068,0
10140958400,57219903858,0
56073800000,57189623051,0
56541553400,57195067107,0
56663792300,59313752200,0
57223885183,57413715900,0
57105113000,57205762541,0
57212200598,57226236823,0
55568186000,56674832400,0
57200426447,57213546459,0
57195289413,57211350444,0
57200114017,7201677725,0
24339158000,56227341800,0
56811564300,57204598234,0
57188656367,6603904264,0
56594276600,57206787157,0
55969453600,57215829648,0
54986324600,57203021635,0
35473032800,58081982900,0
24330030100,57201096233,0
38661394900,6603801818,0
55428927600,57223236563,0
57189074292,57956252100,0
15055910800,57200563102,0
57195354580,7202480403,0
57208722115,58492949000,0
12771097000,57195671153,0
55923221700,57208425908,0
57205124320,6603128830,0
56237393300,57535718100,0
36496371500,57215185646,0
55266437700,7101828726,0
35179056300,58586227900,0
23987119600,25422285200,0
36816468000,57221732069,0
57211601878,57221339125,0
55320475800,57191900480,0
55512466300,57224728450,0
57193665886,8533612500,0
57194705410,7006640091,0
55376455200,57212551199,0
56245395300,57224156152,0
56043142500,57203393699,0
16554843500,57218120589,0
57143944000,57188961553,0
55356861900,57223323186,0
57192872816,57219746232,0
36839858800,57201449098,0
12242010500,56530358600,0
35434643100,56819117900,0
57015261100,57214183996,0
57221862956,7003359246,0
14049155900,7004062139,0
57202402895,57216401706,0
59662811800,8882780600,0
57247984700,57266562600,0
16199397400,57208926150,0
36624165900,57214190714,0
57202903305,57211960952,0
57208673746,57209638038,0
57200422818,57217351339,0
57210636908,57219790908,0
57194507234,57225182251,0
43961125800,57201196015,0
56602798100,57202137592,0
56727870200,56808778000,0
24824188400,57194041971,0
57194469942,9635329200,0
57214189215,57216755559,0
57215149048,6504067845,0
57218119689,58975341700,0
55831761600,8944481500,0
12786182200,57189598280,0
57223014620,57915534600,0
57216881349,57219470192,0
57189253895,7005322928,0
56542795100,58298376900,0
54934537600,56401604900,0
58165093600,6701608636,0
57200889937,57209345549,0
55878047800,57225804358,0
55878518900,57963146900,0
55814885800,57200806732,0
57132920800,57210559078,0
35721785100,57203531204,0
36994478600,57211427050,0
57211317466,57220077843,0
55615833500,7005543703,0
55646353000,57225957056,0
57105113000,57205287889,0
55226136900,57875139500,0
56699699900,7004265737,0
56790073600,6505758008,0
43861246800,56231177500,0
57214492532,57219961964,0
51665689800,57218290192,0
57195932397,57213767003,0
57193613314,57194273004,0
57201818321,57219877582,0
37087037000,57216776259,0
57208885848,58074396900,0
12780694800,57355537400,0
16062991900,57217595641,0
57212462957,57651822100,0
35476828500,57374760400,0
57194195107,57205195001,0
55115920800,60152072400,0
57192870008,57214849928,0
57214181552,57271034700,0
55081840800,57203281987,0
55616120700,57194349796,0
56918651600,57970655200,0
57195904455,6508375138,0
26655075400,57103819300,0
57194279893,57218679602,0
18041935700,56432590300,0
25223549400,55665656200,0
57193832250,57214322337,0
57205307761,57214861771,0
57946903700,58175870700,0
24376383400,57223309138,0
55641695400,57218849088,0
12779013400,57211901417,0
57200400301,57205162626,0
14818985800,57207939956,0
56449354900,57222810020,0
57208236682,57223435605,0
55885881500,57218630755,0
57205630922,7102205549,0
16199397400,6701474709,0
6602723443,6602823371,0
57223929188,57956262000,0
12646175000,41861097500,0
57061886100,57323175600,0
57221531300,6602101968,0
57200960817,57750849600,0
55334528900,57201012572,0
37118336200,57190161603,0
55440589400,55882827100,0
35559665600,55976667800,0
11439250900,57226316838,0
56768831300,57188628987,0
56747961300,57193427408,0
29767703100,7102178796,0
57201580887,57211342197,0
24176157900,57193210476,0
57194742238,57202398279,0
57212218856,57218387464,0
57200619062,57210888538,0
49862903000,56739975200,0
14522699800,57454578500,0
57215497382,57558221300,0
52663129000,8544008900,0
57202437390,57266335300,0
56850461100,57221582056,0
57220509361,57435766000,0
56450278400,57208004073,0
53983638600,57218871316,0
55421047900,57188675884,0
42361850800,57226236823,0
37020703900,55578807642,0
57197092087,57205711887,0
56004722300,57200334285,0
57219356720,7801614854,0
57212228481,57226165264,0
36838460400,57195946682,0
57211437638,6602789090,0
57351933900,6603147366,0
57203547083,57215934737,0
56227341800,59662861800,0
57215150045,7003395367,0
57210888537,57211231697,0
54400811900,57722436200,0
56382377200,57215364360,0
57208164122,57214556569,0
55810848300,57195314179,0
7006612363,9278040100,0
6701462572,8707619100,0
57193929795,57195261969,0
15136671100,17342671000,0
23102200100,36652922300,0
22979129700,56437217100,0
55757203600,56857250500,0
26635822900,57197858027,0
57195314179,7005623741,0
37068006200,57194854340,0
55413466200,57202437390,0
57214186713,6506645414,0
36838460400,55574403700,0
7006827604,8509006100,0
14522699800,57188866581,0
55249513200,57217798823,0
57094616900,57200270272,0
56747264300,57653902100,0
57208820563,57215026290,0
56239725600,57218341338,0
6603147366,6701448651,0
30567549800,57209827092,0
57210636908,57212136231,0
57210224558,57211437638,0
57195982562,57554621700,0
35731701000,57200695435,0
57191866398,57201573233,0
57189727473,57200447023,0
56295292100,57202634244,0
55915590900,57221692718,0
36016768600,57208875935,0
56739975200,56992895800,0
56156146300,57203101749,0
35764362600,57221094686,0
57215102728,57218516928,0
54380357500,57200565305,0
57211516339,57214181552,0
57210692502,7102178796,0
55085535700,57189708597,0
52664450800,57224974900,0
57195933421,57223180447,0
56182160600,57197269844,0
57190975605,57218849088,0
55940439800,57205297181,0
56335960900,57195592867,0
54079371100,57226061739,0
57191415170,57221597907,0
35546900100,8589168500,0
56258914100,6503985128,0
55085556800,57192397039,0
57221769089,57696015900,0
57205616187,57218569616,0
57197824872,57557282400,0
57215537306,57224663361,0
35584031200,55803742500,0
57216317950,57218940092,0
36156175900,56131757100,0
18434783700,57261492100,0
57201433592,57315582700,0
36673933200,56803930400,0
55619775400,57188758198,0
56070165000,57222024477,0
57206888633,57214823832,0
56747200700,57963146900,0
55954785600,6506901144,0
55933913700,57211132197,0
57221090422,58934071000,0
57289236600,57563552800,0
55916496500,56525225200,0
56962704100,57202782702,0
35574263900,57094669700,0
14021049800,57224575712,0
23973868600,55226552800,0
57202060730,6505672538,0
57191403346,57196084513,0
57191089948,57221912435,0
57194560502,57204572813,0
57217293200,57218242668,0
56520358300,59026125200,0
57221918587,57223902831,0
16301272000,57870068200,0
13104130100,55388149200,0
18633978400,57224155633,0
26634884900,57293102200,0
57220514923,57222536810,0
55479849400,6603153404,0
36342233400,57296576200,0
55266291800,57222000582,0
57194194226,57220207200,0
57214190336,7003391443,0
55971993800,57034940200,0
56970940100,57219587097,0
36991101500,55915333900,0
14831184100,57191407988,0
36652331000,57195573495,0
14218849700,57627052700,0
56433597800,57469282300,0
56505366300,57201449098,0
57200132936,8275704100,0
56422332700,57225938032,0
26636439000,57200116102,0
7005465927,9743372800,0
57214316831,58251274400,0
56432590300,57777372300,0
57189236111,57189713730,0
57200836355,57211524707,0
14007750600,57798912800,0
55220063300,57197521695,0
36802392200,57201681975,0
57038964700,6603574466,0
57204596625,6602551667,0
56487825000,57218325951,0
35782421700,6602378345,0
57216857778,58044242000,0
57216403875,57958064800,0
57193088911,7202075544,0
36868722700,57222399096,0
57202250493,57207449471,0
55578070700,56145502500,0
57214183665,57218687063,0
55007549700,57328979700,0
57200516957,57202855454,0
57210463803,57215107378,0
56939963500,57189901715,0
57205740241,57214185768,0
16643616700,57218551907,0
23004608500,55557419700,0
59657231200,7006279246,0
57206867017,57214914115,0
57208437654,7005592130,0
57191846864,58045696400,0
57202323816,57557409200,0
32668058700,55369035500,0
58067080400,58139792000,0
55597926500,57203409598,0
55984752600,57192438426,0
55209865200,57192890175,0
57202514299,57218399556,0
57261492100,7005355323,0
57209746692,8223664400,0
57202612934,57210452432,0
57212172859,57215145200,0
57193343861,57219161373,0
16177877300,57216909327,0
54400811900,55636320349,0
35387319700,57220039211,0
57217718572,6701608636,0
57202679910,6602643141,0
54996034100,57210993536,0
56927916000,57482520200,0
56480754700,6603753302,0
57211107689,60082572200,0
35460884400,57211695211,0
11440300600,57204243731,0
26642336600,57201120639,0
55263512800,57094616900,0
33267449500,55706745500,0
55607335700,57220047088,0
57200425175,58405037400,0
56742787500,57222248811,0
57205608779,57220064244,0
56289557600,57194191719,0
57194613813,57218341338,0
56455210900,57215151446,0
57216509366,6507121325,0
57191908619,7203013613,0
55653066500,57219845650,0
56131381100,57202677171,0
57193542018,57194184256,0
35434643100,54892907100,0
35574263900,57213597508,0
57202493835,57253709000,0
56659215200,57215383401,0
10539970600,35277170500,0
57398464800,6701711430,0
57192963392,6603753302,0
12142068500,57211262772,0
55661019500,57205302262,0
55973463500,57196022709,0
55970297100,57208323503,0
56033235800,57224106477,0
54417901000,57203410474,0
35617224000,57348930400,0
57221438946,6506395143,0
35175388700,57189255162,0
36868256400,55955755800,0
13610095800,58486613000,0
57201877563,57226389009,0
36810373800,57209573401,0
57212537459,7003921536,0
57189089750,57191692420,0
58336590900,6504443983,0
37023339900,57205447537,0
57202949469,57899474000,0
14059609600,57204929173,0
57189241650,7006612363,0
57189096251,7007133905,0
55882063100,57214332314,0
57212403889,6508202257,0
56469166500,57203842965,0
57188951648,57224583512,0
57190258392,57215144279,0
58037639700,7101666751,0
57202578790,57204790076,0
44061113300,57214940629,0
57217336947,57223143495,0
57210701256,57217436523,0
25654395000,6506171002,0
54790826700,57212022686,0
56990733700,57218681546,0
55814885800,57221759483,0
57218348950,57218583376,0
55325349900,57195289413,0
55664656300,57188924761,0
26645366600,57210134589,0
57313075200,6507102122,0
57886360900,57970371700,0
57189986568,57211519146,0
57204553792,7102602128,0
54880573100,57223231179,0
57204136385,57218761000,0
56461326000,57194735402,0
22933897800,55653726100,0
57210412147,57217050073,0
58174710400,6701916486,0
35335955600,7004481112,0
7003450280,7006018359,0
56841143500,57192641626,0
56053215600,57798912800,0
55418858500,57199848502,0
57194740873,57195803504,0
16177877300,56059152500,0
35950439400,57403948100,0
55979245300,57199330634,0
56958400900,57194288925,0
55641695400,57210724846,0
56587469400,9273383800,0
56180862400,57214940820,0
57201057880,58283699600,0
54379709900,57219639534,0
58062614800,7004206776,0
56427492300,57219982774,0
57221520155,58630072200,0
57226684680,7003699883,0
57210841993,57315502900,0
56970590600,57220645082,0
57191604670,57209244062,0
55640074100,57205548821,0
57202380390,7005231695,0
56044626000,57193492200,0
56422356500,57104445900,0
54880573100,57192073087,0
57215185646,8605183500,0
36060393900,57212453508,0
12242010500,12782630800,0
57205447537,57969643100,0
35476648500,57209087382,0
57195314179,6602227729,0
36104074200,57210255285,0
56319500100,59158179600,0
56371151800,7102098015,0
57203455596,57205765158,0
57219225523,57221437612,0
55826044700,57204352960,0
57190983870,57201120639,0
27467682900,57200913729,0
53982777700,57205677091,0
55621406900,57205768766,0
57194026780,7005040560,0
57069622400,57203974537,0
57205583730,57222749916,0
57195594364,57204501045,0
43260935500,57741497200,0
57218193751,7801532760,0
26666280700,57206787157,0
56441147000,57201617502,0
42461223300,6602993112,0
55372096700,56373507100,0
16242557400,57209322988,0
57208651654,7404444957,0
42261069700,57221997539,0
57202263698,57211426825,0
24339158000,57221582056,0
55960567100,57653902100,0
57195354580,57197023682,0
24480749600,6507085553,0
34880368100,57202947398,0
57192928549,57538517900,0
36639370700,57350373800,0
55535491100,57201164017,0
35510387000,57221949854,0
57203822804,7005778076,0
57195995961,57200227440,0
57209661857,57222043955,0
56041720100,57209661009,0
55421338900,7102251118,0
57201858968,58491983900,0
55499300300,7005468526,0
57188812962,57215107018,0
57211348936,57967209300,0
54784204200,57673607400,0
23987645200,57189616779,0
7003450280,7006750502,0
57188643984,6506670264,0
57217120265,57270544900,0
57191669716,6507616033,0
35185387700,57213772876,0
57212197546,57954564100,0
24173141100,35421383500,0
24177391600,57215584160,0
36020052800,57203525059,0
56489989200,59586827600,0
57201480507,6603127485,0
57194289125,57226165089,0
57205109869,7101835153,0
57204120304,57224157586,0
54398460700,57225073927,0
57215187039,8375248900,0
54901949900,57203822804,0
57218878899,58310610200,0
55898255600,57204478890,0
34880731400,58104798300,0
57381354400,7006331382,0
54945032000,55905205100,0
57201278144,57205526157,0
57719990600,57946903700,0
55621406900,57201434495,0
57195415635,57221229361,0
57218684326,57219161373,0
56044626000,57222100514,0
57202604681,57226006615,0
14070116400,57948786000,0
57195065379,57201185210,0
12771097000,57224203439,0
55405029600,57224974900,0
57201527512,58086697000,0
57210452432,59498534200,0
23096428900,7004361186,0
57202955220,57204759847,0
57221571136,57424025400,0
36489087800,57200114017,0
56489813900,56845192300,0
55115920800,6603713879,0
57210718477,57540334900,0
57202590581,57209748348,0
57191900480,7006012333,0
56328172700,57203059518,0
56607432800,57201988030,0
57192275447,7004521489,0
57193262849,6604037091,0
57204629917,57205749825,0
36868256400,7004062333,0
57202493835,6507189055,0
56599788000,57226750833,0
55640074100,57200960817,0
36625829300,57219885258,0
36951893900,57074168400,0
57203886562,57223231179,0
21833487900,6603363003,0
57204685924,7103043561,0
57208445123,57948786000,0
56462886200,6508385053,0
57193877561,57213689998,0
14054610100,57322306100,0
55956159600,57203880602,0
24371217600,57194761603,0
57215291483,7102126040,0
57201301532,57218399556,0
57195933421,57204198476,0
35202276600,55960802600,0
54417901000,55220196200,0
57191912640,57202195479,0
16026698600,57203204973,0
36675972400,6505672538,0
36971878100,57203527004,0
23096090400,6602828586,0
57214191677,57330321700,0
56926654500,57191889253,0
16064360400,57217018455,0
57160512400,7102633221,0
56709549400,57224974900,0
57200984590,57214185922,0
14424608900,6603388713,0
57218679133,6507131743,0
25947321200,57195807828,0
15741157800,57210132299,0
57199645286,57202193229,0
56681872500,57211452861,0
57203546432,57220184531,0
56730985600,6506160194,0
57192382583,57862176200,0
37560946400,58694277600,0
57191343877,9338311900,0
58089326200,59091724000,0
36609838100,57193672454,0
56237393300,57195100670,0
54913625700,57217131819,0
56105087200,8424235900,0
15061843200,57210390541,0
57222730994,57262367600,0
57194876074,57203659172,0
57207967241,57217424563,0
57201802387,57204740716,0
16062998800,57194283033,0
56448473600,57193922486,0
57200674591,9640029700,0
57817037700,57915143800,0
57200116102,57201012786,0
16318838800,23390441500,0
24166599500,57201405929,0
23972574300,57200960068,0
57092536700,57202250493,0
57212745344,6507718206,0
26321876400,57371016000,0
57191493028,57192697218,0
57226449174,57362885900,0
57194761603,57224576794,0
57155881500,57217004041,0
56596313400,57224315503,0
57212462893,57214849614,0
55831614700,56940459700,0
56564855100,7003958646,0
34877235700,55220687000,0
57217018455,57223231179,0
57204095303,57215490665,0
23994692000,56897081100,0
55190934400,57226357862,0
57117323700,57212307833,0
35148438600,56025767600,0
57213596703,57216401706,0
55347531400,57293057700,0
57219123892,7005797030,0
23099238800,26321347400,0
56399167300,57190766886,0
57202219556,57211744823,0
57214105087,7202134742,0
56684707300,57202188259,0
55351753800,57195560550,0
15741157800,57204177993,0
37091702000,57209097511,0
37035058100,42761833500,0
56123715400,57143765400,0
6504311468,9037312600,0
56236850000,57222615192,0
57199848502,57211870849,0
23981156000,57210696636,0
57195280315,57210805871,0
16314810000,57190802420,0
57194183386,57674157400,0
24174298100,56819111900,0
57201090157,57223122313,0
56385629000,57935083000,0
55087222300,56681785000,0
55324294400,57194734970,0
55934349000,7101662648,0
57094669700,57217633174,0
36868722700,57241560600,0
57191343877,57893550000,0
35387319700,36666109700,0
6701405364,7004062333,0
12786182200,57224556300,0
57205150265,57222810020,0
56576220800,56600872900,0
57188628987,57193495004,0
35169491400,56537108900,0
57200513614,57215432245,0
35473838700,57909510900,0
24167716600,57190191765,0
56895810800,57193647460,0
57642885800,59313752200,0
57212697795,57220989806,0
55868704200,6506106345,0
57201728561,57212501237,0
57193011001,57205616187,0
56901271600,6508364691,0
56386015500,6701424197,0
54951517500,57210202522,0
42461223300,56747425000,0
36104074200,57210195604,0
57200944662,58288472900,0
57206889270,58000043100,0
10044311600,7003479249,0
54965487500,57194112908,0
54386526400,7004835587,0
56421951000,57113291300,0
23484917300,57211085493,0
57203413251,7102795216,0
56712389600,57312048600,0
57225938032,7004870189,0
57223190210,7101828170,0
57217181411,57218126879,0
36675972400,55437936800,0
57215101197,57364172700,0
57201722633,57204314194,0
57214192451,57223862253,0
52664007700,57190441690,0
53263670000,57195420487,0
57208667025,57209222127,0
57192591670,57200388852,0
57144663400,57216404368,0
56437217100,59169513800,0
55344658600,6506626752,0
55642295700,57215144273,0
57452457000,7801624906,0
57213358811,57213539478,0
55628432900,57220165440,0
35071113300,57210566450,0
56494277900,57223087546,0
23003258800,36056049400,0
57201879402,6507550236,0
57023536800,57779252800,0
55628432900,59078152800,0
57203816121,57218159309,0
57214737063,57217100420,0
52363632600,57200376897,0
57222481947,6602828586,0
55895199400,57218686403,0
56487822900,57203894446,0
57189363992,58533234200,0
56008733700,56688575600,0
57189440797,57218994837,0
57214792636,57218556770,0
55654645500,57316553000,0
56903779800,57216294315,0
57200965730,57808818900,0
57223434569,6603953740,0
55546293600,57194237814,0
55661019500,57203178271,0
57200960817,57211404233,0
56050389900,6603156028,0
55917698800,57204171151,0
57540334900,7005805486,0
55361319500,6603271904,0
57212172859,6506305946,0
57191266289,57426794900,0
57189236111,57219472222,0
57201989588,57219660583,0
55868704200,58090740800,0
57205287889,57208899553,0
14023289800,57191344544,0
57205102882,57216583353,0
37080314200,57195468678,0
57194183386,57219445207,0
57200824306,6508289518,0
57219354172,57293057700,0
57189688011,57204827588,0
56688575600,57222178455,0
56641717100,57193520263,0
55890179600,57200113310,0
37118336200,57117323700,0
55868205600,57214314265,0
6701723514,7003902989,0
36151206500,57216317950,0
56567731200,58533234200,0
36651339200,57194254327,0
54583143500,57557409200,0
57196442016,57212035789,0
13008420400,57226399900,0
57216276073,57651822100,0
55884865400,57214180726,0
57200291145,57215693235,0
55252499600,57207987084,0
55220687000,57195414864,0
55208845600,57193382012,0
57200037148,57212019494,0
56548901900,57217336947,0
55614676600,6701718828,0
57212272884,6603673097,0
36841545200,57189576162,0
54986324600,57198496495,0
35722833300,57195964703,0
57199330634,57218568200,0
57200661409,57214183847,0
57222000582,57817621100,0
56289741000,57204038909,0
57205559965,57315502900,0
55340880600,57203746746,0
57056521300,7201906013,0
34867881000,57206032001,0
55868704200,58822965000,0
37038193900,56053126600,0
56433597800,57203549453,0
57192700087,58140925900,0
15061843200,57209882568,0
57194323286,6603942569,0
55115920800,57894035200,0
56967860700,57170689800,0
57117489600,6701718828,0
57201719319,57202250493,0
51665689800,6603605014,0
57216368717,57222043955,0
57773902000,6508375138,0
57192686298,57211980385,0
57221953193,59091724000,0
57195676028,6508328264,0
36145399600,57204735945,0
23101781200,55344487200,0
13406569500,57194183386,0
57209285279,6701768461,0
23567383600,6506906545,0
57211601402,6506382388,0
36986835400,55317765400,0
57215828952,8534471900,0
37052613300,57201948418,0
57191557302,7003478797,0
57220996918,7102474754,0
57798686400,58525934700,0
55256983900,57219225523,0
57203166008,7004225897,0
54955558900,57271034700,0
36998799200,57200730023,0
57216279131,58321920800,0
58102558100,7202566988,0
57214183368,57218707376,0
36128430700,57219671587,0
16553665300,54791865700,0
57205705195,7102314294,0
57216294315,57222735293,0
35583000200,57204938647,0
56732423100,57211534375,0
35422588700,57491116800,0
55942805000,9235487600,0
11739296200,57193730238,0
57190137206,57215106856,0
57421541900,7006625893,0
57213686247,6508177495,0
56576608900,57190572638,0
57203000098,57955500700,0
57194598932,57209087382,0
57103819300,57216457753,0
16400718100,57188853853,0
57189374217,57218316668,0
57195550569,57214183120,0
13610095800,57202581227,0
57191632365,57211349867,0
55545633500,7103053518,0
57195677316,60429549400,0
59956517300,6603919610,0
35602313000,6602715112,0
57222000582,57317666400,0
57188683967,57209750153,0
37031406300,57390313500,0
24776424000,26221591900,0
57203844922,58104798300,0
56703525900,57216367360,0
36461041400,57218852842,0
57203965820,57823268500,0
56346204600,57210956102,0
35613260800,57003502400,0
54780172900,56506588300,0
57204136385,58308831700,0
57199731514,57221784997,0
57203897353,7102126040,0
35510387000,57214861754,0
53879403200,57217148663,0
57220109247,57296780900,0
56173632300,57193262849,0
57211046642,57215107378,0
57955500700,6602844477,0
57219791677,58300629700,0
35145814800,7401739764,0
57237606700,59827720000,0
25635426900,57074168400,0
56245395300,56820027700,0
57202219556,6701639216,0
55252654100,57835514000,0
57212445342,7004185360,0
36627561600,57217043875,0
56201455000,7102812576,0
57195807828,57200400301,0
56260930100,7004751343,0
56779911800,57201990834,0
57218516928,57612865600,0
57214191037,57214444776,0
35606519100,56845515200,0
57192700087,57210928006,0
57191867430,6602808786,0
57211315519,7801604422,0
57412349400,6603785139,0
57117412100,57200272134,0
34968901700,56462316000,0
57203844922,57211030130,0
57208819121,57578634600,0
55623402000,57221606534,0
57225422813,7801528716,0
57201475816,57218272578,0
14420864600,57192938250,0
57195197945,6701722261,0
15136212300,56556155600,0
35365153000,57195358619,0
57195987896,57203880602,0
37108270100,6602828632,0
38662288000,57205162626,0
35202276600,37118336200,0
47361218700,57331084500,0
37020703900,6508385053,0
57209322988,6504280283,0
57207877810,57218871316,0
57197748523,57202792218,0
25931183500,55361659900,0
24824188400,57220743167,0
57205342880,57219885053,0
57203928236,7202085730,0
56732311700,8580703200,0
57203870517,57207695231,0
56416487300,57200376897,0
57208427094,59166000600,0
57189870236,57215146466,0
55376455200,59662861800,0
56433597800,57190427965,0
57201725370,6603509762,0
52664007700,56281960600,0
54382485600,57218991639,0
55212615700,57202322317,0
56437217100,57222276278,0
16202617000,57201998453,0
56770826700,57226448848,0
56462886200,6506716797,0
14060455600,35584031200,0
57215107959,57540334900,0
55630517700,57201196015,0
24479959000,58313855200,0
15836326300,57073063900,0
56028769400,57200969953,0
55320794400,55694511900,0
19640313400,57189326030,0
55746940300,55970297100,0
57212350721,7005091934,0
57210977636,6504067845,0
57195411285,57199101804,0
35555798600,8656299100,0
57196117932,57201119814,0
56789638500,57262195800,0
24504319000,57208142067,0
44361299900,57215776173,0
57209591609,57211960952,0
57215149890,57958064800,0
57190761644,57558221300,0
57191568144,57207688686,0
57210389913,57217311399,0
57202188259,6602715112,0
52664007700,57120078000,0
24381682400,57215663741,0
57191708331,57195410197,0
36739221800,55846106800,0
57204596625,57220434860,0
57194464165,57225737613,0
57194469942,57207458121,0
55839010900,57219435558,0
57189221940,57247984700,0
57196479330,57209175245,0
55996324500,57197750458,0
15768120800,57208623046,0
56646323900,57190970262,0
55587917400,57195070975,0
55587974700,57932056700,0
14054610100,57904040900,0
19035625400,9735536400,0
57208651654,57366260200,0
57425394900,7404382052,0
37666056000,8718772800,0
57205215527,7403277146,0
57203792010,57219727623,0
57201726260,57210221370,0
36952258700,56732517800,0
56954622400,57202783289,0
55180753500,57193929028,0
57210463803,57223087546,0
57191222926,6603007070,0
56180274600,57193673606,0
56971526400,57214185326,0
56780215300,57216656795,0
57220190496,57226149042,0
55177578300,57201548063,0
57212272884,57226468811,0
57189901715,7006279246,0
35997230900,57209661009,0
56993156800,6701448651,0
57201406627,57212492905,0
52664450800,56196163700,0
36844104900,56245796600,0
16028772900,57193566572,0
35098561600,9745198000,0
55393377600,57193131830,0
22033565300,35615066800,0
57193447530,57194153124,0
55437936800,57193644869,0
55819425300,57211462657,0
54383232900,57217186756,0
55185349100,57224180948,0
55070746900,9273383800,0
54791365300,6603839720,0
57196219628,57200291145,0
57193730238,57223014620,0
56429499100,57216275328,0
57202679910,57211534375,0
57196707430,6602277744,0
57209301796,57822663000,0
13611549900,56506744300,0
57193645493,57535718100,0
56024497200,57192661896,0
57217186654,57314518400,0
57190736386,57209683121,0
57208899553,57210162585,0
57194735868,57215695361,0
56779935800,7004405540,0
55975324900,57193345637,0
57200860592,57206889270,0
56175367200,57193520263,0
57202137592,57218685839,0
57219563270,57483438000,0
55984672100,57205102882,0
57192199126,57211523239,0
35617224000,57219494022,0
56004722300,57209449016,0
56004835000,57377994600,0
6701916486,7202143407,0
56740449800,57190340003,0
56161056700,57208088761,0
34978111800,55873463600,0
57015395100,6603293779,0
57213539478,57218246541,0
36503590600,57218610871,0
56755367700,58862004300,0
57185831200,57193213089,0
6506847178,6601905996,0
25925922300,57202961712,0
55989421700,6507584540,0
50960925600,56518279500,0
18434783700,57222622132,0
55323420300,56421951000,0
25621414000,56545194900,0
56134717100,57216404226,0
16070628100,57216002789,0
57195426504,7003376733,0
57206481447,57347901100,0
36971878100,57366114000,0
55312463700,57204658698,0
57209714947,57218122043,0
57195279135,57210843347,0
57200727733,8871368500,0
6504646694,7003305314,0
57211281308,57413715900,0
56395383000,57213569875,0
37077016100,57218164265,0
7003767448,7005233332,0
56430927200,57214850165,0
56282400000,57201990640,0
57214711058,8722213800,0
36767009800,57211744823,0
23987119600,54786143800,0
33667994000,57189579649,0
35326255200,57208427094,0
57194232387,57208036984,0
57204022682,8551369700,0
6506298338,7801407600,0
55667231400,57204765322,0
57211160801,9744867500,0
57193207695,6507566707,0
57201974603,58191426800,0
37018663100,55427624900,0
57194283033,57195575460,0
56479115000,57219017039,0
15846769500,57226715767,0
17342671000,7003467120,0
57219176706,57223859581,0
36601085400,57215583488,0
57201389246,57214331393,0
55620172900,57189616779,0
35773428500,57208035064,0
37018663100,57219285911,0
57202493835,57215903709,0
57191965526,57223927741,0
55628238100,57219169440,0
55087222300,55552961100,0
55932949800,57211142396,0
57209244438,57221688357,0
57207695231,57221145769,0
57205511747,8446174100,0
16403831600,35894571100,0
56907053800,57214189056,0
57207946765,57210908574,0
36911445600,57215152082,0
57195962879,57224831324,0
55411452400,57217190881,0
55955245900,57204453282,0
36136955100,57762944800,0
54882813200,57210151909,0
57207688686,57221769089,0
57193079613,57315057300,0
54785510000,6504284862,0
57194870679,57209458861,0
57205627840,57211427406,0
55967938200,57216432854,0
57194184312,57211786756,0
7401739764,8202851100,0
23003258800,56703319900,0
36626263300,57201658547,0
55194722700,57218166257,0
55249712800,57119396700,0
56524961100,57194769305,0
22433734000,7004941263,0
58298582600,7005228726,0
57203066384,57222251209,0
57209458861,57219563270,0
55266291800,57201878797,0
25926668200,57219674432,0
48360967300,57194689601,0
57194041971,7202566988,0
56545194900,58491552400,0
56182160600,57224588100,0
56731126200,57221698724,0
56004835000,57224577912,0
24073262200,57159190500,0
57192587200,58782951900,0
57215497382,57350373800,0
37661803000,57192698024,0
35386080600,57211209210,0
56910252000,57957081700,0
36850997100,57215149048,0
36838460400,57217155322,0
54685141100,57189049081,0
57956252100,57956262000,0
35337448400,57204740716,0
55964412900,6601976136,0
57211861736,6603772028,0
57218492392,57711316900,0
57201127458,57215419320,0
56118724000,57203789639,0
23026082700,57205596425,0
56689966300,57211318007,0
35453890900,56319500100,0
55323420300,55927927000,0
57216430900,57948786000,0
57202745618,8298677400,0
57217181411,57218492392,0
56615162900,57220921306,0
56938785300,57216918488,0
57203531204,57215583488,0
57195568405,57574976000,0
35497928300,50462510200,0
36669038500,36675972400,0
55578807642,57205251798,0
56244888300,7102008829,0
57193005664,57218656687,0
55885670800,57322306100,0
57192382583,57571322500,0
57203897353,7004239568,0
55325823300,57210185493,0
57204023107,57216500981,0
57204017182,57218569616,0
55909692500,57207883215,0
35757374200,55224067300,0
57201114242,8219543000,0
55635809300,56755367700,0
55403844500,57205229669,0
57200447023,57221864536,0
57190751891,57216437861,0
35997230900,57201333411,0
57219485718,57806911200,0
57155881500,57209659745,0
57194507415,7005844374,0
57193148546,57270614000,0
56708900000,57672505100,0
55574026000,55878518900,0
57170411000,8046818200,0
55587974700,56084446200,0
57196234145,57200875705,0
57202949469,57205884945,0
56308418600,57497433600,0
54781300600,57192697218,0
57194740873,57209661663,0
55578808500,57217237669,0
36627561600,57194283033,0
57214183120,57218286932,0
25958813300,57214440843,0
57211031880,57557394900,0
55403844500,9640029700,0
42761833500,57204392643,0
57201492752,57218195605,0
56379824600,56479115000,0
55850511800,57213651245,0
56404041200,6508060144,0
57204099075,57219615160,0
55665456000,56819980000,0
57192642829,57211852761,0
35937375900,7004361186,0
57196544254,57203104504,0
57201989588,57323175600,0
42461275200,57226237387,0
56377870900,57216608788,0
57190380910,57201318293,0
56399138200,6603904264,0
26432556200,26638969400,0
55487063400,6506561384,0
57208510656,7102631044,0
57867438200,58305032800,0
37664726500,57760385300,0
56179227100,57222538412,0
55905205100,57204658698,0
57201879993,58869453300,0
55323420300,57886360900,0
57173260200,57204002113,0
57192200403,57218684326,0
57217154962,57266562700,0
57209258400,57211287922,0
57202787420,7801532760,0
56719193000,8393086500,0
23568707200,57215107389,0
56025568600,57203246888,0
56369891000,57210885575,0
57204186666,58822981700,0
24377391500,56766050900,0
55637497100,57217484884,0
57212590380,57221104876,0
56454907300,57206938115,0
57211046642,57219592561,0
56924845600,57214192451,0
57202361345,57208772594,0
55940439800,57196460207,0
57217336719,8342748400,0
57216727772,57218491923,0
57215538915,8533612500,0
55178041700,57217336344,0
57196442016,57222730994,0
51461307100,57214178608,0
57195576902,7003959774,0
16416659200,55835740200,0
55598364800,57028170700,0
57204140640,58769120700,0
57201288831,57213557667,0
55328810400,57203006095,0
58082494500,8424235900,0
57211289303,57226125260,0
7003467120,7203013613,0
57188697738,57210157372,0
55679310300,57197269844,0
12805937500,57224577912,0
56112942400,6603826892,0
24477066700,57213647258,0
37107641900,56437217100,0
24824925500,57211255039,0
57193520263,57207259655,0
57191410688,57200163221,0
43761643700,57214444776,0
14037194400,7202480403,0
57215187039,7007060970,0
57204825661,8314479600,0
55941514600,57207695253,0
55022678600,56373507100,0
57198331685,6602118481,0
55413466200,57222377612,0
57188415100,57192587200,0
57204637412,6602787349,0
57219130663,57819337000,0
57207764547,57211715117,0
55907520600,57217485254,0
57212611089,8580703200,0
56897081100,6503985128,0
57469952900,7404608099,0
57204515495,57207764447,0
57208147782,57212462957,0
22733536400,57211214455,0
57215693018,6506670264,0
47361218700,57222670928,0
56525306900,57220131805,0
57211132197,57223276586,0
57195933421,7202395510,0
55344658600,57205109869,0
56983023200,57215769602,0
36675600000,56211390500,0
55930258000,57208164122,0
54783486600,57194833881,0
35185387700,57201007272,0
57205063868,6603311220,0
34875664600,57289768100,0
55220687000,7004427430,0
56399167300,56942451600,0
57039962300,57217224230,0
35419894800,57915019800,0
57198412586,57208036984,0
53983638600,6506214929,0
52263339900,6601977808,0
53263670000,57202785952,0
55345608100,57221869886,0
55328939800,6603160075,0
36991101500,55320076100,0
57188711784,57203924074,0
57195197340,57215106726,0
57190029635,57203165474,0
57192083628,58175035500,0
57200208907,57219387197,0
58919213900,7005637352,0
56012624400,57205197486,0
57205202353,57215043417,0
55367728700,7103294844,0
56674598600,57214183066,0
56194942000,57195239694,0
55999384600,57193110663,0
57220933497,57865339700,0
56020397800,57207728602,0
55446662500,56539945500,0
57192872816,57205501448,0
56423543100,57193681931,0
57211450084,57213546459,0
57218566681,57794115600,0
57201617982,7003958646,0
57206787157,57211638107,0
57312048600,57982355200,0
57219601317,57322942600,0
25635426900,35410389400,0
56418579500,57214180080,0
56053126600,7005233332,0
57117892400,57212492905,0
56469166500,56529093700,0
56394965400,57396461300,0
55607369800,56320719800,0
58491983900,6603110227,0
57435766000,58037639700,0
55992177600,57219437153,0
57201068285,57209244219,0
57211638107,57218159427,0
57203711586,57915534600,0
57197767979,57201298715,0
57215148037,59158332000,0
24381682400,36844104900,0
56525306900,6603835270,0
57207047002,59662914500,0
57147359700,57226577471,0
57218246541,57226109813,0
52363632600,57573282600,0
56728918000,57220184531,0
56453211700,57211317466,0
57204520499,7202811057,0
26666280700,56549855500,0
55257393500,57220131805,0
6701670128,7006827604,0
54986324600,57195237565,0
56748079300,57226744981,0
25931183500,56253057200,0
57201857610,6603267560,0
57211205211,57340458500,0
15020462500,36911445600,0
36868722700,57349073900,0
16300561800,36627561600,0
55361659900,57940387600,0
55861003600,57965324800,0
35495208900,57103759600,0
26634884900,57190340003,0
57210841993,57211482914,0
57200960068,57209661009,0
57218316668,57935374200,0
35112646100,56487308200,0
35546900100,57218883509,0
57185805600,8630861900,0
55424695500,57193011001,0
57226449174,6505980963,0
57189391159,7003958646,0
55933913700,57094031700,0
55979356800,57201057880,0
57352592100,6701557594,0
57156113400,57211245221,0
57205158107,58659151000,0
55886033100,57206039206,0
57218272578,7801614854,0
35563352400,57195230065,0
57198781913,57204575069,0
57218196293,57220109247,0
55204775100,57215291483,0
57429841700,8666782100,0
37018663100,6602825456,0
24476818100,57835487300,0
40361398000,54996034100,0
57218363515,57224157586,0
57219790908,6507063353,0
54901949900,57214861450,0
55969994800,57190799130,0
52364875700,56009911300,0
12801111200,57194679642,0
39961139400,57193088911,0
56489989200,57195494051,0
55936832400,57194112908,0
10143354000,57214717827,0
14033894900,57219639268,0
57095642900,7005355323,0
57497371000,6603351261,0
57195904455,57203520233,0
57673036900,6603449202,0
57203246888,57216584870,0
57216755559,6506893389,0
57192163082,58445911900,0
57217127541,57893972000,0
57191868264,6701632574,0
57203897353,6507790545,0
42361850800,57196045519,0
58087833600,9239516400,0
55636320349,57215417733,0
13612663800,57219379425,0
57948002100,7801369283,0
56292043700,57224646930,0
57131351600,57202776363,0
35473251400,57203489818,0
55315642100,57558221300,0
57226350513,57226732619,0
56443460800,8059496300,0
12796793300,9734887600,0
57188482200,57222501287,0
19933786000,57715757800,0
56664043200,57209714947,0
57214889617,57220418694,0
57215306945,57218161512,0
57192179573,57493412400,0
56168942900,57212537459,0
36462959600,57205440547,0
57211262772,57757849200,0
58824549100,7007060094,0
56605875600,57223309138,0
57199505943,57219023773,0
57214178608,57217782102,0
54583188600,57200935294,0
57194854340,57206783797,0
57194742238,57215362609,0
57210956628,57310745900,0
57193213089,57215306945,0
35609932800,46861477300,0
57197858027,57208149153,0
57221993670,6508083361,0
25932177400,57212418884,0
57203257068,57212549528,0
57222998015,6602275550,0
34768087000,57213692823,0
55262959400,56957702700,0
57194101972,57221571136,0
54583306200,57209860294,0
24476818100,57202254217,0
56674832400,56790133000,0
37110131400,6508228018,0
55981667500,7102205549,0
6602553851,7004194383,0
57188961791,57220434860,0
57194855038,6603873202,0
36971878100,57205162626,0
56211110600,57212585521,0
57190026512,57202731272,0
57224576738,6603912395,0
57201153334,57204349370,0
57204068654,58175035500,0
57212104592,57216841198,0
57203173708,60152072400,0
57212611089,58298376900,0
54786143800,57216292992,0
57202129227,57210706661,0
57188643984,6504280283,0
57225923318,7006572404,0
36163560500,56688575600,0
57211014966,57214183066,0
57217011143,57226350513,0
55312463700,57534636400,0
57209799600,57221552670,0
52264226300,57220896417,0
18436233000,59795716700,0
57203599101,59851417600,0
56650773000,7004427430,0
57202424701,57218551907,0
57195457711,57558221300,0
55690757700,57209447843,0
37561153100,56025568600,0
57207008535,57217138390,0
57670853800,8717065900,0
56610376800,7103109872,0
57212197546,57221712438,0
57191991115,59606597200,0
23013587700,57218325471,0
56209004700,57208142802,0
56954622400,57200121227,0
57204929759,57328979700,0
57200164025,57213619626,0
36965913900,56262841300,0
35145814800,57219446439,0
54408304200,57204897122,0
54405056900,57120078000,0
57192918558,57215105099,0
56435771100,57221862956,0
57204446271,57214187811,0
57202901050,6508289518,0
57215066418,57223009414,0
57214187155,59454890900,0
57205501448,57215093791,0
57189220102,57196442016,0
15755373400,57213767003,0
22733536400,57193213489,0
33368324200,57188643984,0
57094160700,57193207695,0
55946024800,57219182019,0
55986627700,57200889937,0
57205690283,58869453300,0
57206888633,57221417645,0
57143765400,6506002895,0
25822049200,56084970400,0
57210636363,58055957000,0
56393969400,56671395200,0
57056521300,57215537168,0
23493442400,57218568200,0
57191492308,57221498469,0
57196347416,57887572500,0
55351753800,56229476100,0
57190762585,57215104982,0
26967874700,34869477000,0
55039209500,57190845377,0
57203257068,8355630100,0
55600616300,7201849882,0
35975609800,55982391800,0
57217681621,7006200042,0
44061113300,55324754000,0
57191198857,7103315128,0
35077555400,57211695211,0
56004722300,57205565495,0
56331374700,57213267355,0
57163855400,7004481112,0
55189438200,57201298944,0
57195473054,57207121382,0
35112646100,57217148663,0
57125475100,57554621700,0
55334528900,59944389400,0
56964363600,57218419020,0
56985399600,57192690553,0
14056461000,57104208800,0
35997230900,6603920983,0
56385629000,6603826892,0
57214737063,57215316003,0
57189213896,57469952900,0
57200599601,57214188493,0
57195148289,57201494217,0
37561902600,57200227440,0
57208214907,57218265161,0
57197857623,57204685924,0
36697180500,57218159309,0
57194041971,57218886578,0
6602498091,7202241794,0
57202742236,57208936945,0
56084970400,57477683000,0
56927703600,57200140686,0
27169708600,57200603691,0
55757203600,57217224086,0
25031854100,57264877700,0
56901169400,57965324800,0
7102210862,8298677400,0
15922168100,57190802420,0
55618665400,58102558100,0
57217424563,7006629961,0
55891253400,7006097264,0
57189631142,57219674433,0
15838303100,55757203600,0
56521528700,58126043600,0
56076362200,57425394900,0
6505698418,6506028112,0
33667994000,8983451000,0
57212197438,6504786804,0
57193262849,57203527179,0
57219674432,59313752200,0
57200619062,57429254100,0
55225014800,55861003600,0
57200860118,57218159427,0
6508089504,7005141725,0
57188681176,57191205328,0
57201668565,57215695361,0
57212151104,59863203900,0
57195279135,59863203900,0
14831676900,57214188536,0
56253057200,57201405929,0
26023085000,57205703793,0
56681872500,57999454200,0
57193011405,57202766462,0
57196021981,57212136924,0
55974158800,57201164017,0
56491360900,56801025900,0
54411902000,57214190714,0
57196049025,6601973250,0
57197768338,59263820600,0
57040829300,57194049511,0
57191403586,57821720100,0
57211243493,57218195127,0
56557107400,57203021622,0
50961404100,57212021928,0
55953493500,57215106856,0
57204392643,6507198930,0
56608729500,57899998700,0
56089509300,57214444776,0
57200081815,57445179700,0
57773902000,58307618500,0
35473251400,57205695081,0
57219639268,57351582500,0
56378542800,56469309400,0
57223143495,57956116700,0
54583433300,6508364691,0
57221865286,58481893500,0
56116845300,6603156028,0
54419500600,57201677202,0
57189255162,57195071622,0
57211601878,57216658302,0
7005228726,7006940836,0
16028772900,56530431400,0
56381148600,57205640833,0
35074139100,57203678896,0
16312002800,46661131200,0
54783486600,57204202845,0
57192913068,57284400900,0
57190278097,7003699883,0
57194769305,7004074021,0
54383241100,55567301300,0
24167716600,57202634244,0
43461171700,57205193634,0
56736635000,57221682183,0
52664450800,56659215200,0
36138972900,57224370277,0
55749596900,57217100420,0
36480585000,56830151700,0
57215102117,57221582133,0
55932574500,57191205328,0
55992478200,57219706579,0
57213772876,57218164265,0
36813736000,57222744061,0
57219556250,7003450280,0
57201119804,59498534200,0
57220933497,57446732400,0
57202137592,57224831324,0
57217698482,57218194363,0
57200661409,57215108895,0
56928302200,57211342197,0
57215319242,57224477762,0
35345554700,57219717607,0
56258914100,57203104504,0
6603388713,7004062333,0
57210928006,57957081700,0
57211160801,57212453508,0
57193670804,57212280266,0
57189253895,57201198471,0
57191446190,6506382388,0
57201719319,57719990600,0
36986835400,57208004073,0
57201792167,57210926756,0
55700283700,57218994837,0
57193716519,57203974537,0
55654537000,6505884924,0
15045722200,24479726500,0
57190682714,57200565305,0
56118064000,6701901312,0
57200188106,57204002113,0
35077555400,55221002700,0
57215148675,6504280283,0
37261601200,57224941989,0
13607606600,57222398718,0
36492568500,57219556394,0
16202617000,55203915600,0
55671510900,57205436615,0
57200284842,57212842237,0
36720453500,7006118189,0
54791365300,55863857900,0
23490079100,57193064193,0
12143506000,59158871000,0
57190062691,57199731514,0
56122157300,56973349700,0
55645347300,57813436700,0
56785606800,57224155383,0
37077016100,7003514045,0
58201811600,6603717726,0
57217390643,7006466498,0
55237904100,7006731667,0
57219790908,57225024461,0
54894520000,57207031458,0
57191621886,58282114600,0
16400718100,33368250200,0
54787646600,56089509300,0
55848380500,57108771800,0
57210820864,57869772300,0
55226136900,57217154962,0
57261486200,9745198000,0
55421047900,8449947400,0
23093428200,57207038764,0
48360967300,7005586609,0
55930258000,56830151700,0
57193922486,57200513614,0
57194798214,57213171709,0
16022155700,57208722115,0
57221520155,57225115048,0
57200728212,57218172060,0
55446662500,57194020360,0
57197749404,57211980770,0
57214185812,7003980008,0
42361850800,57200516957,0
55224067300,6701335257,0
55811278600,57210186381,0
57220208183,57364236700,0
35453890900,36192068600,0
55878047800,57201901874,0
16038883100,57192679655,0
57094717800,7004952714,0
55338934900,57204629917,0
57202054317,8298677400,0
57195904455,57212389835,0
57212172859,57214191892,0
57218854980,57219187761,0
55672416800,57191621886,0
57215907509,57222248811,0
57191498025,57204088786,0
57191557302,57217208569,0
55587917400,7006012333,0
25822598300,57200641844,0
56414682100,57219974632,0
55257149800,56380525500,0
56703525900,6602487131,0
36597892800,57200422818,0
55507423800,57188961791,0
55202981400,56505483400,0
57217120265,7202320552,0
55974158800,57208035064,0
57218707376,7102802523,0
57194761603,57201429583,0
57201237275,57210390541,0
54791045400,57191888376,0
57221951393,6602828632,0
44961160900,57200415234,0
44760952200,57263403000,0
55932949800,56768212800,0
56009911300,57226680783,0
57214178886,57216404490,0
57190987523,57193613314,0
35507950000,57215300006,0
15849625600,58336590900,0
57192896977,57211003908,0
57224583512,57837726300,0
57221104876,7102098015,0
54783293900,55618871000,0
37055346900,57217436523,0
56693891900,57220921306,0
55814885800,57191362485,0
57205202353,57219601317,0
57194265142,57218593408,0
55890179600,7004904297,0
57208717781,7004062139,0
57210735919,57219485718,0
35588917000,56369064100,0
23570399700,57193207695,0
56524948400,57190441690,0
22938031400,57204693093,0
57211167870,57214798137,0
57210285313,58395292000,0
37099155100,7004767629,0
57190983870,6603787466,0
57208263840,6603037978,0
57203547083,57289236600,0
57206144971,57215683523,0
57195480765,57202604681,0
25639998500,7102251118,0
57195282664,57210284271,0
57206187560,6701901312,0
57200369542,7006912075,0
56346968400,57208004073,0
56012624400,57195550569,0
29767703100,57200159075,0
36612953000,57206845679,0
57195442657,57219088940,0
56053126600,57216289923,0
55927927000,57214192991,0
57195568405,6603839720,0
58919213900,60106470500,0
36625829300,7006683766,0
57218300529,8948536400,0
57189215849,57205218245,0
57206239200,7006177272,0
57202195479,58192215200,0
57198412586,57204073157,0
57223912375,57224302699,0
55886033100,57483730300,0
55514754800,57205739069,0
57200227440,57217546552,0
35308026500,6603356492,0
57218378776,6506736837,0
55574026000,56349737900,0
57205369615,6701418900,0
55886033100,57218265161,0
57197499872,9743081700,0
56421487000,6504311468,0
57210186381,57212460388,0
57201421643,57214861984,0
36973301500,57203416958,0
35085431000,57205575907,0
57203923646,8223664400,0
57203678896,57218582698,0
56461326000,6507278254,0
56131381100,6602638796,0
57218679825,8944481500,0
57192929383,6602672295,0
57201677203,6603729308,0
55898255600,7004355226,0
57194049511,57195803504,0
55923221700,57221683008,0
57211943844,57223848036,0
57188482200,57193423111,0
57222501287,8939026000,0
57202894349,57219841927,0
57216743972,6507441195,0
12244286600,36057286100,0
24823755400,57193846028,0
55903914900,57200371411,0
56182160600,57214917728,0
57190013276,57216198039,0
56899043500,8146513400,0
14218849700,57191903320,0
57216776380,57435766000,0
57190171149,57200822092,0
57192179573,8299640100,0
56927703600,57215428779,0
37666056000,56879237300,0
56973349700,57221723823,0
55664656300,56940459700,0
57190046127,57217235247,0
7003327298,7202606880,0
15926505500,16639084100,0
57201550536,7201676108,0
57194186623,57202668445,0
57217216201,57360529800,0
57190802420,7005281683,0
57226548735,6506425835,0
57188711562,57428307800,0
57215934737,7006065236,0
57217346265,57728837000,0
57195285883,57212026794,0
57218870180,7202143212,0
56012725500,57196205393,0
12794601400,8051550000,0
35762732900,57198136106,0
35389514400,57211883988,0
57053197100,6603160075,0
25031854100,56734378000,0
36542157500,56042126200,0
55929968300,6603865548,0
57195469490,6504280283,0
35322954900,9744867500,0
55083474300,57191270368,0
57205640833,57657415900,0
57207780549,6508363068,0
44461002100,57219982774,0
57219209220,57384054900,0
54379709900,57202250493,0
6507441195,7004441231,0
40161025300,57451854100,0
56326376300,57204178425,0
35750735600,57222660465,0
57194636478,57220077843,0
55640145100,57293102200,0
45161224700,57217224086,0
57223341206,7102743604,0
55014207300,56224796600,0
25635426900,57209412605,0
56715896100,57201443305,0
57195065455,59312128300,0
56430562200,56656184700,0
57193665886,57218257221,0
36163291700,57194279893,0
56728915900,57657415900,0
36810373800,56012317700,0
57202600498,57219746232,0
16311686500,57201686333,0
57214183738,7005934666,0
57193148546,57209641808,0
56209004700,57211960952,0
35574475800,57203173708,0
57200889937,57209285279,0
56600872900,57320372800,0
57189253029,57194769305,0
57196256851,57429254100,0
57204084745,57226734959,0
55022701000,57217797374,0
16402502400,57192697218,0
57200078915,6602076702,0
56857250500,57735286700,0
57192593705,7202183609,0
57190015285,57217336947,0
57206032001,57216539523,0
55616396400,57204829606,0
55427624900,57223027257,0
57204140640,6507278254,0
56237340500,57205526157,0
36193268600,57215152591,0
16426192300,57191628734,0
57195803504,6504222858,0
35883658100,58174710400,0
56359247700,56511751400,0
8446174100,8940775900,0
57214664064,57218491501,0
56016071500,57216736833,0
57189266703,57193382012,0
55810848300,56779692100,0
57203044423,6602179402,0
57209244438,57225202614,0
35099287000,57210908468,0
56025855800,57196465756,0
55961050600,57215104982,0
57205616187,57224181326,0
36156175900,55992177600,0
55992197100,56209004700,0
36627561600,57208678786,0
57205123119,57218595708,0
57202263698,6508289866,0
57212443709,57222963063,0
57219188269,57219225523,0
56662920700,57222422731,0
24536770200,56437217100,0
56669851300,57218599145,0
36620235700,57212702190,0
57192957965,57222622132,0
24172674100,57216608788,0
57199330634,57211534375,0
55889213000,57208875935,0
16307042200,6506938864,0
10939275100,57201686257,0
57204955592,57215108895,0
12783424700,56406029500,0
35976473700,57209973062,0
55957149400,58082334200,0
57188861877,57215436548,0
24474341000,33267449500,0
56211110600,57192892615,0
57195313178,57212026794,0
55659638800,57215410734,0
56462839800,57191037210,0
56548901900,57193241274,0
55985149100,57219414136,0
55907520600,57212514253,0
36245952100,57194833881,0
35574263900,57222660465,0
36085044800,57208580149,0
12801111200,56701962100,0
57211115618,57230877100,0
28367907800,55905205100,0
56527030000,9744469200,0
7005355323,7202183609,0
55936865800,57204572813,0
57204929759,7202819763,0
56844997500,57222539196,0
55667231400,56346968400,0
57214742305,59795716700,0
57194482614,57211136874,0
57211232334,59795716700,0
36245952100,7006572404,0
55619738000,57296819700,0
56715423800,57216874423,0
35389514400,57194395615,0
35350379700,57224481268,0
57218541935,7402213724,0
55838145700,57202938171,0
56790073300,57204759847,0
56019914100,6507353478,0
56047033500,57571822600,0
57207455831,57216876993,0
55664937300,57214850165,0
55339506500,57211330588,0
57205769047,57571896000,0
57211469086,57212151104,0
57163083200,57202677171,0
37013762500,57217633174,0
57216908182,57694715600,0
56308309200,57217798823,0
57192890175,57201896796,0
16639084100,57207615640,0
24476818100,57214191677,0
56195416200,57879728600,0
12242010500,35473032800,0
57211536403,57845858500,0
57209299160,58545304600,0
57218610871,57773902000,0
16318838800,57223105880,0
55976136700,57777372300,0
56113181900,56527129000,0
16678820800,57194507415,0
57211516339,57224783614,0
36839858800,57219706579,0
57203455596,57204012974,0
36085727700,57222049354,0
14013330900,36523912000,0
15061843200,35883658100,0
57196343046,7005543703,0
56524948400,6603317232,0
56728915900,57226006615,0
56654983800,57189758876,0
57189253636,6602101968,0
55530682500,57208923087,0
57190065256,57211516339,0
57213619699,6603835270,0
24758131700,8589168500,0
57192928378,57219885258,0
57216002789,7101893707,0
26532350200,54789187900,0
14019685200,14029585100,0
55202981400,57189892002,0
55664005800,57219342028,0
57217058476,7004357973,0
57192595142,57212019639,0
57214182620,57218272578,0
57196402806,57212228481,0
57195760307,57218144267,0
54790586800,57188440500,0
36868722700,57041085500,0
56079359200,56080452600,0
57201617795,57475686400,0
36971878100,57193616375,0
56029506300,57202689961,0
22938031400,57217211003,0
57203868309,57209368012,0
10140958400,53464349300,0
55970678100,57226715767,0
14831184100,57226374657,0
57209914610,58766061200,0
57195060271,57204586575,0
57200283406,57219227832,0
6603193612,7005805486,0
24796317600,55602656100,0
56998752500,57198770529,0
55691083100,58138842000,0
57200377026,57683694700,0
57207687413,57214917728,0
57188440500,57204177993,0
55441693700,57284114100,0
49862080100,55886033100,0
6508357924,6602978778,0
16022096800,57194469942,0
35609932800,57194470146,0
57211243493,6508037327,0
57219327377,57956252100,0
39961139400,57212026794,0
36343722700,57195732051,0
57190963483,57194382730,0
57214054456,57867438200,0
55339506500,57190404366,0
36994478600,57113291300,0
57188728709,57206260044,0
57194104468,7006097264,0
57215143430,57218341338,0
57031886100,7003952459,0
37093481700,57201127458,0
14422612800,56427492300,0
13104402000,57555079900,0
35145814800,56067899600,0
23013587700,57364236700,0
16432457600,57642885800,0
12241738600,6701718828,0
25031122000,54784204200,0
56926654500,57217100420,0
55659638800,57193540668,0
56070841600,57986628800,0
57204932850,57207472482,0
56487791700,57224646930,0
57197169255,7202819763,0
57194466483,57195469490,0
55332427600,7801396889,0
57215693018,6701623022,0
55536183600,57226141788,0
57201984868,57210591208,0
13607877300,35213201500,0
54584841300,7006479978,0
57200965730,57202779377,0
55440558900,57540334900,0
57198441530,6701623022,0
36763791600,57209338427,0
57201984868,6603284338,0
49061004000,6603942569,0
37096845900,57214189667,0
57194439905,57219187761,0
56377870900,57213619626,0
15134994000,57192397433,0
16021377700,26027149800,0
52964022200,55274252500,0
57221520155,7005936077,0
55931740800,57218886578,0
56262841300,57197521695,0
57094031700,57189986568,0
57266105400,6603037978,0
36603279900,58615275700,0
35786735700,57201012572,0
57117279100,57205652702,0
56895757200,57193556294,0
57105113000,57214054456,0
56674725400,57209747356,0
57189584266,57705181100,0
55911154400,57205583730,0
57221227724,7004916334,0
57192931040,6602227729,0
57052581100,57206780600,0
57216584870,7005231695,0
57215103143,6507718206,0
57202780463,57221520155,0
56567731200,57222735293,0
57215683127,57550715400,0
15020462500,57214940995,0
55153093800,57201975171,0
55212615700,55815301900,0
55308038800,57202779441,0
59842697900,8589168500,0
46161079100,57208717781,0
15058927200,54780172900,0
57210842981,57219433461,0
57224106477,7101794327,0
56966388800,57212227838,0
57215026290,60152072400,0
24073819900,7007180997,0
56819980000,57216924887,0
7004870189,7005430904,0
57202729931,58635462800,0
56507330400,57201580887,0
35112646100,57205145236,0
56023181200,57194687938,0
55971993800,57193699176,0
56381411700,57296780900,0
57315057300,57817037700,0
57201723003,57202493835,0
57188751717,57194049511,0
36561004700,54387228000,0
57210202522,6506893389,0
55632780300,57203949863,0
37087037000,57219660583,0
57209578821,57224181326,0
35731701000,55989421700,0
57200949604,57210185999,0
57217181411,57235785200,0
57193857062,57835514000,0
57194855038,57207982050,0
56675379200,57221438946,0
57204803206,7005381764,0
36112975500,57192179573,0
56355096200,57219908210,0
57212702190,58445911900,0
57191283207,57193093623,0
55203002200,57202093490,0
49662123500,57204634911,0
57118274600,57210174703,0
55982391800,57195230065,0
55596434400,57220051365,0
15032600400,57191991115,0
57190751891,58000043100,0
57188965609,57222195231,0
57194520838,57214186713,0
55844549500,57193573999,0
55926851800,57118110300,0
57192593705,57216413958,0
55989421700,57210956628,0
57201721084,57216671308,0
56257919200,57202600498,0
55504274200,57209970436,0
57194104468,57207827862,0
57189616779,7005228726,0
14821864000,8051550000,0
55934349000,56393969400,0
57190046127,57191037210,0
57189374217,57202642008,0
57195929341,57211341728,0
57209008905,57243831900,0
57189623051,57208393419,0
55833066700,57266335300,0
24073262200,56244888300,0
57008808800,57217678160,0
57203523392,57211448989,0
56747425000,57542568600,0
26325007700,57207815145,0
42761833500,59863203900,0
23026082700,57200601045,0
57201634282,57211558593,0
57210578491,57218122043,0
15045722200,57222404485,0
35077555400,8963566700,0
14218849700,57099808000,0
16021377700,57224833308,0
57217853428,57908309100,0
57220434860,57224311701,0
57193114096,57224156670,0
35567766200,57214470968,0
48860936400,57209322988,0
55811114600,57220064372,0
57862176200,8283972600,0
56081399500,57750849600,0
57215059759,57401816100,0
56471915200,56942512700,0
56966388800,7006686754,0
57195676028,6506003725,0
35421383500,56747438200,0
57213672260,57226450621,0
34874490300,55153093800,0
57222395294,6508177495,0
36967865500,57210772027,0
25825541000,57216590176,0
57038894000,57218329330,0
36669038500,58093368000,0
37020703900,6503983729,0
15749725800,57194705410,0
57202514592,57224179574,0
57203945158,57249539900,0
57203000513,57371375000,0
57217217541,58532096700,0
55829472500,56731050800,0
7101626401,7202811057,0
57201634282,57208279498,0
35173756700,57222399729,0
55927598000,6701314769,0
55873463600,7006572404,0
56527030000,57401049200,0
57213267355,7006792253,0
57196036128,58635998700,0
56957223600,7004447092,0
55958529800,56076362200,0
57224646930,57225182251,0
57201151550,57216509366,0
57193556906,6701746391,0
57132480100,57223859581,0
57202219556,57226353769,0
36839858800,57164746200,0
35997230900,57388485800,0
57192697218,57204586575,0
57216763037,57962093500,0
24504319000,57215539484,0
56921446800,58145364900,0
56520976100,57207847450,0
57217054548,6603584415,0
57201703959,57211085447,0
57195735397,57215105233,0
16067739500,23488185000,0
57193730238,57201618221,0
16177877300,57213595044,0
53868248900,57220996918,0
57194464165,57216253201,0
18436233000,41461314400,0
16237858300,24381682400,0
36342233400,57194520838,0
57201429583,57202093490,0
57195060271,57209661009,0
57204856560,6603813409,0
25229039000,58069070600,0
57196023105,6602100418,0
57190660749,57207986703,0
57567212400,7202534688,0
55466744300,57203599101,0
24381651100,57207847450,0
56435594400,7102098015,0
57200642904,57217533046,0
35976473700,56966388800,0
24469300300,54957059600,0
57189627815,57202642940,0
6603188445,7004508608,0
57204149623,58499306200,0
16022096800,57211861736,0
57195070975,6504359000,0
15045722200,57222090741,0
55664777800,57195940931,0
57203993836,6603363265,0
57202513641,57203178271,0
57218159427,58144715700,0
57201686257,57207008514,0
23092704700,57188861877,0
36651122600,57205198099,0
55320475800,57192201395,0
55007549700,55963960000,0
6701922481,7003571242,0
55241360300,57214185326,0
57201406627,57203814878,0
23102200100,55405029600,0
37080514000,57207008535,0
57204955592,57221341400,0
57191889253,7103109872,0
56139889100,57221606534,0
57200730023,57216420195,0
55945194400,6603400945,0
57193087551,57208702273,0
56520976100,7101828170,0
57202029288,6506938864,0
57201855029,57214185808,0
56320904000,57200035416,0
57212403802,57217678160,0
58221326000,6506451414,0
57210802312,57222634825,0
57200188106,57211131431,0
56487825000,57212307833,0
36652922300,54419323400,0
57215148675,57221109427,0
57195197340,57208667025,0
57209714947,6603328586,0
55770895400,56906903200,0
57201734615,57223087546,0
56289741000,57216441606,0
57200108150,57673883400,0
57219982774,57222810020,0
55873463600,57202514299,0
57188659251,7006625893,0
57197139370,57201732322,0
36159000900,57189089750,0
57070745000,57211980385,0
55206360800,9640029700,0
55811114600,56674631200,0
54412962900,56227341800,0
56819117900,57209087382,0
57188581536,7402031672,0
55203915600,56386934800,0
57205890458,57343120900,0
55343310400,6602971364,0
57214191037,57215907602,0
57191347298,57200524491,0
57223180447,59454864300,0
57204693093,57226375720,0
56732974800,57217640646,0
57164746200,57207458121,0
57188751717,6506214929,0
57195197340,57201719319,0
57190140446,57207457530,0
14831934500,6602680085,0
57201688248,57580338900,0
55421338900,57214755482,0
55691083100,57196021981,0
57207452039,57218527995,0
55882827100,57202642940,0
56237340500,57189501491,0
55180668900,55216567600,0
55262959400,56425076100,0
56668764200,57205197612,0
36816603100,57202703855,0
57220087133,7004894512,0
57202783289,6603822311,0
56548901900,57218387464,0
57201614824,57212385804,0
57194153124,57221086605,0
57203860123,57214230102,0
24472732900,57221369272,0
57196278674,57218991631,0
56747535400,57216253201,0
57198136106,57220177277,0
57205393249,57218170832,0
57197805115,57360529800,0
46661608200,57191301877,0
24462686100,57205632211,0
56211110600,57215216359,0
55546002700,57206459890,0
55754467500,57210185493,0
57164833400,8585695400,0
56970595000,7006504347,0
57214410064,8963566700,0
36603279900,8283972600,0
56732517800,57219050927,0
35308026500,55212615700,0
36882558500,57192391154,0
57195062935,57219564979,0
58090740800,7005645193,0
57193934157,57209345549,0
57204759847,57204879604,0
15021715600,35796101600,0
57222576457,57287307800,0
57205616187,57209641823,0
55887007300,57206889270,0
57189619607,57215102117,0
57194031859,57210805871,0
56599788000,57201573233,0
57210293047,7006668715,0
57190732544,6701448651,0
57201858968,57218477328,0
56416487300,57197512902,0
25959640900,56715896100,0
14029585100,16243020100,0
56449354900,57194834780,0
54894988400,57200163221,0
55884865400,57200960817,0
35976473700,57225722952,0
57209242984,7801374608,0
57201196907,57203523392,0
57194789300,57948659200,0
55669253000,57211695211,0
57211115618,57222193631,0
57203000513,57222749916,0
24476818100,57203394800,0
56919341400,57192686429,0
58074396900,8937627500,0
57201879993,59542585400,0
56545026700,57218195127,0
37050828000,57746115500,0
57193268552,57222537490,0
57208645087,57211980385,0
55986606800,57396223900,0
57193556906,58539953000,0
57209292495,6701424197,0
14822544000,35588325000,0
55234979200,55996324500,0
16678820800,57235619600,0
57212172859,57857783600,0
57206938059,6506777512,0
57003502400,57217225402,0
56783150200,57192685584,0
23004608500,7006625893,0
56834997800,57315582700,0
55743865300,57216658302,0
56582449700,7004199959,0
57221337264,7102649763,0
57194679642,57214551475,0
14007750600,56784297000,0
57211337705,57223859581,0
57201864122,57640213000,0
57221341400,57965324800,0
57211861736,6506938864,0
55914355100,57205104327,0
57223341206,57223808599,0
26655075400,34571143700,0
57193947763,59157983200,0
57190258392,6508289518,0
57192397433,57220950721,0
57214850165,7006625732,0
57201688248,57211159662,0
57202424701,57454603700,0
23987741800,6508357924,0
57216002789,57286620800,0
57203204973,57211266186,0
55974678000,57218144267,0
37561153100,57193882076,0
56850461100,57200644240,0
57195935522,57207692557,0
51663826300,57221393685,0
55576394100,7801374608,0
44760952200,57201250923,0
57185253200,57219446796,0
57191344418,57211292618,0
48161853500,57202263698,0
56423543100,57214030833,0
15032600400,6504443983,0
55324365600,57200164025,0
57192876741,57219232917,0
35559665600,57203945030,0
54986324600,57203413251,0
57188759143,6602257132,0
57220607113,57224179574,0
55345608100,57224477762,0
57218192507,58145364900,0
36675972400,57216148720,0
44961160900,55331323800,0
56462839800,57221090422,0
35092058800,57200674591,0
57214188515,7007018624,0
57197856140,57473904200,0
57194288925,57261608300,0
57201775200,57205624942,0
55211263300,57203484568,0
57210281711,6507189055,0
36612500400,57190065256,0
56237393300,57191614204,0
57207826682,57219092528,0
37057681700,57214798137,0
57213814632,57955781100,0
57192384912,57222402952,0
57219518963,57357277400,0
57221322669,57226450621,0
56041416200,56489813900,0
57202689961,57222400953,0
57192642829,57193343861,0
12804338800,57212445529,0
57188537146,57207451630,0
55975324900,57204546450,0
15051957000,55971047700,0
55616142000,57197805115,0
57188628987,57215147476,0
57216432854,60106470500,0
56818486400,57219330049,0
57209542137,57221531300,0
56542466800,57199505943,0
56712342900,57193913494,0
14010734200,57215291483,0
35750735600,55203002200,0
22938031400,47361218700,0
37666192500,57219053763,0
37762294800,59158206400,0
57207778989,57211558593,0
57204104250,57221337264,0
55560606300,57194689601,0
57210692502,57213596703,0
57189584266,7005936077,0
57205564497,57215584160,0
36902842200,57735286700,0
57210390533,57772698300,0
56601334700,57817037700,0
56099793900,56708122100,0
22933897800,35473838700,0
57195239694,57218876692,0
25640638600,57211883988,0
56728918000,57226389030,0
34877385900,57210150969,0
49061029800,57201068285,0
56828766000,57203062458,0
56245796600,57230084300,0
23972525300,55624616000,0
15844706600,57195148289,0
57188829651,57203456202,0
57197521695,57222990908,0
57190802420,57212197438,0
6701314769,6701409040,0
57206263089,8324300100,0
25031122000,57214717827,0
26023085000,57289236600,0
13406569500,57190166582,0
55850511800,57215683127,0
55851403100,57193446228,0
56268711100,57904040900,0
57193087446,7004549172,0
55262959400,57271996600,0
56576220800,56593551000,0
54965487500,57208225252,0
22135510100,57421541900,0
57211085447,58044116500,0
56081399500,57194870679,0
57034025700,57431831400,0
57200412020,57222276278,0
56244888300,57315582700,0
35606519100,57216437861,0
56506646900,6505517404,0
57193628522,57210122175,0
57224315503,7004916334,0
18436000300,57195774676,0
55153093800,57210183032,0
57188581536,57201896666,0
39862790000,6505698418,0
56925585200,57282290400,0
55345344600,57208667025,0
57193874214,57201504995,0
50861102400,57219665854,0
56001001600,56990944200,0
57211927845,7402170845,0
33267446900,37033733600,0
57087112000,57224783614,0
56267296900,57194735363,0
36598939000,57223595085,0
57200283406,57201683846,0
56016155100,57194237814,0
57189892002,57192438426,0
57203767462,57891040100,0
57197754933,57203822525,0
15020462500,57216918488,0
57214182065,57224181231,0
57190734513,58298122500,0
57211601222,6603822311,0
57204691995,57414199800,0
56747324300,57209973062,0
57188575644,57215102117,0
56047033500,57203717609,0
57194523287,57200644240,0
56955704200,57195320845,0
55602656100,57226061739,0
55511514300,57196023539,0
57191692420,57194200924,0
56690393200,6701501754,0
23493442400,57746115500,0
57198345630,57220613317,0
56368499800,57218195652,0
57222660465,57863837200,0
57219671587,57222377213,0
13609877600,18437640800,0
57194279893,57204938647,0
57213619626,57349166900,0
56146474900,8937627500,0
56025733100,57712744300,0
55194722700,56180862400,0
25825541000,57214183858,0
54965487500,6507525596,0
36843605000,7007053749,0
57209828320,57218602621,0
50960937600,57197750458,0
55420972300,56019914100,0
50262384000,57202924082,0
22834387100,7006434026,0
52664450800,57203847149,0
57200913729,57284778900,0
36851295700,57209571682,0
57194636478,57215094997,0
36662021500,7202853939,0
57212197438,57218594010,0
56668479100,57226237387,0
53464170300,57216404490,0
56955704200,7005553803,0
56118724000,57192382786,0
58769120700,7003895942,0
55581041300,7203089161,0
54882813200,57222049354,0
57195197340,57821720100,0
56525306900,57224311701,0
56175244500,57193737463,0
57213619538,7003731076,0
35095506200,58166544500,0
57812666600,6507924993,0
57196023539,7005001396,0
57223271809,7401770179,0
56954535800,57202029288,0
57194539161,57205559965,0
35324039000,6507550236,0
55357477800,58157133500,0
59956618700,6507552484,0
55882827100,57195964672,0
56919132800,57205325248,0
57016539100,58694277600,0
57202887572,57226551715,0
57213651245,57219671587,0
57195573495,57216404490,0
57215213867,57218477328,0
22934833900,7004376921,0
21741992200,55981667500,0
57201333411,57221085828,0
36197442000,8944638600,0
56010491300,56025767600,0
55642454600,57222615192,0
57753975100,7203013613,0
24174852000,57201703959,0
57203281987,57214861984,0
57214175164,57224556300,0
56603632300,57189215849,0
24464916700,58069070600,0
57172631000,57220642258,0
57217031649,60429549400,0
56587445700,6506561384,0
24759095300,57215281565,0
56688575600,57226267364,0
24177391600,57211558125,0
57188318700,57208919070,0
57193495004,57200914791,0
35880914800,57211744823,0
27967551900,53983638600,0
57195549409,57217100420,0
37261601200,56564855100,0
57191903320,57225024461,0
57199328648,7003712236,0
12240246800,57566651600,0
55955755800,6701718828,0
57202137592,58307618500,0
57214192400,57935374200,0
55550695600,57215537459,0
27067481500,57221949854,0
50960926700,57220642258,0
57203617316,57557409200,0
57192422813,7005944724,0
57193382012,57214185922,0
57193645493,57208338696,0
36838460400,57223135463,0
22834387100,6603713879,0
57214034350,57219697094,0
56666993200,57196185087,0
35613260800,45661023000,0
57193423579,58089326200,0
56032699700,57214180080,0
43461584000,57210554857,0
57210287553,57218119689,0
57090837100,7102374850,0
16204004300,7003686739,0
24381651100,57201634282,0
36463952800,36899832000,0
24504549500,55362857300,0
57211861964,57215152082,0
56395383000,57188667367,0
56100276100,57195415635,0
26026264500,55664777800,0
57194349796,57194769305,0
57195136446,57215143687,0
57216321182,6603574466,0
57204343177,57904702600,0
14821864000,57219671587,0
39961139400,57215129481,0
57204243731,58166544500,0
56625619300,57218880822,0
55657575200,57837668400,0
57210559078,57212025718,0
55249513200,57222172230,0
15848917900,55263512800,0
55325823300,57205731647,0
57209970436,57217487916,0
56973349700,7005543703,0
57202792218,57202955175,0
57203550028,57211602931,0
57190013276,57218378776,0
54387228000,8962997000,0
57214940820,7004978561,0
56320904000,57208035064,0
57189331236,57222043955,0
52664007700,57209322988,0
12805937500,57214112643,0
24376383400,57199101804,0
57200984590,57205596214,0
57195735368,57215116709,0
16643616700,57202968313,0
56533630800,57195468678,0
55338934900,57216747690,0
56532006800,57192958390,0
25655622000,35796101600,0
37661803000,57423670500,0
57074168400,57220554391,0
57190175049,57200552045,0
57191039949,6602823371,0
57117412100,7801424387,0
23472984600,57203215683,0
55936832400,57211874104,0
37011530500,56486081700,0
37117779600,57219592561,0
57203747822,7101975791,0
57214861520,57267262100,0
35609932800,57225073927,0
60000009300,7006012333,0
57193623498,57216419840,0
57201345951,57202766462,0
57200949604,58020431000,0
57226109813,6504651173,0
54955193100,56988931300,0
54963750300,57218136681,0
36851295700,7004481112,0
57192383343,57212445529,0
16064406700,57408805500,0
57204023107,57390357300,0
57222634825,6506645414,0
57343633300,58027976500,0
57202660685,57215530391,0
56955599800,57222481947,0
37099155100,57223308289,0
55749596900,6602109801,0
35337121100,57206893445,0
57223122313,7004239568,0
55885881500,57614238500,0
56911753200,57201449098,0
55986606800,6508037327,0
57201634282,7102474754,0
56286973200,57211262772,0
57215962202,7006788459,0
56506744300,57210582296,0
57190797190,57454578500,0
57450321900,57457149700,0
57211678716,57423670500,0
56294865400,57226248248,0
53983638600,56511751400,0
24432034800,57191473903,0
57217059317,57224123277,0
56455196900,57506265400,0
57450321900,7201929601,0
55456971100,7005909070,0
57203454123,57205703089,0
55110225800,55578808500,0
57191347298,57214188556,0
57205263489,57218338315,0
12646175000,57215590312,0
57206839368,6505901432,0
57220607113,59436164000,0
57197092087,57219124507,0
57219437153,8657454300,0
57189507284,57196346722,0
55769165700,57197750458,0
57223919857,57550030800,0
57204108963,6603079011,0
56333925500,57223087914,0
57209252159,57221582056,0
27067901300,57194279893,0
57198136106,8270443200,0
55969453600,6507565457,0
57213195597,57214551475,0
57201975171,57218836033,0
57200824306,6602436600,0
55770884000,57216777429,0
57221100629,59158332000,0
57189266703,57193447530,0
55886563200,57205106670,0
50061211900,57403948100,0
36500840300,57608704100,0
57218435526,7005141725,0
57203066384,57215143430,0
55835740200,7202452342,0
35337121100,57218223534,0
6603640296,7103061271,0
57215903709,7102008829,0
55334528900,57216857778,0
57203059518,57216294315,0
57150050300,57214183120,0
57197748523,7004650022,0
55642295700,57234377700,0
57190183602,7201890059,0
57214099401,6506171002,0
56668772700,57219884392,0
56455210900,57213692823,0
56168942900,57189038533,0
55941314800,57194572637,0
36542157500,7003327298,0
56006831500,57916143500,0
55838145700,57214188262,0
35609932800,57218251679,0
22985592800,6504345622,0
57200945886,57216276299,0
56926654500,57193670804,0
57476577900,57642885800,0
57203867228,57268328400,0
36598939000,57191043562,0
52364875700,55413928100,0
35202276600,55984805800,0
57204171151,57218193751,0
26645366600,55319211200,0
57211927845,8202851100,0
57218511476,57557394900,0
57205541173,57219471190,0
56263833900,7005474747,0
58985607000,7004206776,0
16307042200,55332536900,0
57207987084,7005465927,0
57211980770,6504285422,0
32668058700,57210150969,0
54387228000,55746940300,0
55193515100,57223261084,0
57195197340,57204068654,0
57196392129,57201550536,0
36873751100,57207946765,0
16403831600,57197756333,0
56818486400,57169746700,0
57193929795,57201307482,0
55899357800,56939817500,0
50061211900,55903914900,0
57212228049,57212764115,0
55648370300,57224181103,0
57192199126,57211894564,0
57207695231,6602633095,0
57204638546,57315502900,0
57203678896,57222276278,0
35434643100,56641717100,0
57188676353,8937627500,0
23091409000,57202060730,0
56455196900,57194183386,0
25636359300,56850348100,0
56998752500,57203317480,0
55613154000,57214618988,0
57057275300,57208423429,0
57205749825,58826703900,0
55933323300,57207112042,0
56520358300,57198426793,0
55410054500,57212019494,0
57195675149,57223241922,0
14831722300,57202977378,0
57218144267,59574971800,0
57209222127,57214988901,0
57207684461,57218376468,0
15741157800,57209002257,0
57214190875,57217237669,0
55022701000,57205109869,0
57204879604,57211536403,0
57213689998,58629743700,0
57202899987,57205229669,0
56489594600,57217072136,0
56600198600,7201849882,0
57191621886,7201455990,0
57210638469,57214183368,0
57215108230,58144715700,0
57219974632,57224181231,0
56742787500,57191611102,0
37107641900,56040771800,0
56785606800,57786340400,0
57194439260,6506384162,0
36522431400,57201456169,0
57202318301,57573282600,0
55369035500,57207008514,0
56462886200,57203847149,0
55878518900,57357424100,0
55868205600,56115462100,0
57203511535,6602571895,0
55188506200,57206239200,0
45161530100,57211759862,0
57205195001,57958386600,0
55700283700,57192817765,0
57210452432,57217718572,0
35386080600,57221918587,0
24176529600,56505366300,0
57226123823,8256031000,0
57192805123,57216590176,0
12771529000,16025645400,0
14013402500,36145399600,0
57822663000,60403668400,0
57201198471,57212428239,0
57202424701,57204182284,0
57222401768,57365466000,0
57188951648,7202085730,0
35612006900,56715423800,0
24831587100,57220336619,0
55757203600,57194255296,0
55811278600,57204513287,0
57021797000,57214183368,0
36944857500,57190740486,0
54419500600,57760832100,0
57206658992,58044116500,0
57188688151,57216798630,0
57190015285,57289236600,0
57201426073,7005430904,0
57219777484,6603110227,0
12645700300,6506670264,0
57211169861,57222081690,0
57193343345,57206263089,0
55654537000,57223906737,0
38660925700,56576220800,0
57196516585,57216608788,0
55616120700,57189270902,0
24559165600,57203246888,0
58170860400,58288472900,0
55970297100,57218556770,0
57215107378,57237785000,0
56210364100,6503985128,0
57216400133,6505758008,0
57214333012,7101835141,0
16554843500,7102450017,0
57204149623,7007175125,0
56007251600,57216568938,0
54791045400,57219330311,0
15838303100,57222061171,0
27067481500,57202753279,0
57364264600,8948536400,0
52563804900,57222101401,0
15136671100,7006636636,0
54398460700,55706745500,0
56939963500,59078152800,0
56533331100,58247778100,0
45161224700,57552726000,0
34880731400,57222501287,0
57209458861,57215428779,0
56588991300,7102802523,0
37057681700,57207689403,0
18437640800,57211205211,0
56829048900,57221933008,0
57190278097,57201775200,0
57217869851,57414199800,0
55535491100,57193379060,0
57216220748,57219672415,0
57218126879,57224412495,0
57208691584,57217120265,0
57195280315,57216404500,0
57206867017,6507213163,0
57435766000,7801528716,0
57210993536,6507924993,0
59791432300,7005386667,0
54797008100,57205197486,0
56850461100,57190219361,0
55347249800,8583716700,0
57194347166,57211131431,0
56684707300,57110082200,0
24338809600,55931005800,0
55589269800,57205063868,0
36865582000,56131757100,0
26645089900,57222024477,0
57210162585,6602378213,0
55846257200,58491983900,0
55887007300,7005934666,0
56237393300,57143765400,0
57194769305,7003435386,0
57202640262,6603551893,0
57053197100,57210573473,0
24558599900,57193825729,0
56112797000,58093159300,0
37003768700,57215436548,0
57192928378,57949458500,0
57191473903,57203814878,0
37052613300,57207048621,0
35173756700,57217148219,0
57201728561,57226267364,0
36573321300,55882827100,0
57190013276,57221682183,0
57218159309,57222090741,0
57031886100,7102450017,0
57194283033,57201548063,0
38662288000,57038894000,0
24537961100,55508572500,0
56019245400,57190569747,0
55325349900,57203511535,0
58445911900,7003327298,0
36971878100,59863203900,0
57195933421,57212537459,0
57193315259,58249730700,0
57195134052,57218105207,0
6506106345,8721928400,0
57210151909,57219012294,0
57089853400,57211004693,0
51664151600,57212445342,0
57194439905,57219384397,0
57384054900,7801532760,0
57207244828,57207844316,0
55487063400,57189758876,0
53463188500,6701335257,0
25923097000,56948379200,0
7004357093,9735536400,0
57193882076,57208054392,0
57214316831,57219540911,0
57217472308,57325393100,0
57208255346,57216823698,0
57214192681,7003327298,0
56612660700,57192595142,0
57203961109,57216583353,0
57211536782,6508177495,0
57216401706,7003379409,0
57760832100,6504359000,0
21934592300,57210636908,0
57218135478,57222221893,0
57210894280,57215428779,0
57196707430,7004062333,0
57220058547,57222322800,0
56940459700,57190740486,0
55341051500,55637497100,0
55907520600,57362983700,0
57201564046,57223241991,0
38361199900,57188537146,0
54419500600,55615833500,0
57212019494,8507685700,0
57038059300,59685511300,0
56530358600,7202606880,0
19035625400,56012624400,0
21233394500,57219556250,0
6701380843,8344146700,0
55319040900,55378410100,0
56964363600,6603729308,0
57200045265,7203013613,0
37079049100,7004074021,0
55990644200,7004143438,0
55314365000,57211480788,0
57215598462,57221865286,0
54950226200,7005969319,0
24537722200,43260935500,0
57218161512,7004663022,0
57188586315,57202776363,0
56428622900,57224181770,0
56940104900,57211287922,0
25635426900,57197510614,0
57191262146,57215598462,0
56382377200,57201273749,0
57200513614,58313855200,0
56305667900,57204515495,0
54782477100,7202594350,0
57195935522,57211116981,0
57208032180,57956262000,0
57211715117,6701817002,0
57204588679,58045696400,0
56539945500,57219400414,0
57203974537,57821720100,0
57195933421,57209542137,0
18633978400,57211336525,0
34978111800,55627752400,0
56708983100,57204847637,0
57191344418,57210960198,0
57077922100,6603873202,0
35997230900,57205298384,0
54930614800,6503983729,0
57218684326,57219342028,0
25121390100,57203162035,0
57190489365,57224831324,0
56462886200,7201998846,0
26654926000,57216404500,0
24331672700,57202071668,0
57203546432,57210999556,0
56494751200,57216471752,0
58827472400,7006572404,0
57191222926,57954564100,0
57296398100,6701768461,0
56689207300,57202575414,0
57210977636,57214186954,0
56990733700,6507796594,0
16402502400,57216857778,0
23973868600,57219485718,0
56479216800,57223093121,0
57205063868,57211450084,0
55600080400,57198890094,0
54080224900,7006704861,0
57192928378,7004254585,0
57211452861,57219884099,0
57196795591,7006614631,0
57193608475,57212239205,0
56320904000,57214171104,0
56964363600,57217669796,0
57190983870,57190987523,0
57192929383,57204835697,0
57032358800,57195973683,0
24315127000,57203924074,0
54783293900,56487822900,0
16067892900,36598939000,0
56973349700,57208794505,0
57205677091,57218251679,0
57219108089,58985607000,0
54682077400,57191415162,0
56373507100,57429254100,0
55325186200,55985149100,0
56743105600,57216350704,0
56907053800,57202856333,0
14054610100,22135510100,0
57219982774,57460557900,0
57204068654,57215026290,0
57205162626,58689350700,0
57173260200,57200166732,0
44961160900,6701691981,0
35145814800,54913625700,0
57211031880,6701723514,0
57206893445,58249730700,0
57214186713,57642875700,0
31667532100,36928963300,0
57195237565,58499306200,0
57210706661,7003921536,0
55664036300,56487308200,0
12783424700,57196074470,0
23026082700,58636377600,0
36480585000,7004127474,0
23972525300,57712744300,0
