node_u,node_v,label,common_neighbors,jaccard,adamic_adar,degree_u,degree_v,preferential_attachment,h_index_sum,h_index_diff,citations_sum,citations_diff,area_jaccard
57117690500,57210960198,1,30,0.14150943396226415,6.649257561109109,107,135,14445,23,5,2778,318,0.11764705882352941
57199839295,57223014620,1,9,0.5,2.7284046165829516,17,10,170,7,3,88,46,0.15789473684210525
57103819300,7005969319,1,7,0.06930693069306931,2.058288114570426,9,99,891,18,14,973,871,0.03571428571428571
57205695081,57211085447,1,2,0.2857142857142857,0.8745721025919916,2,7,14,5,1,52,6,0.18181818181818182
57206481447,57222509786,1,1,0.3333333333333333,0.7213475204444817,3,1,3,3,1,36,24,0.5714285714285714
54390925400,6701807050,1,3,0.07317073170731707,0.6720401853395896,19,25,475,13,3,392,214,0.21621621621621623
57190167355,6603785139,1,9,0.1956521739130435,2.6678432574329447,16,39,624,14,8,503,313,0.0625
57194431442,6602774577,1,2,0.045454545454545456,0.7308883431348958,4,42,168,15,9,424,312,0.2127659574468085
57193155364,7003811166,1,4,0.0625,1.4992464527626188,4,64,256,34,18,1936,1544,0.352112676056338
57194289125,6602823371,1,6,0.14634146341463414,1.5307149490589371,29,18,522,12,2,1347,587,0.36666666666666664
35462639300,37050721900,1,5,0.125,1.506717812261799,18,27,486,17,13,769,711,0.12698412698412698
58822981700,8342748400,1,8,0.16,2.977562812716327,9,49,441,12,10,461,455,0.1891891891891892
12042047500,7202075544,1,7,0.0707070707070707,1.9255406425495738,22,84,1848,26,6,1203,661,0.2765957446808511
55255901200,55257149800,1,1,0.04,0.35295612386476116,13,13,169,8,2,176,104,0.6052631578947368
56224796600,57203792010,1,5,0.2,1.6067069396221438,18,12,216,22,8,961,767,0.14285714285714285
57200755425,57214187155,1,43,0.46236559139784944,9.550526822702496,86,50,4300,11,5,1249,1129,0.08333333333333333
35478909000,6603801818,1,8,0.031496062992125984,1.9405060562558583,231,31,7161,39,29,5065,4765,0.3125
16238022000,56047429200,1,7,0.14285714285714285,2.0028641540452483,39,17,663,16,8,544,414,0.25
57190161603,57206891141,1,1,0.0625,0.3459762562611936,11,6,66,5,3,111,95,0.3125
57195309972,57205339235,1,5,0.20833333333333334,1.5679461508038235,16,13,208,7,1,143,1,0.8
58405037400,7004835587,1,2,0.006872852233676976,0.49407749709352067,3,290,870,34,30,3107,3055,0.02197802197802198
57193241274,8585119800,1,9,0.11842105263157894,2.565021065816175,15,70,1050,20,16,1229,1119,0.16176470588235295
56638311500,57216539523,1,5,0.2631578947368421,1.6988169106827222,8,16,128,8,2,86,24,0.13636363636363635
55225014800,57190219361,1,5,0.13513513513513514,1.5203072846078065,37,5,185,11,5,294,196,0.21428571428571427
55630517700,6602387255,1,1,0.0625,0.3789231816899512,10,7,70,15,3,411,183,0.26666666666666666
16643141600,57216589597,1,5,0.5,2.036977705213633,9,6,54,8,4,151,75,0.125
56734378000,56866299600,1,11,0.6470588235294118,2.8702379333309995,16,12,192,4,0,66,0,0.35714285714285715
57209721892,57218192507,1,44,0.39285714285714285,9.82819970312844,80,76,6080,13,1,1245,509,0.05
57194876074,7006686754,1,8,0.125,2.005459897958081,33,39,1287,18,4,1640,710,0.1509433962264151
55070746900,7101975791,1,6,0.2727272727272727,2.617824587676113,6,22,132,26,20,1459,1407,0.3783783783783784
10939275100,57210894280,1,4,0.18181818181818182,1.294853244506624,17,9,153,20,8,992,834,0.36363636363636365
55640145100,57202263698,1,5,0.053763440860215055,1.3066868701117076,79,19,1501,20,10,652,450,0.0967741935483871
57200552045,6507357025,1,4,0.1,1.2372906860889188,13,31,403,12,6,355,219,0.05357142857142857
57203099111,7202369029,1,0,0.0,0.0,1,104,104,28,26,2718,2710,0.2
57193163824,7004426962,1,8,0.10810810810810811,2.486654049114078,24,58,1392,29,13,1753,1119,0.18571428571428572
16643616700,57200806732,1,8,0.07079646017699115,2.9882912469254412,110,11,1210,27,21,2279,2067,0.10679611650485436
57193699176,57214184119,1,2,0.5,0.9690179556831694,2,4,8,3,1,77,3,0.3333333333333333
57191250687,6601964582,1,3,0.09090909090909091,1.0598136973435581,11,25,275,15,5,516,266,0.21875
55556296100,57193011405,1,3,0.2,1.638547812325295,12,6,72,15,3,467,69,0.3793103448275862
55535491100,6602277744,1,14,0.0782122905027933,3.2839134883390866,60,133,7980,29,15,2156,1774,0.3484848484848485
35367031900,57195769948,1,10,0.5555555555555556,3.281973382198533,12,16,192,12,0,264,40,0.30303030303030304
57211214455,57218477328,1,10,0.2127659574468085,2.6368145680670283,39,18,702,17,1,328,56,0.3684210526315789
57214192009,7801650202,1,5,0.08771929824561403,1.4552875820700992,13,49,637,45,21,3953,2985,0.3333333333333333
27067901300,7003942962,1,8,0.04819277108433735,2.367002305085764,8,166,1328,26,24,3990,3960,0.22535211267605634
57193343345,57213557667,1,1,0.1111111111111111,0.2729584204093974,4,6,24,11,5,252,134,0.21739130434782608
57192199126,57221532970,1,2,0.15384615384615385,0.6841892133709133,12,3,36,14,10,402,354,0.25
24476818100,7004916334,1,0,0.0,0.0,10,8,80,13,3,390,66,0.4166666666666667
56845192300,57195573495,1,8,0.32,2.8859059425316005,14,19,266,11,1,363,97,0.3541666666666667
57192073087,57196343089,1,5,0.045871559633027525,2.157053849275872,106,8,848,63,51,10920,10410,0.17391304347826086
23971662700,8059496300,1,3,0.05454545454545454,0.860302356027615,5,53,265,25,11,1102,864,0.20930232558139536
57204023107,6603813409,1,4,0.11764705882352941,1.1241520819137187,5,33,165,10,6,345,281,0.13636363636363635
57205760368,57217661773,1,25,0.29069767441860467,6.593706712264594,56,55,3080,19,3,1381,373,0.4878048780487805
49061029800,57201344847,1,7,0.17073170731707318,1.883734984575118,31,17,527,17,1,635,77,0.30952380952380953
55665656200,57211215663,1,15,0.1744186046511628,4.526265676298827,66,35,2310,18,0,449,71,0.45454545454545453
57213595044,6602506368,1,4,0.5714285714285714,1.8882457952659402,4,7,28,16,2,400,64,0.5853658536585366
55173582700,57194869340,1,25,0.4166666666666667,6.99856659841169,37,48,1776,16,4,452,168,0.6363636363636364
36923965900,57203028938,1,5,0.07462686567164178,1.5484763042624192,9,63,567,49,39,6181,5909,0.32
6506645414,6603097867,1,5,0.09090909090909091,1.761152119762734,20,40,800,26,12,1871,1607,0.3404255319148936
35758609900,55620172900,1,3,0.033707865168539325,0.7614037911016657,42,50,2100,21,11,770,662,0.21428571428571427
56557107400,7102802523,1,1,0.14285714285714285,0.7213475204444817,2,6,12,5,1,63,31,0.1794871794871795
57201026134,57221949854,1,65,0.3051643192488263,15.098476516918296,156,122,19032,36,14,4225,1719,0.25757575757575757
57896963200,7203007412,1,4,0.034782608695652174,1.4424666309524685,7,112,784,23,19,1554,1542,0.08695652173913043
57164866900,6701547321,1,2,0.1111111111111111,0.6797844569565277,5,15,75,7,1,90,26,0.13157894736842105
12779013400,6603156028,1,6,0.0625,1.986404374908543,23,79,1817,51,17,3782,2156,0.53125
36663263400,57201026134,1,27,0.16770186335403728,6.008273778978488,32,156,4992,14,8,1293,1213,0.18181818181818182
6507157339,7801498529,1,4,0.05970149253731343,1.1108328000932772,10,61,610,14,4,244,162,0.3617021276595745
37118135700,57200755425,1,17,0.12408759124087591,4.267867635836375,68,86,5848,14,2,1332,1046,0.16216216216216217
56921446800,57823268500,1,3,0.1875,1.3119673939236325,14,5,70,11,3,161,65,0.29411764705882354
23485751700,57241560600,1,2,0.2222222222222222,1.4683498531780845,9,2,18,6,2,58,30,0.21428571428571427
35091557600,57679447700,1,1,0.2,1.4426950408889634,5,1,5,7,5,97,89,0.36
55388149200,57212486335,1,2,0.2222222222222222,1.2352458628142324,9,2,18,11,7,238,124,0.65
14219526400,55172863100,1,57,0.5876288659793815,17.35476308831095,83,71,5893,47,3,3475,481,0.7027027027027027
56734378000,7801358604,1,15,0.2054794520547945,4.366303024368331,16,72,1152,21,17,1077,1011,0.1875
6603165760,8721928400,1,5,0.07936507936507936,1.9844766299684,62,6,372,10,4,283,171,0.5789473684210527
7003810795,7203013613,1,5,0.07575757575757576,1.3190783578702545,52,19,988,27,21,2339,2267,0.1875
54383232900,57220899192,1,8,0.048484848484848485,2.147884593584619,150,23,3450,20,12,1161,1055,0.14285714285714285
23091409000,57188766397,1,3,0.061224489795918366,0.9251435831631996,46,6,276,22,14,1328,1196,0.22033898305084745
55356969200,60100025400,1,8,0.13114754098360656,2.9878937334571707,23,46,1058,16,6,329,185,0.23076923076923078
13612663800,7102266163,1,6,0.0821917808219178,1.8733015185968958,22,57,1254,33,21,4039,3771,0.5714285714285714
56386934800,57219883772,1,3,0.75,0.9901018084950759,4,3,12,4,0,14,0,0.6
14060455600,57329860400,1,11,0.08088235294117647,3.4911965579410795,134,13,1742,42,38,5074,5004,0.11267605633802817
50162339500,57191692420,1,8,0.32,2.3151324291489477,11,22,242,11,3,214,112,0.2631578947368421
55209865200,57198056374,1,2,0.18181818181818182,1.7396692452623335,9,4,36,9,5,305,215,0.2033898305084746
56146474900,57204531379,1,2,0.16666666666666666,1.0556294164628637,5,9,45,9,1,125,55,0.42857142857142855
57191039949,6506716797,1,7,0.28,2.530700681658785,25,7,175,12,8,342,304,0.2222222222222222
57193493655,57218195605,1,18,0.16216216216216217,4.096255715451679,28,101,2828,11,7,955,907,0.20454545454545456
24479726500,56385629000,1,3,0.061224489795918366,1.2672001114560891,17,35,595,21,3,697,283,0.3103448275862069
56231177500,56472729600,1,7,0.1,1.7880378939960648,65,12,780,12,8,338,308,0.18461538461538463
16064360400,7005909070,1,1,0.047619047619047616,1.4426950408889634,2,20,40,6,2,83,45,0.25862068965517243
56055096500,57209449016,1,8,0.24242424242424243,2.442198094173104,13,28,364,19,9,639,365,0.19230769230769232
57195100670,8722213800,1,7,0.12962962962962962,2.1846976265427056,16,45,720,12,4,300,176,0.24691358024691357
55332536900,55647917800,1,5,0.22727272727272727,1.4895872335112268,18,9,162,8,4,184,116,0.39285714285714285
57190969497,57195558385,1,6,0.12,2.1778523064507946,39,17,663,24,8,1380,718,0.4186046511627907
36573296000,37048606300,1,4,0.09523809523809523,0.9667260995608513,12,34,408,15,5,392,196,0.2777777777777778
57204478890,57211169861,1,6,0.2857142857142857,2.051026706732016,15,12,180,6,0,107,47,0.22448979591836735
35606519100,56063146500,1,0,0.0,0.0,8,0,0,7,5,86,80,0.13043478260869565
55842599300,56418579500,1,5,0.07936507936507936,1.4270214609741965,50,18,900,42,24,3004,2668,0.40350877192982454
55955245900,57204542974,1,1,0.0196078431372549,0.5581106265512472,3,49,147,32,14,1782,838,0.3404255319148936
57214551475,57215129481,1,4,0.2222222222222222,1.4273789860597377,13,9,117,4,0,31,1,0.13333333333333333
55424695500,57190660749,1,2,0.045454545454545456,0.612581692304506,29,17,493,22,10,666,342,0.13636363636363635
12782630800,55597926500,1,7,0.03414634146341464,2.0073316675166164,106,106,11236,29,1,1668,110,0.2736842105263158
57195731822,57204088786,1,11,0.2391304347826087,3.6013625010439223,27,30,810,18,4,562,234,0.425
55868704200,6507993283,1,6,0.1016949152542373,2.0076353743825393,26,39,1014,17,1,390,142,0.18571428571428572
25230650200,7005323635,1,2,0.029850746268656716,1.424137568996588,28,41,1148,28,8,1318,750,0.2631578947368421
36991101500,57222359921,1,2,0.045454545454545456,0.6483246863444787,41,5,205,31,19,2925,2381,0.36666666666666664
55249712800,6602826319,1,6,0.057692307692307696,1.741414846661277,23,87,2001,16,10,567,389,0.4090909090909091
26634884900,57221949854,1,54,0.34615384615384615,12.378632007869589,88,122,10736,39,11,4386,1558,0.2261904761904762
25121531900,6603391847,1,2,0.1111111111111111,0.5417526242894867,6,14,84,6,0,171,7,0.32
54789187900,57205760368,1,20,0.31746031746031744,5.8775093845311455,27,56,1512,17,5,685,323,0.34782608695652173
57196347416,57201677203,1,5,0.29411764705882354,1.4001524265752867,9,13,117,5,1,28,8,0.16666666666666666
57211350803,9746797800,1,7,0.07526881720430108,2.306378270343245,9,91,819,18,10,702,644,0.29411764705882354
57194547700,57212083287,1,4,0.4,1.5191614975705032,10,4,40,13,9,661,593,0.0847457627118644
24479959000,6602436600,1,2,0.11764705882352941,0.43666283763267555,11,8,88,15,9,1610,1448,0.3968253968253968
57190799130,57195442657,1,12,0.06060606060606061,3.2142542357764015,40,170,6800,23,7,776,412,0.24675324675324675
56349737900,6602366281,1,4,0.08695652173913043,1.279890952603688,6,44,264,17,13,626,616,0.1
57215150045,6603400945,1,2,0.05555555555555555,0.7849833730515675,4,34,136,17,5,505,225,0.3125
57216279131,6508357924,1,3,0.061224489795918366,0.9475566076952504,13,39,507,21,7,620,230,0.2
14021049800,57191402881,1,9,0.34615384615384615,3.3511306276966946,20,15,300,9,3,125,25,0.3333333333333333
57193750121,7004894512,1,1,0.16666666666666666,0.6213349345596119,3,4,12,10,2,181,11,0.2608695652173913
23094594000,57203863712,1,20,0.3508771929824561,5.481916525442612,43,34,1462,17,1,408,96,0.25
15754481800,35497272700,1,5,0.056818181818181816,1.726639060038027,54,39,2106,31,1,1334,180,0.42424242424242425
57201983152,57315163000,1,3,0.23076923076923078,0.7281239936433088,13,3,39,8,6,255,201,0.05555555555555555
57192679655,57218194363,1,33,0.3,7.861885520931094,54,89,4806,14,0,1336,780,0.25806451612903225
56340522700,57212348641,1,2,0.11764705882352941,1.2426698691192237,16,3,48,10,8,237,231,0.1111111111111111
23003258800,56593551000,1,5,0.08771929824561403,1.6322075653739345,55,7,385,24,14,2032,1196,0.24
16243020100,57192679655,1,39,0.16883116883116883,9.07859080568091,216,54,11664,32,18,3903,3347,0.18666666666666668
57200378728,7102266163,1,10,0.15151515151515152,3.97587279645107,19,57,1083,35,19,4123,3687,0.27586206896551724
57210841993,57608704100,1,2,0.25,1.897814654202382,5,5,25,8,2,92,24,0.47058823529411764
45161224700,57201095477,1,4,0.0851063829787234,1.0644126771686562,47,4,188,13,9,292,202,0.35714285714285715
56430927200,57209721892,1,59,0.37579617834394907,13.688703335084721,136,80,10880,18,6,1698,962,0.19444444444444445
55204775100,55351753800,1,3,0.10344827586206896,0.9957206148577437,19,13,247,19,3,732,170,0.21428571428571427
55587917400,57188714069,1,12,0.375,4.3443194393637,22,22,484,9,3,139,89,0.3448275862068966
26635822900,7006940836,1,8,0.16,3.070939459774195,25,33,825,26,4,1385,247,0.390625
12785708100,57200114017,1,4,0.10526315789473684,1.2808892792785231,35,7,245,9,5,178,104,0.2
55293802600,57223902831,1,5,0.45454545454545453,1.5578195158984187,11,5,55,4,0,27,17,0.17391304347826086
56414241800,57210185493,1,8,0.25,2.6477492218789545,17,23,391,9,3,150,90,0.4444444444444444
57212783125,7005468526,1,0,0.0,0.0,0,26,0,20,16,1134,1048,0.07246376811594203
55113709300,6701424197,1,8,0.07766990291262135,2.4331548709927207,29,82,2378,19,7,416,198,0.2222222222222222
54996034100,6507796594,1,7,0.14583333333333334,3.010562607147237,14,41,574,22,12,2392,2256,0.42424242424242425
24377391500,57197858027,1,9,0.391304347826087,3.63708804286174,22,10,220,24,10,858,516,0.4375
15926246800,55189438200,1,15,0.08982035928143713,4.803475844589326,128,54,6912,49,7,3380,554,0.2727272727272727
55558132100,57194434562,1,9,0.34615384615384615,2.7304790819473626,17,18,306,13,3,286,26,0.35714285714285715
7004521489,7202219958,1,6,0.0625,2.3742805947214,35,67,2345,21,3,684,142,0.37209302325581395
55583329900,57194288925,1,22,0.2268041237113402,5.8504685905364,26,93,2418,19,11,1508,1348,0.2127659574468085
36994478600,57198357708,1,4,0.36363636363636365,1.4155382465021746,6,9,54,13,7,322,166,0.2702702702702703
57193493655,6506906545,1,14,0.32558139534883723,3.1780417291376857,28,29,812,5,1,55,7,0.21739130434782608
57193520263,57199839295,1,9,0.4090909090909091,2.8257647365965965,14,17,238,8,2,91,43,0.2857142857142857
57210691053,6504651173,1,15,0.29411764705882354,4.021368238515659,29,37,1073,14,4,426,100,0.11320754716981132
57219169179,6506541996,1,14,0.11382113821138211,3.311285037300261,45,92,4140,17,1,1016,468,0.26666666666666666
57219433461,6601978164,1,8,0.1111111111111111,2.9468338240666956,10,70,700,40,16,3408,2168,0.3380281690140845
36561004700,8219543000,1,8,0.18181818181818182,2.2982507491072988,35,17,595,13,7,358,274,0.20588235294117646
57788715000,57932857700,1,5,0.8333333333333334,2.0091694272124836,6,5,30,2,0,4,2,1.0
56267927900,57201504995,1,13,0.10317460317460317,3.5307505591616346,78,61,4758,25,3,753,233,0.375
57205287889,7003810795,1,7,0.12727272727272726,2.3474657058913886,10,52,520,29,19,2366,2240,0.08974358974358974
59586827600,7005372641,1,1,0.02631578947368421,0.7213475204444817,24,15,360,17,3,445,113,0.36538461538461536
15754481800,56313591900,1,3,0.04918032786885246,1.0434679914683014,54,10,540,26,4,900,254,0.29069767441860467
6602589883,8714404600,1,6,0.057692307692307696,2.1743438009363163,86,24,2064,26,10,1219,861,0.29411764705882354
37050828000,57217595641,1,0,0.0,0.0,1,6,6,5,1,57,9,0.25925925925925924
57209641808,57209644316,1,4,0.13333333333333333,1.1989527015925299,21,13,273,12,4,343,225,0.15384615384615385
57192963392,9273383800,1,6,0.07692307692307693,1.5306214320620475,33,51,1683,21,1,511,57,0.21739130434782608
26655075400,7103040365,1,10,0.05917159763313609,3.317006212837903,33,146,4818,24,2,1510,1006,0.26785714285714285
57192275447,57221582068,1,8,0.2857142857142857,2.2219405759665656,25,11,275,12,4,333,183,0.4090909090909091
55706745500,57204952547,1,3,0.23076923076923078,1.8845302850512105,10,6,60,5,3,61,41,0.18181818181818182
35092058800,56024985800,1,1,0.3333333333333333,0.4170323914242463,2,2,4,7,3,142,112,0.35294117647058826
36704152400,56712342900,1,12,0.13043478260869565,3.700906284026128,86,18,1548,20,8,645,457,0.36507936507936506
56295292100,57191365913,1,15,0.40540540540540543,5.153658153020873,23,29,667,26,8,1058,444,0.49019607843137253
57212468699,57225024461,1,10,0.5,3.206555901160615,19,11,209,9,1,149,63,0.5
54080224900,57209577412,1,3,0.25,1.0834524073853562,12,3,36,9,5,162,110,0.21052631578947367
56513768800,57214492532,1,12,0.21428571428571427,3.6457515809076826,56,12,672,21,15,1037,923,0.25
14025574900,56556565800,1,40,0.425531914893617,9.338179085702137,83,51,4233,11,3,196,54,0.3018867924528302
57208927123,57209267807,1,4,0.14285714285714285,1.2727872611184952,7,25,175,32,24,2238,1936,0.2028985507246377
57200755425,6506541996,1,44,0.3283582089552239,9.790633741290737,86,92,7912,17,1,1931,447,0.0975609756097561
57201504995,57214191037,1,11,0.16417910447761194,2.9643860783549543,61,17,1037,15,7,302,218,0.3939393939393939
57193617332,57204150218,1,0,0.0,0.0,1,1,1,4,0,71,1,0.36666666666666664
57201026134,57215695696,1,28,0.17391304347826086,6.3132860311017085,156,33,5148,13,9,1278,1228,0.2692307692307692
25947321200,55445412800,1,2,0.07142857142857142,0.5966666547001904,23,7,161,14,6,287,155,0.2777777777777778
57189222869,7003322687,1,3,0.10344827586206896,0.9735236655204405,6,26,156,12,4,272,174,0.2978723404255319
16202211100,6602404361,1,17,0.12318840579710146,4.638931575461958,60,95,5700,24,0,900,210,0.23076923076923078
55196096200,6602257132,1,2,0.015384615384615385,0.5772467557111298,42,90,3780,26,0,943,61,0.2714285714285714
57214112643,7402214018,1,11,0.21568627450980393,3.161266305897254,12,50,600,11,5,213,109,0.4411764705882353
57205728568,6506736837,1,3,0.05263157894736842,1.6938175786933072,3,57,171,24,18,1441,1347,0.11538461538461539
57729458200,6504443983,1,1,0.018518518518518517,0.267546386419054,5,50,250,27,11,1488,400,0.2602739726027397
26023085000,57216401949,1,1,0.010526315789473684,0.20609929155556622,94,2,188,27,23,2020,1970,0.3013698630136986
55907520600,58784487500,1,4,0.23529411764705882,1.643186508151298,17,4,68,9,5,204,164,0.06521739130434782
56664043200,57193684279,1,12,0.2926829268292683,3.2490169523882,37,16,592,10,4,223,141,0.39285714285714285
24469054700,57284778900,1,6,0.25,1.9124887056065123,17,13,221,13,1,305,163,0.14285714285714285
56241060700,56638221300,1,8,0.21052631578947367,2.7112328666620655,28,18,504,23,3,780,182,0.5416666666666666
50960926700,56845192300,1,7,0.18421052631578946,2.673161728710931,31,14,434,17,7,644,184,0.38
55228787000,6602101968,1,9,0.09375,2.9067513969594336,30,75,2250,40,12,2397,1619,0.35714285714285715
57204646396,57219615160,1,4,0.4,2.3197346563440115,8,6,48,8,2,185,35,0.5
14831722300,57193213489,1,1,0.018867924528301886,0.2530848692773169,42,12,504,18,8,659,445,0.0967741935483871
57208165882,57214178872,1,15,0.2727272727272727,4.834314607558564,48,22,1056,16,2,1440,892,0.375
55620172900,57203894446,1,16,0.2807017543859649,5.417460688604143,50,23,1150,22,10,846,586,0.2857142857142857
57196706353,57215486904,1,2,0.25,0.9617966939259757,7,3,21,8,4,128,74,0.5909090909090909
14824679900,57220096035,1,10,0.23255813953488372,4.470562947651673,38,15,570,36,26,3423,3137,0.2777777777777778
35095506200,57217120265,1,19,0.25333333333333335,5.137964666806197,74,20,1480,22,14,998,902,0.2903225806451613
57190425867,57190969497,1,5,0.11904761904761904,2.134725308287902,8,39,312,22,10,1251,847,0.46938775510204084
35478909000,57039005600,1,10,0.0411522633744856,2.8057573812471377,231,22,5082,36,32,4935,4895,0.13861386138613863
16062998800,57221501622,1,1,1.0,0.9102392266268373,1,1,1,3,1,39,11,0.21875
56062113100,57868661700,1,6,0.35294117647058826,2.37714219134131,17,6,102,4,2,58,52,0.2222222222222222
57215277461,57215281565,1,8,0.8,3.1200969903303033,9,9,81,10,4,307,101,0.25
54913625700,57202677171,1,3,0.08333333333333333,1.1678291731015962,27,12,324,42,30,2937,2397,0.07352941176470588
57218599145,57218602621,1,2,0.15384615384615385,0.8285563228138756,2,13,26,11,7,290,144,0.35294117647058826
23134993400,57218551907,1,5,0.17857142857142858,1.8429654216890092,28,5,140,18,12,539,451,0.15217391304347827
55666338900,6602619791,1,3,0.10344827586206896,1.4113203941961747,18,14,252,18,2,343,37,0.42857142857142855
57191205328,7003810795,1,1,0.01694915254237288,0.269282508064391,8,52,416,28,20,2380,2226,0.11842105263157894
55257393500,57218194340,1,14,0.12844036697247707,3.393877470514051,48,75,3600,22,4,1457,453,0.11538461538461539
57205231421,57221683008,1,2,0.18181818181818182,0.9479818718025272,5,8,40,4,2,16,6,0.35
7102666167,7103040365,1,14,0.09271523178807947,3.5049701960692397,19,146,2774,18,8,1326,1190,0.2765957446808511
14019420400,57223087546,1,8,0.26666666666666666,3.659426495975403,29,9,261,16,4,443,231,0.2608695652173913
44761100500,7004835587,1,21,0.06441717791411043,5.338313855356693,57,290,16530,39,25,3265,2897,0.18947368421052632
35741718500,7103061271,1,5,0.044642857142857144,1.6093125315859473,5,112,560,21,17,1242,1160,0.09090909090909091
24381651100,56469166500,1,3,0.10714285714285714,1.1401944196595513,25,6,150,6,2,58,42,0.18181818181818182
35338069100,57203974537,1,7,0.2916666666666667,1.746659528929919,15,16,240,7,3,239,69,0.4
57198056374,57200935294,1,2,0.15384615384615385,0.74145814902646,4,11,44,11,7,300,210,0.5294117647058824
57216966843,7201676108,1,3,0.06818181818181818,0.9763989052410662,3,44,132,14,10,419,365,0.047619047619047616
55640145100,56472729600,1,6,0.07058823529411765,1.5475887205145709,79,12,948,17,13,566,536,0.3218390804597701
57209821049,57209827092,1,5,0.45454545454545453,1.8408065775306466,9,7,63,5,1,48,10,0.13333333333333333
14424608900,7004426962,1,5,0.08333333333333333,1.5825716510261554,7,58,406,23,19,1466,1406,0.2898550724637681
56575083300,57211057969,1,35,0.4268292682926829,7.811060044409235,58,59,3422,12,2,260,102,0.25925925925925924
35227632100,35277170500,1,9,0.5,4.427722408061862,13,14,182,18,0,804,104,0.4444444444444444
56958400900,9037312600,1,5,0.07462686567164178,1.9138063565326053,15,57,855,20,10,901,685,0.2545454545454545
56151754500,57208437654,1,2,0.05714285714285714,0.5859829897057585,16,21,336,24,6,864,442,0.13114754098360656
35568595300,55598364800,1,9,0.10344827586206896,2.1573731103103486,83,13,1079,20,14,773,699,0.17647058823529413
56576608900,57193730238,1,4,0.25,1.070160421049859,13,7,91,12,4,413,29,0.234375
53866828200,57210390533,1,6,0.2727272727272727,2.028345680783301,10,18,180,14,6,538,142,0.3333333333333333
15073894300,57210122175,1,6,0.13953488372093023,1.80775886218857,37,12,444,23,9,827,555,0.13636363636363635
37059628800,57194464165,1,1,0.07142857142857142,0.9102392266268373,10,5,50,16,2,626,144,0.18421052631578946
35355756600,7005969319,1,25,0.12437810945273632,8.508041897237634,127,99,12573,32,0,2706,862,0.4742268041237113
57194868042,57207489753,1,16,0.1927710843373494,4.8664269897544195,78,21,1638,22,8,726,400,0.2
16400914200,35086939400,1,2,0.11764705882352941,0.7947428852085272,9,10,90,17,1,568,178,0.175
14030472900,56016071500,1,4,0.14285714285714285,1.3821841545334608,14,18,252,13,5,324,134,0.2608695652173913
57196023105,57203409598,1,5,0.09615384615384616,1.5240001168596606,46,11,506,10,2,203,15,0.2647058823529412
57222864884,58170860400,1,1,0.2,0.3789231816899512,4,2,8,8,0,205,85,0.3488372093023256
57200422086,7003322687,1,6,0.1935483870967742,2.2832302246811715,11,26,286,14,2,353,93,0.32653061224489793
24472732900,57223130117,1,4,0.26666666666666666,1.3375928382031752,15,4,60,8,4,108,96,0.2
57218192507,7006177272,1,23,0.17293233082706766,5.462944936146354,76,80,6080,25,11,1871,117,0.1875
13402677300,7005323635,1,8,0.10126582278481013,2.6523024862444737,46,41,1886,32,4,1675,393,0.4375
57837668400,57837726300,1,0,0.0,0.0,1,11,11,4,0,17,1,0.16666666666666666
26023085000,57204858767,1,12,0.096,3.0894344539082113,94,43,4042,33,17,2312,1678,0.2602739726027397
57207470126,57207472482,1,3,0.6,1.0207011933663512,3,5,15,5,1,33,17,0.7777777777777778
16301272000,57202060730,1,4,0.14285714285714285,1.304989626915623,24,8,192,26,8,862,540,0.16129032258064516
56641717100,7004481112,1,4,0.027972027972027972,1.5754165100767314,19,128,2432,44,12,3096,1474,0.422680412371134
55621132400,56536258000,1,2,0.6666666666666666,1.1556420023477334,3,2,6,4,0,45,9,0.07692307692307693
36081078700,6701380843,1,8,0.17391304347826086,3.023849424772795,8,46,368,18,8,540,428,0.49019607843137253
23567383600,58630072200,1,1,0.029411764705882353,0.25433477814404226,33,2,66,25,23,1850,1848,0.0425531914893617
15836326300,7005310639,1,8,0.10810810810810811,2.8629161973797514,48,34,1632,16,6,307,203,0.2857142857142857
59842697900,6506130489,1,3,0.0379746835443038,1.101882852415143,47,35,1645,30,4,1920,1108,0.39325842696629215
59436164000,6504786804,1,35,0.4794520547945205,8.19927017817872,66,42,2772,11,3,381,19,0.2727272727272727
36085044800,7003572956,1,10,0.09174311926605505,2.9304276084511427,12,107,1284,27,21,2464,2406,0.16901408450704225
55180668900,57201434495,1,2,0.07142857142857142,0.5822043668631789,24,6,144,13,9,493,289,0.16129032258064516
15755373400,57190799130,1,16,0.34782608695652173,4.616182805803641,22,40,880,14,2,283,81,0.10256410256410256
57195576902,57202581227,1,5,0.22727272727272727,2.0017495562400436,13,14,182,9,1,113,21,0.3
26021760100,57200108150,1,1,0.0625,0.36067376022224085,12,5,60,17,1,512,62,0.4594594594594595
14831722300,26530872400,1,5,0.11904761904761904,2.2309366004293167,42,5,210,15,11,568,536,0.4
57315163000,57315582700,1,2,0.25,0.5018202889485522,3,7,21,5,3,158,104,0.125
55014391800,6603790113,1,4,0.04597701149425287,1.688687388134082,7,84,588,21,13,1726,1652,0.3076923076923077
36087035200,57194289125,1,10,0.2857142857142857,2.6311283183432246,16,29,464,12,2,1030,904,0.17857142857142858
57203099111,7005330448,1,1,0.0125,0.25562221863533147,1,80,80,26,24,2141,2133,0.27450980392156865
36476939000,36523912000,1,11,1.0,4.132168641365979,11,11,121,5,1,112,14,0.36
57218166257,7801650202,1,2,0.03773584905660377,0.6391262060328571,6,49,294,36,30,3570,3368,0.15
57202707010,57204803206,1,5,0.2,1.4091189449074613,23,7,161,20,12,903,633,0.28205128205128205
6506641033,6603582934,1,3,0.08823529411764706,2.012472508149437,23,14,322,19,3,665,187,0.21875
57093060300,6506694707,1,5,0.1724137931034483,1.1922381179378503,14,20,280,10,0,156,16,0.5
57191039949,57401816100,1,8,0.32,2.3816899344653706,25,8,200,13,7,375,271,0.5
28067543600,57193161850,1,4,0.21052631578947367,1.535307641598307,7,16,112,18,2,716,128,0.36363636363636365
57207732171,7003959774,1,2,0.014285714285714285,0.39774499937346697,4,138,552,27,23,2415,2339,0.27631578947368424
55332427600,57203923646,1,5,0.3125,1.4299661169909177,13,8,104,6,2,70,16,0.23076923076923078
57192073087,7102743604,1,7,0.04964539007092199,1.7952437840304354,106,42,4452,71,43,11306,10024,0.40963855421686746
55569831000,57222610574,1,4,0.4444444444444444,2.317825472979587,6,7,42,5,1,30,12,0.20833333333333334
56046985600,57200270272,1,4,0.36363636363636365,1.4361016813800087,8,7,56,11,5,851,557,0.47368421052631576
56430927200,7005936077,1,38,0.2087912087912088,8.753911418244071,136,84,11424,19,5,1447,1213,0.42857142857142855
55226136900,56331374700,1,10,0.2777777777777778,2.7916765845768396,14,32,448,9,3,228,140,0.28169014084507044
35619528200,8707619100,1,1,0.09090909090909091,0.9102392266268373,9,3,27,12,0,165,45,0.40540540540540543
56909556400,6601969069,1,6,0.09230769230769231,1.903685090806663,23,48,1104,24,10,1306,720,0.3118279569892473
57207695231,57208673910,1,9,0.5294117647058824,3.0831299410740307,16,10,160,21,1,590,22,0.3275862068965517
23567383600,57946903700,1,4,0.11764705882352941,1.6825733493791803,33,5,165,26,22,1856,1842,0.3125
57190169567,7003450280,1,40,0.25,9.296520068588519,64,136,8704,24,4,938,264,0.1875
15047537900,35355756600,1,9,0.05625,2.677610769989744,42,127,5334,23,9,2020,1548,0.3684210526315789
57189469159,57194769305,1,10,0.25,3.4124723794749108,18,32,576,23,5,764,186,0.29310344827586204
56059049400,57188985666,1,2,0.07142857142857142,0.5579152617523895,28,2,56,20,4,499,219,0.38235294117647056
56131381100,7007180997,1,3,0.11538461538461539,1.1335298667424913,8,21,168,23,7,977,257,0.35294117647058826
54405056900,8962997000,1,4,0.041666666666666664,0.9315948760243231,11,89,979,27,23,1974,1954,0.05128205128205128
34869477000,6602789090,1,1,0.07142857142857142,0.6213349345596119,13,2,26,12,8,331,317,0.20512820512820512
57209022661,6507737860,1,5,0.10416666666666667,2.4568878559754923,5,48,240,21,17,1642,1630,0.058823529411764705
56527129000,57196146647,1,13,0.22033898305084745,3.2988130294564453,31,41,1271,17,3,559,135,0.30952380952380953
57219671587,8393086500,1,4,0.3076923076923077,2.1040239566452854,10,7,70,5,1,30,2,0.15
57218166257,59091724000,1,4,0.6666666666666666,1.3974768415314163,6,4,24,5,1,118,84,0.1111111111111111
21743825200,6603605014,1,11,0.8461538461538461,5.657439324124523,12,12,144,7,1,78,20,0.20754716981132076
7003322687,7203007412,1,8,0.06153846153846154,2.6868654075948637,26,112,2912,29,13,1771,1325,0.4805194805194805
57771957800,7006241835,1,5,0.15625,1.4192982501481013,15,22,330,8,4,150,134,0.04597701149425287
36151189100,7003942962,1,7,0.040697674418604654,2.661875899292884,13,166,2158,27,23,4004,3946,0.21052631578947367
54584961800,54797008100,1,4,0.8,2.309993645824899,5,4,20,4,0,50,36,0.4
54892907100,59662811800,1,16,0.3076923076923077,5.620801025513663,27,41,1107,16,2,385,115,0.3695652173913043
55918065400,56533630800,1,3,0.13043478260869565,1.34593664994437,23,3,69,21,17,1393,1343,0.27586206896551724
24779987100,57195560550,1,4,0.10810810810810811,1.1205487990967002,30,11,330,13,1,309,49,0.11764705882352941
57194273004,6504736433,1,3,0.42857142857142855,1.5983871358995299,3,7,21,5,1,355,327,0.15789473684210525
35422588700,8393086500,1,3,0.375,1.6357403847500516,4,7,28,5,1,24,8,0.2727272727272727
36991101500,56601334700,1,2,0.047619047619047616,0.6321701157759612,41,3,123,27,23,2671,2635,0.2413793103448276
56708983100,57201668565,1,4,0.4,1.484431066858361,5,9,45,6,2,79,23,0.23076923076923078
56779692100,57194523287,1,16,0.13559322033898305,3.889272843411484,87,47,4089,18,4,557,101,0.35714285714285715
55984672100,55984752600,1,7,0.3888888888888889,4.19831114929469,18,7,126,29,15,1592,1078,0.7391304347826086
55569831000,57775927400,1,1,0.125,0.4170323914242463,6,3,18,4,2,28,14,0.19230769230769232
24435910800,36004680300,1,3,0.2,2.0340163514531637,14,4,56,9,3,200,102,0.208955223880597
36450289100,57210207587,1,6,0.4,1.9953960750227766,6,15,90,8,4,154,82,0.15384615384615385
57201725370,57201726260,1,6,0.6666666666666666,2.110173592815613,9,6,54,4,0,187,63,0.23529411764705882
57223307001,6603865548,1,3,0.13043478260869565,0.9534786247553784,6,20,120,12,8,585,551,0.2
57190510305,57203868309,1,2,0.04878048780487805,0.8650383029813821,4,39,156,17,13,760,676,0.265625
57194163562,57202054317,1,3,0.13636363636363635,1.2020932273916787,8,17,136,10,0,253,117,0.05714285714285714
23987119600,57189584266,1,6,0.1935483870967742,1.5473717901317698,21,16,336,9,1,229,85,0.25
56834997800,6701843536,1,9,0.18,2.1357418505558985,20,39,780,16,6,370,198,0.24528301886792453
55664319500,56992895800,1,6,0.3157894736842105,1.7517951406156882,16,9,144,6,0,48,6,0.18181818181818182
26645089900,57217346265,1,4,0.5,1.4350724174380165,6,6,36,9,1,137,43,0.25
35191604400,7004583284,1,3,0.125,0.8874892700469996,15,12,180,19,5,1182,130,0.3111111111111111
57204120304,8617799200,1,13,0.3939393939393939,4.068691923691559,14,32,448,17,3,545,89,0.2564102564102564
55356969200,57225141700,1,12,0.42857142857142855,3.9600344627173554,23,17,391,7,3,86,58,0.18181818181818182
35473838700,55893235000,1,4,0.13333333333333333,1.221016068117037,18,16,288,6,2,64,24,0.16216216216216217
56985040800,57351582500,1,8,0.38095238095238093,2.73066407360415,20,9,180,7,3,176,142,0.4222222222222222
59432039000,8407935900,1,6,0.11320754716981132,1.7452025828618543,9,50,450,7,3,87,63,0.2
56678362800,7801369283,1,4,0.12903225806451613,1.50299048448101,22,13,286,11,5,144,84,0.14285714285714285
57201677203,57390357300,1,2,0.125,0.4133047357194403,13,5,65,4,2,27,9,0.4
7003811166,7004751343,1,5,0.04201680672268908,1.2713712827893782,64,60,3840,63,11,5206,1726,0.5102040816326531
57040829300,7410400145,1,1,0.041666666666666664,1.4426950408889634,1,24,24,21,17,1524,1442,0.3620689655172414
56835107500,57209721892,1,12,0.12903225806451613,3.050305265183431,25,80,2000,12,0,728,8,0.20833333333333334
15047537900,57205369615,1,5,0.11363636363636363,1.4942614343122238,42,7,294,9,5,246,226,0.045454545454545456
57212420665,7003731076,1,7,0.2692307692307692,2.962458986063335,9,24,216,20,10,747,519,0.2978723404255319
12782630800,35101968300,1,21,0.1926605504587156,6.985089910143728,106,24,2544,20,10,835,723,0.31645569620253167
33667994000,54383232900,1,8,0.052980132450331126,2.2870228388126543,9,150,1350,18,14,1168,1048,0.11842105263157894
55901968900,7003811166,1,17,0.26153846153846155,5.95289998218297,18,64,1152,33,19,1902,1578,0.32941176470588235
36143358700,6507638077,1,29,0.20279720279720279,6.6892321378439155,83,89,7387,18,0,662,18,0.28125
26024868000,57236215400,1,6,0.12,2.02326108676653,48,8,384,16,12,947,861,0.037037037037037035
57218484407,7402214018,1,2,0.03773584905660377,0.4490464694724793,5,50,250,9,7,165,157,0.23333333333333334
57008808800,7006912075,1,4,0.36363636363636365,1.3062290288502136,4,11,44,25,21,3756,3650,0.125
57215683127,57217121483,1,28,0.19047619047619047,6.507666023804598,118,57,6726,19,1,1090,698,0.4090909090909091
55347249800,57365466000,1,5,0.23809523809523808,1.8563715197339645,18,8,144,6,4,130,124,0.19047619047619047
36616921900,56017464200,1,2,0.08695652173913043,0.637182932481156,23,2,46,8,6,132,104,0.0967741935483871
56032699700,7005637352,1,8,0.12698412698412698,2.206706382106585,21,50,1050,16,6,590,354,0.34615384615384615
57201580887,7102802523,1,0,0.0,0.0,7,6,42,6,0,72,22,0.2
57214737905,7004578182,1,1,0.02702702702702703,0.9102392266268373,1,37,37,16,10,885,689,0.36046511627906974
57095385200,57201405929,1,3,0.5,0.8449950263047756,5,4,20,8,0,62,4,0.3181818181818182
6506649400,7005755002,1,5,0.047619047619047616,1.4097887304695924,94,16,1504,20,8,755,423,0.4084507042253521
57194525925,57200338451,1,5,0.7142857142857143,2.288965769866935,6,6,36,18,10,764,566,0.3448275862068966
38661114200,57201990363,1,7,0.12962962962962962,2.153713017915654,25,36,900,8,0,143,7,0.13043478260869565
36923965900,56320719800,1,6,0.21428571428571427,1.9383475495136993,9,25,225,15,5,490,218,0.35135135135135137
41961752000,55750277800,1,3,0.23076923076923078,1.0382189542551938,4,12,48,7,1,52,26,0.45714285714285713
57189253636,57193742768,1,2,0.13333333333333333,0.8906174426240029,2,15,30,9,5,213,59,0.25
56003074900,57194288925,1,9,0.0891089108910891,2.398495846779334,17,93,1581,18,12,1454,1402,0.19607843137254902
35613974100,57217211003,1,4,0.8,1.780809203076079,5,4,20,8,2,186,128,0.5909090909090909
35476648500,7003305314,1,63,0.34806629834254144,16.31052098620249,70,174,12180,21,9,1824,1626,0.6388888888888888
57199309168,57222542321,1,5,0.2631578947368421,1.9025933922656149,18,6,108,13,3,486,102,0.20689655172413793
57211056598,7102633221,1,65,0.3439153439153439,15.580656897083832,79,175,13825,22,8,2414,1130,0.22807017543859648
57205073315,7103040365,1,10,0.06622516556291391,2.490115046037376,15,146,2190,15,11,1272,1244,0.05
34978994200,36923965900,1,4,0.4,1.757338957518566,5,9,45,7,3,171,101,0.20588235294117646
57197801425,57215102752,1,18,0.2903225806451613,4.679649521878542,53,27,1431,13,5,363,105,0.2608695652173913
57191492478,57201721084,1,3,0.0967741935483871,0.8589414101151559,3,31,93,22,16,1225,1115,0.47368421052631576
56536258000,6701557594,1,2,0.4,1.1556420023477334,2,5,10,7,3,108,54,0.061224489795918366
44361299900,57211695211,1,9,0.3,2.529208135367267,16,23,368,12,2,188,26,0.3157894736842105
57956814400,57958386600,1,3,0.6,1.4768950133247354,4,4,16,2,0,4,2,1.0
57021797000,57190126621,1,3,0.075,0.9394814117989957,15,28,420,19,7,738,418,0.4117647058823529
57261486200,57262367600,1,3,1.0,1.0356723097381222,3,3,9,2,0,20,0,1.0
25643956700,57310887700,1,2,0.044444444444444446,0.44551923230751567,41,6,246,12,8,226,182,0.16
55990052000,57201273749,1,5,0.45454545454545453,1.764843494669331,11,5,55,5,1,43,19,0.3333333333333333
57217058476,7004481112,1,7,0.05343511450381679,2.0273850085274736,10,128,1280,17,15,813,809,0.02631578947368421
35419894800,7402214018,1,14,0.18421052631578946,4.071807558007066,40,50,2000,18,2,589,267,0.22950819672131148
57203970401,57212611089,1,6,0.049586776859504134,1.4973435312005858,110,17,1870,15,1,998,308,0.21428571428571427
36899632500,57189986568,1,8,0.27586206896551724,2.264452521155173,12,25,300,9,5,179,131,0.3793103448275862
55907009500,57779252800,1,3,0.04411764705882353,1.0766355698113752,67,4,268,20,16,1438,1428,0.07462686567164178
57210960198,7102633221,1,86,0.38392857142857145,20.202681507077685,135,175,23625,24,6,3002,542,0.37254901960784315
57203687928,57226759480,1,11,0.07692307692307693,2.6775712999019916,138,16,2208,11,7,982,968,0.14285714285714285
14823069800,36138887800,1,6,0.2608695652173913,2.2567514474945116,22,7,154,4,2,37,29,0.3333333333333333
7103355280,7201906013,1,8,0.1568627450980392,2.5644939450430173,20,39,780,10,2,139,21,0.19444444444444445
36952258700,57811488300,1,1,0.045454545454545456,0.30692767643013485,20,3,60,9,5,162,110,0.29411764705882354
57195576902,9279099800,1,2,0.0625,0.7280780337228161,13,21,273,14,6,285,193,0.13157894736842105
25223549400,57208370152,1,2,0.1,0.9481928242730024,16,6,96,11,5,183,97,0.4857142857142857
56701962100,57223009414,1,2,0.16666666666666666,0.7591406183201351,10,4,40,5,1,30,8,0.16666666666666666
37015226800,54388326500,1,5,0.625,2.609708192399771,8,5,40,6,0,44,2,0.52
16554843500,55411452400,1,5,0.08928571428571429,1.8368062297529029,51,10,510,11,7,275,261,0.17777777777777778
6602101968,6602978778,1,15,0.10638297872340426,4.5942948715914325,75,81,6075,38,14,2460,1556,0.41346153846153844
15926246800,57217224230,1,3,0.0234375,0.7733872369195621,128,3,384,23,19,1470,1356,0.04838709677419355
57190864627,57218477328,1,11,0.23404255319148937,2.7379649360712177,40,18,720,19,3,564,292,0.46153846153846156
12782630800,55410054500,1,8,0.06611570247933884,2.93401199312859,106,23,2438,23,7,974,584,0.3764705882352941
14030472900,57216441606,1,1,0.058823529411764705,0.5138983423697507,14,4,56,5,3,103,87,0.045454545454545456
57216743315,6506610707,1,10,0.3225806451612903,5.139843447368556,11,30,330,13,5,508,332,0.625
55665656200,6507863945,1,23,0.3382352941176471,7.539575223708928,66,25,1650,14,4,398,122,0.38461538461538464
57202887572,7102812576,1,7,0.1590909090909091,1.9247166911819524,40,11,440,9,3,187,101,0.17857142857142858
57215821161,57223105880,1,10,0.29411764705882354,2.7634759380163283,25,19,475,9,3,299,203,0.17391304347826086
55968603400,7006788459,1,18,0.4,4.9495049636285575,36,27,972,27,15,1478,1244,0.35714285714285715
55915590900,57220395358,1,10,0.47619047619047616,3.51376856615734,17,14,238,14,0,274,28,0.28125
57362983700,57771957800,1,11,0.5,2.716513528616102,18,15,270,4,0,19,3,0.5714285714285714
35615066800,56966260500,1,13,0.24528301886792453,4.630382177685176,52,14,728,28,20,1743,1657,0.2830188679245283
57219123666,57219128890,1,9,0.6923076923076923,3.4414987473693577,13,9,117,7,1,169,3,0.2962962962962963
44761100500,57191500103,1,7,0.1111111111111111,2.5550400118002297,57,13,741,12,2,275,93,0.2777777777777778
35355756600,6602663937,1,3,0.022556390977443608,0.9379371628029569,127,9,1143,21,11,1832,1736,0.2247191011235955
15846722600,8270443200,1,0,0.0,0.0,1,14,14,10,6,346,242,0.21739130434782608
57215146771,57223858883,1,3,0.42857142857142855,0.8639251100781649,6,4,24,4,0,55,5,0.2857142857142857
57204735945,57205688879,1,7,0.20588235294117646,2.319632260515245,10,31,310,10,4,197,67,0.13636363636363635
21833487900,24503743000,1,0,0.0,0.0,5,9,45,19,3,726,204,0.1694915254237288
57201723003,7201455990,1,5,0.14705882352941177,1.6899219656792277,8,31,248,11,5,456,404,0.25
57208819121,6603942569,1,5,0.17857142857142858,1.6768698319616844,17,16,272,13,1,566,124,0.275
55471004700,55597926500,1,8,0.0446927374301676,2.112750147035145,81,106,8586,24,4,1221,557,0.2
37080514000,57193088524,1,2,0.16666666666666666,0.5593665138168198,10,4,40,6,2,92,58,0.16666666666666666
56728521100,57200031410,1,5,0.45454545454545453,1.7868582949064462,6,10,60,9,5,637,463,0.2857142857142857
35072691200,35976473700,1,10,0.43478260869565216,4.486141769406924,18,15,270,9,1,103,29,0.391304347826087
54934537600,57208440295,1,7,0.4375,2.4168612818960717,11,12,132,10,2,154,34,0.3333333333333333
55421338900,6701777193,1,2,0.3333333333333333,0.7923008496331247,2,6,12,6,2,127,59,0.22580645161290322
36899832000,7102535804,1,12,0.2727272727272727,3.969319813972182,44,12,528,11,7,278,250,0.36363636363636365
57211349161,57211350803,1,5,0.5,1.5259766837599407,6,9,54,6,2,37,21,0.4
35306973000,6603267560,1,2,0.06896551724137931,1.3426824550040934,17,14,238,21,1,692,148,0.35064935064935066
24073240300,57215451153,1,9,0.15517241379310345,2.763517639631092,57,10,570,19,15,780,734,0.16326530612244897
57894035200,58000043100,1,8,0.5,2.595542312608633,13,11,143,4,0,32,10,0.8181818181818182
16306368600,55196096200,1,11,0.2,3.2037543293870376,24,42,1008,19,7,571,311,0.23529411764705882
55356969200,57172631000,1,4,0.14285714285714285,1.4420641083710537,23,9,207,7,3,113,31,0.25
57053197100,57193681931,1,1,0.2,0.6213349345596119,5,1,5,10,6,311,245,0.4782608695652174
57192697218,57212026794,1,4,0.14285714285714285,1.6948626687179689,24,8,192,13,3,244,88,0.20833333333333334
56430927200,57215683127,1,95,0.5974842767295597,22.56649441842677,136,118,16048,21,3,2224,436,0.4473684210526316
56378542800,57195309972,1,15,0.21739130434782608,4.8299385136161375,68,16,1088,22,14,1213,1069,0.14705882352941177
26024868000,54789032500,1,9,0.1836734693877551,2.4392117531260653,48,10,480,15,13,910,898,0.14814814814814814
6507638077,7103040365,1,27,0.12980769230769232,6.188895283586563,89,146,12994,22,4,1580,936,0.3559322033898305
57195760105,57215683127,1,47,0.35074626865671643,10.610719140539913,63,118,7434,13,5,1844,56,0.1935483870967742
56764612600,57191895726,1,39,0.6190476190476191,9.121787862873688,44,58,2552,13,3,1302,702,0.36
36902842200,57221165763,1,4,0.2857142857142857,2.16373451090878,13,5,65,18,8,402,260,0.42857142857142855
35997230900,7005936077,1,19,0.15833333333333333,5.856427373565731,55,84,4620,16,2,768,534,0.453125
55664319500,57190799130,1,8,0.16666666666666666,2.4321888360703605,16,40,640,11,5,203,161,0.09302325581395349
7004376921,7006196140,1,3,0.075,0.8632411402272224,29,14,406,24,10,845,549,0.373134328358209
54583433300,57215907602,1,4,0.09302325581395349,1.5297704691578846,43,4,172,13,9,390,290,0.1
57207449324,57212019850,1,3,0.2727272727272727,1.085505493998751,9,5,45,6,2,112,22,0.5
57190799130,57216934454,1,8,0.15384615384615385,2.309829388872876,40,20,800,11,5,250,114,0.07317073170731707
21935159200,6603449202,1,0,0.0,0.0,1,6,6,6,4,280,274,0.43137254901960786
23097126700,7102879500,1,2,0.02127659574468085,0.6196654149730135,3,93,279,53,37,6088,4890,0.391304347826087
7005323635,9037312600,1,5,0.053763440860215055,1.5473769691387327,41,57,2337,33,3,1827,241,0.3670886075949367
57190732544,8616406100,1,41,0.3565217391304348,9.114600471494873,65,91,5915,20,6,1304,1056,0.1282051282051282
57418950700,7003478797,1,9,0.08490566037735849,3.1412982145888826,43,72,3096,23,11,1304,1050,0.2
57193566572,7102231043,1,14,0.07865168539325842,4.014014103983607,27,165,4455,57,31,6645,5321,0.25882352941176473
56705418200,7006637649,1,3,0.10714285714285714,1.0905060284966046,4,27,108,22,18,1777,1661,0.1206896551724138
57226376713,57226389009,1,3,0.14285714285714285,0.9187938160961463,21,3,63,14,10,382,362,0.17857142857142858
15836326300,55616396400,1,9,0.08653846153846154,2.191478539079127,48,65,3120,19,3,536,26,0.3829787234042553
56105087200,57221997539,1,10,0.5263157894736842,3.0678790647531047,16,13,208,10,2,254,120,0.13636363636363635
56025767600,7202594350,1,4,0.14285714285714285,1.6587201252225887,28,4,112,11,7,820,736,0.2037037037037037
57205762541,6602277744,1,6,0.045112781954887216,1.6245136938615814,6,133,798,24,20,1985,1945,0.078125
6701843536,9335511500,1,2,0.02564102564102564,1.2022458674074694,39,41,1599,23,1,784,216,0.4375
23072832700,57211482914,1,11,0.14666666666666667,2.780708746961626,69,17,1173,30,22,2886,2604,0.125
54382485600,57201026134,1,26,0.15384615384615385,5.66520270581424,39,156,6084,18,4,1388,1118,0.39473684210526316
57360507500,8046818200,1,1,0.1,0.9102392266268373,1,10,10,7,3,99,67,0.06451612903225806
57218193751,57221712866,1,20,0.23529411764705882,5.096876193265805,78,27,2106,10,2,929,817,0.5
57193110663,6603729308,1,14,0.3181818181818182,4.301923179722301,33,25,825,28,2,1117,185,0.3125
7003959774,7006331391,1,4,0.023952095808383235,1.9089585205186543,138,33,4554,42,8,3742,1012,0.3162393162393162
57194021664,57211534375,1,5,0.15151515151515152,1.5200866249495881,32,6,192,5,3,66,44,0.25
57219674432,7102098015,1,1,0.05555555555555555,0.43429448190325176,2,17,34,10,6,207,195,0.2727272727272727
56505366300,56712342900,1,10,0.25,3.257387885496615,32,18,576,14,2,241,53,0.3617021276595745
57191906531,57215300006,1,10,0.21739130434782608,2.949241986082374,45,11,495,7,3,371,243,0.3157894736842105
57192938250,57201504995,1,14,0.15730337078651685,4.342969932432172,42,61,2562,20,2,528,8,0.4523809523809524
57208794505,57214187155,1,40,0.5633802816901409,8.820229684414524,61,50,3050,10,4,1193,1073,0.10344827586206896
55970678100,8951383700,1,2,0.14285714285714285,0.9924051084544989,5,11,55,9,5,209,171,0.25
23973868600,57194418540,1,9,0.1232876712328767,2.672282400463332,24,58,1392,13,1,335,173,0.35555555555555557
12809396900,57213840834,1,6,0.3157894736842105,1.985055892778079,9,16,144,9,1,154,62,0.26666666666666666
57219982978,7007180997,1,2,0.09523809523809523,1.531574161186449,2,21,42,17,13,623,611,0.15555555555555556
35338930200,57217661773,1,17,0.22972972972972974,4.482111184989501,36,55,1980,15,1,1031,723,0.21212121212121213
55503270600,57221471206,1,1,0.16666666666666666,0.45511961331341866,5,2,10,5,1,30,12,0.25
57200984590,7006139983,1,4,0.11764705882352941,1.0823823856814672,7,31,217,14,10,399,345,0.0967741935483871
51665647500,55771371100,1,6,0.2727272727272727,2.145440171726567,12,16,192,10,4,551,435,0.2857142857142857
25621529400,57200644240,1,56,0.39436619718309857,12.938551871920522,122,76,9272,28,14,2273,1691,0.16
56485432200,6508089504,1,5,0.8333333333333334,1.957058556332984,6,5,30,8,2,191,89,0.21428571428571427
6506906545,6507638077,1,21,0.21649484536082475,4.8972420156765235,29,89,2581,12,6,353,291,0.1590909090909091
54934537600,56545194900,1,6,0.42857142857142855,1.959662097472996,11,9,99,12,0,170,18,0.375
57205594335,6505881924,1,17,0.21794871794871795,7.15742272808384,27,68,1836,32,8,1908,948,0.35
27967551900,57215695696,1,28,0.19310344827586207,6.513297669731839,140,33,4620,22,18,1544,1494,0.13725490196078433
25654395000,57211116981,1,1,0.125,0.5138983423697507,8,1,8,6,4,79,63,0.3333333333333333
56745087900,57202534245,1,4,0.4,1.7131266733370696,8,6,48,5,1,102,16,0.22857142857142856
35782421700,56425076100,1,9,0.47368421052631576,3.110625540578145,13,15,195,4,2,101,95,0.5555555555555556
55839922800,57202887572,1,24,0.46153846153846156,6.415266339899792,36,40,1440,10,2,231,57,0.14285714285714285
56539286900,6701843536,1,6,0.125,1.4847501231540479,15,39,585,18,4,471,97,0.18181818181818182
55507423800,57204955592,1,6,0.375,2.5204165042110516,16,6,96,16,8,449,357,0.19230769230769232
55916496500,8585695400,1,5,0.06097560975609756,1.6704278149061327,23,64,1472,16,4,476,218,0.1951219512195122
57215104705,57221688357,1,3,0.42857142857142855,1.2899899321059596,6,4,24,4,0,22,0,0.5
35585451000,56005252000,1,9,0.075,2.9694855605826596,97,32,3104,31,3,1272,336,0.3063063063063063
14831676900,36998001600,1,4,0.06451612903225806,1.2576740194717915,61,5,305,23,15,1150,856,0.3170731707317073
57203923646,8962997000,1,8,0.0898876404494382,2.2594747534696826,8,89,712,27,23,1991,1937,0.05405405405405406
57207815439,57211412226,1,4,0.23529411764705882,1.299175416452554,15,6,90,20,14,1829,1519,0.375
6506171002,7003379409,1,6,0.2608695652173913,2.369451826326997,15,14,210,17,3,429,143,0.5357142857142857
57215585311,57224180610,1,4,0.4444444444444444,1.947290300063139,9,4,36,6,0,110,6,0.18181818181818182
36468959100,57202731272,1,1,0.1111111111111111,0.40242960438184466,4,6,24,8,4,373,347,0.3125
57204182284,57779252800,1,1,0.16666666666666666,0.35295612386476116,3,4,12,4,0,12,2,0.2857142857142857
57202585495,57210916767,1,7,0.5833333333333334,2.506842656538359,9,10,90,8,2,123,71,0.3684210526315789
57204359651,57208370152,1,1,0.09090909090909091,0.43429448190325176,6,6,36,8,2,100,14,0.45454545454545453
57193611554,7006200042,1,12,0.18461538461538463,3.3232870279594735,20,57,1140,28,12,1574,1114,0.38095238095238093
55882827100,7006683766,1,2,0.08695652173913043,0.7947428852085272,5,20,100,7,3,102,76,0.12121212121212122
15753813300,57216419648,1,1,0.01818181818181818,0.2064329849677758,48,8,384,11,7,254,192,0.14285714285714285
25031854100,58199638600,1,1,0.3333333333333333,1.4426950408889634,3,1,3,5,1,38,14,0.2894736842105263
16229748800,57198331685,1,4,0.17391304347826086,1.2311350216619452,13,14,182,9,5,310,242,0.28205128205128205
57195442657,57203789639,1,17,0.08900523560209424,4.1544951063211375,170,38,6460,22,8,804,384,0.24615384615384617
56316545200,57216400517,1,2,0.2857142857142857,0.7178729739545852,7,2,14,10,6,429,317,0.32
56244888300,57205331827,1,8,0.2857142857142857,2.7937597501817395,19,17,323,22,2,758,118,0.37037037037037035
57193168500,57194523287,1,14,0.22950819672131148,4.323595764050272,28,47,1316,15,1,1380,924,0.48
55070036100,56574448400,1,5,0.09803921568627451,1.37168638239906,50,6,300,12,8,441,271,0.23529411764705882
27967551900,56607432800,1,36,0.23841059602649006,8.380655947338418,140,47,6580,23,17,1569,1469,0.19298245614035087
24174852000,55508845800,1,1,0.03125,0.36926937306885504,29,4,116,23,13,1255,887,0.3469387755102041
57205197108,7102961338,1,1,0.045454545454545456,0.31465798044412485,7,16,112,8,2,173,1,0.13513513513513514
26530872400,7003902989,1,3,0.08823529411764706,1.1071594756029906,5,32,160,12,8,311,279,0.5757575757575758
55835740200,57214738792,1,3,0.2727272727272727,1.3472620647186402,6,8,48,13,1,445,195,0.3888888888888889
56779727500,6602826319,1,6,0.06741573033707865,1.911204389071676,8,87,696,16,10,502,454,0.16666666666666666
57201112275,6507157339,1,3,0.12,0.6636108554474106,18,10,180,9,1,69,13,0.1724137931034483
6602277744,6603717726,1,13,0.09285714285714286,3.6407097931925856,133,20,2660,29,15,2091,1839,0.2571428571428571
55242228300,7003488906,1,5,0.058823529411764705,1.1522786783378152,58,32,1856,16,4,439,167,0.2830188679245283
55842599300,7102879500,1,11,0.08333333333333333,3.330173994885363,50,93,4650,78,12,8325,2653,0.6666666666666666
57188951648,57211350803,1,6,0.2222222222222222,1.8512586570298266,24,9,216,9,1,103,45,0.16666666666666666
16400718100,57201364069,1,2,0.10526315789473684,0.6419401742849692,9,12,108,20,4,660,90,0.36363636363636365
57200755425,57222641576,1,34,0.3655913978494624,7.749568239119765,86,41,3526,13,3,1503,875,0.16666666666666666
27967551900,7003467120,1,56,0.34355828220858897,13.784417597200763,140,79,11060,31,9,1836,1202,0.4827586206896552
55665656200,56942248500,1,2,0.029850746268656716,0.872152004737665,66,3,198,10,8,261,259,0.16666666666666666
56574448400,7004724933,1,6,0.06976744186046512,1.8525847293620479,6,86,516,20,16,1033,863,0.13333333333333333
56703525900,57216908760,1,0,0.0,0.0,0,8,0,11,5,1406,1316,0.42857142857142855
55195951000,7102354941,1,9,0.13432835820895522,2.475589501568905,15,61,915,11,7,277,245,0.3023255813953488
56116349600,57224179823,1,7,0.21212121212121213,3.1576012915332408,33,7,231,23,17,1654,1570,0.35714285714285715
57205106648,57205106670,1,5,0.23809523809523808,1.6987350697570331,6,20,120,11,3,221,97,0.1111111111111111
35588325000,57202642008,1,7,0.1320754716981132,2.298220520241195,52,8,416,21,15,1101,1023,0.19047619047619047
56346204600,57188812962,1,6,0.375,1.718277028141244,8,14,112,3,1,22,8,0.30303030303030304
34872648900,6506649400,1,6,0.058823529411764705,1.6211785552865354,14,94,1316,18,10,655,523,0.15384615384615385
57221698724,6506420388,1,8,0.12121212121212122,2.6428967499893288,8,66,528,13,9,448,420,0.038461538461538464
57219660583,57948659200,1,6,0.5,1.9186377353008643,9,9,81,7,1,222,138,0.6111111111111112
55907009500,56845192300,1,8,0.1095890410958904,3.1282813420243496,67,14,938,23,13,1663,1203,0.38028169014084506
24174298100,8585695400,1,7,0.10606060606060606,2.205567165274487,9,64,576,12,8,437,257,0.1891891891891892
23986455300,7003572956,1,33,0.2773109243697479,9.616210497202362,45,107,4815,34,14,3041,1829,0.4264705882352941
57194720075,7102231043,1,3,0.017964071856287425,0.7327694710872079,5,165,825,52,36,6417,5549,0.1927710843373494
57218195032,57221949854,1,52,0.4,12.34291271569689,60,122,7320,28,22,3699,2245,0.25862068965517243
57201480507,57210207587,1,9,0.3333333333333333,2.718900712921748,21,15,315,12,0,209,27,0.1282051282051282
57218195605,6602404361,1,31,0.18787878787878787,6.925501229687593,101,95,9595,21,3,1486,376,0.2413793103448276
56122157300,57216276073,1,6,0.10909090909090909,1.8083231567048728,55,6,330,16,10,516,446,0.2692307692307692
57197711987,7201676108,1,2,0.043478260869565216,0.6982988054869746,4,44,176,15,9,481,303,0.14285714285714285
25031122000,7004835587,1,27,0.08385093167701864,6.370192285018188,59,290,17110,41,23,3343,2819,0.30434782608695654
55914857200,56819111900,1,4,0.13793103448275862,1.2892083439536786,25,8,200,10,2,158,42,0.2127659574468085
57195504303,6506641033,1,6,0.20689655172413793,2.0581752427731512,12,23,276,17,5,499,353,0.29411764705882354
57209744416,6507737860,1,12,0.24489795918367346,5.560887321516499,13,48,624,32,6,2190,1082,0.49295774647887325
23392652800,57236215400,1,7,0.4375,2.41313233201781,15,8,120,5,1,82,4,0.25
57203878501,7004405540,1,2,0.020618556701030927,0.5964738735580699,2,97,194,14,12,557,547,0.09090909090909091
52663129000,57210960198,1,60,0.39473684210526316,14.188720715114039,77,135,10395,16,2,2259,201,0.16216216216216217
6506938864,7004030554,1,2,0.14285714285714285,0.6469702276599671,6,10,60,9,1,257,1,0.06451612903225806
16203173100,57217669532,1,5,0.10416666666666667,2.195613287219546,41,12,492,13,9,289,235,0.1951219512195122
6701823508,7004297492,1,1,0.07142857142857142,0.40242960438184466,10,5,50,8,2,137,43,0.625
42062305700,55967938200,1,9,0.5294117647058824,2.8311660327014248,10,16,160,19,5,846,144,0.3548387096774194
57220039211,6701631287,1,3,0.23076923076923078,1.084374381313154,5,11,55,9,5,200,90,0.03571428571428571
24779987100,57191498025,1,8,0.2,3.3581675771502004,30,18,540,9,3,202,156,0.36363636363636365
55955763900,6504280283,1,17,0.15315315315315314,4.243647461358161,38,90,3420,15,5,423,197,0.1896551724137931
35095506200,57206263089,1,16,0.21621621621621623,5.318774597594358,74,16,1184,22,14,1037,863,0.16666666666666666
60135003000,6603936681,1,8,0.22857142857142856,2.324647502052592,15,28,420,10,4,217,99,0.2
56579953700,59608331900,1,41,0.7884615384615384,9.485621491769269,49,44,2156,4,0,87,5,0.375
56747200700,56747438200,1,7,0.7,2.811552540634208,7,10,70,7,1,197,119,0.2777777777777778
55320336300,57322942600,1,3,0.1875,1.539555187515087,15,4,60,9,3,232,176,0.2857142857142857
57195065451,7102474754,1,3,0.022900763358778626,0.9573388609967799,67,67,4489,36,2,2105,351,0.2980769230769231
57218491501,58204167700,1,4,0.3076923076923077,1.8505832204248673,13,4,52,2,2,56,56,0.5263157894736842
15073894300,21934592300,1,10,0.20408163265306123,2.586203829127186,37,22,814,26,6,1044,338,0.23333333333333334
57194439260,59263820600,1,3,0.25,1.3051532901850331,12,3,36,9,5,209,181,0.16666666666666666
56742830300,7005330448,1,10,0.11904761904761904,3.2911533019534946,14,80,1120,31,19,2256,2018,0.2549019607843137
57144663400,57191039949,1,12,0.42857142857142855,3.743972131089225,15,25,375,18,2,552,94,0.75
57203993836,57210390533,1,6,0.3,1.8735268963244,8,18,144,12,8,412,268,0.25
39861120000,7102314294,1,1,0.024390243902439025,0.6213349345596119,14,28,392,35,7,2142,1050,0.25
57194062850,7006940836,1,8,0.2,2.5947927778435407,15,33,495,14,8,878,754,0.12962962962962962
10142248500,57215152591,1,6,0.20689655172413793,2.0716392671203505,23,12,276,16,12,469,451,0.27450980392156865
57192690714,57194523287,1,16,0.2909090909090909,4.014919742449656,24,47,1128,9,5,255,201,0.3076923076923077
55604213100,58827472400,1,5,0.1,1.5793559974110067,50,5,250,8,6,140,126,0.2777777777777778
55889853500,59313752200,1,8,0.1702127659574468,3.324819626274633,15,40,600,22,10,890,762,0.4117647058823529
36193268600,55969453600,1,4,0.26666666666666666,1.7482421517060267,11,8,88,7,1,130,24,0.3888888888888889
55357477800,57204022682,1,11,0.3142857142857143,3.548530156615969,34,12,408,9,3,176,122,0.11764705882352941
57195468678,57199848502,1,3,0.42857142857142855,1.271207698212898,3,7,21,7,1,387,41,0.6
35792345000,57208263840,1,1,0.1,0.5581106265512472,9,2,18,8,4,189,121,0.10526315789473684
57200272134,8962997000,1,4,0.042105263157894736,1.2153756935727378,10,89,890,28,22,2021,1907,0.25
24381811800,8534471900,1,11,0.11,3.539786191658232,35,76,2660,28,2,993,197,0.4426229508196721
57213873391,6506776579,1,39,0.17972350230414746,9.155343873815312,47,209,9823,28,22,3967,3841,0.14925373134328357
57200755425,57203687928,1,65,0.4088050314465409,15.179406782709348,86,138,11868,17,1,2164,214,0.23076923076923078
56732311700,57205884945,1,6,0.0967741935483871,1.759888042912795,57,11,627,18,14,913,797,0.06976744186046512
56664043200,57193931875,1,13,0.22033898305084745,3.2567566274178303,37,35,1295,13,1,297,67,0.2903225806451613
57202214798,57223862253,1,4,0.5714285714285714,1.79570932621818,6,5,30,5,1,82,54,0.2
57215486904,6506130489,1,3,0.08571428571428572,1.351667939177256,3,35,105,19,15,1541,1487,0.23728813559322035
24432034800,7202183609,1,2,0.125,0.8687780938310532,5,13,65,13,3,268,150,0.2978723404255319
43460890100,56583461600,1,10,0.5263157894736842,4.017608212069344,12,17,204,10,2,153,39,0.17647058823529413
55706745500,57222735293,1,5,0.38461538461538464,1.6124922117461422,10,8,80,6,2,85,17,0.18181818181818182
34977020900,7004185360,1,3,0.10714285714285714,1.4345107277115146,4,27,108,19,17,981,953,0.5047619047619047
35481219400,7102666167,1,8,0.32,2.172456223134484,14,19,266,11,1,1000,864,0.59375
57202330234,57220195292,1,2,0.1111111111111111,0.49258400875988184,9,11,99,7,1,151,13,0.4166666666666667
58000043100,6504280283,1,8,0.08602150537634409,2.570577021157649,11,90,990,12,8,331,289,0.12
48860936400,8953706800,1,3,0.13043478260869565,0.9364729449459577,5,21,105,17,1,800,102,0.4523809523809524
56954535800,57192397433,1,6,0.3333333333333333,2.011368303612557,9,15,135,24,8,1143,809,0.5
57201990834,6602978778,1,10,0.08196721311475409,2.7244831437549464,51,81,4131,18,6,556,348,0.2
12646290400,24779987100,1,5,0.14705882352941177,1.8663894917682513,9,30,270,8,4,191,167,0.35135135135135137
57219384397,7006434026,1,4,0.07692307692307693,1.2850553932254638,13,43,559,12,6,276,200,0.09302325581395349
25947321200,26654926000,1,1,0.034482758620689655,0.2506903984389969,23,7,161,15,5,327,115,0.3220338983050847
56537108900,57204858767,1,10,0.08333333333333333,2.1989445322013768,87,43,3741,23,7,935,301,0.22413793103448276
55312463700,7005637352,1,3,0.03260869565217391,0.7962847007975549,45,50,2250,23,1,766,178,0.31645569620253167
57201456169,7201677725,1,5,0.06578947368421052,1.5177982397511425,5,76,380,17,13,613,595,0.05454545454545454
37664726500,57191895726,1,49,0.5,11.47176779249657,89,58,5162,18,2,2144,140,0.4166666666666667
36104074200,57200960068,1,2,0.08695652173913043,0.7591406183201351,20,5,100,15,9,559,497,0.28205128205128205
57202255018,7005330448,1,21,0.2441860465116279,6.433054564985214,27,80,2160,34,16,2453,1821,0.36
40761630500,8212453900,1,5,0.29411764705882354,1.448046752600736,7,15,105,4,0,63,29,0.36363636363636365
57191440019,57209860294,1,10,0.2702702702702703,3.568886475452982,31,16,496,25,7,857,379,0.5625
55846257200,7005355323,1,12,0.32432432432432434,3.9260922025818146,27,22,594,16,0,527,109,0.3717948717948718
53263670000,7102231043,1,3,0.01775147928994083,1.0454980877434092,7,165,1155,50,38,6096,5870,0.34408602150537637
55195951000,56890903400,1,5,0.23809523809523808,1.3307515936901422,15,11,165,4,0,37,5,0.24
55479849400,56526846400,1,4,0.11764705882352941,1.334126005251827,8,30,240,12,4,296,150,0.1702127659574468
55172863100,7801624906,1,15,0.09933774834437085,3.666581859816757,71,95,6745,31,13,1767,1227,0.17073170731707318
57192194929,7006188042,1,1,0.014285714285714285,0.7213475204444817,1,70,70,23,11,1283,765,0.25
57191500103,7101828632,1,4,0.10256410256410256,2.1462463099762004,13,30,390,11,1,190,8,0.25
26634884900,57190260444,1,3,0.03296703296703297,0.698783598605508,88,6,528,17,11,1525,1303,0.1702127659574468
6507310582,7401770179,1,18,0.1565217391304348,5.824380762093664,113,20,2260,21,7,786,574,0.23684210526315788
15926246800,7801358604,1,17,0.09289617486338798,4.12744777307075,128,72,9216,40,2,2457,369,0.38961038961038963
57201026134,6603127485,1,18,0.10227272727272728,4.065991974357773,156,38,5928,13,9,1266,1240,0.07317073170731707
56694162200,57208643780,1,6,0.21428571428571427,1.7470698134911509,21,13,273,7,3,100,80,0.25
57160512400,6507993283,1,8,0.13559322033898305,2.089237262969587,28,39,1092,17,1,322,74,0.19642857142857142
16318838800,54965487500,1,4,0.12903225806451613,1.42933958043945,30,5,150,9,7,195,169,0.21951219512195122
57194868042,7404277487,1,29,0.2457627118644068,6.468402726603905,78,69,5382,21,9,1062,64,0.3870967741935484
6504280283,7102633221,1,32,0.13733905579399142,8.185554836307615,90,175,15750,25,5,2082,1462,0.28
56747200700,57195575460,1,5,0.45454545454545453,1.7350979927611774,7,9,63,5,1,61,17,0.2222222222222222
35546900100,57192101947,1,2,0.07692307692307693,1.3426824550040934,26,2,52,13,11,449,439,0.08860759493670886
14054493300,57221865286,1,4,0.2857142857142857,2.1515738095658277,10,8,80,9,5,162,150,0.23076923076923078
19640313400,57347913800,1,3,0.17647058823529413,1.4336509077273127,16,4,64,8,4,157,141,0.3225806451612903
57203687928,57222024477,1,23,0.16083916083916083,5.355013242154502,138,28,3864,11,7,1025,925,0.2727272727272727
12143506000,57221698724,1,8,0.4,2.6428967499893288,20,8,160,6,2,54,26,0.14285714285714285
15766181700,7004578182,1,7,0.16666666666666666,2.691888652298889,12,37,444,23,3,1234,340,0.26373626373626374
22433734000,55907009500,1,4,0.056338028169014086,1.4555587515013264,8,67,536,21,15,1491,1375,0.2191780821917808
57195512502,6603317232,1,4,0.15384615384615385,1.1552297542600425,14,16,224,12,6,248,192,0.12903225806451613
12807248900,8585695400,1,26,0.11659192825112108,6.4823765087894145,185,64,11840,33,13,3316,2622,0.49206349206349204
22979244700,57201691055,1,6,0.5,2.4645028946885437,12,6,72,14,12,691,659,0.16216216216216217
56267296900,57219272053,1,4,0.5714285714285714,2.382958964352376,7,4,28,12,2,364,210,0.5294117647058824
24330030100,6603732085,1,15,0.189873417721519,4.099392202324739,73,21,1533,12,6,484,166,0.43137254901960786
27967551900,35095293000,1,22,0.15172413793103448,6.2178991279420694,140,27,3780,27,13,1715,1323,0.28846153846153844
57212705551,7202140793,1,14,0.13333333333333333,4.115482644090556,45,74,3330,56,24,6941,5445,0.5324675324675324
55479849400,56472729600,1,3,0.17647058823529413,0.990286863275434,8,12,96,6,2,88,58,0.14814814814814814
56007251600,57205511747,1,4,0.13793103448275862,1.3063228894632606,5,28,140,5,3,90,42,0.12
35476648500,8616406100,1,40,0.3305785123966942,8.857438719502259,70,91,6370,19,7,1279,1081,0.29850746268656714
26535979500,7102450017,1,6,0.13636363636363635,2.2427950060347914,26,24,624,29,7,2395,879,0.49122807017543857
57044761600,6603267560,1,1,0.06666666666666667,0.45511961331341866,2,14,28,15,5,661,179,0.31666666666666665
16022155700,56600872900,1,3,0.16666666666666666,1.0846487928149144,16,5,80,23,9,984,486,0.18867924528301888
56133490300,57194288925,1,9,0.09375,2.407566845448178,12,93,1116,16,14,1433,1423,0.2608695652173913
37099155100,44361299900,1,11,0.4074074074074074,2.924518154467787,22,16,352,11,1,182,20,0.24
57203970401,57208623046,1,42,0.375,9.318953137390329,110,44,4840,10,6,694,612,0.09375
12804479700,16312002800,1,8,0.5333333333333333,2.943102248745345,14,9,126,15,3,336,126,0.39285714285714285
35549305800,60347122100,1,0,0.0,0.0,5,0,0,8,8,541,541,0.08196721311475409
56295292100,56405295900,1,5,0.1282051282051282,1.8519330099585516,23,21,483,22,12,910,592,0.28888888888888886
57218326544,7202834119,1,2,0.18181818181818182,1.0098865286222742,5,8,40,4,0,95,41,0.05970149253731343
55969453600,7201559188,1,5,0.19230769230769232,2.0212005721154247,8,23,184,17,9,678,572,0.3114754098360656
57209641808,7103053518,1,9,0.06716417910447761,2.5355795645223984,21,122,2562,22,6,836,268,0.24705882352941178
6507863945,7103053518,1,21,0.16666666666666666,6.488826299214852,25,122,3050,19,9,690,414,0.15476190476190477
36342233400,57039798100,1,1,0.029411764705882353,0.5581106265512472,2,33,66,25,21,1773,1503,0.22807017543859648
57147359700,57202587895,1,1,0.14285714285714285,0.3001016285004131,3,5,15,9,1,182,60,0.2692307692307692
52663129000,57217661773,1,25,0.2336448598130841,5.655186957085045,77,55,4235,15,1,1906,152,0.1951219512195122
56678362800,57382662100,1,7,0.2692307692307692,2.103048463886673,22,11,242,16,0,221,7,0.696969696969697
57211695211,57223231639,1,5,0.1724137931034483,1.6495472994273639,23,11,253,10,4,126,88,0.125
55970900600,7005355323,1,1,0.03225806451612903,0.36067376022224085,10,22,220,11,5,369,267,0.11428571428571428
37560946400,57265432000,1,1,0.038461538461538464,0.3396232718951086,26,1,26,19,13,890,570,0.15384615384615385
44161246300,56209004700,1,5,0.3125,1.6766320404655881,7,14,98,8,0,143,27,0.375
57201466483,6506649400,1,13,0.11926605504587157,3.9899707671274656,28,94,2632,25,3,1141,37,0.34285714285714286
55933323300,57209721892,1,22,0.23404255319148937,4.9056617558638695,36,80,2880,8,4,432,304,0.23333333333333334
56606104800,57221570837,1,12,0.20689655172413793,3.4714686150547367,57,13,741,15,11,786,706,0.15625
57205690880,57205696181,1,2,0.044444444444444446,0.7725446482719497,2,45,90,9,3,119,91,0.1111111111111111
56513768800,57965324800,1,7,0.11864406779661017,1.9931947114696533,56,10,560,20,16,994,966,0.14285714285714285
35548015700,6602498091,1,3,0.05660377358490566,1.2768115666008895,50,6,300,25,11,1512,1318,0.37142857142857144
57118110300,9279099800,1,1,0.047619047619047616,0.318928988903801,1,21,21,12,8,260,218,0.32432432432432434
24491486300,57197190962,1,17,0.3090909090909091,4.69537471517891,50,22,1100,19,9,612,498,0.2222222222222222
57394792100,8630861900,1,5,0.35714285714285715,1.7572461347160266,9,10,90,5,1,80,52,0.2
56582416100,57203840752,1,11,0.5789473684210527,4.082007538988842,18,12,216,13,3,212,72,0.48
55386448400,55675601900,1,3,0.3,1.2255728164189912,8,5,40,11,1,271,21,0.38461538461538464
37048606300,57200116102,1,6,0.17647058823529413,1.814688801093296,34,6,204,12,8,319,269,0.09090909090909091
25121531900,55955763900,1,4,0.1,1.424691651621167,6,38,228,8,2,195,31,0.12903225806451613
57188643984,6506776579,1,34,0.15246636771300448,7.847810714915742,48,209,10032,32,18,4130,3678,0.13924050632911392
6602460649,7402214018,1,4,0.03125,1.0778938480230023,82,50,4100,33,17,2627,2305,0.1891891891891892
57202012217,57203687928,1,15,0.08823529411764706,3.799489048914428,47,138,6486,19,1,1584,366,0.17777777777777778
57212549528,57212602955,1,7,0.7777777777777778,2.346569846316137,8,8,64,6,0,50,2,0.3333333333333333
55242228300,57202939548,1,9,0.1232876712328767,2.4583534417597868,58,24,1392,18,2,427,179,0.21052631578947367
55884865400,8313580700,1,1,0.16666666666666666,0.6213349345596119,2,5,10,7,1,96,56,0.44680851063829785
6507198930,7003810795,1,1,0.010638297872340425,0.269282508064391,43,52,2236,34,14,2559,2047,0.375
15849625600,57209641836,1,7,0.1044776119402985,2.21030789808429,66,8,528,12,10,738,734,0.030303030303030304
14831676900,35316303500,1,6,0.07317073170731707,2.149486799717691,61,27,1647,36,2,1749,257,0.43859649122807015
54938953500,55509687900,1,5,0.3333333333333333,1.9593849980149947,15,5,75,10,6,256,204,0.7058823529411765
17342671000,36436712700,1,20,0.4444444444444444,6.454897333973944,42,23,966,9,1,136,32,0.35555555555555557
14060455600,57220859011,1,7,0.050724637681159424,1.758920136385048,134,11,1474,44,36,5102,4976,0.15714285714285714
14060455600,55241360300,1,9,0.06382978723404255,2.4796844187917566,134,16,2144,43,37,5070,5008,0.13513513513513514
57195239694,57214187375,1,6,0.5454545454545454,2.9684069242242694,10,7,70,10,6,173,149,0.2727272727272727
14831676900,55622609300,1,1,0.015384615384615385,0.2729584204093974,61,5,305,21,17,1056,950,0.05
24491486300,55839010900,1,2,0.03333333333333333,0.6268657170881939,50,12,600,20,8,751,359,0.4235294117647059
57127886100,57899998700,1,1,0.125,0.7213475204444817,4,5,20,4,0,22,6,1.0
36652331000,8962997000,1,7,0.07446808510638298,2.311112341537176,12,89,1068,27,23,2001,1927,0.10810810810810811
57205718309,8429526600,1,0,0.0,0.0,0,4,0,14,10,313,241,0.35714285714285715
57193716519,7801604422,1,1,0.1,0.4170323914242463,1,10,10,9,3,137,55,0.1935483870967742
56276475800,6504459543,1,9,0.34615384615384615,3.0257911644388025,10,25,250,13,5,398,154,0.17647058823529413
57209291916,57221942405,1,6,0.46153846153846156,2.5559632740657934,12,7,84,7,1,192,112,0.3793103448275862
56545026700,6602978778,1,1,0.010309278350515464,0.25562221863533147,17,81,1377,30,6,1804,900,0.2875
24588088100,54998634900,1,5,0.20833333333333334,1.709764974244051,22,7,154,8,4,153,57,0.5454545454545454
57202773166,6603155299,1,8,0.2222222222222222,4.419793998006252,8,36,288,25,11,1401,1091,0.625
55907520600,6603605014,1,7,0.3181818181818182,3.361772509911169,17,12,204,11,3,233,135,0.3561643835616438
16301272000,56134687800,1,4,0.14285714285714285,1.5427445977962708,24,8,192,21,13,747,655,0.29411764705882354
57188861877,57835487300,1,4,0.16666666666666666,1.660127898317742,22,6,132,8,6,144,136,0.10714285714285714
57218195032,7103040365,1,49,0.31210191082802546,10.990583795836693,60,146,8760,16,10,1985,531,0.17391304347826086
7004835587,7103040365,1,52,0.13541666666666666,11.824982005122632,290,146,42340,45,19,4339,1823,0.391304347826087
56567804900,57194740271,1,7,0.2692307692307692,2.0049934665239424,24,9,216,8,4,118,98,0.17391304347826086
16311686500,57195423689,1,3,0.15789473684210525,0.8720633939696391,16,6,96,24,0,1347,113,0.45901639344262296
56175367200,57212266720,1,2,1.0,1.0673237767056754,2,2,4,2,0,8,0,0.7777777777777778
36941888300,57190797190,1,0,0.0,0.0,0,32,0,12,8,355,331,0.38181818181818183
55419194300,57207619810,1,5,0.125,2.0035507014453815,40,5,200,14,10,360,350,0.06666666666666667
24166599500,7103040365,1,13,0.08843537414965986,3.548063809207383,14,146,2044,17,9,1344,1172,0.4
56020397800,57226744981,1,3,0.1111111111111111,0.9130680292548519,23,7,161,7,5,237,227,0.26666666666666666
55403844500,57221712866,1,19,0.20652173913043478,4.89077690171024,84,27,2268,17,9,551,439,0.16666666666666666
56351639900,57199676160,1,19,0.41304347826086957,5.408347359725992,28,37,1036,11,1,329,157,0.36363636363636365
57212308864,6506938864,1,2,0.2857142857142857,0.6058646566640873,3,6,18,8,2,152,106,0.15
57893550000,7102633221,1,7,0.03888888888888889,2.41393812324009,12,175,2100,17,13,1783,1761,0.03508771929824561
55323420300,56080252800,1,17,0.3269230769230769,4.605969307463858,25,44,1100,13,3,341,61,0.2926829268292683
42761099900,56041416200,1,10,0.43478260869565216,3.5158119618119525,17,16,272,10,4,190,56,0.25
55665456000,57189584266,1,10,0.11494252873563218,3.075926536228735,81,16,1296,18,10,686,372,0.19607843137254902
24381811800,56779727500,1,8,0.22857142857142856,2.654863010562887,35,8,280,16,10,422,374,0.2127659574468085
37041364900,57188982321,1,3,0.13043478260869565,1.1837335659490302,17,9,153,11,1,176,42,0.3157894736842105
57189986553,7006637649,1,9,0.32142857142857145,3.1075538237201177,10,27,270,23,17,1784,1654,0.2631578947368421
57201450846,57218686403,1,5,0.2,1.3604209178785585,9,21,189,6,4,188,180,0.10714285714285714
56430927200,57218192507,1,50,0.30864197530864196,11.369245655575988,136,76,10336,19,5,2207,453,0.2972972972972973
57284114100,57382662100,1,6,0.5454545454545454,2.040828988328575,6,11,66,10,6,146,68,0.038461538461538464
56089509300,57202392636,1,3,0.42857142857142855,0.9270301571913647,4,6,24,6,2,200,98,0.4
55916496500,57196460207,1,8,0.26666666666666666,2.2282790018066025,23,15,345,10,2,314,56,0.25
57204587848,7202489013,1,1,0.2,0.9102392266268373,2,4,8,5,1,35,19,0.1875
57200730023,7202369003,1,0,0.0,0.0,1,29,29,13,7,400,260,0.18181818181818182
23027995000,56638348700,1,6,0.5454545454545454,3.339772643176608,11,6,66,12,2,269,17,0.4166666666666667
57213814632,57222369971,1,5,0.3333333333333333,1.5321692043589679,5,15,75,6,2,60,20,0.4
56659358100,6506296754,1,2,0.11764705882352941,1.279458146995729,4,15,60,13,3,233,107,0.3157894736842105
25031292500,55810972000,1,2,0.2857142857142857,1.3272716180510837,4,5,20,5,3,41,37,0.1836734693877551
57418950700,6506541996,1,5,0.038461538461538464,1.413368770880213,43,92,3956,15,3,869,615,0.2553191489361702
56527129000,57194029067,1,18,0.29508196721311475,4.808551783729195,31,48,1488,24,10,1036,612,0.38095238095238093
55635809300,7202369003,1,5,0.14285714285714285,2.272126123951904,11,29,319,13,7,362,298,0.17857142857142858
55241118200,57196236454,1,4,0.2222222222222222,1.1869849833877453,9,13,117,8,0,149,21,0.3409090909090909
56422332700,57981739400,1,2,0.25,0.8208260187998856,5,5,25,4,0,17,7,1.0
57209571682,57209586253,1,5,0.5,1.4505217227432785,8,7,56,3,1,65,19,0.6666666666666666
57197190962,7006788459,1,16,0.48484848484848486,4.394788339580371,22,27,594,11,1,174,60,0.3
24479726500,57216404500,1,6,0.3333333333333333,2.8682069609749723,17,7,119,13,5,269,145,0.38461538461538464
56511751400,57202188259,1,1,0.5,0.2790553132756236,1,2,2,8,2,305,195,0.20588235294117646
36704152400,7102210862,1,5,0.046296296296296294,1.7549079061716772,86,27,2322,20,8,656,446,0.1891891891891892
26655075400,57219978530,1,5,0.125,1.5695128753206427,33,12,396,13,9,281,223,0.21621621621621623
57201314197,57215104982,1,10,0.38461538461538464,2.404861458692798,24,12,288,4,2,63,43,0.2222222222222222
59808396600,7003572956,1,12,0.09917355371900827,3.230985536180645,26,107,2782,26,22,2461,2409,0.028985507246376812
57201504995,57204012974,1,9,0.14285714285714285,2.9808352282169035,61,11,671,17,5,468,52,0.2857142857142857
57202440534,7005323635,1,6,0.14634146341463414,2.1270146567748056,6,41,246,20,16,1060,1008,0.32
57214492532,57221369272,1,1,0.017543859649122806,0.2227848098240302,12,46,552,7,1,296,182,0.16666666666666666
55479849400,57192167055,1,2,0.08695652173913043,0.6753317406663657,8,17,136,11,3,230,84,0.2413793103448276
57073644400,6504459543,1,9,0.2903225806451613,2.884376554836024,15,25,375,18,0,597,45,0.35135135135135137
55558132100,57195102037,1,6,0.2727272727272727,1.6465047831292337,17,11,187,15,1,264,48,0.3888888888888889
57194418540,57201314197,1,11,0.15492957746478872,2.8016044220542056,58,24,1392,9,3,134,28,0.2608695652173913
49360907800,56712368500,1,5,0.35714285714285715,1.8058911997121803,6,13,78,7,3,148,36,0.35
16039416600,58988447600,1,3,0.04285714285714286,1.2083430841204714,70,3,210,28,24,2047,1821,0.1724137931034483
55596434400,7102314294,1,6,0.20689655172413793,3.0962399350752348,7,28,196,26,16,1647,1545,0.22727272727272727
57199421006,8534471900,1,6,0.07792207792207792,2.0874384231070877,7,76,532,17,13,664,526,0.047619047619047616
55667266000,57111481900,1,4,0.23529411764705882,1.4463543408062431,11,10,110,14,6,468,386,0.36363636363636365
57219547881,6508188121,1,2,0.2222222222222222,0.9040868828124409,3,8,24,17,13,931,825,0.09259259259259259
35585451000,56080431300,1,11,0.11224489795918367,3.4708466020900555,97,12,1164,20,14,830,778,0.09615384615384616
57202137592,6506541996,1,14,0.1308411214953271,3.332930962801568,29,92,2668,14,4,793,691,0.20833333333333334
55358891700,57193957180,1,2,0.058823529411764705,0.4475501370456061,21,15,315,20,12,1420,1244,0.3939393939393939
56925585200,6603128830,1,5,0.1282051282051282,1.7059579976716885,7,37,259,11,5,182,142,0.23076923076923078
35894571100,58118523700,1,5,0.16666666666666666,2.0461046625465134,29,6,174,11,5,405,95,0.28205128205128205
16202211100,7004074021,1,20,0.16129032258064516,5.567674120833123,60,84,5040,24,0,679,11,0.24193548387096775
36143358700,56747425000,1,10,0.08849557522123894,3.176601727433559,83,40,3320,20,2,1875,1195,0.3076923076923077
36861375100,57200796602,1,3,0.13043478260869565,0.7153971715806104,11,15,165,6,0,125,33,0.4
57271034700,6603311220,1,5,0.11627906976744186,1.9921819866126933,6,42,252,21,15,1177,1039,0.16
26532212100,57220165440,1,2,0.08,0.6116321848174949,18,9,162,23,11,1271,1093,0.4393939393939394
36763791600,57223308289,1,7,0.4117647058823529,2.180762979681381,13,11,143,7,1,127,3,0.16666666666666666
55587917400,58185462600,1,2,0.08695652173913043,0.7599536602386114,22,3,66,5,1,30,20,0.20689655172413793
54583143500,56866299600,1,9,0.375,2.4663075796409455,21,12,252,7,3,135,69,0.2857142857142857
56075745900,57220737705,1,6,0.2,1.9381733819911742,29,7,203,7,5,140,128,0.09523809523809523
57209641808,57221339125,1,0,0.0,0.0,21,0,0,12,4,414,154,0.5652173913043478
57201436183,6602814239,1,6,0.4,2.4914304282129818,10,11,110,11,1,368,218,0.40625
57218139650,57218602621,1,2,0.125,0.5937132937197485,5,13,65,10,8,255,179,0.35
36598939000,57202817424,1,3,0.17647058823529413,1.1224885573423558,14,6,84,9,1,271,11,0.21739130434782608
35585451000,57221520155,1,2,0.020202020202020204,0.6236041512128974,97,4,388,19,15,838,770,0.06862745098039216
55221319800,56316545200,1,4,0.4444444444444444,1.4356144983283297,6,7,42,11,5,565,181,0.41379310344827586
56019245400,57190969497,1,1,0.023809523809523808,0.22062394912909372,4,39,156,18,14,1090,1008,0.25
6602404361,7005936077,1,48,0.366412213740458,11.209697474820327,95,84,7980,19,5,672,438,0.36065573770491804
35179056300,6504280283,1,11,0.0990990990990991,2.648097933826869,32,90,2880,14,6,415,205,0.13559322033898305
55758558600,55889853500,1,3,0.15789473684210525,1.3278882203087907,7,15,105,12,0,127,1,0.5666666666666667
57401049200,6507796594,1,2,0.04878048780487805,1.1237771248263264,2,41,82,18,16,2330,2318,0.12698412698412698
56541553400,7003473187,1,3,0.05555555555555555,0.9305447580792204,3,54,162,17,13,654,588,0.11428571428571428
13607877300,57870068200,1,3,0.08823529411764706,1.07615334135243,32,5,160,17,13,740,688,0.1875
35556063400,57200272134,1,4,0.16666666666666666,1.5538933068833405,18,10,180,13,7,848,734,0.32857142857142857
55597926500,7103026228,1,3,0.023622047244094488,0.8060376393933005,106,24,2544,31,3,1704,74,0.22033898305084745
56810310300,57194382730,1,1,0.07692307692307693,0.40242960438184466,13,1,13,17,13,954,670,0.14545454545454545
37049416300,57219050927,1,9,0.2903225806451613,2.7891802152383924,31,9,279,13,5,315,223,0.7
57202072541,58096458800,1,9,0.36,2.920294602102815,18,16,288,9,1,172,48,0.5333333333333333
56966388800,7003959774,1,13,0.09027777777777778,3.3854231210235644,19,138,2622,29,21,2438,2316,0.16666666666666666
57200447023,57207623517,1,2,0.4,1.3426824550040934,5,2,10,5,1,52,20,0.3333333333333333
56271600500,6507310582,1,7,0.056,2.267748127722737,19,113,2147,18,10,714,646,0.07142857142857142
55344487200,57215148164,1,3,0.12,0.8010606860731653,16,12,192,6,2,201,21,0.3
57210312199,7004663022,1,3,0.14285714285714285,1.8201131693642418,3,21,63,14,8,441,341,0.09090909090909091
36739221800,6602100418,1,2,0.13333333333333333,0.9360179602764065,5,12,60,6,4,118,92,0.25
12646290400,57394792100,1,6,0.5,2.174278526140273,9,9,81,4,0,26,2,0.2777777777777778
55990644200,57207695253,1,3,0.1,0.8816305046487283,24,9,216,14,4,369,251,0.1282051282051282
41261303800,57220058547,1,1,0.0625,0.3459762562611936,14,3,42,9,5,177,155,0.1875
54405566700,7005119089,1,5,0.03875968992248062,1.6892365269973824,16,118,1888,33,21,2737,2453,0.13970588235294118
35316303500,7801532760,1,2,0.01694915254237288,0.7171340199246594,27,93,2511,32,2,1446,46,0.3404255319148936
56131381100,57218326544,1,3,0.3,1.5679971551735217,8,5,40,10,6,428,292,0.07692307692307693
35597873000,57147095500,1,8,0.2,2.1948409730850815,27,21,567,10,0,840,574,0.4230769230769231
57221912435,57221919439,1,6,0.46153846153846156,1.9309261389030725,11,8,88,4,0,21,1,0.3333333333333333
57212611089,57869772300,1,4,0.19047619047619047,1.7735077478216974,17,8,136,10,4,376,314,0.4
56530089000,60100025400,1,11,0.19298245614035087,2.9894188620667195,22,46,1012,16,6,339,175,0.2857142857142857
55915333900,57194153124,1,9,0.36,3.1164480173376448,14,20,280,11,1,474,326,0.25
17342671000,55110225800,1,4,0.03418803418803419,1.2675237789960963,42,79,3318,18,8,618,450,0.3103448275862069
57207928417,57207939956,1,4,0.3333333333333333,1.2799979111976878,4,12,48,9,1,126,42,0.17647058823529413
56736635000,57205674692,1,3,0.42857142857142855,1.1069588300772497,5,5,25,11,1,269,21,0.43333333333333335
57215537306,57215538915,1,10,0.9090909090909091,3.980181354197786,10,11,110,2,0,14,0,0.8
55321357400,56329943900,1,3,0.16666666666666666,0.9381098267215132,16,5,80,6,2,104,40,0.16129032258064516
55081840800,55761553600,1,2,0.18181818181818182,1.024760595986761,8,5,40,11,1,176,72,0.2727272727272727
57190140446,57236215400,1,7,0.6363636363636364,2.41313233201781,10,8,80,4,0,76,10,0.4
57216798630,7006012333,1,11,0.24444444444444444,4.755767133246733,12,44,528,35,17,2201,1737,0.38636363636363635
57203687928,8616406100,1,53,0.30113636363636365,11.978769528462628,138,91,12558,22,4,2155,205,0.21428571428571427
7004239568,7005623741,1,11,0.19298245614035087,2.9581703107499546,25,43,1075,12,0,1443,1255,0.2692307692307692
56768831300,57195760307,1,5,0.11904761904761904,1.6315522548564059,11,36,396,27,1,1600,376,0.5957446808510638
15747632700,7003959774,1,9,0.06474820143884892,2.1260285716118665,10,138,1380,27,23,2400,2354,0.2361111111111111
56668772700,7101975791,1,6,0.18181818181818182,2.617824587676113,17,22,374,33,13,1715,1151,0.3389830508474576
57217661773,6603717726,1,10,0.15384615384615385,2.7768598134536964,55,20,1100,15,1,1003,751,0.3157894736842105
56139889100,6508228018,1,5,0.08928571428571429,1.4794960506870165,5,56,280,19,15,868,824,0.25
56167188300,57214331393,1,6,0.375,2.280553727409175,13,9,117,11,5,244,126,0.2631578947368421
10143354000,57201458555,1,35,0.23809523809523808,8.048565192510004,144,38,5472,25,21,1187,1115,0.04950495049504951
15753813300,57215116709,1,13,0.24528301886792453,3.8259803667240986,48,18,864,11,7,239,207,0.12903225806451613
55622679800,8382434800,1,17,0.2698412698412698,5.686773147040897,58,22,1276,16,6,515,339,0.4266666666666667
56368548100,56747961300,1,0,0.0,0.0,22,1,22,7,3,79,31,0.18
57204658698,7102354941,1,9,0.0743801652892562,2.064912112681863,69,61,4209,14,4,360,162,0.13513513513513514
56090125500,6701484227,1,5,0.19230769230769232,2.2407626614328224,5,26,130,13,9,370,326,0.32608695652173914
6603127485,7005623741,1,10,0.14084507042253522,2.618547038854846,38,43,1634,8,4,107,81,0.19047619047619047
55242228300,57208506306,1,7,0.1206896551724138,2.1484557261140584,58,7,406,11,9,313,293,0.05
55332427600,8962997000,1,7,0.07368421052631578,2.048002467524853,13,89,1157,29,21,2007,1921,0.16216216216216217
7004357973,7102231043,1,4,0.018604651162790697,1.0524378061132322,54,165,8910,60,28,6701,5265,0.4727272727272727
56992310200,57194507415,1,3,0.1875,0.6495642711963774,5,14,70,7,1,100,8,0.44
56041416200,57201504995,1,6,0.08450704225352113,1.5803672860873899,16,61,976,14,8,327,193,0.2702702702702703
56512220700,57226599828,1,7,0.3684210526315789,2.9285979817054084,18,8,144,12,6,346,224,0.3
57188951648,57200116102,1,6,0.25,1.814688801093296,24,6,144,7,3,99,49,0.1111111111111111
35191604400,55568186000,1,2,0.1111111111111111,0.6025707664242961,15,5,75,14,10,671,641,0.22580645161290322
56556565800,7201677725,1,9,0.07627118644067797,2.41609145286818,51,76,3876,19,11,675,533,0.2714285714285714
56986760700,6701718828,1,4,0.06666666666666667,1.0429156038646439,38,26,988,24,6,886,126,0.2682926829268293
23501793900,6602076702,1,1,0.041666666666666664,0.22886186853915486,8,17,136,12,6,488,162,0.36764705882352944
36704152400,57221398814,1,8,0.09302325581395349,2.504895168113756,86,8,688,16,12,560,542,0.04838709677419355
55345608100,57193423579,1,1,0.3333333333333333,0.5138983423697507,2,2,4,6,2,65,45,0.6153846153846154
57190974978,57214618988,1,1,0.14285714285714285,0.28599966750267436,1,7,7,11,5,692,512,0.18181818181818182
27867659700,7202853939,1,3,0.10344827586206896,1.4045157849937535,28,4,112,14,8,401,351,0.2765957446808511
13408242300,7202140793,1,10,0.10869565217391304,4.510940949347198,28,74,2072,59,21,7112,5274,0.5694444444444444
39961645000,57201389246,1,8,0.3076923076923077,2.751902356856567,21,13,273,8,2,182,8,0.25
57214601141,57219452208,1,1,0.16666666666666666,0.2969742043733701,3,4,12,5,1,119,87,0.4375
57218629858,6507063353,1,4,0.26666666666666666,1.5217953667795134,5,14,70,9,3,127,101,0.17142857142857143
57201084031,57209721892,1,53,0.4491525423728814,12.186488000615977,91,80,7280,19,7,1926,1190,0.11764705882352941
57221322669,57226357862,1,6,0.3157894736842105,1.8879087294343386,11,14,154,10,0,160,38,0.42105263157894735
16311686500,57201583936,1,0,0.0,0.0,16,0,0,15,9,794,666,0.24489795918367346
36975879700,6603234996,1,7,0.4666666666666667,3.4793630822103463,7,15,105,23,7,888,376,0.44680851063829785
12779013400,57197748523,1,2,0.08695652173913043,0.7872506057680129,23,2,46,19,15,901,725,0.027777777777777776
57200679366,7005619860,1,0,0.0,0.0,0,8,0,3,3,33,33,0.375
55256983900,57193354587,1,3,0.3333333333333333,2.1897478263225296,3,9,27,5,1,84,58,0.23076923076923078
27067481500,54894520000,1,7,0.23333333333333334,2.1721089604447728,29,8,232,13,5,262,138,0.43243243243243246
57210908342,57672505100,1,12,0.6666666666666666,3.8473593032398683,17,13,221,3,1,10,6,0.6
14044492300,55312463700,1,8,0.12121212121212122,2.7451960986326847,29,45,1305,19,5,635,47,0.17391304347826086
16243020100,56267927900,1,19,0.06909090909090909,4.642138218073702,216,78,16848,39,11,4118,3132,0.3835616438356164
49061029800,7006177272,1,17,0.18085106382978725,4.9392337111662314,31,80,2480,26,10,1350,638,0.3013698630136986
55561799200,7006537200,1,6,0.5,1.451326447774727,12,6,72,5,1,65,31,0.24
37049371300,6506420388,1,4,0.06060606060606061,1.7373608228632487,4,66,264,13,9,514,354,0.23333333333333334
57191911095,7101600451,1,8,0.2962962962962963,2.9823215213616305,9,26,234,17,7,546,340,0.5128205128205128
55811114600,56231177500,1,6,0.06818181818181818,1.6284994431301687,29,65,1885,17,3,472,174,0.21621621621621623
24504319000,57188656367,1,4,0.4,2.071251237205769,9,5,45,9,7,266,238,0.32142857142857145
23488185000,57193088911,1,4,0.26666666666666666,1.547895831853749,4,15,60,5,3,81,73,0.15625
24073240300,56678362800,1,11,0.16176470588235295,3.301810218390375,57,22,1254,25,9,871,643,0.5957446808510638
56454907300,56692922100,1,7,0.06796116504854369,2.2016404530165667,103,7,721,10,6,210,194,0.20689655172413793
55618665400,57211057969,1,41,0.3153846153846154,9.233826142844338,112,59,6608,14,4,1184,1026,0.37142857142857144
57197750458,57203166008,1,2,0.09523809523809523,0.627242670323922,20,3,60,24,20,1502,1474,0.04285714285714286
57208794505,7003942962,1,40,0.21390374331550802,8.916158806693192,61,166,10126,32,18,5108,2842,0.16
57213539478,7004087255,1,1,0.07692307692307693,0.36067376022224085,1,13,13,15,13,755,739,0.35
57202581227,9279099800,1,2,0.06060606060606061,0.7280780337228161,14,21,294,15,5,306,172,0.10526315789473684
36801262700,57196023105,1,35,0.5384615384615384,8.166566104496379,54,46,2484,8,0,491,303,0.25806451612903225
57217633174,57720581400,1,9,0.36,2.9033071185402326,21,13,273,5,1,67,51,0.42857142857142855
57217121483,59808396600,1,8,0.10666666666666667,2.0473387077798746,57,26,1482,12,8,222,170,0.15384615384615385
57073644400,57192310375,1,2,0.09090909090909091,0.5382155852476037,15,9,135,14,4,472,170,0.4583333333333333
57201298715,57201301532,1,2,0.2222222222222222,0.616752695169309,8,3,24,6,2,160,6,0.2
22834387100,57201475385,1,5,0.19230769230769232,3.0746042662044704,26,5,130,16,8,533,489,0.48
16028772900,6508045259,1,1,0.020833333333333332,0.5581106265512472,44,5,220,20,10,667,489,0.4166666666666667
57190223204,7007053749,1,4,0.14285714285714285,1.8319130434558168,15,17,255,12,0,252,108,0.20512820512820512
36085727700,57146654400,1,4,0.1111111111111111,1.3356421666982334,36,4,144,9,5,120,92,0.20588235294117646
35615066800,57192378182,1,5,0.09433962264150944,1.6796659059088461,52,6,312,26,22,1724,1676,0.09615384615384616
6506776579,6506906545,1,22,0.10185185185185185,4.994436156736031,209,29,6061,28,22,3935,3873,0.12307692307692308
15838303100,7006020996,1,0,0.0,0.0,11,33,363,13,3,360,194,0.3958333333333333
57201301532,7005179732,1,2,0.02631578947368421,0.5524874939234827,3,75,225,19,15,1277,1123,0.061224489795918366
56966388800,7003488906,1,16,0.45714285714285713,4.335683583419833,19,32,608,10,2,197,75,0.2
12805509300,57192718321,1,3,0.08823529411764706,1.036727665939859,33,4,132,43,29,5473,3575,0.2807017543859649
57205510277,9846419000,1,4,0.3333333333333333,1.5664715451363735,7,9,63,11,5,321,35,0.22033898305084745
56180075200,7202140793,1,10,0.13333333333333333,4.100780407020308,11,74,814,47,33,6373,6013,0.417910447761194
35510536300,57218194340,1,13,0.13541666666666666,3.2666138333605295,34,75,2550,17,1,1212,698,0.20408163265306123
55536183600,56381411700,1,3,0.15789473684210525,1.1534184188003933,17,5,85,7,3,70,52,0.375
55671510900,57214329258,1,5,0.38461538461538464,1.8079221527257894,10,8,80,10,2,142,82,0.6666666666666666
57222615192,6505881924,1,9,0.11842105263157894,2.410788410829601,17,68,1156,13,11,496,464,0.125
36561004700,57203527179,1,3,0.08333333333333333,1.1738914238154439,35,4,140,13,7,352,280,0.2682926829268293
43460890100,57195394779,1,5,0.35714285714285715,2.061320501477744,12,7,84,6,2,93,21,0.2
16053243500,55321897700,1,3,0.07894736842105263,0.9736679859726742,20,21,420,11,3,140,86,0.3076923076923077
26023085000,37011530500,1,2,0.018518518518518517,0.44745557771516153,94,16,1504,30,20,2217,1773,0.2682926829268293
36967507900,49061004000,1,7,0.7,2.1817949328927013,9,8,72,3,1,33,1,0.13333333333333333
54963208300,6506736837,1,0,0.0,0.0,0,57,0,22,20,1396,1392,0.24761904761904763
28367982900,6602826319,1,8,0.06722689075630252,1.9393331092424555,40,87,3480,22,4,733,223,0.4523809523809524
35475009900,55509687900,1,4,0.16,1.6064288741502335,24,5,120,17,13,1159,1107,0.23333333333333334
57203931279,7004405540,1,3,0.03,1.046950536978562,6,97,582,15,11,571,533,0.06349206349206349
57201153334,57215043417,1,2,0.2222222222222222,0.974291058424373,7,4,28,8,4,177,97,0.2
54917559900,57737434700,1,4,0.23529411764705882,1.3927169447330334,7,14,98,15,3,757,501,0.3076923076923077
57195439134,57223231639,1,4,0.3076923076923077,1.2325149080031177,6,11,66,4,2,28,10,0.4444444444444444
56267927900,56548156200,1,8,0.10126582278481013,2.437351064412641,78,9,702,16,12,508,478,0.2926829268292683
57216924887,6507310582,1,11,0.09565217391304348,2.9837711450560134,13,113,1469,16,12,720,640,0.05555555555555555
55211263300,57189361665,1,4,0.3076923076923077,1.52554247635694,11,6,66,9,1,85,9,0.55
35101283100,55664005800,1,1,0.04,0.209243389805969,21,5,105,9,1,187,89,0.14814814814814814
57201026134,7003467120,1,49,0.26344086021505375,11.433677005344052,156,79,12324,22,0,1570,936,0.4878048780487805
57219169179,7801358604,1,10,0.09345794392523364,2.4748354044647005,45,72,3240,27,11,1318,770,0.21428571428571427
36848326700,58086697000,1,0,0.0,0.0,1,1,1,2,0,4,0,0.75
42761833500,6701670128,1,17,0.19101123595505617,6.302984063516224,33,73,2409,21,7,711,377,0.2923076923076923
57202339270,57221417645,1,9,0.1875,2.827866781080711,45,12,540,20,10,796,552,0.3225806451612903
57211215663,57215107959,1,4,0.10810810810810811,1.1990364061968672,35,6,210,12,6,225,153,0.16216216216216217
12807827200,35238394900,1,3,0.038461538461538464,1.103625357948661,40,41,1640,28,6,1222,472,0.34782608695652173
55558132100,57195107561,1,2,0.10526315789473684,0.610769095780219,17,4,68,10,6,163,149,0.2
24172674100,36739187800,1,17,0.3617021276595745,5.644624091457993,42,22,924,21,11,1197,965,0.18181818181818182
57190662275,6701723514,1,3,0.21428571428571427,1.3271776144837357,5,12,60,11,9,471,447,0.25
55257393500,7006065236,1,5,0.04807692307692308,1.664982586517968,48,61,2928,32,6,1705,701,0.3855421686746988
54398879700,54790826700,1,1,0.05,0.36926937306885504,12,9,108,12,2,298,172,0.2222222222222222
57061886100,8223664400,1,7,0.19444444444444445,2.653078296704451,8,35,280,13,9,370,362,0.4186046511627907
24338809600,57214178886,1,1,0.2,1.4426950408889634,5,1,5,6,2,218,2,0.06451612903225806
6602713722,6701501754,1,9,0.140625,3.828513667467756,52,21,1092,28,4,1145,13,0.2564102564102564
57193566572,7102879500,1,6,0.05263157894736842,1.7398751556540346,27,93,2511,58,32,6151,4827,0.2727272727272727
54998020900,57189221940,1,6,0.17647058823529413,2.0322807561351595,18,22,396,17,5,677,451,0.2222222222222222
57193743014,57200755425,1,32,0.3333333333333333,7.313027935080646,42,86,3612,11,5,1413,965,0.20833333333333334
7004578182,7202853939,1,3,0.07894736842105263,1.6491316192991132,37,4,148,16,10,812,762,0.20454545454545456
6505883012,7004894512,1,1,0.2,1.4426950408889634,2,4,8,6,2,151,41,0.3488372093023256
55859432100,7101828170,1,5,0.07352941176470588,2.410888913547368,5,68,340,22,18,1151,1119,0.3333333333333333
16202633100,23099312900,1,5,0.10416666666666667,1.6693952318733292,25,28,700,10,2,332,242,0.20512820512820512
57190343674,6601964582,1,3,0.1,0.8067757930358436,8,25,200,15,5,496,286,0.2926829268292683
57214591002,7003557544,1,5,0.16666666666666666,2.604512530607197,5,30,150,26,22,3804,3760,0.21428571428571427
57197824872,6603953740,1,3,0.3333333333333333,1.9565933832587141,4,8,32,6,2,59,33,0.34615384615384615
58094003400,59574971800,1,7,0.3888888888888889,2.0297209643714913,7,18,126,5,1,84,26,0.25
57215151446,57215934737,1,3,0.375,1.0438981085124404,3,8,24,7,3,156,140,0.25
35584031200,55909692500,1,7,0.875,2.585142417909413,8,7,56,7,1,63,9,0.4523809523809524
55228787000,57296842800,1,4,0.13333333333333333,1.382183225420671,30,4,120,16,12,410,368,0.18867924528301888
57221684473,57221684607,1,2,0.5,0.9187843867734881,3,3,9,6,2,52,30,0.5555555555555556
57194104468,57220064244,1,12,0.25,4.475544348789642,27,33,891,19,5,561,303,0.16981132075471697
55581041300,56368499800,1,8,0.08421052631578947,2.4597698697749566,83,20,1660,39,15,3381,1347,0.18
57221864536,8616406100,1,13,0.14130434782608695,3.2037450052244196,14,91,1274,15,11,1202,1158,0.13333333333333333
36861375100,57200795182,1,2,0.07142857142857142,0.4800197160282237,11,19,209,8,2,170,78,0.3793103448275862
55184863000,57190170514,1,2,0.10526315789473684,0.588333579417148,13,8,104,7,3,167,99,0.14285714285714285
56374254700,8585695400,1,8,0.11267605633802817,2.5296889585916533,15,64,960,13,7,472,222,0.2894736842105263
56224796600,57193542018,1,1,0.027777777777777776,0.7213475204444817,18,19,342,21,9,1293,435,0.2857142857142857
16203173100,56715896100,1,3,0.07317073170731707,1.6251171080655125,41,3,123,12,10,277,247,0.10810810810810811
57194740271,6603496317,1,5,0.13513513513513514,1.6669240156281924,9,33,297,15,11,430,410,0.10526315789473684
57188643984,6507638077,1,37,0.37,8.628658032847232,48,89,4272,16,2,548,96,0.1724137931034483
56576063900,57214191817,1,17,0.4722222222222222,4.908873438459836,24,29,696,18,6,652,408,0.4
10939275100,57194834780,1,6,0.2727272727272727,2.183750774228812,17,11,187,24,4,2071,245,0.5151515151515151
56105087200,57204136385,1,4,0.2222222222222222,0.9653078325905848,16,6,96,8,4,218,156,0.19047619047619047
10143354000,57196022709,1,38,0.2550335570469799,8.803789301622206,144,43,6192,25,21,1197,1105,0.06930693069306931
56505366300,7003810795,1,8,0.10526315789473684,2.2079393894331427,32,52,1664,32,16,2450,2156,0.38095238095238093
36561004700,56479115000,1,8,0.19047619047619047,3.2619902212683973,35,15,525,15,5,399,233,0.22857142857142856
57200824306,57211426825,1,20,0.4878048780487805,5.210345757630469,27,34,918,8,4,174,124,0.5714285714285714
57189326322,57207826682,1,7,0.3333333333333333,1.7776144914430678,8,20,160,5,1,76,30,0.3333333333333333
57196023105,7003450280,1,35,0.23809523809523808,8.121608961853513,46,136,6256,18,10,695,507,0.18032786885245902
55185349100,6603104178,1,3,0.1875,1.4482095377837934,3,16,48,15,13,875,869,0.4074074074074074
55331323800,57201504995,1,12,0.12631578947368421,3.3311750679702796,46,61,2806,18,4,436,84,0.2127659574468085
12786182200,57413715900,1,28,0.3888888888888889,6.397127292733268,68,32,2176,9,5,313,229,0.029411764705882353
35101968300,56001001600,1,10,0.35714285714285715,2.9167969964305085,24,14,336,8,2,85,27,0.5185185185185185
35169491400,57197801425,1,22,0.3793103448275862,5.764968346354031,27,53,1431,14,4,346,122,0.3333333333333333
57223381762,7103153424,1,3,0.09090909090909091,0.7953531827809334,3,33,99,17,13,743,661,0.08536585365853659
57204032435,7005119089,1,9,0.075,2.6193894347208806,11,118,1298,29,25,2643,2547,0.007407407407407408
55659638800,57206867017,1,2,0.6666666666666666,0.7454911301772974,3,2,6,14,4,361,251,0.5081967213114754
56677243600,7101828170,1,13,0.19117647058823528,5.905997510462235,13,68,884,26,14,1264,1006,0.15254237288135594
6701843536,7801532760,1,4,0.03125,0.9906149992969595,39,93,3627,26,4,984,416,0.35353535353535354
57219379425,7003942962,1,20,0.11764705882352941,5.86761530936014,24,166,3984,29,21,4041,3909,0.29577464788732394
35567766200,55022678600,1,11,0.36666666666666664,3.4007853952909235,30,11,330,18,8,990,838,0.09615384615384616
57194418540,57753975100,1,6,0.09836065573770492,1.7267743245188751,58,9,522,8,4,89,73,0.1111111111111111
56430927200,7102231043,1,34,0.12734082397003746,7.699040461244528,136,165,22440,56,32,7313,4653,0.20408163265306123
35566702500,57215143687,1,4,0.12121212121212122,1.2706812355633548,31,6,186,7,3,82,12,0.05
24401621500,57220186315,1,2,0.3333333333333333,1.0906168935133367,2,6,12,10,2,270,132,0.16666666666666666
56567804900,57223808599,1,8,0.32,2.3170283437719466,24,9,216,8,4,129,87,0.5217391304347826
57213829506,6504123736,1,5,0.05263157894736842,1.8207237372297824,8,92,736,21,13,1516,1426,0.07317073170731707
12796793300,57203792010,1,5,0.29411764705882354,1.6067069396221438,10,12,120,10,4,144,50,0.16129032258064516
51663826300,55584677900,1,0,0.0,0.0,1,0,0,2,0,5,3,0.2
57223380266,57963146900,1,12,0.75,3.5734034930587746,16,12,192,6,0,33,9,0.5833333333333334
57192892615,57204658698,1,51,0.5,11.687992106720886,84,69,5796,13,3,958,760,0.25
57212148890,6701843536,1,1,0.023255813953488372,0.6213349345596119,5,39,195,16,6,366,202,0.27586206896551724
55933323300,57193832250,1,24,0.3116883116883117,5.36813403870738,36,65,2340,10,6,523,395,0.2826086956521739
23988450600,57039005600,1,5,0.15625,1.8909764391477808,15,22,330,5,1,71,31,0.3333333333333333
57204172833,57204178529,1,7,0.7777777777777778,2.367496871196703,8,8,64,2,0,21,5,0.3333333333333333
23026082700,55572848300,1,4,0.12121212121212122,1.2307560982908254,32,5,160,8,4,108,60,0.3225806451612903
54998020900,57218876692,1,3,0.15,0.787494070630513,18,5,90,11,1,228,2,0.16
23977600000,57211041078,1,2,0.6666666666666666,2.352934267515801,2,3,6,20,12,708,642,0.18518518518518517
23991894900,55321357400,1,13,0.5909090909090909,4.053260138034124,19,16,304,9,1,179,35,0.5185185185185185
55788057200,57214244618,1,4,0.2222222222222222,1.7052557607603482,18,4,72,17,9,659,421,0.38636363636363635
6602978778,7003952459,1,14,0.07291666666666667,3.84425834638186,81,125,10125,25,1,976,72,0.5238095238095238
54789187900,57222990908,1,17,0.40476190476190477,4.767552187725587,27,32,864,13,1,306,56,0.22580645161290322
56770826700,57210808140,1,4,0.2857142857142857,1.3633857638875206,6,12,72,10,2,835,371,0.125
56694162200,7004835587,1,18,0.06143344709897611,4.976562149581614,21,290,6090,37,27,3171,2991,0.14444444444444443
57192938250,57204858767,1,8,0.1038961038961039,2.051777106096737,42,43,1806,17,1,585,49,0.4444444444444444
56422356500,56689232700,1,6,0.75,3.1307665946467793,7,7,49,4,0,36,2,1.0
24174852000,7004357973,1,3,0.0375,1.012386092266031,29,54,1566,34,2,1789,353,0.24210526315789474
55492898000,57205624942,1,0,0.0,0.0,4,0,0,4,0,38,16,0.3157894736842105
53463361500,57216441606,1,3,0.046153846153846156,1.1046557142499602,64,4,256,26,24,1969,1953,0.08695652173913043
57204052801,57220748550,1,3,0.23076923076923078,1.0428618394093188,10,6,60,10,6,353,303,0.35714285714285715
50960926700,59289912700,1,10,0.30303030303030304,3.657747849815683,31,12,372,15,9,519,309,0.575
36138887800,7003767448,1,6,0.75,2.3253728511810223,7,7,49,2,0,8,0,1.0
54383232900,57195442657,1,19,0.06312292358803986,4.667542523662778,150,170,25500,31,1,1702,514,0.30303030303030304
57200412020,57203716261,1,1,0.08333333333333333,0.35295612386476116,10,3,30,6,0,110,28,0.25
57218195605,8424235900,1,14,0.11290322580645161,3.041420768175087,101,37,3737,14,4,1034,828,0.2727272727272727
55202346600,6507550236,1,2,0.2222222222222222,0.5533411325351553,6,5,30,8,2,127,11,0.4
16039416600,57202783289,1,2,0.025974025974025976,0.5980655706317795,70,9,630,36,16,2612,1256,0.4067796610169492
56948379200,7004835587,1,10,0.03134796238244514,2.3720620009438877,39,290,11310,42,22,3276,2886,0.2872340425531915
55424695500,58020431000,1,2,0.06451612903225806,1.7427966693893766,29,4,116,19,13,582,426,0.36363636363636365
57219124507,57219130663,1,7,0.7777777777777778,2.5668465486281784,8,8,64,5,1,137,3,0.7777777777777778
15846649100,57209412605,1,2,0.11764705882352941,0.574257374176828,16,3,48,9,3,369,141,0.18181818181818182
56527030000,56600736000,1,3,0.2727272727272727,1.0072396732857767,3,11,33,12,6,285,229,0.1891891891891892
55941514600,56967860700,1,1,0.07692307692307693,0.29401410379520604,4,10,40,23,9,876,616,0.5555555555555556
56958400900,57817084200,1,2,0.11764705882352941,0.5560853945968467,15,4,60,7,3,124,92,0.18518518518518517
28367982900,36084007800,1,12,0.2857142857142857,3.34494410689067,40,14,560,12,6,359,151,0.2682926829268293
56081399500,57191362976,1,5,0.29411764705882354,2.238862800455526,7,15,105,14,6,766,336,0.3382352941176471
57202441601,8938922300,1,3,0.1111111111111111,1.1305056623886571,3,27,81,15,13,820,638,0.09803921568627451
35568595300,36469725300,1,23,0.26436781609195403,8.97392223683084,83,27,2241,27,7,1002,470,0.4927536231884058
57210185493,7003404516,1,7,0.1346153846153846,2.706150790601871,23,36,828,11,5,816,756,0.1
26634884900,55746970100,1,34,0.3063063063063063,7.712553181485675,88,57,5016,21,7,1687,1141,0.034482758620689655
56678362800,57215683523,1,8,0.32,2.3454721085083072,22,11,242,19,3,483,255,0.1111111111111111
24377391500,56393969400,1,6,0.20689655172413793,2.1246467565435396,22,13,286,29,5,1477,103,0.5538461538461539
57206787157,57212314332,1,6,0.2222222222222222,2.151969885925307,9,24,216,11,7,343,303,0.2857142857142857
16836131500,6504459543,1,7,0.11666666666666667,2.1787348854910715,42,25,1050,18,0,479,73,0.24489795918367346
37052471100,55389773300,1,4,0.4444444444444444,1.9883369156725934,8,5,40,9,5,205,153,0.37142857142857144
57215432245,57215436548,1,6,0.75,2.492810577003321,8,6,48,9,1,137,63,0.34375
15044739500,57214187811,1,3,0.75,1.4418565534177084,3,4,12,5,1,76,16,0.1111111111111111
56780466600,57211639191,1,1,0.14285714285714285,0.35295612386476116,3,5,15,5,1,54,22,0.1
56954622400,7006683766,1,1,0.05,0.9102392266268373,1,20,20,6,4,92,86,0.06666666666666667
56479216800,57219540911,1,6,0.3157894736842105,2.2331454230665018,7,18,126,9,7,163,137,0.3103448275862069
57218194340,7003942962,1,50,0.2617801047120419,11.345939314461681,75,166,12450,34,16,4930,3020,0.16901408450704225
37110131400,57194868042,1,10,0.12345679012345678,3.0183280848559395,13,78,1014,21,9,811,315,0.3333333333333333
56998669800,57212764115,1,7,0.2,1.9350666919648958,27,15,405,10,2,507,139,0.2857142857142857
57210960198,57218194340,1,47,0.2883435582822086,10.661865440812242,135,75,10125,18,0,2185,275,0.32
54934537600,56779688100,1,5,0.38461538461538464,1.7532424209500026,11,7,77,8,4,130,58,0.3333333333333333
57209799600,6603649409,1,3,0.14285714285714285,1.2343076760502372,14,10,140,9,3,174,64,0.2
34869477000,58071501400,1,0,0.0,0.0,13,1,13,13,7,348,300,0.1702127659574468
57197831563,57211245221,1,2,0.3333333333333333,0.8423570811228018,3,5,15,6,0,82,6,0.375
36621377400,57209889542,1,0,0.0,0.0,10,0,0,14,12,766,680,0.1951219512195122
57219414136,6603079011,1,7,0.10606060606060606,2.2380003400669293,10,63,630,23,13,1212,1080,0.32142857142857145
57218602621,57222369991,1,4,0.26666666666666666,1.324601636854644,13,6,78,13,5,319,115,0.35294117647058826
55471004700,56305667900,1,9,0.10588235294117647,2.3637098542764488,81,13,1053,13,7,389,275,0.3157894736842105
57194868042,57226165264,1,7,0.0875,1.7669144470827418,78,9,702,19,11,657,469,0.2
57758232100,57758479700,1,6,1.0,2.679519427514057,6,6,36,2,0,6,0,0.625
57194200924,57196219628,1,9,0.28125,2.575569124080645,16,25,400,26,0,1091,81,0.46551724137931033
23004608500,57218568822,1,5,0.3333333333333333,2.072465365952029,15,5,75,9,7,224,170,0.3333333333333333
57222399729,7202369029,1,5,0.047619047619047616,1.477796179248005,6,104,624,29,25,2724,2704,0.10144927536231885
55022701000,57224161143,1,11,0.28205128205128205,4.028199335677629,39,11,429,33,21,2410,1902,0.20967741935483872
56016071500,57207206869,1,6,0.20689655172413793,1.7504424862398489,18,17,306,16,2,336,122,0.18181818181818182
35473838700,57211113045,1,3,0.08823529411764706,0.8311448228657567,18,19,342,7,1,95,7,0.0975609756097561
36469725300,56684707300,1,6,0.15,2.171687243033315,27,19,513,17,3,406,126,0.15
54584841300,55070036100,1,8,0.13333333333333333,2.7024610306571,18,50,900,18,2,592,120,0.5
49663363000,57189213896,1,6,0.8571428571428571,1.9123724426178654,7,6,42,6,0,490,238,0.75
26023085000,37118135700,1,15,0.10204081632653061,3.6435551876951204,94,68,6392,31,19,2138,1852,0.3783783783783784
57214988901,57797542800,1,4,0.4444444444444444,2.3464646285099944,6,7,42,6,0,33,1,0.36363636363636365
26635523700,27967551900,1,14,0.0979020979020979,4.298751941453426,17,140,2380,32,8,1878,1160,0.3559322033898305
48360967300,57215103429,1,0,0.0,0.0,7,2,14,8,6,107,83,0.2619047619047619
57217336969,57947067800,1,4,0.5714285714285714,1.6677628525934063,7,4,28,5,1,113,33,0.21428571428571427
57223170777,57296220700,1,3,0.3,0.8899561673402412,7,6,42,2,0,16,14,0.4
54780172900,57208026750,1,10,0.2857142857142857,3.882961391267129,15,30,450,24,8,854,402,0.3870967741935484
56527129000,57218338315,1,12,0.25,3.065271331237386,31,29,899,13,1,333,91,0.3125
56899043500,57221949854,1,22,0.1746031746031746,5.093871364711999,26,122,3172,27,23,3051,2893,0.1724137931034483
36986835400,37075661400,1,5,0.29411764705882354,1.8433829617578064,14,8,112,12,4,203,95,0.30434782608695654
55331323800,56835107500,1,17,0.3148148148148148,3.931065566982454,46,25,1150,13,1,536,184,0.42424242424242425
24831558400,57297110800,1,6,0.2222222222222222,2.045631835857809,27,6,162,7,3,133,107,0.08
14060455600,56895757200,1,4,0.02702702702702703,1.1709195516628292,134,18,2412,59,21,6320,3758,0.29577464788732394
56533987800,57219540911,1,8,0.36363636363636365,3.020787110742125,12,18,216,14,2,9375,9075,0.4375
56575083300,6701424197,1,44,0.4583333333333333,10.205608788182689,58,82,4756,20,6,488,126,0.3333333333333333
56817715000,7005001396,1,5,0.09259259259259259,2.004015247955325,18,41,738,13,5,328,224,0.2857142857142857
57195731822,57202255018,1,11,0.2558139534883721,3.5181868924031634,27,27,729,16,2,480,152,0.6
35555798600,8275704100,1,4,0.04938271604938271,1.6983736793003814,65,20,1300,30,14,1702,1240,0.30851063829787234
58140925900,7004357973,1,6,0.10714285714285714,2.0326948397099938,8,54,432,19,13,883,553,0.11392405063291139
7102314294,8718772800,1,4,0.11764705882352941,1.927359947964565,28,10,280,27,15,1775,1417,0.46153846153846156
56026669400,7004573622,1,2,0.046511627906976744,0.9479818718025272,3,42,126,29,21,1834,1412,0.2236842105263158
24330030100,57200824306,1,15,0.17647058823529413,3.9140141230025587,73,27,1971,11,7,350,300,0.09523809523809523
23470649300,23972525300,1,3,0.16666666666666666,1.1263896722362259,9,12,108,15,3,216,42,0.5
57202137592,57214182134,1,15,0.39473684210526316,3.7665920824636197,29,24,696,9,1,95,7,0.4
36697947600,7005474747,1,1,0.25,0.43429448190325176,3,2,6,6,2,29,15,0.3684210526315789
6504311468,6701848441,1,3,0.020689655172413793,1.2085956247485683,62,86,5332,26,14,1315,1083,0.2463768115942029
15754481800,7004905361,1,5,0.0641025641025641,1.318352048617088,54,29,1566,28,2,1246,92,0.3625
10143354000,36561004700,1,7,0.040697674418604654,1.868328990858268,144,35,5040,33,13,1467,835,0.25961538461538464
57210969018,57210970862,1,2,0.4,0.729943133291096,2,5,10,3,1,52,42,0.3
6701317946,8509006100,1,9,0.17307692307692307,2.835584756293318,50,11,550,16,10,602,472,0.34328358208955223
55895265500,56403974800,1,6,0.2857142857142857,2.388242410390674,16,11,176,7,1,264,156,0.4523809523809524
55070036100,57205099849,1,9,0.17647058823529413,2.814882769059638,50,10,500,12,8,373,339,0.14705882352941177
58056113700,6603785139,1,9,0.23076923076923078,2.730854556658889,9,39,351,13,9,432,384,0.2413793103448276
57194021664,6505517404,1,5,0.1111111111111111,1.5200866249495881,32,18,576,7,1,80,30,0.30434782608695654
57219085254,57222043955,1,7,0.5833333333333334,1.7937056245884175,11,8,88,15,13,551,501,0.075
36970994100,7006434026,1,4,0.0851063829787234,1.1322877822436788,8,43,344,11,7,273,203,0.3333333333333333
24824925500,57198761704,1,1,0.3333333333333333,0.7213475204444817,2,2,4,6,0,47,15,0.18181818181818182
57192073087,57198357708,1,0,0.0,0.0,106,9,954,67,47,10909,10421,0.3076923076923077
55956159600,57193273980,1,3,0.15789473684210525,1.042934532069071,5,17,85,11,7,261,249,0.36363636363636365
22991301300,57104445900,1,6,0.2608695652173913,2.345068599690837,19,10,190,30,6,1422,428,0.6595744680851063
15826940200,15827156300,1,9,0.45,3.431227280863286,9,20,180,5,1,33,9,0.625
12805509300,60000009300,1,7,0.21212121212121213,3.1182688867675443,33,7,231,42,30,5105,3943,0.2807017543859649
56079359200,57193386417,1,14,0.358974358974359,3.768222715696037,38,15,570,15,3,335,127,0.2727272727272727
57213824596,57213834122,1,5,0.7142857142857143,1.61290404431483,7,5,35,5,1,122,12,0.36363636363636365
57222611005,57225400428,1,4,0.8,2.0471519868964916,5,4,20,4,0,23,1,0.4444444444444444
56112797000,57193846028,1,3,0.17647058823529413,0.8672876790125682,4,16,64,8,2,206,22,0.5555555555555556
56903779800,7102231043,1,7,0.040229885057471264,1.692102224552547,16,165,2640,51,37,6516,5450,0.12048192771084337
53983044600,57214316831,1,3,0.2727272727272727,1.0490128489837791,10,4,40,7,1,95,13,0.375
57208623046,57351933900,1,36,0.48,7.952244356504657,44,67,2948,10,6,395,313,0.13793103448275862
6507796594,7202856767,1,2,0.046511627906976744,0.8582122550516603,41,4,164,19,15,2342,2306,0.36231884057971014
14056688500,57201084031,1,43,0.28289473684210525,9.609437018619358,104,91,9464,22,4,1899,1217,0.2037037037037037
57202817424,9335511500,1,4,0.09302325581395349,1.3506934687610244,6,41,246,16,8,641,359,0.10869565217391304
54791865700,57192073087,1,11,0.102803738317757,5.118205454517516,12,106,1272,63,51,10741,10589,0.2571428571428571
26023085000,56946693800,1,35,0.35353535353535354,10.259784095261535,94,40,3760,33,17,2407,1583,0.32857142857142857
55257149800,57215830373,1,2,0.14285714285714285,0.7259450575305171,13,3,39,7,3,169,111,0.24
14019420400,38662141300,1,4,0.13793103448275862,2.186262025203896,29,4,116,15,5,408,266,0.30434782608695654
57191895726,7103040365,1,47,0.29936305732484075,10.613961443381013,58,146,8468,21,5,2260,256,0.36363636363636365
56506744300,57214933818,1,7,0.4375,2.2797828847566244,13,10,130,10,4,616,454,0.3333333333333333
36081078700,57203961109,1,3,0.3333333333333333,0.8546532621402486,8,4,32,9,1,93,19,0.38461538461538464
57200504476,57203687928,1,53,0.35570469798657717,12.137829663792477,64,138,8832,13,5,1088,862,0.1724137931034483
55460426900,57226684680,1,4,0.6666666666666666,1.6883983053177078,4,6,24,2,0,8,0,1.0
55750277800,56891342100,1,5,0.2631578947368421,1.9041910592217985,12,12,144,7,1,65,13,0.25806451612903225
23486135800,57216924143,1,8,0.25806451612903225,2.6550237626770112,14,25,350,25,5,1182,30,0.2571428571428571
57191614204,57194609941,1,9,0.34615384615384615,2.660212455684367,10,25,250,9,7,160,156,0.0625
57190169591,57211462657,1,4,0.36363636363636365,2.091987171890433,8,7,56,11,5,376,112,0.6153846153846154
54783486600,6603496317,1,8,0.24242424242424243,3.761371776375941,8,33,264,21,5,538,302,0.6949152542372882
57191498025,7201998846,1,14,0.5185185185185185,5.451846710434234,18,23,414,7,1,84,38,0.4
57203868309,7101835141,1,17,0.40476190476190477,4.799622032381982,39,20,780,23,7,1038,398,0.4675324675324675
6506777512,7004578182,1,0,0.0,0.0,10,37,370,22,4,1405,169,0.2840909090909091
57200795182,8585119800,1,10,0.12658227848101267,3.010990726101669,19,70,1330,23,13,1298,1050,0.32857142857142857
57195732051,7006200042,1,3,0.05172413793103448,0.7376808644525525,4,57,228,25,15,1447,1241,0.34
55242228300,6506649400,1,8,0.05555555555555555,1.9257334160326927,58,94,5452,24,4,892,286,0.44776119402985076
55665656200,56505366300,1,15,0.18072289156626506,4.351497740176829,66,32,2112,17,1,407,113,0.37777777777777777
57193743014,57221949854,1,31,0.23308270676691728,7.0365681253243,42,122,5124,28,22,3196,2748,0.171875
57198331685,57371100700,1,3,0.21428571428571427,1.3435604314932281,14,3,42,9,5,283,269,0.13636363636363635
57163497100,6603156028,1,8,0.1,3.0041249090858715,9,79,711,38,30,3141,2797,0.0967741935483871
57201912872,57214191892,1,9,0.47368421052631576,2.341391405116961,15,13,195,6,2,113,33,0.3333333333333333
57215572475,6603813409,1,3,0.07692307692307693,0.9268776483679815,9,33,297,9,7,338,288,0.1111111111111111
14025574900,56231177500,1,40,0.37037037037037035,9.1618390895398,83,65,5395,17,3,448,198,0.28888888888888886
37091702000,57200859233,1,1,0.16666666666666666,0.36067376022224085,1,6,6,5,3,105,19,0.1
55788057200,57216225746,1,4,0.2222222222222222,1.9935104612388042,18,4,72,18,8,594,486,0.425531914893617
57117967000,57205197612,1,5,0.3125,1.7732581961316987,14,7,98,8,4,116,84,0.3235294117647059
57215306945,57216266197,1,1,0.14285714285714285,1.4426950408889634,2,6,12,8,6,199,141,0.25
56112797000,57201345951,1,3,0.21428571428571427,0.7671192827049926,4,13,52,9,3,233,49,0.39473684210526316
37102119100,57418950700,1,11,0.16666666666666666,3.4956871434566135,34,43,1462,13,1,248,6,0.35
6504311468,7003467120,1,51,0.5666666666666667,12.05229738650714,62,79,4898,17,5,433,201,0.3695652173913043
57418950700,6506694707,1,9,0.16666666666666666,2.5998864195357583,43,20,860,11,1,197,57,0.32558139534883723
57203021635,6504710819,1,5,0.2777777777777778,2.4236399708227774,11,12,132,16,2,383,71,0.275
55177578300,7004061355,1,1,0.018867924528301886,0.40242960438184466,7,47,329,21,9,788,280,0.09615384615384616
57221908100,57221912435,1,6,0.4,1.7896845222060502,10,11,110,5,1,25,5,0.2
57205461433,57217430038,1,5,0.38461538461538464,2.0646414858685125,13,5,65,9,1,486,132,0.5416666666666666
37561153100,6602378213,1,0,0.0,0.0,14,15,210,12,6,212,110,0.3220338983050847
55242228300,57219982774,1,3,0.04411764705882353,0.6778364026133754,58,13,754,12,8,375,231,0.17142857142857143
56385629000,56414682100,1,3,0.08571428571428572,1.7137526288989806,35,3,105,15,9,573,407,0.21686746987951808
57219803311,7003942962,1,4,0.023809523809523808,1.0483071105357205,6,166,996,26,24,3983,3967,0.18571428571428572
6602197502,7004239568,1,2,0.06666666666666667,0.990604307628467,7,25,175,8,4,1367,1331,0.2777777777777778
7003450280,9273383800,1,16,0.0935672514619883,4.541011317645546,136,51,6936,24,4,885,317,0.25
57201084031,57212272884,1,47,0.4017094017094017,10.465138268806687,91,73,6643,19,7,2420,696,0.3125
7003450280,7202369029,1,18,0.08108108108108109,5.135292619286201,136,104,14144,41,13,3315,2113,0.38636363636363635
35237785600,57189374217,1,10,0.25,4.134151274667038,40,10,400,20,8,639,389,0.20408163265306123
36965913900,6506130489,1,0,0.0,0.0,0,35,0,21,13,1620,1408,0.3728813559322034
37033733600,57198426793,1,4,0.14285714285714285,1.583500974599553,23,9,207,7,3,146,72,0.13636363636363635
55228787000,6507993283,1,7,0.11290322580645161,2.328704727334235,30,39,1170,22,6,513,265,0.19318181818181818
57190969497,57197785807,1,4,0.1,1.5766146817366546,39,5,195,19,13,1130,968,0.41304347826086957
57147095500,6602602840,1,5,0.11904761904761904,1.3492183598658467,21,26,546,13,3,953,461,0.2692307692307692
56491360900,57651472900,1,4,0.21052631578947367,1.2131831388560799,14,9,126,12,2,201,1,0.2
55882490400,56288115300,1,2,0.16666666666666666,0.5462741363438416,5,9,45,4,2,35,5,0.25
56703319900,57205770305,1,6,0.1875,1.8426750092109276,31,7,217,17,11,713,573,0.16
53463361500,6506848650,1,3,0.045454545454545456,1.0795846136068268,64,5,320,27,23,1998,1924,0.3333333333333333
36057308000,55226552800,1,4,0.09523809523809523,0.9772934445196589,8,38,304,12,8,367,175,0.5882352941176471
35880914800,57210718477,1,11,0.18333333333333332,3.0549304087599913,18,53,954,15,3,471,131,0.3055555555555556
55418858500,57223381762,1,1,0.058823529411764705,0.32351545314867247,15,3,45,9,5,193,111,0.15625
57189627815,57192642829,1,13,0.37142857142857144,4.312552424345342,20,28,560,12,4,242,116,0.21951219512195122
17342671000,6602602840,1,2,0.030303030303030304,0.7621647610257162,42,26,1092,13,3,330,162,0.35
56430927200,57211852761,1,43,0.3006993006993007,9.546673195137005,136,50,6800,16,8,1388,1272,0.08163265306122448
57219452208,6602774577,1,3,0.06976744186046512,0.9751958523618406,4,42,168,15,9,471,265,0.2127659574468085
57201879402,57204764225,1,2,0.10526315789473684,1.012554196664444,2,19,38,8,4,87,67,0.32
57218260692,7103153424,1,3,0.08108108108108109,0.9000964529277429,7,33,231,16,14,710,694,0.07228915662650602
55619775400,6603388713,1,9,0.32142857142857145,2.8153165119881924,10,27,270,11,7,300,248,0.4
13406948400,7004978561,1,2,0.045454545454545456,1.0402765093482826,23,23,529,24,0,866,52,0.27941176470588236
57193356957,6506576334,1,0,0.0,0.0,1,32,32,15,11,612,584,0.1
54781176500,57200268559,1,11,0.22916666666666666,3.5517195581831764,20,39,780,17,9,2185,1743,0.3953488372093023
6506541996,6603165760,1,14,0.1,3.6363197205842526,92,62,5704,16,2,969,515,0.32
14056461000,57215537168,1,11,0.9166666666666666,4.390969413409144,12,11,132,3,1,17,3,0.2
36865582000,57211861736,1,6,0.75,2.6918356460289417,8,6,48,8,2,115,79,0.29411764705882354
57217126196,7004405540,1,1,0.01020408163265306,0.7213475204444817,2,97,194,15,11,566,538,0.047619047619047616
35611272000,56070997300,1,3,0.06666666666666667,1.5505157350057461,45,3,135,26,20,1814,1220,0.5416666666666666
57223308289,58633723500,1,10,0.38461538461538464,3.339848247382581,11,25,275,10,4,209,79,0.07692307692307693
55846106800,7004766599,1,3,0.11538461538461539,0.9803591490205776,3,26,78,11,7,246,144,0.3793103448275862
6602787349,7003359246,1,2,0.07407407407407407,0.6717121124462357,16,13,208,21,3,466,156,0.39655172413793105
57193353438,8962997000,1,0,0.0,0.0,0,89,0,27,23,1973,1955,0.15584415584415584
57191605344,57644106300,1,6,0.42857142857142855,2.599553907968853,14,6,84,4,2,72,22,0.13636363636363635
55946024800,6602460649,1,1,0.009523809523809525,0.6213349345596119,24,82,1968,32,18,2693,2239,0.12727272727272726
26025948800,57217055948,1,5,0.07936507936507936,3.4342184962677855,62,6,372,29,21,2261,2003,0.13636363636363635
55257393500,57211345269,1,4,0.06451612903225806,1.0283373897914483,48,18,864,21,5,681,323,0.15384615384615385
25621414000,57201426073,1,5,0.22727272727272727,1.490577320019638,22,5,110,17,11,608,392,0.13157894736842105
57194191719,6602619791,1,3,0.13043478260869565,1.1474250853750512,12,14,168,18,2,409,29,0.125
56677243600,57194228256,1,6,0.2608695652173913,2.3042725225201712,13,16,208,14,2,321,63,0.2857142857142857
57208165882,57212611089,1,7,0.1206896551724138,1.825802269953637,48,17,816,16,2,1511,821,0.12
57190278097,57349166900,1,9,0.28125,2.4474785316905585,27,14,378,10,8,172,146,0.057692307692307696
57202575414,57298822100,1,6,0.3333333333333333,2.1040120280523884,18,6,108,10,6,256,194,0.42105263157894735
42062166200,55618665400,1,7,0.061946902654867256,2.2086058071659993,8,112,896,11,7,1114,1096,0.3888888888888889
44760952200,57197831563,1,2,0.10526315789473684,0.8079124461649567,18,3,54,13,7,382,294,0.5
54955193100,6603904264,1,4,0.26666666666666666,2.124659958030903,5,14,70,28,6,1511,409,0.4857142857142857
12785708100,55600616300,1,6,0.16216216216216217,1.7000458235216207,35,8,280,9,5,158,124,0.32142857142857145
35213588300,57196418063,1,5,0.35714285714285715,1.7757619427955067,5,14,70,6,2,84,50,0.1702127659574468
56400980000,57188752058,1,4,0.23529411764705882,1.8645571131921637,16,5,80,14,12,475,463,0.25
57190572638,9744867500,1,8,0.42105263157894735,2.0765041694083877,19,8,152,18,12,547,403,0.3103448275862069
36500840300,7003572956,1,0,0.0,0.0,0,107,0,26,22,2442,2428,0.17647058823529413
23096428900,7103040365,1,17,0.11486486486486487,4.732815124080146,19,146,2774,16,10,1287,1229,0.3469387755102041
16238022000,57196516585,1,3,0.07692307692307693,1.0838286676058855,39,3,117,13,11,480,478,0.058823529411764705
57190068681,8722213800,1,7,0.1044776119402985,2.0075486006979655,29,45,1305,15,1,380,96,0.2028985507246377
57201026134,59808396600,1,13,0.07692307692307693,2.8751784683754296,156,26,4056,13,9,1279,1227,0.07142857142857142
36844104900,55842599300,1,5,0.06944444444444445,1.2141648647991599,27,50,1350,44,22,3411,2261,0.49230769230769234
57194288925,6701718828,1,7,0.0625,1.9280475112678204,93,26,2418,24,6,1808,1048,0.375
55882063100,57218192507,1,32,0.2857142857142857,7.040991217397505,68,76,5168,18,4,2056,302,0.11363636363636363
57200727733,6602227807,1,2,0.07692307692307693,0.637857977807602,16,12,192,7,1,129,21,0.10714285714285714
57194876074,57214183847,1,6,0.16666666666666666,1.7616382406308038,33,9,297,11,3,501,429,0.10344827586206896
56767436100,57196045519,1,1,0.041666666666666664,0.28599966750267436,20,5,100,25,13,1341,1073,0.2857142857142857
36669038500,55257393500,1,7,0.11666666666666667,2.498710712296238,19,48,912,14,12,504,500,0.08333333333333333
55404271700,6508385053,1,7,0.08641975308641975,2.5890830275711667,67,21,1407,28,4,1239,315,0.3125
35478909000,57209218667,1,1,0.004329004329004329,0.20295281385904423,231,1,231,36,32,4931,4899,0.0297029702970297
35796101600,57197773630,1,10,0.14285714285714285,3.0895689214584756,26,54,1404,11,3,241,95,0.1276595744680851
36704152400,57205608779,1,4,0.0449438202247191,1.5513519830997122,86,7,602,16,12,560,542,0.047619047619047616
57207884885,7005372641,1,3,0.1875,2.048619138495565,4,15,60,11,3,207,125,0.3333333333333333
56656367600,57117323700,1,2,0.2,0.5333630106245035,4,8,32,10,6,159,123,0.21875
55226136900,57195760105,1,8,0.11594202898550725,2.219287767691954,14,63,882,7,1,994,906,0.2857142857142857
16202211100,57215104982,1,8,0.125,1.7744183291139908,60,12,720,13,11,355,335,0.09523809523809523
55347531400,57224831324,1,0,0.0,0.0,21,0,0,9,5,246,196,0.18518518518518517
57208653296,57214190875,1,1,0.125,0.3001016285004131,8,1,8,10,6,378,280,0.3
57197269844,6602404361,1,6,0.06060606060606061,1.5007090404084729,10,95,950,14,10,603,507,0.15384615384615385
37050721900,6701317946,1,7,0.1,2.070097294460294,27,50,1350,28,2,1277,203,0.2
55485366200,55600080400,1,1,0.06666666666666667,0.40242960438184466,3,13,39,13,7,387,215,0.4
57206658680,57209252159,1,5,0.5555555555555556,1.9378650859835704,6,8,48,7,1,148,4,0.75
16639084100,57216584870,1,3,0.16666666666666666,0.8168907647695272,3,18,54,5,3,63,53,0.35714285714285715
6602277744,7203007412,1,6,0.02510460251046025,1.95011643682286,133,112,14896,43,1,3513,417,0.25471698113207547
57214186954,57216294315,1,7,1.0,2.5068063785904644,7,7,49,7,1,72,16,0.3333333333333333
56513768800,7003959774,1,15,0.08379888268156424,3.7828236468625924,56,138,7728,43,7,3357,1397,0.3611111111111111
55616396400,57218192507,1,30,0.2702702702702703,7.308691880889076,65,76,4940,15,1,1158,596,0.29411764705882354
55587974700,57200661409,1,3,0.17647058823529413,1.1788211915623763,17,3,51,11,7,300,206,0.08571428571428572
24801934800,55923867100,1,2,0.6666666666666666,0.8979307383872341,2,3,6,12,0,186,12,0.3125
57203816121,6506305946,1,6,0.13043478260869565,1.7423090028938462,8,44,352,17,13,965,421,0.08450704225352113
36952258700,57211345269,1,4,0.11764705882352941,1.571217578210896,20,18,360,15,1,315,43,0.4375
57212035789,57218126879,1,6,0.25,1.9922614774374001,23,7,161,11,7,516,404,0.4444444444444444
6603160075,7003811166,1,3,0.03409090909090909,1.5696180021935575,27,64,1728,37,15,2042,1438,0.3372093023255814
57318015700,7006611602,1,8,0.38095238095238093,4.487582962186381,8,21,168,18,6,956,608,0.39622641509433965
54584841300,54894520000,1,6,0.3,1.6139983338935258,18,8,144,12,4,298,174,0.45454545454545453
57194186623,57221582133,1,3,0.3,1.2078781778831433,8,5,40,11,5,188,150,0.11764705882352941
55173582700,57202633576,1,18,0.29508196721311475,4.639649759323867,37,42,1554,11,1,367,83,0.28888888888888886
14219526400,56530380600,1,12,0.08759124087591241,2.9976454309893885,83,66,5478,34,16,2198,1758,0.2375
56430562200,57193446228,1,3,0.2727272727272727,1.4094374998787451,8,6,48,5,1,60,16,0.45161290322580644
57218194363,57222641576,1,33,0.3402061855670103,7.5168662941109,89,41,3649,12,2,1372,744,0.08333333333333333
56850444600,6601976136,1,10,0.2222222222222222,4.147523799542634,15,40,600,25,7,1495,1009,0.375
37861401900,7103053518,1,7,0.051094890510948905,1.8329852043729746,22,122,2684,21,7,738,366,0.22448979591836735
11739296200,15065534100,1,7,0.3684210526315789,3.063701588152087,18,8,144,9,7,161,141,0.23333333333333334
57195256137,57196146647,1,38,0.3486238532110092,10.830843014845883,106,41,4346,34,14,2093,1399,0.5614035087719298
55596434400,57192593705,1,4,0.4,1.7995196976005006,7,7,49,10,0,137,35,0.6666666666666666
57217436523,6603780090,1,4,0.25,1.7599878950826047,5,15,75,10,4,313,187,0.375
36706127300,56732423100,1,10,0.2222222222222222,3.3969315617941738,43,12,516,23,11,829,585,0.2
57193542018,7004583284,1,6,0.24,2.0083399184534856,19,12,228,13,1,955,97,0.2553191489361702
26666280700,6701317946,1,7,0.13725490196078433,2.2796784048825622,8,50,400,14,12,542,532,0.2753623188405797
57203970401,57222641576,1,34,0.2905982905982906,7.627947305471022,110,41,4510,13,3,967,339,0.08695652173913043
57201026134,57214188556,1,38,0.2375,8.526712359929014,156,42,6552,14,8,1457,1049,0.14814814814814814
36625829300,57213647258,1,4,0.3076923076923077,1.885359778721864,11,6,66,5,1,52,2,0.1111111111111111
55344487200,57207305344,1,5,0.18518518518518517,1.3371575203798831,16,16,256,7,1,258,36,0.2222222222222222
18434783700,57205368996,1,2,0.2222222222222222,0.5970758328737832,8,3,24,8,4,126,102,0.21428571428571427
56005252000,7005082971,1,21,0.3387096774193548,9.170932811909672,32,51,1632,35,7,1717,781,0.5970149253731343
55420972300,55770895400,1,3,0.1111111111111111,1.0548903692318483,5,25,125,9,5,293,79,0.46153846153846156
37562228500,6506649400,1,6,0.05825242718446602,1.6211785552865354,15,94,1410,17,11,628,550,0.14285714285714285
54380357500,57218612375,1,19,0.8260869565217391,5.927308894841245,23,19,437,9,1,124,18,0.48148148148148145
16202211100,54783056700,1,15,0.23809523809523808,4.246172256933564,60,18,1080,16,8,396,294,0.1836734693877551
54791045400,6602487131,1,2,0.11764705882352941,1.279458146995729,13,6,78,34,8,2156,594,0.576271186440678
54884280500,6506562449,1,7,0.3181818181818182,1.9574474771766008,9,20,180,7,3,113,51,0.25
55567301300,56013061400,1,3,0.1875,1.2966917204986474,13,6,78,9,3,157,63,0.29411764705882354
56329327600,56728915900,1,2,0.08333333333333333,0.7508405921195804,19,7,133,19,9,1423,953,0.25
56201455000,57197773630,1,10,0.18181818181818182,2.937328962496484,11,54,594,9,5,184,152,0.11538461538461539
25655622000,56016155100,1,1,0.047619047619047616,0.3396232718951086,18,4,72,11,5,198,108,0.3333333333333333
36991101500,7102231043,1,38,0.2261904761904762,13.152309455999884,41,165,6765,69,19,8636,3330,0.3373493975903614
25639439500,6701608636,1,11,0.2558139534883721,3.6616372022130292,13,41,533,12,8,239,203,0.3018867924528302
35555798600,57073644400,1,12,0.17647058823529413,4.5109990451260975,65,15,975,31,13,1792,1150,0.26506024096385544
55811278600,6603067218,1,4,0.23529411764705882,1.5225749444051826,6,15,90,8,4,168,70,0.08
13805284000,56692922100,1,7,0.2413793103448276,2.2016404530165667,29,7,203,6,2,69,53,0.3157894736842105
55440589400,6504736433,1,4,0.4,1.5202728028333141,7,7,49,5,1,38,10,0.21052631578947367
57190864627,57261492100,1,6,0.15,2.1165020086004636,40,6,240,13,9,434,422,0.625
14018322900,35460884400,1,14,0.11570247933884298,4.6494910266119955,40,95,3800,44,14,3588,1262,0.3972602739726027
55963020700,57189241650,1,6,0.1875,2.283049225624202,13,25,325,13,7,280,218,0.16129032258064516
35566702500,57209565615,1,1,0.029411764705882353,0.28853900817779266,31,4,124,7,3,399,305,0.14285714285714285
57218602621,7006012333,1,6,0.11764705882352941,2.196626969853253,13,44,572,35,17,2186,1752,0.37209302325581395
24469152300,57193846028,1,15,0.16853932584269662,4.741286556764752,88,16,1408,34,24,3531,3303,0.22413793103448276
16039416600,57208596460,1,7,0.09722222222222222,2.4239181485909778,70,9,630,28,24,1956,1912,0.10526315789473684
56543375900,7202856767,1,2,0.18181818181818182,0.8582122550516603,9,4,36,3,1,29,7,0.32432432432432434
57218192507,57351933900,1,42,0.4158415841584158,9.323731487677293,76,67,5092,15,1,1231,523,0.08333333333333333
36057286100,37118135700,1,16,0.16161616161616163,4.045777019562711,47,68,3196,12,0,321,35,0.4883720930232558
57203410474,57214917728,1,2,0.18181818181818182,0.8367240862850964,8,5,40,3,3,47,47,0.5
57193093623,7102743604,1,5,0.10204081632653061,1.8779384550430374,12,42,504,24,4,1045,237,0.20754716981132076
16067892900,7102969029,1,2,0.05405405405405406,0.9183091389329819,21,18,378,13,1,289,5,0.24242424242424243
13408242300,55576394100,1,4,0.10810810810810811,1.6436277229606229,28,13,364,28,10,1490,348,0.3389830508474576
57190738415,57216279131,1,3,0.1111111111111111,0.9735236655204405,17,13,221,27,13,1455,1065,0.2
57194517764,57215107959,1,5,0.1282051282051282,1.414349893307712,38,6,228,17,11,883,811,0.1951219512195122
13104402000,56780244700,1,6,0.18181818181818182,2.631335041250337,32,7,224,10,4,185,123,0.2702702702702703
8212453900,8842034500,1,11,0.25,3.4217675979551627,15,40,600,12,8,246,212,0.4166666666666667
57193857062,57194219224,1,4,0.3333333333333333,1.4607632034230105,4,12,48,5,3,58,52,0.16666666666666666
50162860100,57204500053,1,11,0.6875,3.5824081280821702,11,16,176,8,0,63,3,0.8333333333333334
55430587000,6603496317,1,3,0.09090909090909091,1.6491316192991132,3,33,99,16,10,458,382,0.16129032258064516
55621406900,56850461100,1,9,0.1323529411764706,2.846035361210385,26,51,1326,16,2,697,269,0.26666666666666666
55388629500,6603839720,1,12,0.21428571428571427,4.864004603044416,14,54,756,43,13,3158,1852,0.5487804878048781
7003467120,7102231043,1,45,0.22613065326633167,10.591835563738169,79,165,13035,55,33,6300,5666,0.16831683168316833
55788564000,7202369029,1,18,0.16822429906542055,6.248319040842581,21,104,2184,33,21,3017,2411,0.2804878048780488
56828766000,57194679642,1,5,0.3333333333333333,2.126234345831386,15,5,75,22,16,2302,2032,0.35714285714285715
16199397400,8256031000,1,5,0.1388888888888889,1.6837210318448936,36,5,180,5,3,60,52,0.3170731707317073
6602257132,8585695400,1,24,0.18461538461538463,6.093658871796119,90,64,5760,23,3,849,155,0.4166666666666667
57194113078,7101828726,1,4,0.16666666666666666,1.2736319647442553,19,9,171,7,1,78,38,0.2682926829268293
56211390500,57194031859,1,3,0.3,1.1676626715230831,5,8,40,5,3,68,66,0.3684210526315789
42461275200,57193354587,1,0,0.0,0.0,16,9,144,9,3,152,10,0.125
57194689601,57196419156,1,2,0.3333333333333333,0.9924051084544989,5,3,15,6,2,37,11,0.5714285714285714
16041624100,57551310000,1,0,0.0,0.0,12,1,12,12,8,261,219,0.16129032258064516
36056049400,7005001396,1,4,0.05,1.1448100738004339,43,41,1763,18,0,484,68,0.3333333333333333
56575083300,7003450280,1,44,0.29333333333333333,10.113201246288082,58,136,7888,21,7,782,420,0.2807017543859649
35179056300,57218192915,1,13,0.13829787234042554,3.0909633233908194,32,75,2400,11,3,982,772,0.0967741935483871
10142248500,8298677400,1,3,0.06666666666666667,1.015715900955275,23,25,575,30,2,1330,410,0.576271186440678
35552663800,57200421924,1,6,0.3333333333333333,2.780018456984509,18,6,108,11,3,189,63,0.273972602739726
56479115000,57203886562,1,6,0.2727272727272727,1.9153015977535628,15,13,195,9,1,134,32,0.25
54382485600,7003450280,1,25,0.16666666666666666,5.491623841817134,39,136,5304,21,7,736,466,0.2903225806451613
57208663490,57217011143,1,1,0.05555555555555555,0.4170323914242463,13,6,78,6,0,38,10,0.2222222222222222
57193832250,57351933900,1,45,0.5172413793103449,11.41275353533336,65,67,4355,16,0,813,105,0.3870967741935484
57211448989,57364264600,1,11,0.4074074074074074,3.604258988324922,19,19,361,8,0,96,6,0.8461538461538461
57194232387,7103040365,1,17,0.1118421052631579,4.63177862947099,23,146,3358,18,8,1369,1147,0.36585365853658536
56430927200,57195760105,1,52,0.35374149659863946,11.879561808388658,136,63,8568,16,8,2280,380,0.3
56899043500,57203949863,1,25,0.16556291390728478,5.784044677441321,26,150,3900,15,11,1458,1300,0.2222222222222222
55356969200,57212951193,1,12,0.4,3.9612453185440186,23,19,437,9,1,102,42,0.15384615384615385
37087037000,7402213724,1,1,0.07142857142857142,0.6213349345596119,4,11,44,14,10,447,391,0.2903225806451613
16039416600,57219433461,1,3,0.03896103896103896,1.288964158909163,70,10,700,38,14,2554,1314,0.3770491803278688
57194104468,7007102944,1,3,0.06976744186046512,1.2128307224957056,27,19,513,13,1,230,28,0.225
55618665400,59608331900,1,27,0.20930232558139536,6.139672041164822,112,44,4928,11,7,1151,1059,0.05128205128205128
35086939400,57224336572,1,4,0.4,2.5100188175946387,10,4,40,14,4,250,140,0.43333333333333335
57921050600,6602643141,1,4,0.26666666666666666,1.2301102764139653,4,15,60,5,5,50,50,0.12
57200504476,57211852761,1,42,0.5833333333333334,9.31821264814286,64,50,3200,8,0,171,55,0.19230769230769232
6507131467,8223664400,1,11,0.2972972972972973,4.373690457012119,13,35,455,19,3,661,71,0.46511627906976744
55203286900,57208142067,1,4,0.1111111111111111,1.6142814184807726,16,24,384,9,1,213,57,0.46774193548387094
56857250500,57221437133,1,3,0.5,1.5573528948360185,4,5,20,9,3,132,66,0.1388888888888889
19640313400,57221683008,1,6,0.3333333333333333,2.3382821483407064,16,8,128,9,3,160,138,0.5
56818653600,57204392643,1,4,0.4444444444444444,1.3544704502230638,8,5,40,6,2,456,44,0.2727272727272727
57205247793,6602630825,1,1,0.041666666666666664,0.31465798044412485,1,24,24,15,11,791,727,0.1
56505483400,57193542018,1,3,0.13043478260869565,1.1726414761888495,7,19,133,28,16,2585,1727,0.3269230769230769
56747425000,57192642829,1,7,0.11475409836065574,2.1778706775455987,40,28,1120,19,3,1714,1356,0.32786885245901637
16315359100,6701631287,1,8,0.15384615384615385,2.9589235104766205,49,11,539,20,6,601,311,0.24074074074074073
57191669716,7006200042,1,21,0.328125,6.367214100024578,28,57,1596,28,12,1518,1170,0.3617021276595745
31667532100,57222536810,1,6,0.16666666666666666,1.9195368747193418,32,10,320,23,11,929,511,0.37209302325581395
15056983100,57212611089,1,7,0.2413793103448276,1.825802269953637,19,17,323,14,0,1157,467,0.24242424242424243
16202211100,57203659172,1,4,0.06349206349206349,1.8892208174444671,60,7,420,16,8,388,302,0.06976744186046512
56153132100,7003467440,1,2,0.05263157894736842,0.7835783520664698,20,20,400,15,3,679,83,0.16666666666666666
55428191100,56523519500,1,7,0.2916666666666667,2.9589242793214483,11,20,220,9,1,108,6,0.5
16308664700,55070036100,1,3,0.04477611940298507,1.0969115652994195,20,50,1000,17,3,530,182,0.4375
55597926500,57203970401,1,36,0.2,8.016690568910864,106,110,11660,22,6,1542,236,0.11764705882352941
36193760200,55639203800,1,4,0.10256410256410256,1.6200316686267655,5,38,190,19,15,855,761,0.3333333333333333
16643616700,7003467120,1,36,0.23529411764705882,8.403101625563204,110,79,8690,35,13,2490,1856,0.11290322580645161
54892907100,6506108266,1,4,0.12121212121212122,1.4486069641961345,27,10,270,11,3,187,83,0.15
27967551900,56575083300,1,42,0.2692307692307692,9.724207948143123,140,58,8120,27,13,1700,1338,0.2909090909090909
57211315519,57211320405,1,0,0.0,0.0,0,4,0,2,0,7,5,0.6666666666666666
57196022709,59608331900,1,40,0.851063829787234,9.34316321446576,43,44,1892,4,0,92,0,1.0
56333925500,7004751343,1,3,0.04411764705882353,1.0560317157112598,11,60,660,45,29,3746,3186,0.23255813953488372
57191403586,7103043561,1,8,0.14545454545454545,2.323723733154373,13,50,650,17,13,678,612,0.08791208791208792
56728918000,57203456202,1,3,0.375,1.360931876471804,7,4,28,6,4,75,55,0.38095238095238093
57218193345,57218194340,1,48,0.5647058823529412,10.775660631745302,58,75,4350,12,6,1671,239,0.4
37050528600,7102064649,1,2,0.18181818181818182,0.9102392266268373,8,5,40,9,5,163,107,0.3333333333333333
16243020100,7102231043,1,55,0.1687116564417178,13.16940595563384,216,165,35640,69,19,9608,2358,0.30701754385964913
57226337681,57571822600,1,5,0.4166666666666667,1.8370581761333746,11,6,66,8,2,160,6,0.65
57226149042,6506214929,1,17,0.4722222222222222,4.611246817507475,25,28,700,10,0,198,40,0.35
35489358300,37068006200,1,5,0.3333333333333333,1.5729187108610523,8,12,96,4,0,32,4,0.17391304347826086
23390441500,57163855400,1,1,0.05,0.2530848692773169,18,3,54,20,10,709,481,0.2545454545454545
55918137600,57201998453,1,8,0.42105263157894735,2.7793000534405845,16,11,176,7,1,305,147,0.4090909090909091
42761833500,56151478400,1,15,0.2542372881355932,5.815769795338368,33,41,1353,16,2,521,187,0.3076923076923077
57004538100,57197750458,1,7,0.23333333333333334,3.846914648120231,17,20,340,35,9,1955,1021,0.3684210526315789
41762252900,56400980000,1,0,0.0,0.0,3,16,48,15,11,484,454,0.12195121951219512
57202855454,6601964582,1,5,0.15151515151515152,1.3353801540486234,13,25,325,17,3,543,239,0.25806451612903225
57196185087,57205302568,1,11,0.2682926829268293,3.6755775950572183,16,36,576,11,1,254,24,0.46511627906976744
13607877300,24174852000,1,8,0.1509433962264151,2.942369878676136,32,29,928,33,3,1785,357,0.3148148148148148
56828766000,6603449202,1,5,0.3125,1.9551107956872833,15,6,90,24,14,2444,1890,0.171875
57217533046,8951383700,1,1,0.08333333333333333,0.7213475204444817,2,11,22,9,5,199,181,0.2222222222222222
57188667367,58204167700,1,4,0.23529411764705882,1.8505832204248673,17,4,68,3,3,42,42,0.4
36163560500,7004826368,1,1,0.14285714285714285,1.4426950408889634,1,7,7,7,1,155,35,0.22388059701492538
24073407400,57202376967,1,3,0.25,1.2620232499889452,3,12,36,5,3,88,86,1.0
49862024200,57194622625,1,2,0.125,0.5421700613636335,8,10,80,8,4,156,98,0.13333333333333333
57189875946,57200516957,1,10,0.19607843137254902,3.503190533808419,47,14,658,18,8,439,233,0.35714285714285715
56288956500,7103040365,1,34,0.2251655629139073,7.742709159668622,39,146,5694,16,10,1463,1053,0.045454545454545456
55574026000,56583461600,1,10,0.2631578947368421,3.857336135507053,31,17,527,16,4,421,229,0.325
58157133500,8375248900,1,1,0.14285714285714285,0.31465798044412485,2,6,12,7,3,110,92,0.0975609756097561
16202211100,57201314197,1,16,0.23529411764705882,4.225337437938054,60,24,1440,15,9,398,292,0.13953488372093023
57194200924,57224158929,1,8,0.42105263157894735,2.5610678244668725,16,11,176,19,7,745,265,0.3125
14025574900,22938031400,1,50,0.5376344086021505,11.752160542069964,83,60,4980,14,0,259,9,0.5
55598364800,56806537200,1,3,0.1875,0.9271619754524305,13,6,78,5,1,47,27,0.1724137931034483
33768086600,57203970401,1,18,0.144,4.506994542111393,33,110,3630,13,3,772,534,0.17777777777777778
57214807416,57218329111,1,4,0.4,1.6157861904669268,8,6,48,7,1,229,71,0.35714285714285715
55667318700,6505881924,1,0,0.0,0.0,7,68,476,17,7,537,423,0.2
13104402000,57164866900,1,3,0.08823529411764706,1.0257607132177213,32,5,160,10,4,186,122,0.13157894736842105
56707421100,57195060271,1,2,0.058823529411764705,0.588862485444041,18,18,324,15,5,508,90,0.34782608695652173
57193832250,7103040365,1,40,0.23391812865497075,9.040074289664945,65,146,9490,21,5,1717,799,0.2830188679245283
23987119600,56781086400,1,4,0.05263157894736842,1.0049503033362597,21,59,1239,24,14,1049,905,0.45454545454545453
54583306200,6505881924,1,3,0.04411764705882353,2.541825973698156,3,68,204,14,10,518,442,0.23529411764705882
57190343674,9037312600,1,8,0.14035087719298245,3.2689141234576846,8,57,456,20,10,898,688,0.4222222222222222
25636959900,56451087100,1,8,0.16,2.5274158793728385,41,17,697,22,8,955,535,0.3333333333333333
44361299900,6505881924,1,11,0.1506849315068493,2.9238218718248636,16,68,1088,17,7,561,399,0.15384615384615385
57204847637,6603271904,1,3,0.057692307692307696,1.0886404229290723,8,47,376,20,6,1034,340,0.3
57218556849,6602452399,1,2,0.1111111111111111,0.7248994379511449,2,18,36,9,5,242,134,0.15555555555555556
57201084031,6506776579,1,69,0.2987012987012987,16.547950376458527,91,209,19019,38,12,5462,2346,0.34285714285714286
57204806033,6603822311,1,2,0.16666666666666666,1.3426824550040934,2,12,24,9,5,214,86,0.5454545454545454
56857250500,57220554391,1,0,0.0,0.0,4,3,12,8,4,118,80,0.05714285714285714
57305805200,57828083200,1,5,0.35714285714285715,1.475296482857516,13,6,78,7,3,133,119,0.13043478260869565
55616396400,56133490300,1,9,0.1323529411764706,2.4075668454481773,65,12,780,9,7,286,276,0.15789473684210525
57194421943,57208142802,1,12,0.7058823529411765,3.1436958911985924,12,17,204,8,2,103,61,0.23076923076923078
55623543800,57482336600,1,2,0.1,0.5095034317462759,9,13,117,5,3,90,60,0.08333333333333333
35081168700,7006505400,1,4,0.0784313725490196,1.1031577964882633,12,43,516,14,8,450,304,0.1320754716981132
40161025300,7006200042,1,9,0.11842105263157894,2.3523499464431947,28,57,1596,30,10,1808,880,0.23333333333333334
57195504303,57211868326,1,2,0.1111111111111111,0.9402639234634129,12,8,96,10,2,143,3,0.17647058823529413
56288115300,57191075957,1,5,0.35714285714285715,1.6206091494799957,9,10,90,5,1,31,9,0.2857142857142857
56549855600,57205627840,1,7,0.3181818181818182,2.5401820821369805,15,14,210,14,6,301,215,0.23333333333333334
6701501754,8270443200,1,4,0.12903225806451613,1.8116059108331901,21,14,294,20,4,860,272,0.27941176470588236
57201617502,57201617982,1,4,0.8,1.7530155693118514,5,4,20,4,0,22,10,0.7777777777777778
57192955592,57207472482,1,2,0.3333333333333333,0.630829948115071,3,5,15,5,1,43,7,0.6363636363636364
57202053244,6602680085,1,8,0.09195402298850575,2.585117618404777,9,86,774,31,15,2365,1981,0.109375
55424695500,57207121382,1,5,0.1724137931034483,2.944474909988855,29,5,145,19,13,540,468,0.30434782608695654
57216924143,7005969319,1,4,0.03333333333333333,1.365529861936071,25,99,2475,26,6,1498,346,0.2878787878787879
57205468811,7003959774,1,13,0.09285714285714286,3.4488713124195787,15,138,2070,27,23,2398,2356,0.06944444444444445
28367982900,57204120304,1,7,0.14893617021276595,1.8449727827456122,40,14,560,16,2,483,27,0.3333333333333333
16318838800,57197773630,1,9,0.12,3.0995942367249096,30,54,1620,15,1,350,14,0.24489795918367346
14029585100,55130633800,1,6,0.12244897959183673,2.38916234815298,48,7,336,20,16,1099,1047,0.08450704225352113
56734378000,57204938647,1,6,0.2857142857142857,1.998825367579843,16,11,176,4,0,46,20,0.2
54783486600,57216436094,1,3,0.2727272727272727,1.2294592383357308,8,6,48,10,6,150,86,0.023255813953488372
57221117988,58101037600,1,8,0.25806451612903225,1.823860372551681,19,20,380,7,1,75,17,0.07692307692307693
57201084031,57214189077,1,36,0.37894736842105264,8.566138537037059,91,40,3640,15,11,2283,833,0.28125
24177052000,56313591900,1,1,0.09090909090909091,0.20961352064055247,2,10,20,15,7,359,287,0.2028985507246377
54782477100,57193066035,1,4,1.0,1.9872017977872374,4,4,16,4,0,89,9,0.5333333333333333
24449232200,57211927845,1,8,0.6666666666666666,2.3782170843360673,10,10,100,3,1,63,15,0.2
7005430904,7006731667,1,1,0.3333333333333333,0.3789231816899512,2,2,4,6,0,30,8,0.42857142857142855
12240246800,7103043561,1,5,0.09615384615384616,1.8308596265581571,7,50,350,20,10,715,575,0.23404255319148937
24172674100,57209578821,1,2,0.044444444444444446,0.7802707381644454,42,5,210,18,14,1127,1035,0.07936507936507936
35227632100,57217718572,1,4,0.3076923076923077,2.006944840264932,13,4,52,12,6,500,408,0.375
7006065236,8534471900,1,10,0.07874015748031496,2.8722352655645853,61,76,4636,34,4,1798,608,0.47368421052631576
57208165882,57210718477,1,15,0.1744186046511628,3.553222852684705,48,53,2544,15,3,1467,865,0.0967741935483871
35567766200,57210255285,1,5,0.15625,1.829324640634593,30,7,210,16,10,973,855,0.05660377358490566
56193073000,57194101972,1,9,0.75,3.4680832271870927,9,12,108,10,2,193,31,0.3888888888888889
58083458800,6603311220,1,6,0.14285714285714285,3.111420776155339,6,42,252,21,15,1132,1084,0.21153846153846154
10143354000,57192200403,1,8,0.05333333333333334,2.0366900570431414,144,14,2016,26,20,1207,1095,0.09900990099009901
57191991115,57214183798,1,5,0.2631578947368421,1.7771158866185632,12,12,144,9,1,216,84,0.25
56003074900,6504284862,1,10,0.1694915254237288,3.574196146477725,17,52,884,14,8,397,345,0.2647058823529412
37079049100,7005401841,1,11,0.25,3.259397794773294,25,30,750,9,3,186,136,0.45
55216567600,57189222869,1,2,0.2222222222222222,0.7813527860717959,5,6,30,7,1,82,16,0.4666666666666667
57191991115,57192642829,1,7,0.21212121212121213,2.511638178117408,12,28,336,12,4,245,113,0.35
57194029067,57214882838,1,26,0.45614035087719296,7.413214581226864,48,35,1680,22,12,920,728,0.6756756756756757
57204858767,57208643780,1,9,0.19148936170212766,2.458995173318207,43,13,559,10,6,327,307,0.20833333333333334
56070841600,57195940931,1,3,0.10714285714285714,1.8316757896868623,5,26,130,15,11,656,598,0.3770491803278688
55932949800,56487314600,1,7,0.2916666666666667,2.815014144963662,24,7,168,25,21,2584,2518,0.2727272727272727
26538927600,58826703900,1,15,0.25862068965517243,3.6215981070510255,46,27,1242,14,6,571,293,0.07142857142857142
57221949854,7003942962,1,43,0.17551020408163265,9.717177785599462,122,166,20252,50,0,6947,1003,0.42696629213483145
57221872165,7102633221,1,27,0.14754098360655737,6.109849107723046,35,175,6125,17,13,1881,1663,0.18
13808174600,55389773300,1,3,0.42857142857142855,1.4302262891213462,5,5,25,4,0,42,10,0.20930232558139536
57203599101,7006531411,1,1,1.0,0.48089834696298783,1,1,1,6,2,106,28,0.1891891891891892
55323998800,7402031672,1,10,0.20833333333333334,2.807787117131458,35,23,805,12,4,320,114,0.23076923076923078
53982777700,6508228018,1,3,0.047619047619047616,1.181808869789004,10,56,560,22,12,920,772,0.18181818181818182
57218300529,6602404361,1,26,0.24761904761904763,5.759507150006933,36,95,3420,15,9,625,485,0.19047619047619047
57207458647,57212025718,1,3,0.1875,1.382499612933521,12,7,84,8,2,100,76,0.5384615384615384
55640145100,56607432800,1,39,0.4482758620689655,9.115851804268313,79,47,3713,18,12,601,501,0.18181818181818182
56587445700,7003467120,1,38,0.36893203883495146,8.828694291812324,62,79,4898,20,2,541,93,0.2786885245901639
56414682100,56845192300,1,2,0.13333333333333333,0.9924051084544989,3,14,42,8,2,313,147,0.34210526315789475
25636959900,57203284883,1,5,0.11627906976744186,1.900065272524004,41,7,287,17,13,758,732,0.11290322580645161
16416659200,57190686529,1,2,0.045454545454545456,0.7802707381644454,29,17,493,44,26,5140,4702,0.14705882352941177
37048606300,56692922100,1,5,0.1388888888888889,1.50869132622379,34,7,238,12,8,302,286,0.38461538461538464
55620172900,57201250923,1,23,0.40350877192982454,7.894294924018853,50,30,1500,21,11,889,543,0.32432432432432434
55332536900,57205688879,1,10,0.2564102564102564,2.7907267920568257,18,31,558,13,1,282,18,0.3939393939393939
57215683127,57218192915,1,44,0.2953020134228188,9.797208756855877,118,75,8850,16,2,1771,17,0.13793103448275862
23134993400,6508251074,1,7,0.2413793103448276,3.197349638525963,28,8,224,20,10,605,385,0.47761194029850745
24779987100,6507310582,1,5,0.036231884057971016,1.841896319541182,30,113,3390,20,8,859,501,0.25925925925925924
56026669400,57203066384,1,2,0.3333333333333333,0.7133866983999526,3,5,15,7,1,384,38,0.13793103448275862
14123842600,57194466483,1,6,0.06593406593406594,2.3533484328590215,82,15,1230,43,3,3401,695,0.2909090909090909
56906498500,7202143212,1,9,0.13846153846153847,2.599643179760509,29,45,1305,18,2,412,140,0.36
56537108900,57188643984,1,42,0.45161290322580644,9.99221588448782,87,48,4176,22,8,844,392,0.2711864406779661
57287307800,58113853600,1,4,0.3076923076923077,1.2969340923440473,8,9,72,7,1,245,25,0.5
6507552484,6508085010,1,8,0.16326530612244897,2.9911193576832575,21,36,756,23,15,1208,1072,0.3225806451612903
7006505400,8534471900,1,7,0.0625,2.039219356626585,43,76,3268,26,4,972,218,0.22666666666666666
56116845300,57173260200,1,5,0.4166666666666667,1.8413351827359907,6,11,66,15,3,948,304,0.17647058823529413
57230877100,7004087255,1,2,0.13333333333333333,0.9820086947818527,4,13,52,16,12,758,736,0.3076923076923077
55916877800,57210908339,1,5,0.8333333333333334,1.9588815469089589,6,5,30,6,2,62,20,0.42857142857142855
56430927200,7102633221,1,87,0.38839285714285715,20.411640942363587,136,175,23800,27,3,3102,442,0.46551724137931033
56289557600,7006065236,1,4,0.06557377049180328,1.486591660426884,4,61,244,23,15,1256,1150,0.2857142857142857
57188415100,6603188445,1,6,0.1111111111111111,1.7675842967417332,27,33,891,11,1,222,48,0.3125
6602823371,7003626714,1,5,0.23809523809523808,1.7684850543010087,18,8,144,8,2,411,349,0.3870967741935484
22834507600,24437971100,1,0,0.0,0.0,31,18,558,21,1,612,216,0.4117647058823529
56428793800,59988731200,1,3,0.16666666666666666,1.2670032715152109,4,17,68,7,5,104,92,0.41379310344827586
57195675149,7007018624,1,0,0.0,0.0,0,32,0,16,12,675,661,0.16666666666666666
15926505500,35355756600,1,13,0.09558823529411764,3.794259192706404,22,127,2794,19,13,1824,1744,0.1724137931034483
42761833500,57538517900,1,8,0.2222222222222222,2.199575079515212,33,11,363,10,4,196,138,0.5
57194228256,57316553000,1,7,0.3888888888888889,2.5141787743557114,16,9,144,10,6,214,170,0.3333333333333333
6508045259,6602498091,1,2,0.2222222222222222,1.1162212531024944,5,6,30,12,2,186,8,0.5
55395465100,56090125500,1,5,0.35714285714285715,2.2407626614328224,14,5,70,10,6,204,160,0.46875
57222634123,7003403034,1,2,0.05555555555555555,0.4413778542150335,10,28,280,10,0,160,2,0.20408163265306123
57503194200,6603782454,1,2,0.3333333333333333,1.2631953504915985,5,3,15,6,0,116,38,0.2777777777777778
57191604670,57208004073,1,3,0.14285714285714285,1.2681489527310008,18,6,108,14,10,420,376,0.07352941176470588
55665456000,57211113045,1,14,0.16279069767441862,3.9898663378152044,81,19,1539,17,11,580,478,0.10909090909090909
17342671000,57195330801,1,1,0.02,0.48089834696298783,42,9,378,9,1,192,24,0.15789473684210525
57063450500,7005891606,1,14,0.358974358974359,4.627209593420778,19,34,646,22,6,708,164,0.18421052631578946
56151478400,56732311700,1,12,0.13953488372093023,3.3264840074323385,41,57,2337,25,7,1209,501,0.2653061224489796
26634884900,57211056598,1,42,0.336,9.299920330521354,88,79,6952,21,7,2056,772,0.17857142857142858
7003810795,7005323635,1,14,0.17721518987341772,4.775659430482639,52,41,2132,42,6,3337,1269,0.5106382978723404
56607432800,6506776579,1,36,0.16363636363636364,8.337098038922171,47,209,9823,28,22,3954,3854,0.15714285714285714
35179056300,57196074470,1,14,0.35,3.353660634404682,32,22,704,7,1,220,10,0.11538461538461539
57201310910,6505883465,1,15,0.15463917525773196,4.1443661767750335,27,85,2295,16,8,555,273,0.19047619047619047
14037194400,57195940931,1,3,0.0410958904109589,1.3173526456165867,50,26,1300,30,4,1592,338,0.3894736842105263
14218935500,57218541935,1,6,0.35294117647058826,2.8356588644585816,17,6,102,3,1,18,12,0.07407407407407407
55535491100,57218195565,1,12,0.11764705882352941,2.7011544469528803,60,54,3240,11,3,983,601,0.28
26636439000,35497272700,1,1,0.024390243902439025,0.48089834696298783,3,39,117,18,14,781,733,0.08536585365853659
55618665400,56366658300,1,25,0.16778523489932887,5.720070094510591,112,62,6944,19,1,1391,819,0.12195121951219512
26024868000,27067901300,1,7,0.14285714285714285,1.9118826917723455,48,8,384,15,13,919,889,0.2647058823529412
35555798600,57192697218,1,5,0.05952380952380952,1.6735165268008274,65,24,1560,30,14,1637,1305,0.22093023255813954
57117690500,57214112643,1,5,0.043859649122807015,1.513630440412364,107,12,1284,17,11,1600,1496,0.2553191489361702
55835740200,57053449700,1,2,0.18181818181818182,0.6259145442741585,6,7,42,10,4,376,264,0.2
24376383400,57401049200,1,2,0.2,1.1237771248263264,10,2,20,3,1,50,38,0.1724137931034483
57202054317,6507924993,1,4,0.14285714285714285,1.5305519661447298,17,15,255,12,2,378,8,0.09523809523809523
57195995961,7103043561,1,5,0.09433962264150944,2.0179000792145176,8,50,400,20,10,718,572,0.2608695652173913
56957827000,57209314233,1,7,0.30434782608695654,1.9152744021257786,16,14,224,18,6,448,230,0.22727272727272727
14522699800,6504280283,1,9,0.06976744186046512,2.6823793422868625,48,90,4320,23,3,917,297,0.2571428571428571
54389051200,7101893707,1,1,0.045454545454545456,0.9102392266268373,6,17,102,13,1,339,11,0.21311475409836064
55250044700,56641717100,1,3,0.15,1.2083430841204714,4,19,76,30,26,2358,2212,0.359375
57226828744,7202140793,1,2,0.02666666666666667,0.7030320589269207,3,74,222,43,37,6340,6046,0.14925373134328357
55319211200,57201197834,1,1,0.25,1.4426950408889634,1,4,4,4,0,17,3,0.21428571428571427
16643616700,23072832700,1,9,0.052941176470588235,2.3067695133803894,110,69,7590,50,2,4918,572,0.22527472527472528
57204178425,57204186666,1,2,0.6666666666666666,0.6409510152362525,3,2,6,7,3,633,103,0.2857142857142857
25923097000,55583932500,1,5,0.3333333333333333,1.5697896234000723,11,9,99,6,0,78,4,0.35
57140052000,57218329111,1,4,0.19047619047619047,1.4753496028703028,19,6,114,10,4,223,65,0.3333333333333333
57117412100,7201455990,1,4,0.06666666666666667,1.743520826204665,33,31,1023,11,5,468,392,0.1794871794871795
23972243100,55424695500,1,4,0.08695652173913043,1.3060521574679609,21,29,609,26,6,827,181,0.48
56177119400,57196117932,1,1,0.25,0.2211514277946646,1,4,4,3,1,30,6,0.5
56537108900,57201985653,1,44,0.4230769230769231,10.365965869717437,87,61,5307,22,8,755,481,0.29411764705882354
57195232322,7004835587,1,25,0.08532423208191127,7.584243830865348,28,290,8120,38,26,3205,2957,0.12222222222222222
56450278400,56641097100,1,5,0.35714285714285715,1.793218219431821,10,9,90,6,2,53,23,0.25
13402677300,55498034900,1,3,0.06382978723404255,1.2183002223039268,46,4,184,17,11,714,568,0.40816326530612246
55620172900,57204136385,1,4,0.07692307692307693,1.064229295730382,50,6,300,18,14,747,685,0.11428571428571428
14059609600,9746797800,1,16,0.1702127659574468,5.60370609420738,19,91,1729,21,7,806,540,0.4117647058823529
14041302800,6701843536,1,2,0.041666666666666664,0.990604307628467,11,39,429,24,2,856,288,0.3218390804597701
35460884400,55587974700,1,4,0.037037037037037035,1.328012350788744,95,17,1615,38,20,2678,2172,0.24324324324324326
35481219400,57201314197,1,12,0.46153846153846156,3.2693994454161346,14,24,336,9,3,985,879,0.16129032258064516
57211350803,6507310582,1,8,0.07017543859649122,2.62968829303426,9,113,1017,18,10,709,651,0.1388888888888889
57201583936,7202140793,1,0,0.0,0.0,0,74,0,43,37,6257,6129,0.208955223880597
11041471000,24435910800,1,1,0.05263157894736842,0.3459762562611936,6,14,84,10,2,234,68,0.23529411764705882
16038750100,55070036100,1,5,0.09615384615384616,1.7053775145951546,7,50,350,12,8,378,334,0.37142857142857144
57193743014,57210960198,1,32,0.2206896551724138,7.180455062162435,42,135,5670,12,6,1454,1006,0.08571428571428572
55413884300,55878047800,1,5,0.14285714285714285,1.415039011179997,6,34,204,8,4,107,53,0.23880597014925373
35478909000,6507993283,1,7,0.026615969581749048,1.6526681667072727,231,39,9009,42,26,5039,4791,0.34782608695652173
24491486300,57211349867,1,0,0.0,0.0,50,3,150,16,12,595,515,0.13432835820895522
57215147476,57627052700,1,4,0.36363636363636365,1.4132569611090542,10,5,50,5,3,110,92,0.26666666666666666
12753224600,7006118189,1,5,0.16666666666666666,1.843445879983618,13,22,286,12,2,291,37,0.3333333333333333
54388326500,59988731200,1,4,0.2222222222222222,2.192675800975525,5,17,85,9,3,119,77,0.4838709677419355
55356969200,57216276073,1,5,0.20833333333333334,1.5471339001406483,23,6,138,8,2,107,37,0.5
57189039460,57252950100,1,7,0.6363636363636364,2.7133952600844706,8,10,80,2,0,105,55,0.5454545454545454
57208653296,6506485066,1,2,0.07142857142857142,1.1962388941295117,8,22,176,18,2,650,8,0.6428571428571429
27967551900,57196392129,1,6,0.04285714285714286,1.4825299714182747,140,6,840,22,18,1535,1503,0.0196078431372549
16301272000,57193957180,1,7,0.21875,2.8559753989106555,24,15,360,21,13,789,613,0.37142857142857144
14060455600,34867881000,1,8,0.055944055944055944,2.1104369975313415,134,17,2278,49,31,5467,4611,0.2289156626506024
57204076767,6508385053,1,3,0.125,1.144476408222232,6,21,126,16,8,510,414,0.09433962264150944
35175388700,6507638077,1,23,0.17829457364341086,5.233453838474025,63,89,5607,16,2,532,112,0.29850746268656714
55641935300,7102759919,1,6,0.2857142857142857,2.3199141718725778,11,16,176,14,6,402,218,0.35714285714285715
35419894800,54387228000,1,8,0.1702127659574468,2.2040573903949343,40,15,600,14,6,524,332,0.17647058823529413
57214866014,57217011143,1,5,0.625,1.7843747924339095,7,6,42,5,1,27,1,0.35714285714285715
55620172900,7402214018,1,5,0.05263157894736842,1.3029055988047258,50,50,2500,24,8,877,555,0.19230769230769232
16022155700,56527030000,1,3,0.1875,1.0072396732857767,16,3,48,19,13,763,707,0.3333333333333333
57213557667,57215585311,1,3,0.25,1.1917428071828855,6,9,54,6,0,117,1,0.46153846153846156
56055822100,57957696700,1,3,0.5,1.8033688011112041,6,3,18,3,3,46,46,0.1724137931034483
37261932700,57193440795,1,2,0.13333333333333333,1.000258116249563,15,2,30,11,3,342,218,0.3448275862068966
56381411700,9335511500,1,3,0.06976744186046512,1.1791971524499625,5,41,205,14,10,509,491,0.4
57204349370,57343120900,1,0,0.0,0.0,15,1,15,9,5,188,150,0.5
22834507600,8342748400,1,7,0.0958904109589041,2.3448586079753553,31,49,1519,22,0,872,44,0.5
57209713447,7102671215,1,0,0.0,0.0,1,8,8,24,18,1292,1202,0.2
56371151800,8714404600,1,2,0.05714285714285714,1.8204784532536746,13,24,312,13,3,241,117,0.32608695652173914
54787646600,57201721084,1,21,0.3333333333333333,8.31453773524653,53,31,1643,35,3,1768,572,0.41304347826086957
55597926500,57203949863,1,39,0.17972350230414746,8.8006053334752,106,150,15900,27,1,2268,490,0.11940298507462686
57195573495,58434898100,1,10,0.4,3.446807009752328,19,16,304,11,1,258,8,0.25
56151478400,7003404516,1,9,0.1323529411764706,3.333624206598303,41,36,1476,17,1,1140,432,0.4222222222222222
36868722700,7006434026,1,4,0.07272727272727272,1.2850553932254638,16,43,688,11,7,290,186,0.12195121951219512
23091409000,57208393419,1,3,0.05172413793103448,0.8515690361390539,46,15,690,28,8,1544,980,0.2222222222222222
57192963392,60100025400,1,5,0.06756756756756757,1.7176158638001855,33,46,1518,22,0,484,30,0.25
35588325000,55842599300,1,6,0.0625,1.9079198079371842,52,50,2600,51,15,3898,1774,0.6164383561643836
35734884600,54789187900,1,21,0.375,5.7470423757631055,50,27,1350,16,4,561,199,0.36585365853658536
56180502200,57190069418,1,8,0.26666666666666666,2.5904383712706758,17,21,357,20,0,577,23,0.32
57190370382,58102558100,1,3,0.5,1.2766515630260535,3,6,18,4,0,50,14,0.3125
57226449174,7202143212,1,6,0.12,1.8706619407240495,11,45,495,13,7,328,224,0.041666666666666664
55513019800,57197754933,1,9,0.21951219512195122,3.7480264014493194,41,9,369,16,6,608,434,0.16666666666666666
57191854299,57219803311,1,5,0.10638297872340426,1.2967326089341897,46,6,276,14,12,896,880,0.2857142857142857
56424971900,57837668400,1,1,0.25,0.21859304439100327,4,1,4,4,0,20,4,0.4444444444444444
16203663200,6603936681,1,6,0.17142857142857143,2.0538742589782784,13,28,364,11,3,214,102,0.16216216216216217
35460884400,57209267807,1,7,0.061946902654867256,2.1054658413122347,95,25,2375,57,1,4512,338,0.4444444444444444
22934036700,7801413705,1,8,0.12307692307692308,2.6485239817953867,59,14,826,25,11,1285,969,0.37333333333333335
35548015700,7005119089,1,15,0.09803921568627451,5.089705622175554,50,118,5900,45,9,4010,1180,0.4326241134751773
56454907300,8256031000,1,5,0.04854368932038835,1.6837210318448936,103,5,515,9,7,206,198,0.30952380952380953
55981667500,57215590312,1,3,0.08333333333333333,0.9467512933943412,31,8,248,13,9,420,372,0.25
57205608779,7003450280,1,5,0.036231884057971016,1.8547650586419917,7,136,952,16,12,610,592,0.07547169811320754
24779987100,57394792100,1,6,0.18181818181818182,2.1499679838195846,30,9,270,8,4,193,165,0.15625
55946024800,57191075957,1,4,0.13333333333333333,1.30994168220019,24,10,240,9,5,238,216,0.19047619047619047
55940439800,57190864627,1,14,0.3181818181818182,3.843402516242562,18,40,720,21,1,746,110,0.36363636363636365
26024868000,57219387197,1,16,0.3076923076923077,4.170535157185918,48,20,960,17,11,933,875,0.03225806451612903
25621529400,57218193345,1,42,0.30434782608695654,9.418533540142025,122,58,7076,24,18,2698,1266,0.0547945205479452
57214192444,57216407144,1,7,0.5,2.2784268375278534,9,12,108,7,3,193,75,0.14285714285714285
24469054700,57193447530,1,6,0.18181818181818182,1.9519205955495265,17,22,374,17,3,713,245,0.18181818181818182
57222377612,7003942962,1,7,0.04216867469879518,2.139065220541577,7,166,1162,27,23,3991,3959,0.04285714285714286
55990644200,57194431442,1,2,0.07692307692307693,0.6249311301586863,24,4,96,12,6,366,254,0.2777777777777778
57195735397,57221949854,1,8,0.06504065040650407,2.1421092807007787,9,122,1098,29,21,3155,2789,0.14035087719298245
13609877600,8972484200,1,0,0.0,0.0,12,28,336,19,11,730,554,0.09302325581395349
57221912435,6602460649,1,8,0.09411764705882353,2.63711702536383,11,82,902,27,23,2476,2456,0.009523809523809525
57201314197,7004074021,1,18,0.2,4.746223863430495,24,84,2016,15,9,387,281,0.10526315789473684
25621529400,7004835587,1,63,0.18051575931232092,14.58983749240178,122,290,35380,53,11,5063,1099,0.44545454545454544
41761023100,7004199959,1,1,0.07142857142857142,0.31465798044412485,1,14,14,13,9,432,358,0.2153846153846154
12785708100,57193241274,1,4,0.08695652173913043,1.0188560776140148,35,15,525,9,5,196,86,0.08823529411764706
56047429200,7005637352,1,7,0.11666666666666667,1.7146421255196744,17,50,850,15,7,537,407,0.22972972972972974
57221606534,57221872165,1,28,0.3076923076923077,6.197047283704328,84,35,2940,7,3,294,76,0.4166666666666667
56201455000,57225773882,1,11,0.7333333333333333,3.2442566389266183,11,15,165,6,2,68,36,0.17647058823529413
14030472900,8948536400,1,3,0.125,1.3774105096667186,14,13,182,11,3,234,44,0.3469387755102041
57222049354,57639111000,1,10,0.2857142857142857,2.3643267522242537,11,34,374,5,1,83,47,0.15384615384615385
57202750564,6506956761,1,6,0.24,4.086442335070359,6,25,150,18,6,674,432,0.39285714285714285
57202012217,6506776579,1,17,0.07112970711297072,4.376528570823698,47,209,9823,35,15,4513,3295,0.3150684931506849
35588325000,55324365600,1,5,0.09615384615384616,1.8470746302904508,52,5,260,22,14,1120,1004,0.38095238095238093
57194735363,57219826253,1,7,0.23333333333333334,2.045371606593895,14,23,322,8,2,270,164,0.4444444444444444
57851615500,7005330448,1,7,0.0875,2.45921663068044,7,80,560,26,24,2140,2134,0.06
36612500400,7202183609,1,2,0.1111111111111111,1.365358839940256,7,13,91,9,1,168,50,0.4909090909090909
15848917900,26323137300,1,3,0.125,1.1323727376729404,17,10,170,19,1,671,33,0.5
56517792700,57576395400,1,6,0.35294117647058826,2.2006148428262122,14,9,126,6,0,211,135,0.09375
54583188600,55421047900,1,6,0.5454545454545454,1.5346896556619316,8,9,72,4,0,82,64,0.4074074074074074
56768831300,7004941263,1,2,0.025974025974025976,0.5812977093513345,11,68,748,32,4,2127,151,0.26436781609195403
57192200403,60100025400,1,12,0.25,3.9295183803495366,14,46,644,14,8,313,201,0.2413793103448276
13406948400,8275704100,1,4,0.10256410256410256,1.6860403424208656,23,20,460,20,4,690,228,0.3
56768831300,57192073087,1,4,0.035398230088495575,1.0734416283051587,11,106,1166,71,43,11653,9677,0.35
15926505500,7005969319,1,7,0.06140350877192982,1.7982071359271519,22,99,2178,19,13,962,882,0.2033898305084746
57193079613,6602856381,1,8,0.24242424242424243,2.2610166370768425,23,18,414,9,1,76,28,0.3333333333333333
54890745800,57196439003,1,13,0.4482758620689655,3.8499345306044592,19,23,437,11,3,216,140,0.34285714285714286
57197773630,8616406100,1,18,0.14173228346456693,4.300831080093852,54,91,4914,20,6,1348,1012,0.21951219512195122
23091409000,55842599300,1,5,0.054945054945054944,1.7611462217168845,46,50,2300,51,15,4098,1574,0.4666666666666667
25640638600,6603214162,1,3,0.6,4.32808512266689,3,5,15,7,1,69,35,0.53125
57223902831,7103061271,1,4,0.035398230088495575,1.2181962440033103,5,112,560,21,17,1206,1196,0.045454545454545456
56041720100,57193131830,1,5,0.1724137931034483,1.7036588678468045,23,11,253,21,11,1117,891,0.27906976744186046
35460884400,6506305946,1,12,0.09448818897637795,3.7290466333706886,95,44,4180,44,14,3118,1732,0.3469387755102041
57202339270,57209314505,1,27,0.39705882352941174,8.709542370965341,45,50,2250,27,3,1187,161,0.5
57191895726,57218195032,1,35,0.42168674698795183,7.6166850333302305,58,60,3480,11,5,1729,275,0.22580645161290322
57191900480,57224576738,1,8,0.8888888888888888,2.088136964242718,9,8,72,5,1,126,34,0.2
56515498400,7006012333,1,1,0.022222222222222223,0.31465798044412485,2,44,88,31,21,2063,1875,0.4418604651162791
57195940931,6701542482,1,22,0.3728813559322034,9.395711252661075,26,55,1430,35,9,2382,1128,0.5319148936170213
56027000000,6602978778,1,7,0.07954545454545454,1.7667422435349198,14,81,1134,15,9,477,427,0.08108108108108109
57191440019,57195411285,1,4,0.11428571428571428,1.2660448257383157,31,8,248,19,13,642,594,0.4
54945032000,6602844477,1,10,0.22727272727272727,2.998281200082285,25,29,725,14,6,486,392,0.3333333333333333
57203128103,7202183609,1,1,0.07692307692307693,0.45511961331341866,1,13,13,6,4,65,53,0.125
55312463700,55918156500,1,6,0.13043478260869565,2.0949431719217206,45,7,315,15,9,330,258,0.10256410256410256
37009830200,54584841300,1,7,0.3888888888888889,2.0894934935170832,7,18,126,10,6,310,162,0.27586206896551724
16301272000,7005119089,1,7,0.05185185185185185,2.8318005272917084,24,118,2832,44,10,3296,1894,0.19852941176470587
57215281063,57215415791,1,5,0.5,2.0579788231031424,8,7,56,9,3,236,80,0.18181818181818182
57209314505,58044242000,1,5,0.09615384615384616,1.7615941451132746,50,7,350,16,8,586,440,0.38095238095238093
55172863100,57203784627,1,10,0.13333333333333333,2.803009635906609,71,14,994,25,19,1594,1400,0.3392857142857143
57195256137,57207826682,1,18,0.16666666666666666,4.965393749442223,106,20,2120,26,22,1769,1723,0.22413793103448276
57111481900,59159117500,1,1,0.07692307692307693,0.40242960438184466,10,4,40,5,3,43,39,0.46153846153846156
35101283100,7202140793,1,14,0.1728395061728395,4.030513659727427,21,74,1554,44,36,6242,6144,0.10526315789473684
57202137592,57221606534,1,19,0.20212765957446807,4.528531909946725,29,84,2436,10,0,236,134,0.18518518518518517
10142248500,55641935300,1,6,0.21428571428571427,2.286091998634267,23,11,253,18,10,552,368,0.38095238095238093
55604213100,59432039000,1,8,0.1568627450980392,2.4768929547302254,50,9,450,9,5,145,121,0.2222222222222222
57190174044,57191628734,1,5,0.38461538461538464,1.8070831391367337,8,10,80,10,8,350,326,0.1
56139889100,7801358604,1,4,0.0547945205479452,1.1510373119339652,5,72,360,21,17,1066,1022,0.18181818181818182
25032280000,55366804400,1,6,0.75,1.9818981817819448,6,8,48,4,0,84,66,0.6190476190476191
56906498500,57218210439,1,7,0.2,1.9921751826789156,29,13,377,10,6,152,120,0.1
54787646600,7202140793,1,19,0.17592592592592593,5.8071084702939295,53,74,3922,56,24,6791,5595,0.36363636363636365
37664726500,57210960198,1,57,0.3413173652694611,13.125188682248412,89,135,12015,19,1,2372,88,0.29411764705882354
24483001900,57194735868,1,14,0.5833333333333334,6.999967064386409,20,18,360,11,1,303,79,0.47619047619047616
55226552800,59571734900,1,8,0.21052631578947367,2.442397437618363,38,8,304,13,7,334,208,0.36363636363636365
57218192915,57218195565,1,48,0.5925925925925926,10.856010537215823,75,54,4050,11,3,1669,85,0.5384615384615384
37664726500,57200755425,1,63,0.5625,14.86209969473576,89,86,7654,18,2,2331,47,0.16326530612244897
57203687928,57204658698,1,46,0.2857142857142857,10.207158513381803,138,69,9522,14,4,1074,876,0.15384615384615385
14037194400,26432175700,1,3,0.05084745762711865,1.1341080756635242,50,12,600,20,14,1088,842,0.40625
56665426600,57218514682,1,2,0.4,1.00261393450721,2,5,10,5,1,52,6,0.7142857142857143
56575083300,57203687928,1,30,0.18072289156626506,6.818509830553834,58,138,8004,16,2,1156,794,0.3225806451612903
57218195652,57760698700,1,9,0.75,2.383006181669464,11,10,110,4,2,23,15,0.32
23391167300,57191961791,1,1,0.04,1.4426950408889634,1,25,25,16,8,563,501,0.2786885245901639
53878253500,55556296100,1,3,0.25,1.307244343659872,3,12,36,11,7,390,146,0.5789473684210527
57194039106,57197750458,1,3,0.14285714285714285,1.336895830525592,4,20,80,24,20,1553,1423,0.3291139240506329
56373507100,57215776173,1,7,0.5384615384615384,1.9901744275823354,8,12,96,5,1,41,17,0.3
55578236600,56046126600,1,7,0.4117647058823529,2.300515649175808,8,16,128,10,2,173,21,0.4166666666666667
35425219100,57118274600,1,4,0.06451612903225806,1.0806903713258742,48,18,864,21,9,775,597,0.20833333333333334
55323998800,57223851595,1,4,0.1111111111111111,0.9474346162647792,35,5,175,10,6,299,135,0.3157894736842105
57217336719,57221769089,1,6,0.46153846153846156,2.821969238667786,11,8,88,7,1,181,75,0.19047619047619047
55831761600,57196198415,1,9,0.75,4.249130185820315,12,9,108,20,4,739,221,0.6774193548387096
57199972142,7003450280,1,4,0.027777777777777776,1.5100099825452669,12,136,1632,17,11,682,520,0.32727272727272727
56605966900,57211209210,1,5,0.1724137931034483,1.4846158177063828,13,21,273,13,5,388,270,0.12121212121212122
23493442400,57221949854,1,15,0.11450381679389313,3.2775474797979904,24,122,2928,28,22,3413,2531,0.26666666666666666
7003921536,7005891606,1,13,0.2826086956521739,4.48319949586461,25,34,850,22,6,771,101,0.7333333333333333
57218679133,7102098015,1,8,0.34782608695652173,2.5833951706050597,14,17,238,11,5,238,164,0.08333333333333333
57223163012,6504280283,1,7,0.07291666666666667,1.740458875485732,13,90,1170,12,8,323,297,0.1276595744680851
56606290700,57190069418,1,4,0.19047619047619047,1.4841513185456896,4,21,84,12,8,325,275,0.2682926829268293
57214189215,6508254295,1,8,0.16666666666666666,2.4953577792261052,10,46,460,8,6,121,107,0.36
57217418469,7006097264,1,14,0.4666666666666667,5.626063651173139,17,27,459,14,6,370,304,0.2413793103448276
57219227832,6505881924,1,16,0.2077922077922078,4.480405114632518,25,68,1700,18,6,630,330,0.13636363636363635
16199397400,57798686400,1,9,0.21428571428571427,3.1374685788063195,36,15,540,9,1,118,6,0.21212121212121213
57207458121,57477350800,1,5,0.2777777777777778,1.834672575524579,9,14,126,10,4,367,341,0.36
57201272538,8407935900,1,5,0.1,1.9262536674582458,5,50,250,7,3,87,63,0.1
57210885575,57226337681,1,5,0.35714285714285715,1.9299535272083326,8,11,88,8,2,119,35,0.34782608695652173
14056688500,55601629800,1,2,0.018518518518518517,0.5409967162349999,104,6,624,12,6,410,272,0.16666666666666666
57205596425,57226385771,1,5,0.38461538461538464,1.6165219279180523,12,6,72,9,3,107,67,0.15384615384615385
57195309972,7402031672,1,9,0.3,2.6100363489068092,16,23,368,8,0,175,31,0.26666666666666666
12807248900,57195256137,1,33,0.12790697674418605,8.116748433051887,185,106,19610,47,1,4715,1223,0.45569620253164556
33368324200,7101835141,1,18,0.5142857142857142,5.031960525956099,33,20,660,18,2,635,5,0.2898550724637681
16416659200,57224898689,1,3,0.09090909090909091,1.294169080534196,29,7,203,38,32,4942,4900,0.13793103448275862
35475009900,53264886900,1,15,0.5769230769230769,5.693588025176397,24,17,408,22,8,1350,916,0.1774193548387097
35796101600,57192892615,1,9,0.0891089108910891,2.7955548176632696,26,84,2184,12,4,932,786,0.3111111111111111
55253743700,57189049081,1,6,0.46153846153846156,2.2191391756068546,8,11,88,11,1,230,68,0.40625
55835740200,6701691981,1,2,0.10526315789473684,1.0743036443092429,6,15,90,26,12,1552,912,0.1568627450980392
56829048900,57208598672,1,7,0.6363636363636364,2.865497335303436,11,7,77,3,1,9,3,0.5
57214940820,6506320574,1,7,0.17073170731707318,2.7919987046966157,9,39,351,15,7,766,78,0.1891891891891892
23091409000,57216457753,1,2,0.03773584905660377,0.5302605796549918,46,9,414,22,14,1521,1003,0.15789473684210525
36882558500,57218509637,1,4,0.26666666666666666,1.4208354446893168,15,4,60,7,3,198,106,0.18518518518518517
7005381764,7006196140,1,6,0.2608695652173913,1.8002411851174274,15,14,210,18,4,403,107,0.35443037974683544
57220094971,57921106200,1,4,0.3333333333333333,1.4072803154154343,10,6,60,5,1,169,85,0.09090909090909091
57210692502,7201677725,1,5,0.06578947368421052,1.5624700354895866,5,76,380,17,13,609,599,0.09523809523809523
24437971100,57322306100,1,3,0.16666666666666666,0.940907087243547,18,3,54,12,8,206,190,0.1891891891891892
6603354500,7103043561,1,5,0.1,3.4881675444451634,5,50,250,22,8,829,461,0.22580645161290322
35975558700,57201114242,1,4,0.21052631578947367,1.160525715964529,11,12,132,13,1,270,28,0.5
57219826253,7102633221,1,18,0.1,4.424722297947753,23,175,4025,18,12,1825,1719,0.058823529411764705
57194523287,57203949863,1,20,0.11299435028248588,4.720063901275406,47,150,7050,20,6,1607,1151,0.275
57215579465,57221949854,1,19,0.14393939393939395,4.396593832620013,29,122,3538,27,23,3043,2901,0.14516129032258066
57190171149,7005355323,1,4,0.16,2.869583761271264,7,22,154,12,4,371,265,0.2714285714285714
57191906531,57215683127,1,35,0.2734375,7.899803043289356,45,118,5310,14,4,1201,587,0.11428571428571428
56026669400,57205677091,1,2,0.2,0.7133866983999526,3,9,27,12,4,673,251,0.40625
16306368600,6601978164,1,12,0.14634146341463414,3.927354726021486,24,70,1680,34,22,2918,2658,0.12345679012345678
57195903324,57899998700,1,1,0.1111111111111111,0.7213475204444817,5,5,25,3,1,16,12,0.6666666666666666
13103004700,56400930500,1,2,0.6666666666666666,2.352934267515801,3,2,6,15,3,302,142,0.75
52263339900,57401816100,1,8,0.18604651162790697,2.3816899344653706,43,8,344,17,11,516,412,0.27586206896551724
56001001600,6603785139,1,14,0.358974358974359,4.363459344525293,14,39,546,14,8,437,379,0.27586206896551724
57217442328,59842697900,1,11,0.19642857142857142,3.1507954169678145,20,47,940,19,7,1269,457,0.125
57219884392,57223344567,1,9,0.5625,2.7586863335617493,12,13,156,4,0,86,32,0.3076923076923077
57214182134,6602826319,1,8,0.07766990291262135,2.1455604254505056,24,87,2088,17,9,522,434,0.1951219512195122
57209744416,57221104876,1,3,0.2,1.2914647924695255,13,5,65,15,11,577,531,0.05263157894736842
16040180600,57219993689,1,6,0.25,2.0724551795949933,21,9,189,10,4,132,78,0.12
15849625600,56430927200,1,27,0.15428571428571428,6.218434265954098,66,136,8976,23,1,2066,594,0.3877551020408163
57202255018,6603729308,1,9,0.20930232558139536,2.6131906562020677,27,25,675,24,6,967,335,0.34375
56062113100,57728837000,1,3,0.15,1.055315016279948,17,6,102,5,1,80,30,0.09090909090909091
35175388700,57218193751,1,43,0.4387755102040816,9.498238909826823,63,78,4914,13,1,1083,663,0.2127659574468085
56116011400,57191415170,1,4,0.8,2.2350749775737224,4,5,20,3,1,94,10,0.4444444444444444
55514754800,57195411285,1,7,0.14,2.3011535809748014,49,8,392,19,13,859,811,0.13636363636363635
58434898100,59289912700,1,10,0.5555555555555556,3.5308687917412436,16,12,192,8,2,230,20,0.64
57198890094,6508228018,1,7,0.109375,2.937862997586102,15,56,840,21,13,935,757,0.1111111111111111
26024868000,57202887572,1,31,0.543859649122807,8.480350817929025,48,40,1920,20,8,1048,760,0.5172413793103449
14219526400,55471004700,1,19,0.1310344827586207,4.663677165875062,83,81,6723,35,15,2310,1646,0.2222222222222222
13402677300,56440229500,1,10,0.21739130434782608,4.2818870974573855,46,10,460,20,8,726,556,0.20408163265306123
57203968179,6602633095,1,2,0.03225806451612903,0.529105096991023,5,59,295,12,8,230,186,0.1111111111111111
55355939200,57200208907,1,5,0.38461538461538464,1.6535808213861185,13,5,65,10,6,188,136,0.5333333333333333
57193163932,6602589883,1,8,0.09302325581395349,2.6601445844213805,8,86,688,21,15,1113,967,0.2028985507246377
56118064000,7004751343,1,6,0.09836065573770492,2.4539609692855833,7,60,420,39,35,3486,3446,0.1875
57221337264,59583216800,1,4,0.4444444444444444,1.3167497359144136,6,7,42,4,0,96,54,0.2
27967551900,43260935500,1,8,0.05714285714285714,2.651426435682512,140,8,1120,26,14,1616,1422,0.3269230769230769
57202939548,8534471900,1,20,0.25,6.373040524277649,24,76,1824,23,7,719,471,0.2619047619047619
54383232900,59863203900,1,12,0.0784313725490196,3.5667148333414906,150,15,2250,19,13,1176,1040,0.2535211267605634
57195671153,7102795216,1,4,0.07692307692307693,1.3323696743796374,16,40,640,16,2,575,111,0.2
17342671000,7201715448,1,6,0.09836065573770492,1.9514315932448663,42,25,1050,10,0,167,1,0.1836734693877551
57217336719,57887572500,1,8,0.6666666666666666,3.517533932808778,11,9,99,8,0,297,41,0.5263157894736842
7003949406,7004441231,1,7,0.23333333333333334,3.06849730789902,20,17,340,21,3,630,142,0.47619047619047616
22433527400,57193440795,1,2,0.11764705882352941,1.000258116249563,17,2,34,11,3,244,120,0.4
55907009500,57203557613,1,5,0.07352941176470588,2.3644204199252163,67,6,402,20,16,1442,1424,0.08955223880597014
56910252000,57202924082,1,2,0.05128205128205128,0.974291058424373,35,6,210,34,24,3430,3258,0.17073170731707318
57205594335,6505883465,1,13,0.13131313131313133,3.744724734046343,27,85,2295,32,8,1842,1014,0.25
57787059700,7102671215,1,1,0.125,0.9102392266268373,1,8,8,28,14,1491,1003,0.5172413793103449
26634884900,7801532760,1,6,0.03428571428571429,1.7565733208029077,88,93,8184,29,1,2114,714,0.42857142857142855
57194769305,6504443983,1,22,0.36666666666666664,8.037192670267295,32,50,1600,33,5,1419,469,0.45588235294117646
55358855100,6601978164,1,5,0.06944444444444445,1.4530535898957284,7,70,490,30,26,2842,2734,0.10144927536231885
57204012974,6602826319,1,6,0.06521739130434782,1.8923254668933447,11,87,957,19,7,686,270,0.3
36436712700,6507198930,1,11,0.2,3.5834921132533735,23,43,989,14,6,308,204,0.32075471698113206
23091409000,7006940836,1,3,0.039473684210526314,0.8762368359161854,46,33,1518,29,7,2078,446,0.4383561643835616
15067932200,57204534992,1,2,0.05,0.6231625183659235,30,12,360,28,2,1055,115,0.4
55614676600,7004724933,1,4,0.046511627906976744,1.2381959511650038,4,86,344,20,16,965,931,0.2
35423064700,6508037327,1,5,0.1724137931034483,1.6801357581714425,11,23,253,12,4,216,110,0.2553191489361702
57193447530,57193541117,1,5,0.21739130434782608,1.8349805796751895,22,6,132,17,3,614,344,0.21052631578947367
32668058700,56530380600,1,13,0.14942528735632185,3.4697574252805925,34,66,2244,16,2,383,57,0.3409090909090909
57220645082,57224181326,1,6,0.4,2.411688774635919,14,7,98,6,2,109,33,0.6666666666666666
35425219100,57207684461,1,7,0.1346153846153846,2.4100971495086827,48,11,528,19,11,751,621,0.2916666666666667
57211113045,6507310582,1,10,0.08196721311475409,2.7061801703437625,19,113,2147,17,11,731,629,0.14285714285714285
45161530100,55386448400,1,3,0.15789473684210525,1.2255728164189912,14,8,112,11,1,279,29,0.23076923076923078
57218861254,6506906545,1,15,0.2830188679245283,3.3856207258749427,39,29,1131,7,1,502,440,0.2
56890903400,7003572956,1,5,0.04424778761061947,1.212826835660136,11,107,1177,26,22,2456,2414,0.11940298507462686
57195504303,6603110227,1,8,0.2962962962962963,2.808720248246672,12,23,276,16,4,360,214,0.29411764705882354
57559535300,58934071000,1,4,0.4,1.5333897817404538,7,7,49,5,1,98,6,0.058823529411764705
57219012294,7404277487,1,26,0.3291139240506329,5.708876925398577,36,69,2484,8,4,508,490,0.25
22985592800,57775927400,1,1,0.14285714285714285,0.4170323914242463,5,3,15,5,3,52,38,0.15555555555555556
57212035789,57215829648,1,3,0.09090909090909091,0.9292065805507433,23,13,299,13,5,499,421,0.2777777777777778
57190126621,57412583900,1,5,0.17857142857142858,1.5158108419655423,28,5,140,15,11,607,549,0.36363636363636365
57205106648,7102795216,1,6,0.15,2.2568456963082806,6,40,240,13,5,405,281,0.05660377358490566
57218687063,57892996200,1,2,0.2222222222222222,0.7813527860717959,4,7,28,4,0,74,16,1.0
25621529400,57218192915,1,43,0.2792207792207792,9.671051192195824,122,75,9150,28,14,2859,1105,0.1388888888888889
57192686298,57192686429,1,0,0.0,0.0,2,0,0,4,0,64,4,0.46153846153846156
57192955592,57207470126,1,2,0.5,0.630829948115071,3,3,9,4,0,26,10,0.6
30567549800,55514754800,1,4,0.07407407407407407,1.2399546107371218,9,49,441,20,12,893,777,0.35294117647058826
56479115000,7103053518,1,5,0.03787878787878788,1.7086287402236444,15,122,1830,19,9,635,469,0.11627906976744186
57200552045,57221720549,1,9,0.5,2.984702650809255,13,14,182,5,1,104,32,0.25
6602460649,7005179732,1,3,0.01948051948051948,1.1310253705320692,82,75,6150,42,8,3666,1266,0.232
16554843500,59269898000,1,10,0.19607843137254902,3.416625493972114,51,10,510,11,7,283,253,0.06976744186046512
57219358729,6504443983,1,2,0.04,0.7162758025153746,2,50,100,22,16,966,922,0.06557377049180328
16243020100,26025948800,1,11,0.04119850187265917,3.0654891893127028,216,62,13392,50,0,5757,1493,0.1956521739130435
58184966900,6507713214,1,2,0.08695652173913043,0.7412221583333867,4,21,84,8,6,225,219,0.14285714285714285
57201026134,57211056598,1,72,0.44171779141104295,17.885134904438466,156,79,12324,18,4,1895,611,0.4375
36143358700,6506906545,1,16,0.16666666666666666,3.583331426736427,83,29,2407,12,6,371,309,0.11363636363636363
57202318301,57215419320,1,5,0.5,2.18770974896173,7,8,56,11,3,153,59,0.8333333333333334
57189584266,57211113045,1,5,0.16666666666666666,1.316464015068001,16,19,304,7,1,208,106,0.2
56080452600,6507310582,1,26,0.21311475409836064,6.022180177159001,35,113,3955,19,9,797,563,0.2558139534883721
13408242300,57291448600,1,4,0.14285714285714285,1.591370179048163,28,4,112,21,17,1032,806,0.2391304347826087
24176157900,54930614800,1,4,0.3076923076923077,1.4988216179971436,9,8,72,1,1,3,3,0.42857142857142855
60106470500,6508085010,1,5,0.1388888888888889,1.724582778291186,5,36,180,25,13,1357,923,0.3018867924528302
26654926000,7004767629,1,3,0.12,1.3479411373731205,7,21,147,18,8,973,761,0.625
56958400900,57202498565,1,7,0.21212121212121213,2.5834545279269596,15,25,375,16,6,509,293,0.2647058823529412
55625765400,9338311900,1,1,0.3333333333333333,0.9102392266268373,1,3,3,10,6,194,130,0.27586206896551724
57203006095,57214862204,1,2,0.2222222222222222,0.729943133291096,5,6,30,5,1,84,54,0.5333333333333333
57210691053,57214758551,1,12,0.32432432432432434,2.9685008815766043,29,20,580,7,3,187,139,0.2857142857142857
57208772594,6603284338,1,4,1.0,2.175509786277645,4,4,16,10,2,288,94,0.3333333333333333
57209721892,57351933900,1,51,0.53125,11.678696520616484,80,67,5360,14,2,722,14,0.23529411764705882
57215213867,57223906737,1,3,0.75,1.4418565534177081,3,4,12,1,1,3,3,0.375
6602730645,7102879500,1,3,0.025210084033613446,1.3891796735118918,29,93,2697,59,31,6391,4587,0.3283582089552239
37102119100,7102602128,1,7,0.1590909090909091,2.459775728568035,34,17,578,10,4,156,86,0.22413793103448276
57201719319,57214827923,1,8,0.32,2.4459294064402632,24,9,216,10,6,224,178,0.09523809523809523
56026669400,6603865548,1,3,0.15,1.2714973249511998,3,20,60,14,6,779,357,0.30357142857142855
16067739500,7801408313,1,5,0.10638297872340426,2.257102215332127,39,13,507,19,9,1211,1075,0.1896551724137931
57203789639,57221606534,1,17,0.1619047619047619,4.1857133192413025,38,84,3192,12,2,395,25,0.11538461538461539
57212884979,57220039211,1,2,0.4,0.4923266267372622,2,5,10,4,0,112,2,0.29411764705882354
59158249000,7101835153,1,8,0.19047619047619047,2.1351579437808037,13,37,481,10,4,229,115,0.11538461538461539
56414241800,7401770179,1,10,0.37037037037037035,3.488567083822014,17,20,340,13,1,226,14,0.35714285714285715
36810373800,57221417783,1,4,0.5714285714285714,1.690388647305542,6,5,30,4,0,25,1,0.3181818181818182
8342748400,9743411300,1,4,0.07547169811320754,1.2460947177601114,49,8,392,13,9,491,425,0.075
55604213100,57214189215,1,9,0.17647058823529413,2.8196454624144645,50,10,500,8,6,140,126,0.5
6601969069,7003732915,1,18,0.12080536912751678,5.217835982259051,48,119,5712,51,17,5722,3696,0.5508474576271186
54950226200,57210707090,1,5,0.20833333333333334,2.3761982530129617,19,10,190,21,9,705,343,0.2653061224489796
24073240300,37102119100,1,7,0.08333333333333333,1.8432876168796426,57,34,1938,24,10,878,636,0.27586206896551724
57210805871,7003404516,1,6,0.16216216216216217,2.301393251995256,7,36,252,10,6,828,744,0.07692307692307693
6504786804,6506541996,1,33,0.32673267326732675,7.626930638635619,42,92,3864,13,5,923,561,0.3076923076923077
6602826319,7006412165,1,20,0.1941747572815534,6.518839452855997,87,36,3132,22,4,691,265,0.375
14007750600,57190068681,1,5,0.1,1.6183341547916403,26,29,754,14,0,301,17,0.2708333333333333
57190193610,6508101025,1,2,0.1,0.9183091389329819,6,16,96,7,3,92,30,0.23809523809523808
57210960198,7003942962,1,45,0.17578125,10.12306787696391,135,166,22410,34,16,5205,2745,0.18421052631578946
56819117900,57193556294,1,0,0.0,0.0,3,1,3,5,3,55,37,0.5
57217442328,7801650202,1,7,0.11290322580645161,2.0979400013044303,20,49,980,39,27,4332,2606,0.171875
57202514592,57210344965,1,1,0.3333333333333333,0.9102392266268373,2,2,4,5,1,234,26,0.5714285714285714
56454907300,7102535804,1,6,0.05504587155963303,1.9112703220153517,103,12,1236,10,6,216,188,0.20454545454545456
57207815145,57207826682,1,18,0.6666666666666666,4.9257680295001105,25,20,500,7,3,109,63,0.3
57204099075,57220047088,1,6,0.8571428571428571,2.1617582478691455,6,7,42,6,0,79,5,0.5789473684210527
14831722300,57192697218,1,7,0.11864406779661017,2.3722929838520184,42,24,1008,21,5,718,386,0.3
55914857200,7004521489,1,13,0.2765957446808511,4.034604371388641,25,35,875,15,3,371,171,0.38235294117647056
16068156800,57197773630,1,6,0.10344827586206896,1.8603306409600595,10,54,540,11,3,328,8,0.19444444444444445
16243020100,57218195565,1,42,0.18421052631578946,9.46508938253006,216,54,11664,29,21,4417,2833,0.08955223880597014
57202318301,6506736837,1,7,0.12280701754385964,3.4671678959574592,7,57,399,28,14,1500,1288,0.17307692307692307
56437217100,57643482500,1,7,0.5833333333333334,3.147073896023803,11,8,88,6,2,104,26,0.34782608695652173
57191854299,57203949863,1,13,0.07103825136612021,3.0246034852993122,46,150,6900,26,0,2267,491,0.27450980392156865
56430927200,6506002895,1,38,0.24203821656050956,8.81616877286149,136,59,8024,16,8,1395,1265,0.34146341463414637
56732974800,57215383762,1,9,0.36,2.642698600452028,22,12,264,10,0,168,16,0.26666666666666666
14323836500,57194868042,1,9,0.11392405063291139,2.4979856560459046,10,78,780,17,13,585,541,0.15151515151515152
57198357708,7102879500,1,1,0.009900990099009901,0.4170323914242463,9,93,837,55,35,5733,5245,0.2916666666666667
16203663200,57195065451,1,7,0.0958904109589041,2.4881687408815303,13,67,871,21,13,933,821,0.03076923076923077
57193743014,57203970401,1,33,0.2773109243697479,7.414191811255933,42,110,4620,11,5,877,429,0.1
35476648500,56017979500,1,11,0.1506849315068493,3.4420270395768413,70,14,980,10,2,156,42,0.1724137931034483
33667611100,56073934300,1,6,0.1875,2.2596970430610646,20,18,360,16,2,555,167,0.23809523809523808
14060455600,57203816121,1,7,0.05185185185185185,1.9686127075886026,134,8,1072,42,38,5311,4767,0.08571428571428572
57214188515,57214735717,1,6,0.4,2.8654036042291744,6,15,90,8,2,90,58,0.391304347826087
55968603400,7006035721,1,20,0.46511627906976744,5.6014791555302805,36,27,972,31,11,1602,1120,0.24615384615384617
57218376468,7402631347,1,3,0.046875,0.9963542335979405,26,41,1066,23,1,933,69,0.16981132075471697
57197499872,6701768461,1,3,0.15789473684210525,1.1718768373353257,17,5,85,18,10,604,518,0.3157894736842105
10143354000,7404277487,1,52,0.32298136645962733,12.061106249432958,144,69,9936,29,17,1650,652,0.18627450980392157
35552663800,57209659745,1,5,0.2631578947368421,2.158890088324168,18,6,108,8,6,163,89,0.04054054054054054
25959640900,6603449202,1,3,0.3333333333333333,1.1603679104787559,6,6,36,10,0,448,106,0.2222222222222222
57208653296,57221759064,1,4,0.3333333333333333,1.475666708780357,8,8,64,12,4,414,244,0.36363636363636365
35615066800,57224183328,1,7,0.125,2.410782524681623,52,11,572,30,18,1878,1522,0.2542372881355932
6602680085,7003479249,1,11,0.1111111111111111,3.095235455715666,86,24,2064,30,16,2300,2046,0.3372093023255814
25947321200,59871724900,1,4,0.16,1.2530510656384513,23,6,138,14,6,284,158,0.3333333333333333
50262384000,6507198930,1,5,0.09803921568627451,1.704052363897921,13,43,559,14,6,326,186,0.15517241379310345
27867659700,57204598234,1,2,0.07142857142857142,1.2795085996956923,28,2,56,12,10,378,374,0.3
57194323286,57195442657,1,4,0.023121387283236993,1.5663671571964795,7,170,1190,19,11,651,537,0.11475409836065574
15754481800,57211024981,1,1,0.017857142857142856,0.36067376022224085,54,3,162,20,10,669,485,0.25
23392652800,58586227900,1,5,0.25,1.4572787879895772,15,10,150,5,1,48,30,0.5555555555555556
6602138253,7004401732,1,4,0.13793103448275862,2.5210008422879895,7,26,182,21,7,804,556,0.4782608695652174
14037194400,57211759862,1,4,0.07692307692307693,1.2040601522480996,50,6,300,19,15,973,957,0.012195121951219513
25031122000,55919995400,1,5,0.06756756756756757,1.4909504358061647,59,20,1180,16,2,430,94,0.4166666666666667
15826940200,7005141725,1,9,0.3333333333333333,3.431227280863286,9,27,243,7,3,92,68,0.38461538461538464
57192963392,7005645193,1,10,0.18181818181818182,3.0353941335912653,33,32,1056,16,6,332,122,0.1794871794871795
56276475800,6504067845,1,2,0.2,1.256215482888031,10,2,20,7,1,153,91,0.16666666666666666
42261069700,54791045400,1,2,0.15384615384615385,1.279458146995729,2,13,26,23,19,1461,1289,0.4583333333333333
54413111200,55638899000,1,8,0.125,2.377209141758884,51,21,1071,30,14,1402,796,0.40384615384615385
57038894000,57192811895,1,2,0.07692307692307693,0.7481925547588062,23,5,115,14,8,352,292,0.23333333333333334
57193382012,57199839295,1,8,0.4,2.4743306278602426,11,17,187,7,3,74,60,0.4
55070746900,56668772700,1,6,0.35294117647058826,2.617824587676113,6,17,102,13,7,308,256,0.2916666666666667
56399244800,6701631287,1,8,0.4,2.86882650560322,17,11,187,16,2,298,8,0.3103448275862069
56433597800,57188482200,1,7,0.5384615384615384,2.2404099876253434,13,7,91,6,2,201,39,0.48
6504311468,7102231043,1,46,0.2541436464088398,10.753729543210083,62,165,10230,50,38,6099,5867,0.16842105263157894
57211349161,6507310582,1,5,0.043859649122807015,1.3783945520151166,6,113,678,16,12,688,672,0.05555555555555555
57208819121,7007180997,1,7,0.22580645161290322,2.8395363423079054,17,21,357,22,8,962,272,0.2916666666666667
57117412100,57188714069,1,10,0.2222222222222222,3.3530192564720576,33,22,726,9,3,152,76,0.12903225806451613
14021049800,6506776579,1,7,0.03153153153153153,2.352510083632695,20,209,4180,31,19,3979,3829,0.15151515151515152
57199676160,57215104982,1,11,0.2894736842105263,2.693090157325353,37,12,444,7,5,253,233,0.125
57202612972,7103153424,1,2,0.05405405405405406,0.6336373756903146,6,33,198,16,14,705,699,0.06097560975609756
57191854299,6602808786,1,20,0.23529411764705882,5.361103542166568,46,59,2714,23,3,1201,575,0.32432432432432434
56017979500,57204658698,1,8,0.10666666666666667,2.3810157817939124,14,69,966,9,1,156,42,0.3333333333333333
14029585100,14030472900,1,5,0.08771929824561403,1.6433734110976848,48,14,672,22,14,1168,978,0.18181818181818182
57204150218,7006331382,1,0,0.0,0.0,1,45,45,12,8,408,336,0.046511627906976744
57211523239,6603128830,1,10,0.23809523809523808,2.4745515849703015,15,37,555,10,6,215,109,0.2
57209578821,7003959774,1,3,0.02142857142857143,1.4033124375864212,5,138,690,27,23,2423,2331,0.07142857142857142
55940858000,6603772028,1,7,0.1794871794871795,3.411591974106919,8,38,304,7,3,109,95,0.14285714285714285
36522431400,54945032000,1,12,0.46153846153846156,3.7812017835830973,13,25,325,7,1,110,16,0.25
33667994000,57188575644,1,1,0.1,0.36067376022224085,9,2,18,6,2,154,34,0.3548387096774194
57216404368,7202143407,1,1,0.25,1.4426950408889634,2,3,6,9,3,152,60,0.1111111111111111
56850461100,7004835587,1,37,0.12171052631578948,9.573421410707166,51,290,14790,39,25,3295,2867,0.2391304347826087
57211427319,6603717726,1,14,0.45161290322580644,3.7821293735163177,25,20,500,10,4,218,34,0.16666666666666666
55110225800,57197711987,1,4,0.05063291139240506,1.6020683931080055,79,4,316,16,10,623,445,0.07692307692307693
44761100500,7004315011,1,8,0.13333333333333333,2.596644758204444,57,11,627,10,4,280,88,0.23880597014925373
57190864627,57218516928,1,9,0.20454545454545456,2.4254378963609797,40,13,520,14,8,453,403,0.3333333333333333
53063493500,7801498529,1,45,0.5421686746987951,10.502387982927463,67,61,4087,18,0,386,20,0.171875
57211601878,7003435386,1,1,0.0196078431372549,0.5581106265512472,1,51,51,14,10,541,527,0.19148936170212766
21934592300,56333325300,1,11,0.1774193548387097,2.8460937125658052,22,51,1122,24,4,839,133,0.5151515151515151
35145814800,7406100777,1,3,0.16666666666666666,1.6251171080655125,16,5,80,19,9,844,616,0.3541666666666667
15849625600,7005592130,1,6,0.0625,1.9309438160521717,66,36,2376,18,4,841,631,0.2926829268292683
57673340300,57673883400,1,13,1.0,4.0989831900311415,13,13,169,2,0,6,0,1.0
55861003600,57207684461,1,3,0.23076923076923078,1.113171436330595,5,11,55,7,1,87,43,0.56
57191362485,6701623022,1,10,0.14492753623188406,2.871107214315049,12,67,804,13,9,431,417,0.10810810810810811
55810100600,8871368500,1,6,0.46153846153846156,2.135840452178731,9,10,90,7,1,79,41,0.375
57220207200,57226803668,1,2,0.6666666666666666,0.859821528652939,3,2,6,4,0,41,5,0.5
57192690714,57204241954,1,6,0.2,2.0989017200061877,24,12,288,7,3,76,22,0.3333333333333333
57200913729,7102475868,1,2,0.5,1.2352458628142324,2,4,8,4,2,54,44,0.0625
57204308519,57209542137,1,1,0.1111111111111111,0.5581106265512472,8,2,16,6,4,90,76,0.21428571428571427
57226350513,7101973932,1,0,0.0,0.0,0,3,0,8,4,94,74,0.23529411764705882
56638221300,57191440019,1,12,0.32432432432432434,4.031320246610791,18,31,558,26,6,917,319,0.6842105263157895
57188965609,57202689961,1,2,0.09523809523809523,0.609718546550349,20,3,60,12,8,314,266,0.2727272727272727
16243020100,25621529400,1,74,0.2803030303030303,17.31220473570491,216,122,26352,46,4,5607,1643,0.45161290322580644
57207615640,7102354941,1,4,0.06557377049180328,1.3999907672641951,4,61,244,11,7,334,188,0.24390243902439024
6603271904,6603713879,1,3,0.06,1.2083430841204714,47,6,282,20,6,791,583,0.4861111111111111
57205313315,57205313842,1,6,0.6,2.183515123354073,8,8,64,5,1,85,53,0.6666666666666666
57202203734,6507713753,1,1,0.09090909090909091,0.3396232718951086,5,7,35,5,1,47,19,0.24242424242424243
55110225800,6508202257,1,8,0.09523809523809523,2.470974294892392,79,13,1027,16,10,601,467,0.14
57194288925,7006241835,1,6,0.05504587155963303,1.702876742199435,93,22,2046,21,9,1570,1286,0.37894736842105264
10539970600,35510387000,1,5,0.09259259259259259,1.641388099452683,13,46,598,15,1,438,22,0.32608695652173914
55865568271,6506171002,1,3,0.16666666666666666,1.0794618942210372,6,15,90,10,4,169,117,0.391304347826087
57189253029,57189254214,1,0,0.0,0.0,5,2,10,6,2,143,69,0.4782608695652174
55523859600,7006434026,1,4,0.0851063829787234,1.0335521236336773,8,43,344,11,7,277,199,0.21951219512195122
57214316831,6602589883,1,3,0.034482758620689655,1.0490128489837791,4,86,344,21,15,1081,999,0.045454545454545456
37081771200,57817037700,1,0,0.0,0.0,8,1,8,9,7,217,207,0.13333333333333333
23486135800,7003478797,1,6,0.075,2.2021050326846496,14,72,1008,32,2,1783,571,0.4230769230769231
57226732619,57296220700,1,5,0.3333333333333333,1.8504963982733331,14,6,84,2,0,5,3,0.5
53463361500,57204938120,1,14,0.2153846153846154,5.318842962937633,64,15,960,30,20,2011,1911,0.34782608695652173
56579953700,57196021981,1,39,0.3979591836734694,9.05403676738265,49,88,4312,14,10,373,291,0.3448275862068966
14010734200,50462510200,1,2,0.5,0.8309484552001644,4,2,8,9,1,188,12,0.3559322033898305
57110082200,6603640296,1,2,0.25,1.1489223787178677,2,8,16,6,0,344,236,0.23809523809523808
57201480507,57212554434,1,6,0.2,2.446872927483298,21,15,315,12,0,221,39,0.32608695652173914
54998020900,54998634900,1,6,0.3157894736842105,2.088688155934002,18,7,126,8,4,161,65,0.4666666666666667
13609877600,58201811600,1,4,0.3333333333333333,1.9429895136057411,12,4,48,5,3,93,83,0.13333333333333333
57197190962,57217138390,1,1,0.043478260869565216,0.5138983423697507,22,2,44,8,2,90,24,0.22727272727272727
57210285712,57896963200,1,3,0.3,1.047535995516207,6,7,42,4,0,22,10,0.42857142857142855
57218195605,57218195652,1,10,0.09803921568627451,2.582581672860819,101,11,1111,12,6,950,912,0.37209302325581395
57142546700,57196460207,1,1,0.06666666666666667,0.19155782354835868,1,15,15,7,1,275,95,0.3448275862068966
57226739497,7003376733,1,2,0.3333333333333333,1.3426824550040934,2,6,12,11,7,395,371,0.20689655172413793
57191866398,7003544066,1,16,0.41025641025641024,4.900843465473965,19,36,684,14,4,257,121,0.140625
55618665400,7005936077,1,38,0.24050632911392406,8.761443833841179,112,84,9408,16,2,1222,988,0.3389830508474576
15741157800,55355286600,1,1,0.3333333333333333,0.3459762562611936,3,1,3,7,3,99,67,0.5517241379310345
57201183664,6507796594,1,4,0.08888888888888889,1.8108506582766954,8,41,328,18,16,2331,2317,0.265625
56041720100,57191708331,1,6,0.13333333333333333,2.0729282409156595,23,28,644,28,4,1687,321,0.2571428571428571
57214849856,7006012333,1,5,0.1111111111111111,2.006614042522154,6,44,264,28,24,2054,1884,0.023809523809523808
26634884900,35478909000,1,37,0.13120567375886524,8.311426869659224,88,231,20328,48,20,6329,3501,0.13953488372093023
24166599500,6602404361,1,12,0.12371134020618557,3.30382447253141,14,95,1330,16,8,641,469,0.21739130434782608
57015234300,57214180726,1,2,0.15384615384615385,1.100270702134433,12,3,36,11,7,248,220,0.2682926829268293
56440229500,57203226594,1,5,0.29411764705882354,1.8030692922277347,10,12,120,11,1,164,6,0.23076923076923078
15073894300,57202339270,1,20,0.3225806451612903,5.934206953762498,37,45,1665,31,1,1365,17,0.27956989247311825
57203687928,7102633221,1,92,0.416289592760181,21.64009409706946,138,175,24150,24,6,2747,797,0.36538461538461536
57190161603,57211167870,1,8,0.42105263157894735,2.793933183993162,11,16,176,8,0,199,7,0.631578947368421
14056688500,57218192915,1,48,0.366412213740458,10.829665019245255,104,75,7800,16,2,1218,536,0.14285714285714285
57366114000,57366260200,1,2,0.4,0.8833279513448324,2,5,10,4,0,35,1,0.3333333333333333
6508037327,9273383800,1,4,0.05714285714285714,1.5427253789884663,23,51,1173,18,2,447,121,0.265625
56349737900,6701848441,1,6,0.06976744186046512,2.459336513714547,6,86,516,22,18,1204,1194,0.06896551724137931
56151869200,6505883465,1,8,0.08080808080808081,1.9524760058991353,22,85,1870,20,4,599,229,0.24528301886792453
55665456000,6602826319,1,18,0.12,5.222566855893358,81,87,7047,27,1,1007,51,0.2608695652173913
26024868000,55963020700,1,5,0.08928571428571429,1.8021508786612144,48,13,624,17,11,935,873,0.058823529411764705
50162860100,6602277744,1,9,0.06666666666666667,3.025871215621439,11,133,1463,26,18,1995,1935,0.078125
56046985600,57200377026,1,0,0.0,0.0,8,17,136,26,10,2750,1342,0.37777777777777777
57203746746,57208356523,1,3,0.75,1.461880214172278,3,4,12,7,3,65,37,0.7272727272727273
57191866398,7004835587,1,8,0.026578073089700997,2.26997338756509,19,290,5510,37,27,3149,3013,0.12222222222222222
57219616202,57219618009,1,9,1.0,3.4153932182555184,9,9,81,4,0,100,0,1.0
23568485900,57190844317,1,3,0.08333333333333333,1.4571950219569554,35,4,140,10,6,211,143,0.16279069767441862
57194547700,57201153334,1,4,0.3076923076923077,1.571700987121327,10,7,70,17,5,764,490,0.4067796610169492
35880914800,57203678896,1,9,0.45,2.6663929709326575,18,11,198,14,4,313,27,0.45454545454545453
57219108089,7005179732,1,4,0.05,1.4462821454765244,9,75,675,21,13,1455,945,0.12244897959183673
57216430944,57222369971,1,6,0.3157894736842105,2.294107434613818,10,15,150,6,2,56,24,0.5
57211426674,7003942962,1,21,0.125,5.620046137608927,23,166,3818,27,23,4054,3896,0.05714285714285714
24777877600,7103053518,1,5,0.04,1.4391080724956509,8,122,976,16,12,559,545,0.10465116279069768
35378828900,56938103700,1,3,0.039473684210526314,0.9764348858942729,74,5,370,17,13,874,822,0.11904761904761904
38660925700,56543587500,1,4,0.13333333333333333,1.686316462040603,30,4,120,12,8,305,285,0.1
55193515100,9744469200,1,9,0.6923076923076923,2.606321334470423,12,10,120,4,0,62,2,0.2857142857142857
57201587854,6602227729,1,6,0.4,2.189591917714286,11,10,110,4,0,34,12,0.1
57190441690,57211057969,1,10,0.14705882352941177,2.351396797065478,19,59,1121,10,0,138,20,0.10526315789473684
7003404516,7203013613,1,8,0.1702127659574468,2.207355980651417,36,19,684,11,5,822,750,0.20833333333333334
57223848036,57642875700,1,5,0.7142857142857143,2.2037106792610928,6,6,36,2,0,14,0,1.0
24381811800,57220737705,1,7,0.2,2.241586457533453,35,7,245,14,12,404,392,0.043478260869565216
52663129000,57221369272,1,35,0.3977272727272727,7.957412831446734,77,46,3542,11,3,1268,790,0.25
15136671100,57211010956,1,3,0.11538461538461539,0.9611275485531301,24,5,120,14,10,591,479,0.1590909090909091
56537108900,57196022709,1,36,0.3829787234042553,8.365500833238988,87,43,3741,17,13,664,572,0.14285714285714285
56241060700,56672404300,1,8,0.24242424242424243,2.3448037325987325,28,13,364,17,9,632,330,0.35
57201026134,57217121483,1,27,0.14516129032258066,6.12022717428349,156,57,8892,21,1,1449,1057,0.32142857142857145
56610376800,57193929028,1,5,0.35714285714285715,1.6672760295762947,14,5,70,7,3,180,26,0.15789473684210525
57209929651,6507716063,1,11,0.10091743119266056,2.893681477778842,15,105,1575,15,9,429,297,0.16666666666666666
36056049400,57202887572,1,33,0.66,9.119287249219234,43,40,1720,15,3,352,64,0.5555555555555556
57215148037,6603188445,1,3,0.09090909090909091,0.8941513872100639,3,33,99,7,5,139,131,0.1111111111111111
24801934800,6507353478,1,2,0.5,0.8979307383872341,2,4,8,8,4,120,78,0.25925925925925924
57197754933,57205760368,1,3,0.04838709677419355,1.3258892055276865,9,56,504,16,6,591,417,0.1111111111111111
57208645087,57208653296,1,0,0.0,0.0,8,8,64,11,5,410,248,0.4444444444444444
16203663200,55361319500,1,7,0.5384615384615384,2.5739159592389673,13,7,91,6,2,74,38,0.375
24167716600,55936832400,1,16,0.3902439024390244,6.448184095833427,35,22,770,19,1,417,131,0.3235294117647059
57188685395,57191675846,1,10,0.4166666666666667,3.699093679930782,11,23,253,19,7,790,424,0.5454545454545454
16315359100,57201668565,1,5,0.09433962264150944,1.8718043381753966,49,9,441,17,9,507,405,0.10204081632653061
6603311220,7801407600,1,4,0.09523809523809523,1.8909945554637022,42,4,168,23,13,1182,1034,0.45901639344262296
55581041300,57315582700,1,3,0.034482758620689655,0.8772636873813799,83,7,581,31,23,2495,2233,0.08695652173913043
6506171002,7006097264,1,10,0.3125,4.832708888851063,15,27,405,17,3,480,194,0.5806451612903226
54880573100,57221531300,1,5,0.16666666666666666,1.731605155196781,27,8,216,14,10,343,275,0.09523809523809523
57214112643,6504284862,1,11,0.20754716981132076,3.063081963510216,12,52,624,14,8,423,319,0.32432432432432434
57217618521,6602680085,1,19,0.20430107526881722,5.262776810763955,26,86,2236,27,19,2228,2118,0.12727272727272726
6506776579,7003305314,1,110,0.40293040293040294,26.879914593524724,209,174,36366,40,10,5629,2179,0.45348837209302323
39961645000,57195735368,1,8,0.27586206896551724,2.65876170980948,21,16,336,14,4,378,188,0.2413793103448276
55413466200,55413884300,1,5,0.4166666666666667,1.423904768581808,11,6,66,5,1,65,11,0.14705882352941177
35605694300,58117054000,1,6,0.3,2.243932825258605,20,6,120,7,3,93,77,0.15151515151515152
57214182134,57223808599,1,5,0.17857142857142858,1.4335065415728114,24,9,216,6,2,65,23,0.25
24330030100,7005758098,1,7,0.06422018348623854,1.6367780521590614,73,43,3139,17,1,554,96,0.32
25636359300,57210281711,1,2,0.08695652173913043,0.67619704949899,23,2,46,7,5,140,136,0.05263157894736842
37666056000,57217661773,1,14,0.208955223880597,3.7258162964382953,26,55,1430,15,1,1101,653,0.24390243902439024
55939105000,57204020633,1,0,0.0,0.0,1,3,3,7,3,168,106,0.18181818181818182
36624165900,37013762500,1,5,0.23809523809523808,2.7089944903429077,6,20,120,10,2,158,48,0.375
56303931700,7003305314,1,10,0.056179775280898875,3.0693620947517455,14,174,2436,19,11,1776,1674,0.1746031746031746
57207688686,57211450084,1,2,0.2222222222222222,1.2891624083167885,9,2,18,9,7,246,242,0.35294117647058826
28567789500,7005001396,1,4,0.06060606060606061,1.0648452275045663,29,41,1189,16,2,428,124,0.2558139534883721
56594276600,57222193631,1,0,0.0,0.0,1,43,43,13,11,395,389,0.14285714285714285
57221683008,6504395175,1,5,0.45454545454545453,1.903987666437455,8,8,64,8,2,116,94,0.64
57205123119,8146513400,1,1,0.023809523809523808,0.36926937306885504,4,39,156,11,9,489,477,0.1111111111111111
24176529600,57221477530,1,0,0.0,0.0,1,2,2,4,0,37,7,0.16666666666666666
57949458500,6505927440,1,0,0.0,0.0,2,4,8,5,5,54,54,0.15789473684210525
57217054548,59662811800,1,8,0.18604651162790697,2.6375440628472466,10,41,410,10,8,252,248,0.024390243902439025
57219012294,7102633221,1,24,0.12834224598930483,5.318057479861578,36,175,6300,17,13,1781,1763,0.1
55618665400,6603790113,1,44,0.2894736842105263,9.70123432952948,112,84,9408,26,8,2794,584,0.15294117647058825
57200188106,7203007412,1,5,0.04424778761061947,1.6937690534809078,6,112,672,23,19,1593,1503,0.043478260869565216
14037194400,57212200598,1,3,0.058823529411764705,0.7536877181910089,50,4,200,19,15,976,954,0.12941176470588237
55907009500,57197512902,1,9,0.12857142857142856,3.2622358326663985,67,12,804,20,16,1521,1345,0.029850746268656716
38660925700,55225014800,1,6,0.09836065573770492,2.33185286388169,30,37,1110,18,2,540,50,0.36363636363636365
57200400301,57203945030,1,2,0.07142857142857142,0.8273931346156382,27,3,81,12,8,428,364,0.10256410256410256
57195442657,57225804358,1,8,0.043243243243243246,2.4197407973264493,170,23,3910,21,9,739,449,0.140625
55252499600,8223664400,1,10,0.2631578947368421,4.072822253418773,13,35,455,14,8,419,313,0.4523809523809524
54896027900,8840081100,1,4,0.21052631578947367,1.2819921388048232,6,17,102,18,12,1159,1107,0.45652173913043476
54411902000,7801532760,1,7,0.07526881720430108,3.0364687827823698,7,93,651,19,11,749,651,0.16470588235294117
35585451000,57208036984,1,12,0.12244897959183673,3.810469873985164,97,13,1261,19,15,823,785,0.08823529411764706
24167716600,7103056112,1,2,0.03508771929824561,0.6899728737516932,35,24,840,20,0,531,17,0.2926829268292683
57204513287,57204515495,1,3,0.375,1.3191871051533641,8,3,24,5,3,43,25,0.6363636363636364
57204802242,57205121004,1,9,0.42857142857142855,2.884171094848327,18,12,216,11,5,275,87,0.08
55173582700,56605888200,1,13,0.2549019607843137,3.282064149955557,37,27,999,9,3,198,86,0.35
56018147400,57195504303,1,10,0.35714285714285715,3.6857598637017204,26,12,312,14,2,215,69,0.6666666666666666
35095506200,57215149048,1,11,0.1375,3.2100217452925373,74,17,1258,20,16,985,915,0.11538461538461539
57203863712,57217116183,1,21,0.4375,5.703067953237277,34,35,1190,16,0,318,6,0.3
57212200598,7005468526,1,3,0.1111111111111111,0.8634866371759126,4,26,104,20,16,1102,1080,0.16901408450704225
57038894000,7003723827,1,1,0.030303030303030304,0.3284587387530511,23,11,253,20,2,477,167,0.3137254901960784
35238394900,57223927741,1,1,0.021739130434782608,0.5138983423697507,41,6,246,15,7,426,324,0.3076923076923077
58826703900,7801624906,1,16,0.1509433962264151,3.930183620841689,27,95,2565,13,5,409,131,0.07142857142857142
56053264100,6602387255,1,2,0.25,1.2440474273221713,3,7,21,11,7,329,265,0.37209302325581395
15926246800,55986627700,1,8,0.05714285714285714,3.061648888700529,128,20,2560,26,16,1539,1287,0.203125
35175388700,36143358700,1,25,0.2066115702479339,5.645096196513602,63,83,5229,16,2,550,130,0.2878787878787879
57201389246,57207766930,1,5,0.15151515151515152,1.762351231403732,13,25,325,7,1,143,31,0.14285714285714285
51665647500,57192073087,1,12,0.11320754716981132,4.43061215762754,12,106,1272,60,54,10723,10607,0.22784810126582278
57217100420,8617799200,1,3,0.08333333333333333,1.3347243611696364,7,32,224,12,8,327,307,0.17142857142857143
54383232900,57210960198,1,50,0.2127659574468085,12.504876310702414,150,135,20250,25,7,2338,122,0.20270270270270271
54881321300,57194647407,1,4,0.11764705882352941,1.1900513794349776,9,29,261,23,11,1263,541,0.5
55312463700,6701726222,1,4,0.06896551724137931,2.021802642233661,45,17,765,21,3,547,41,0.20408163265306123
56587445700,6507638077,1,43,0.39814814814814814,9.938828625770526,62,89,5518,18,0,546,98,0.3492063492063492
57211861736,6602672295,1,4,0.14285714285714285,1.652826672514706,6,26,156,13,7,354,318,0.18518518518518517
56380525500,57033911800,1,1,0.047619047619047616,0.6213349345596119,21,1,21,15,11,447,433,0.21052631578947367
6506420388,7202085730,1,4,0.05970149253731343,1.224641515482158,66,5,330,12,10,489,379,0.2222222222222222
35367031900,57214849928,1,11,0.6111111111111112,3.5655518742498664,12,17,204,11,1,215,89,0.2564102564102564
35568595300,57188861877,1,3,0.029411764705882353,1.1617571488550054,83,22,1826,24,10,876,596,0.23684210526315788
12804338800,56236071200,1,5,0.23809523809523808,2.176475649323193,14,12,168,11,3,207,47,0.28
57217216201,6602844477,1,6,0.14285714285714285,1.8675242076785623,19,29,551,13,7,458,420,0.3870967741935484
57103819300,7101835153,1,4,0.09523809523809523,1.1496642869588953,9,37,333,9,5,223,121,0.09090909090909091
57211695211,7003959774,1,10,0.06622516556291391,2.7333494095413076,23,138,3174,32,18,2484,2270,0.1388888888888889
57211520883,7004357973,1,1,0.01818181818181818,0.9102392266268373,2,54,108,18,14,738,698,0.06097560975609756
11041471000,55761353700,1,0,0.0,0.0,6,0,0,5,3,130,36,0.22857142857142856
57211462657,57220077698,1,2,0.2,0.9125416107795743,7,5,35,6,0,167,97,0.5454545454545454
25621529400,57218195605,1,39,0.21195652173913043,8.736466730063949,122,101,12322,30,12,2913,1051,0.25609756097560976
56684707300,57205564497,1,4,0.13793103448275862,1.338704813980374,19,14,266,9,5,189,91,0.2
56116011400,7403252543,1,3,0.2727272727272727,1.6137400430141107,4,10,40,9,5,269,165,0.21568627450980393
6603835270,7003942962,1,7,0.03888888888888889,1.7663958953652763,21,166,3486,30,20,4073,3877,0.43023255813953487
15057670200,59596801200,1,4,0.14814814814814814,1.9326606809528677,27,4,108,10,4,188,26,0.09090909090909091
55966916000,57195769948,1,10,0.25,3.1798098927498755,34,16,544,13,1,289,65,0.16981132075471697
57209661857,6603785139,1,8,0.16666666666666666,2.3830170708699323,17,39,663,13,9,429,387,0.08196721311475409
35556063400,57225422813,1,2,0.1111111111111111,1.391137573589825,18,2,36,12,8,804,778,0.07462686567164178
55915590900,56638311500,1,6,0.3157894736842105,2.0996362194953315,17,8,136,10,4,154,92,0.14705882352941177
57203822525,57210390533,1,7,0.2692307692307692,2.192455885228201,15,18,270,17,3,692,12,0.4166666666666667
57203814409,7102743604,1,2,0.0425531914893617,0.643116719197176,7,42,294,16,12,676,606,0.08
56606104800,57222395294,1,8,0.13793103448275862,2.8173906550709034,57,9,513,15,11,801,691,0.15625
57200644240,7003942962,1,43,0.21608040201005024,9.620291513526528,76,166,12616,32,18,4266,3684,0.11392405063291139
56239725600,57193684279,1,12,0.5454545454545454,3.1900991758316564,18,16,288,10,4,220,138,0.36666666666666664
36607166400,44761100500,1,17,0.26153846153846155,4.064018365488593,25,57,1425,10,4,306,62,0.375
23072832700,57218257206,1,2,0.027777777777777776,0.549644143129625,69,5,345,29,23,2918,2572,0.10833333333333334
57208598672,6507578882,1,5,0.45454545454545453,2.041331608148904,7,9,63,2,0,6,0,0.75
16232535600,35619528200,1,1,0.0625,0.9102392266268373,8,9,72,12,0,248,38,0.5
55620172900,8962997000,1,47,0.5108695652173914,15.606968191407667,50,89,4450,41,9,2680,1248,0.47297297297297297
14056688500,35389968300,1,1,0.009345794392523364,0.31066746727980593,104,4,416,11,7,363,319,0.13157894736842105
57210577815,57210584363,1,5,0.5,2.044761973550885,8,7,56,5,1,24,2,0.6
35329490200,6508357924,1,6,0.08823529411764706,2.290250135540508,35,39,1365,35,7,1754,904,0.3150684931506849
58183770900,6506736837,1,2,0.03333333333333333,0.6419401742849692,5,57,285,23,19,1408,1380,0.1509433962264151
57207244828,6602680085,1,2,0.023255813953488372,0.43189293081869917,2,86,172,25,21,2194,2152,0.05454545454545454
25654395000,6603214162,1,2,0.18181818181818182,0.9037695876210308,8,5,40,9,1,123,19,0.5
57201310910,57203059518,1,3,0.08333333333333333,1.1259528036962159,27,12,324,6,2,256,26,0.07692307692307693
12807248900,57193493655,1,20,0.10362694300518134,4.54182533509974,185,28,5180,25,21,2993,2945,0.24193548387096775
57202322317,57413255500,1,6,0.5454545454545454,2.492062992985651,11,6,66,2,2,11,11,0.45454545454545453
57217120265,6506214929,1,14,0.4117647058823529,3.7639264560864865,20,28,560,9,1,127,31,0.19230769230769232
27867659700,56893098600,1,6,0.20689655172413793,2.1434585037977127,28,7,196,14,8,408,344,0.6078431372549019
57194542116,57215829648,1,11,0.7333333333333333,4.022037271874129,13,13,169,7,1,67,11,0.6666666666666666
24401621500,57209806295,1,2,0.4,1.0906168935133367,2,5,10,8,4,241,161,0.25806451612903225
56638311500,57215147987,1,6,0.35294117647058826,2.088688155934002,8,15,120,8,2,94,32,0.15789473684210525
57217618521,59944389400,1,19,0.475,5.210013129213594,26,33,858,14,6,380,270,0.35294117647058826
57219540911,6601969069,1,4,0.06451612903225806,1.2405824286664973,18,48,864,25,9,1163,863,0.1919191919191919
57201458555,6701424197,1,35,0.4117647058823529,8.047949765081862,38,82,3116,15,11,343,271,0.10810810810810811
35772986700,57214188515,1,5,0.7142857142857143,2.3515052618594234,6,6,36,6,0,43,11,0.25
56834997800,57201942692,1,11,0.5238095238095238,3.1492988120299543,20,12,240,7,3,130,42,0.23076923076923078
35568595300,57189623051,1,5,0.05102040816326531,1.7782233106590326,83,20,1660,25,9,879,593,0.14634146341463414
26029384400,6507525596,1,6,0.21428571428571427,1.8351205719712171,23,11,253,15,7,379,231,0.26666666666666666
57191846864,57219660583,1,7,0.25925925925925924,2.146197541957574,25,9,225,15,7,973,613,0.2857142857142857
56530380600,57221341400,1,9,0.13432835820895522,2.8403469283701073,66,10,660,11,7,235,205,0.06896551724137931
55413884300,6603772028,1,6,0.15789473684210525,1.619523389243946,6,38,228,7,3,129,75,0.3902439024390244
57218300529,6504311468,1,28,0.4,6.23355703890826,36,62,2232,9,3,186,46,0.17647058823529413
56341961400,7005778076,1,3,0.2727272727272727,1.3767206628062176,3,11,33,12,6,367,243,0.4583333333333333
27967551900,6507638077,1,54,0.30857142857142855,12.71398240515751,140,89,12460,29,11,1841,1197,0.47619047619047616
55630517700,7006612363,1,2,0.0625,0.9856048903809271,10,24,240,18,6,557,329,0.32142857142857145
56992895800,57217634280,1,8,0.6666666666666666,2.3691818333623558,9,11,99,5,1,76,22,1.0
57200338451,57217045845,1,5,0.7142857142857143,2.288965769866935,6,6,36,21,7,1115,215,0.5294117647058824
35555798600,56399244800,1,11,0.15492957746478872,4.419622182703132,65,17,1105,31,13,1624,1318,0.15476190476190477
55964412900,57164833400,1,5,0.8333333333333334,2.163482606096749,5,6,30,7,3,73,59,0.26666666666666666
55626682400,57196185087,1,4,0.25,1.4574730837164138,4,16,64,7,3,151,79,0.4878048780487805
57191439732,7006504347,1,1,0.06666666666666667,0.48089834696298783,5,11,55,16,2,401,145,0.42105263157894735
55781722000,57200206882,1,5,0.7142857142857143,2.477712987385659,6,6,36,10,0,171,19,0.5217391304347826
56664043200,57194869340,1,26,0.4406779661016949,7.129204934268236,37,48,1776,17,3,492,128,0.6071428571428571
19933786000,57201152643,1,3,0.23076923076923078,1.3168186730270879,12,4,48,10,4,269,87,0.13333333333333333
26023085000,56606104800,1,23,0.1796875,6.373249611304267,94,57,5358,38,12,2741,1249,0.3246753246753247
56948379200,7006466498,1,10,0.08695652173913043,4.249053708844438,39,86,3354,28,8,1035,645,0.3170731707317073
24779987100,8554385000,1,4,0.05263157894736842,1.4112698784548328,30,50,1500,12,0,414,56,0.275
26221591900,7003949406,1,4,0.10256410256410256,1.7470536813233655,23,20,460,19,1,578,90,0.3333333333333333
57715757800,6603728170,1,2,0.2,0.8782841057444872,4,8,32,4,2,23,21,0.225
57482201100,6602277744,1,23,0.16911764705882354,6.327924395085776,26,133,3458,24,20,1990,1940,0.0625
57205938518,57208356523,1,4,1.0,1.9757785565420287,4,4,16,9,1,80,22,1.0
55882063100,57203970401,1,44,0.3283582089552239,9.859631563013064,68,110,7480,19,3,1832,526,0.1590909090909091
16028772900,7003980008,1,12,0.19047619047619047,4.344155225418966,44,31,1364,33,3,1549,393,0.4925373134328358
57075751200,9235487600,1,6,0.17647058823529413,2.0318408960456273,18,22,396,18,0,1327,517,0.45454545454545453
57188985666,57192426164,1,2,0.11764705882352941,0.5579152617523895,2,17,34,14,2,282,2,0.23809523809523808
57209721892,57218194363,1,49,0.4083333333333333,11.254430053530731,80,89,7120,13,1,1426,690,0.14285714285714285
57221866958,7003450280,1,12,0.07894736842105263,3.7393030363849924,28,136,3808,18,10,658,544,0.2903225806451613
56154459200,57004538100,1,1,0.058823529411764705,0.5581106265512472,1,17,17,16,10,533,401,0.5
8344301600,8718772800,1,3,0.125,1.60235331177717,17,10,170,16,4,519,161,0.46
14123842600,7004225897,1,8,0.07272727272727272,2.630035008126828,82,36,2952,36,10,2663,1433,0.3611111111111111
6504651173,7003959774,1,19,0.12179487179487179,5.378870583871555,37,138,5106,34,16,2640,2114,0.33707865168539325
57203457964,6602543045,1,2,0.125,0.8132176635932029,2,16,32,18,12,736,664,0.15
35478909000,55618665400,1,42,0.13953488372093023,9.45848248666329,231,112,25872,43,25,6020,3810,0.19469026548672566
6507993283,6603955506,1,6,0.09523809523809523,2.0076353743825393,39,30,1170,22,6,610,362,0.20253164556962025
56288956500,7003959774,1,34,0.23776223776223776,7.778873541142234,39,138,5382,28,22,2582,2172,0.04
16554843500,59158249000,1,11,0.20754716981132076,2.7940921997184947,51,13,663,12,6,325,211,0.1111111111111111
56548156200,57189986568,1,7,0.25925925925925924,2.0349214600307963,9,25,225,9,5,170,140,0.2962962962962963
7202219958,7404277487,1,9,0.07086614173228346,2.245967811889661,67,69,4623,18,6,912,86,0.18309859154929578
14056688500,57218194340,1,46,0.3458646616541353,10.354852749624206,104,75,7800,18,0,1296,614,0.14285714285714285
54901949900,6602730645,1,5,0.1724137931034483,2.2597421132571633,5,29,145,16,12,930,874,0.23684210526315788
56368499800,57224181770,1,8,0.21621621621621623,2.7982873839510183,20,25,500,21,3,1346,688,0.17647058823529413
37077016100,57201634282,1,3,0.13636363636363635,0.8858898280832974,6,19,114,11,7,182,148,0.5384615384615384
57164866900,57215026290,1,2,0.2857142857142857,0.6797844569565277,5,4,20,4,2,48,16,0.3333333333333333
55924979800,57214180726,1,2,0.4,1.100270702134433,4,3,12,4,0,58,30,0.625
57208919486,58083458800,1,3,0.5,1.3510642821966217,3,6,18,5,1,37,11,0.4444444444444444
34968901700,54383241100,1,5,0.1,1.7781245713440994,5,50,250,21,15,1007,787,0.2916666666666667
55665456000,57203970401,1,19,0.11046511627906977,4.220347905161573,81,110,8910,22,6,1182,124,0.28
57195731822,57209314505,1,17,0.2833333333333333,5.401720497110733,27,50,1350,19,5,677,349,0.4318181818181818
35175388700,57215683127,1,50,0.3816793893129771,11.43291505106663,63,118,7434,16,2,1104,684,0.27450980392156865
57192593705,7102314294,1,5,0.16666666666666666,2.2493417724107663,7,28,196,26,16,1682,1510,0.22727272727272727
55878047800,57771957800,1,14,0.4,3.7268430226363054,34,15,510,8,4,88,72,0.2777777777777778
55196096200,55981667500,1,11,0.1774193548387097,4.247823294828752,42,31,1302,24,2,837,45,0.36
6506002895,7003952459,1,55,0.4263565891472868,12.938401101534104,59,125,7375,17,9,589,459,0.27692307692307694
55770895400,56116780700,1,3,0.06521739130434782,1.0171260593691205,25,24,600,15,1,381,9,0.5
57194520838,57218849349,1,2,0.14285714285714285,1.0673237767056754,3,13,39,6,2,66,32,0.36363636363636365
57195760105,57201504995,1,11,0.09734513274336283,2.804912870646176,63,61,3843,15,7,1210,690,0.3333333333333333
26029384400,55963960000,1,5,0.20833333333333334,2.4658885517525593,23,6,138,17,5,377,233,0.35555555555555557
56333325300,57211214455,1,21,0.30434782608695654,5.848032845354495,51,39,1989,23,5,678,294,0.4090909090909091
20235434500,23099238800,1,6,0.13043478260869565,1.7477582335841801,14,38,532,13,3,405,187,0.34210526315789475
16067739500,57769374700,1,5,0.1282051282051282,2.3969361226659527,39,5,195,16,12,1148,1138,0.14814814814814814
57203949863,57217661773,1,30,0.17142857142857143,6.816088840931702,150,55,8250,21,5,2256,502,0.3111111111111111
56389402100,57208142067,1,8,0.32,2.9410675706362124,9,24,216,7,3,153,117,0.26785714285714285
35796101600,7004121723,1,9,0.28125,2.6996976762071956,26,15,390,9,1,146,0,0.3541666666666667
56241060700,6602589883,1,15,0.15151515151515152,5.162265974849853,28,86,2408,31,5,1521,559,0.2318840579710145
15836326300,7202185275,1,2,0.04,0.6335267430053004,48,4,192,12,10,261,249,0.10526315789473684
16836131500,57215584160,1,3,0.07142857142857142,0.8903905404592766,42,3,126,11,7,226,180,0.09090909090909091
33368324200,39862790000,1,20,0.40816326530612246,6.047147647847448,33,36,1188,23,3,1053,423,0.33962264150943394
57194021664,57201617023,1,6,0.1875,2.1353289596762757,32,6,192,6,2,64,46,0.16666666666666666
24831558400,7005179732,1,7,0.07368421052631578,2.8035503360685463,27,75,2025,22,12,1320,1080,0.2542372881355932
55885881500,6603753302,1,15,0.46875,5.060231748355873,15,32,480,19,5,610,328,0.3090909090909091
57218195565,6506541996,1,41,0.3904761904761905,9.056664272798281,54,92,4968,13,5,1534,50,0.1388888888888889
56513768800,56519578400,1,5,0.0847457627118644,1.3150364233843002,56,8,448,21,15,1136,824,0.16129032258064516
56732381200,57218511476,1,7,0.4375,2.210663819295805,15,8,120,9,3,226,56,0.25
6602101968,8340039100,1,3,0.0375,1.3385610142456883,75,8,600,30,22,2102,1914,0.06
16039416600,57212259738,1,19,0.2714285714285714,7.041470571572447,70,19,1330,31,21,2029,1839,0.5964912280701754
23072832700,55639203800,1,4,0.038834951456310676,1.4783221022146198,69,38,2622,43,9,3553,1937,0.39669421487603307
56955542100,9437475900,1,8,0.34782608695652173,2.8633197540856403,8,23,184,11,9,247,237,0.18
56545194900,56582416100,1,9,0.5,3.3898883865943423,9,18,162,14,2,218,66,0.6071428571428571
12807138200,55242415100,1,2,0.2222222222222222,1.0743036443092429,7,4,28,6,4,82,42,0.375
57203028938,7004143438,1,5,0.07042253521126761,1.5880587408604085,63,13,819,49,39,6181,5909,0.2777777777777778
7004905361,7402838973,1,3,0.09090909090909091,0.8855949611905477,29,7,203,16,10,712,626,0.19444444444444445
57196185087,57208081454,1,4,0.23529411764705882,1.096453894955487,16,5,80,7,3,154,76,0.1388888888888889
56055096500,57204854613,1,7,0.3684210526315789,2.1896248973719104,13,13,169,13,3,281,7,0.5714285714285714
56487314600,57208513869,1,5,0.38461538461538464,1.89670500603068,7,11,77,4,0,59,7,0.125
37664726500,8616406100,1,47,0.3533834586466165,10.609343616196224,89,91,8099,23,3,2322,38,0.3333333333333333
56530788800,57201942692,1,7,0.15217391304347827,1.8927914137481292,41,12,492,9,5,179,91,0.21428571428571427
57214321792,6506130489,1,2,0.05714285714285714,0.8833279513448324,2,35,70,19,15,1555,1473,0.0847457627118644
55514754800,57867438200,1,2,0.04,1.4426950408889634,49,3,147,20,12,902,768,0.27906976744186046
38660925700,55404271700,1,8,0.0898876404494382,3.339498170611601,30,67,2010,26,6,1072,482,0.28125
37015226800,57204835697,1,4,0.21052631578947367,1.7058096356245356,8,15,120,7,1,172,126,0.2857142857142857
15753813300,56331782700,1,12,0.21818181818181817,3.6140485580542943,48,19,912,11,7,234,212,0.1935483870967742
12804479700,36698967300,1,8,0.5333333333333333,2.6828655369848255,14,9,126,11,7,257,205,0.38333333333333336
56406110100,57211115618,1,2,0.4,1.1556420023477334,2,5,10,10,4,181,129,0.08108108108108109
55388629500,56668764200,1,0,0.0,0.0,14,15,210,24,6,856,450,0.13725490196078433
55514754800,57193213489,1,8,0.1509433962264151,2.6014812298092957,49,12,588,21,11,942,728,0.09302325581395349
57218135478,57219564979,1,1,0.058823529411764705,0.5138983423697507,11,7,77,12,8,547,479,0.21428571428571427
54938953500,57003631500,1,8,0.4444444444444444,2.8164387459154643,15,11,165,12,4,321,139,0.175
56850348100,56999263100,1,1,0.3333333333333333,0.3898712452512801,3,1,3,3,1,83,33,0.6296296296296297
35425219100,55258506900,1,12,0.24489795918367346,3.7994086481661227,48,13,624,18,12,767,605,0.2727272727272727
57192679655,6507638077,1,28,0.24347826086956523,6.606895075911015,54,89,4806,16,2,600,44,0.25
24381886000,7102474754,1,10,0.14285714285714285,3.024450067031564,13,67,871,22,16,1255,1201,0.19480519480519481
36663263400,57210960198,1,29,0.21014492753623187,6.600625962279144,32,135,4320,12,6,1270,1190,0.2222222222222222
11142276800,58253682400,1,3,0.25,1.0855731981733858,8,7,56,5,1,55,35,0.15151515151515152
57216276299,59157726400,1,2,0.0625,0.74145814902646,8,26,208,14,10,296,274,0.23255813953488372
57214717892,57218851150,1,0,0.0,0.0,0,1,0,4,2,34,20,0.5789473684210527
55070036100,57189986568,1,8,0.11940298507462686,2.409384293356388,50,25,1250,17,3,511,201,0.3076923076923077
57210696636,57210706661,1,1,0.125,0.3789231816899512,6,3,18,6,0,189,49,0.13333333333333333
25636959900,6602452399,1,6,0.11320754716981132,2.1325167207398916,41,18,738,22,8,933,557,0.4520547945205479
37099155100,55746970100,1,17,0.27419354838709675,4.794628008655172,22,57,1254,13,1,374,172,0.5238095238095238
16243020100,57216566854,1,20,0.09174311926605505,5.845618228351471,216,22,4752,29,21,3767,3483,0.18181818181818182
57216083610,6602814239,1,6,0.42857142857142855,2.2016242684054026,9,11,99,11,1,338,248,0.5909090909090909
12805509300,57201583936,1,0,0.0,0.0,33,0,0,39,33,4588,4460,0.22413793103448276
36450289100,7004061355,1,6,0.1276595744680851,1.9953960750227766,6,47,282,17,13,570,498,0.3076923076923077
55293802600,7103061271,1,10,0.08849557522123894,2.9784810878933756,11,112,1232,21,17,1223,1179,0.21978021978021978
36873751100,42461275200,1,10,0.2702702702702703,3.745118624341956,31,16,496,14,2,258,96,0.19148936170212766
57412583900,6701424197,1,5,0.06097560975609756,1.5158108419655423,5,82,410,15,11,336,278,0.1111111111111111
55600080400,6602828632,1,2,0.04878048780487805,1.0448629735931543,13,30,390,23,3,800,198,0.4117647058823529
55576830500,7006466498,1,5,0.05813953488372093,2.0763426349255303,5,86,430,20,16,859,821,0.21686746987951808
54383232900,56185227800,1,5,0.032679738562091505,1.7513410399376212,150,8,1200,21,11,1284,932,0.2073170731707317
57218861254,7103040365,1,20,0.12121212121212122,4.51069819867509,39,146,5694,17,9,1729,787,0.2619047619047619
56316545200,57190970262,1,3,0.12,1.122955532665309,7,21,147,15,1,555,191,0.17142857142857143
57190969497,57195568405,1,5,0.11904761904761904,1.7775849595085031,39,8,312,26,6,1895,203,0.40425531914893614
35145399900,6506610707,1,6,0.2,2.3740337542224124,6,30,180,13,5,485,355,0.4864864864864865
57219558202,58164078600,1,3,1.0,1.186835627854908,3,3,9,3,1,45,7,0.5714285714285714
57076839000,57203949863,1,12,0.0759493670886076,2.784635755909031,20,150,3000,15,11,1454,1304,0.2545454545454545
25944144700,56403974800,1,11,0.2619047619047619,4.367889295523843,42,11,462,26,18,1584,1164,0.27906976744186046
55636320349,7005082971,1,8,0.10526315789473684,3.3784819570122764,33,51,1683,32,10,1870,628,0.5058823529411764
6701501754,7004357973,1,8,0.11940298507462686,2.995204448263923,21,54,1134,28,4,1284,152,0.34831460674157305
57197831563,7004978561,1,2,0.08333333333333333,0.8423570811228018,3,23,69,15,9,451,363,0.32653061224489793
57131351600,57216530591,1,1,0.05555555555555555,0.209243389805969,6,13,78,16,4,662,68,0.2727272727272727
46661131200,7004905361,1,4,0.12903225806451613,1.6441025627924977,6,29,174,15,11,775,563,0.16666666666666666
35493849600,57194099102,1,0,0.0,0.0,8,1,8,16,6,446,238,0.2962962962962963
56513768800,57581607100,1,2,0.03333333333333333,0.6528875262942551,56,6,336,20,16,988,972,0.15151515151515152
57204835697,57914525400,1,2,0.13333333333333333,0.9273799996201022,15,2,30,5,3,152,146,0.125
35389968300,57201505153,1,4,0.8,1.0641677070592317,4,5,20,5,1,60,16,0.22727272727272727
37664726500,7004481112,1,32,0.17297297297297298,7.423444872542445,89,128,11392,26,6,1953,331,0.40229885057471265
57199986491,6602680085,1,9,0.10227272727272728,2.4241583432809257,11,86,946,25,21,2178,2168,0.03636363636363636
56395383000,6507310582,1,6,0.049586776859504134,1.7538497853529864,14,113,1582,17,11,703,657,0.07894736842105263
57291448600,7004426962,1,2,0.03333333333333333,0.693636280601807,4,58,232,23,19,1549,1323,0.11594202898550725
7006177272,7202075544,1,21,0.14685314685314685,5.965122604171643,80,84,6720,34,2,1926,62,0.5434782608695652
38661394900,57497433600,1,4,0.2857142857142857,1.4429601491383988,11,7,77,4,2,27,13,0.15384615384615385
56992895800,57204009812,1,9,0.8181818181818182,2.575281124917922,9,11,99,6,0,54,0,1.0
57202498565,7005891606,1,16,0.37209302325581395,5.365117758782997,25,34,850,25,3,837,35,0.45161290322580644
10939275100,16028772900,1,5,0.08928571428571429,1.7219894879741973,17,44,748,29,1,1491,335,0.35714285714285715
27467963800,54930614800,1,4,0.25,1.5113799771277083,12,8,96,2,2,6,6,0.42857142857142855
57201360330,6506641033,1,2,0.08695652173913043,0.8513268733274981,2,23,46,12,10,437,415,0.0625
57213873391,7404277487,1,42,0.5675675675675675,9.690085786560426,47,69,3243,9,3,562,436,0.2222222222222222
16305587500,7102474754,1,13,0.19117647058823528,4.596163158708337,14,67,938,22,16,1265,1191,0.28
55932949800,7003287875,1,5,0.1282051282051282,1.7582420706633868,24,20,480,34,12,2875,2227,0.3695652173913043
57196021981,57219416088,1,21,0.23333333333333334,5.8020112339355405,88,23,2024,14,10,360,304,0.16666666666666666
25121531900,57188667367,1,1,0.045454545454545456,0.4170323914242463,6,17,102,6,0,124,40,0.1935483870967742
57200425884,8554385000,1,6,0.11320754716981132,2.212365748029445,9,50,450,8,4,250,220,0.3157894736842105
6602404361,7102633221,1,47,0.21076233183856502,10.96477902510238,95,175,16625,27,3,2327,1217,0.375
56184500600,56505366300,1,8,0.25,2.275974759768917,8,32,256,10,6,161,133,0.275
55242228300,57191568144,1,8,0.12698412698412698,2.3089302963434792,58,13,754,15,5,430,176,0.14893617021276595
25643956700,57194418540,1,8,0.08791208791208792,2.113469007008603,41,58,2378,16,4,285,123,0.12195121951219512
54583143500,56703319900,1,11,0.2682926829268293,3.4840929222867385,21,31,651,19,9,745,541,0.2545454545454545
57195239694,57216403979,1,7,0.5384615384615384,4.866221578426652,10,10,100,14,2,285,37,0.7837837837837838
57219665854,57219672415,1,4,0.4444444444444444,1.6931547734560601,6,7,42,4,0,24,2,0.4
57195574116,6602713722,1,4,0.07407407407407407,1.3164303844059027,6,52,312,20,12,659,499,0.1
25825541000,35478909000,1,4,0.017241379310344827,1.099485023918604,5,231,1155,36,32,5024,4806,0.0594059405940594
56720078700,6506562449,1,3,0.125,1.0914736371757505,7,20,140,15,5,294,130,0.16279069767441862
14029585100,7202369029,1,6,0.0410958904109589,1.9653521723016496,48,104,4992,45,9,3787,1641,0.39
57203226594,57204465600,1,1,0.037037037037037035,0.45511961331341866,12,16,192,11,1,247,89,0.16666666666666666
57219416088,57235573200,1,3,0.125,1.1676341161761232,23,4,92,5,1,59,3,0.3333333333333333
57190278097,7103040365,1,12,0.07453416149068323,3.488682149843959,27,146,3942,22,4,1417,1099,0.22388059701492538
57202395857,58591565300,1,5,0.7142857142857143,2.231108852811726,7,5,35,7,3,254,186,0.13157894736842105
55022701000,57205331827,1,17,0.4358974358974359,6.295358383012916,39,17,663,39,15,2594,1718,0.20967741935483872
59842697900,7004481112,1,8,0.04790419161676647,2.312271378144482,47,128,6016,29,3,1217,405,0.3177570093457944
14219526400,55535491100,1,15,0.1171875,3.9296261361775673,83,60,4980,32,18,2169,1787,0.3194444444444444
36873751100,57212603218,1,6,0.1875,2.192817470074159,31,7,217,10,6,195,159,0.06666666666666667
55647917800,7102474754,1,9,0.13432835820895522,2.9881550888530994,9,67,603,21,17,1262,1194,0.18666666666666668
57195469490,57200113310,1,2,0.2857142857142857,0.6168636261025471,2,7,14,5,1,120,36,0.5
24588088100,6602118481,1,4,0.15384615384615385,1.340495601175196,22,8,176,9,3,298,88,0.7368421052631579
15020172200,6602713722,1,10,0.18867924528301888,4.1182898279856035,11,52,572,18,14,604,554,0.46875
56146474900,8718772800,1,2,0.15384615384615385,1.1764671337579005,5,10,50,10,2,214,144,0.28125
34978111800,57200332456,1,5,0.2,1.6364655644939547,16,14,224,13,1,231,17,0.3
25621414000,57205150265,1,5,0.22727272727272727,1.596002440970741,22,5,110,16,12,558,442,0.13513513513513514
16053243500,53983027600,1,3,0.15,0.8389593555295789,20,3,60,6,2,41,13,0.3157894736842105
35386603800,57224583512,1,0,0.0,0.0,5,1,5,13,11,488,476,0.23255813953488372
35615066800,56732381200,1,12,0.21818181818181817,4.0769145378592775,52,15,780,30,18,1841,1559,0.057692307692307696
57205195001,6506776579,1,21,0.0995260663507109,4.913072126976385,23,209,4807,27,23,3971,3837,0.10606060606060606
36848326700,7005372641,1,1,0.06666666666666667,0.4170323914242463,1,15,15,8,6,168,164,0.24242424242424243
6507790545,8585119800,1,9,0.1267605633802817,2.7611496231389774,10,70,700,20,16,1218,1130,0.24324324324324326
41262448300,7005758098,1,8,0.18181818181818182,2.257458772835425,9,43,387,10,6,266,192,0.32
57219232067,7003572956,1,8,0.07339449541284404,2.3089279263003446,10,107,1070,27,21,2517,2353,0.11940298507462686
55644034300,56587445700,1,40,0.3669724770642202,9.259711065473192,87,62,5394,27,9,1709,1261,0.13253012048192772
57296842800,7005969319,1,3,0.03,1.071515758140865,4,99,396,18,14,943,901,0.07936507936507936
55892373400,56575920300,1,2,0.18181818181818182,0.8865693653042983,3,10,30,16,8,3038,2156,0.4583333333333333
57196219628,6504443983,1,2,0.0273972602739726,0.4897122336964291,25,50,1250,32,6,1530,358,0.4
54383232900,57203948395,1,9,0.06,2.3913313784200123,150,9,1350,18,14,1555,661,0.028985507246376812
57222400953,7004211122,1,2,0.2,1.365358839940256,2,10,20,9,5,285,243,0.1276595744680851
15922168100,57205575907,1,5,0.20833333333333334,1.988717429342882,24,5,120,18,14,682,614,0.2
56890903400,6701608636,1,7,0.15555555555555556,1.9136321468935154,11,41,451,12,8,242,200,0.1509433962264151
57214551475,7103061271,1,6,0.05042016806722689,2.18991081619276,13,112,1456,21,17,1216,1186,0.13636363636363635
6508343814,7003959774,1,6,0.043478260869565216,2.098991421415582,6,138,828,28,22,3150,1604,0.3815789473684211
56428622900,57196088987,1,3,0.3333333333333333,1.0203143748300874,6,6,36,11,1,295,141,0.4146341463414634
36868308600,54791045400,1,2,0.1111111111111111,2.352934267515801,7,13,91,25,17,1448,1302,0.4444444444444444
57193832250,57199328648,1,3,0.04477611940298507,1.0737332261378154,65,5,325,11,5,504,414,0.3055555555555556
57108771800,7006466498,1,17,0.19767441860465115,6.092828480458038,17,86,1462,28,8,1035,645,0.3875
57214185808,7103026228,1,7,0.2,2.28673369315772,18,24,432,19,15,824,806,0.16129032258064516
57203767462,6701623022,1,3,0.037037037037037035,0.7952652083291681,17,67,1139,15,7,468,380,0.1794871794871795
37049371300,57207615640,1,2,0.3333333333333333,0.8727686069953721,4,4,16,4,0,153,7,0.3181818181818182
57214188493,7801624906,1,12,0.1,2.94692786519993,37,95,3515,16,2,536,4,0.18181818181818182
57205627840,57215934737,1,5,0.29411764705882354,1.7757774140671527,14,8,112,15,5,406,110,0.11538461538461539
57188866318,57221086062,1,0,0.0,0.0,3,3,9,10,4,564,410,0.1794871794871795
57200422818,57202668445,1,5,0.5555555555555556,2.210152838531497,9,5,45,8,4,701,575,0.5
57216755559,57218491923,1,5,0.45454545454545453,2.071620583319735,10,6,60,4,0,119,1,0.0625
14219526400,55189438200,1,9,0.0703125,2.674467820343958,83,54,4482,53,3,3945,11,0.28846153846153844
23986455300,54986324600,1,8,0.1702127659574468,2.221869245579019,45,10,450,13,7,653,559,0.3055555555555556
57212951193,57719990600,1,11,0.5789473684210527,3.5326631370948123,19,11,209,6,2,38,22,0.4
37081771200,57196544254,1,2,0.13333333333333333,0.8979307383872341,8,9,72,12,4,299,125,0.2857142857142857
55955763900,8616406100,1,17,0.15178571428571427,4.050503412564175,38,91,3458,18,8,1293,1067,0.2619047619047619
57203355876,7003952459,1,26,0.20155038759689922,5.81913771776044,30,125,3750,16,10,674,374,0.078125
35481219400,7003572956,1,12,0.11009174311926606,3.50723570106149,14,107,1498,30,18,3367,1503,0.3150684931506849
57200806732,7004361186,1,1,0.04,0.33380820069533407,11,15,165,10,4,672,460,0.13114754098360656
25031122000,35355756600,1,16,0.09411764705882353,5.179442910846288,59,127,7493,25,7,2046,1522,0.2857142857142857
57201121493,57211132197,1,6,0.5454545454545454,1.6874247049343796,6,11,66,8,2,182,116,0.3125
15836326300,57192690714,1,9,0.14285714285714285,2.7851905583542127,48,24,1152,13,9,282,228,0.28205128205128205
55242415100,6507895824,1,2,0.4,1.3426824550040934,4,3,12,2,0,30,10,0.2
57193541117,57203928236,1,4,0.5,1.4822353773418921,6,6,36,11,3,257,13,0.4166666666666667
55424695500,57208653296,1,2,0.05714285714285714,1.2103408551272503,29,8,232,24,8,833,175,0.4090909090909091
57296575500,57672505000,1,12,0.6666666666666666,3.8802760927823288,17,13,221,3,1,13,7,0.75
57221674698,7202075544,1,7,0.07865168539325842,2.03320154518662,12,84,1008,19,13,956,908,0.024390243902439025
42761833500,57222076121,1,7,0.1794871794871795,2.3847399435216765,33,13,429,10,4,212,122,0.21428571428571427
15067932200,57091437800,1,1,0.029411764705882353,0.36926937306885504,30,5,150,19,11,747,423,0.30952380952380953
6507716063,7402031672,1,17,0.15315315315315314,5.157045124637999,105,23,2415,16,8,466,260,0.34375
14619829600,58093159300,1,4,0.11428571428571428,1.9180266550582594,35,4,140,15,11,672,642,0.13725490196078433
57296575500,8407935900,1,11,0.19642857142857142,3.54065282088722,17,50,850,7,3,85,65,0.14285714285714285
35277170500,55815769500,1,5,0.29411764705882354,2.2792588912678333,14,8,112,12,6,394,306,0.30434782608695654
6602638796,6701916486,1,12,0.21428571428571427,3.2761989693532003,26,42,1092,17,9,707,581,0.2857142857142857
56835107500,57200755425,1,7,0.0673076923076923,1.479785753123944,25,86,2150,14,2,1549,829,0.391304347826087
57191258859,57192199126,1,3,0.23076923076923078,1.4587487300780348,4,12,48,15,9,420,336,0.3
57212554434,7004061355,1,8,0.14814814814814814,3.137841540042935,15,47,705,21,9,664,404,0.2702702702702703
57195429424,57211349867,1,3,0.6,1.0601511472371876,5,3,15,6,2,106,26,0.36363636363636365
6602713722,8609629400,1,5,0.09259259259259259,3.128721716231979,52,7,364,27,5,1113,45,0.4166666666666667
55404271700,57210917958,1,5,0.07462686567164178,1.6405207634617787,67,5,335,18,14,807,747,0.1111111111111111
56747264300,57209292495,1,4,0.23529411764705882,1.9593990040838942,12,9,108,8,2,172,72,0.0967741935483871
57201190300,7005330448,1,29,0.32222222222222224,9.333163423253673,39,80,3120,39,11,2568,1706,0.36
56938785300,6506576334,1,5,0.14705882352941177,1.916890362599663,7,32,224,17,9,770,426,0.12903225806451613
57217121483,6602680085,1,30,0.26548672566371684,8.756834538967864,57,86,4902,33,13,2369,1977,0.2
12762025200,58094003400,1,7,0.2916666666666667,2.0297209643714913,24,7,168,12,8,380,322,0.11538461538461539
24381886000,55936865800,1,1,0.045454545454545456,0.9102392266268373,13,10,130,9,3,129,75,0.06521739130434782
57193761650,7103053518,1,8,0.05673758865248227,2.2010646999310284,27,122,3294,23,5,832,272,0.1276595744680851
55831616200,57216656795,1,8,0.38095238095238093,4.232127826136169,21,8,168,14,4,263,177,0.3902439024390244
57210960198,57214187155,1,42,0.2937062937062937,9.333552747532925,135,50,6750,12,6,1290,1170,0.20689655172413793
12786182200,23767899400,1,10,0.1388888888888889,2.9837424886940216,68,14,952,12,2,360,182,0.4418604651162791
26321876400,56610376800,1,4,0.26666666666666666,1.9040472764956173,5,14,70,7,3,113,93,0.2727272727272727
57218861254,7404277487,1,15,0.16129032258064516,3.3979242145623947,39,69,2691,10,2,970,28,0.25
35113636300,7003479249,1,2,0.08333333333333333,0.930930733793997,2,24,48,9,5,151,103,0.11475409836065574
26538927600,37118135700,1,17,0.17525773195876287,4.075364795140676,46,68,3128,16,4,575,289,0.3584905660377358
14021049800,55986627700,1,6,0.17647058823529413,2.492937642637067,20,20,400,11,1,201,51,0.5
57202284031,7103056112,1,3,0.08823529411764706,1.2272850407697034,13,24,312,15,5,335,179,0.16666666666666666
57201344566,57201877563,1,3,0.3333333333333333,1.090616893513337,4,8,32,9,3,509,47,0.2777777777777778
57200249355,57202970422,1,1,0.1111111111111111,0.29120667621996243,5,5,25,4,2,39,17,0.5714285714285714
57202955220,57205197486,1,3,0.3,1.038337426390739,3,10,30,11,7,304,144,0.21739130434782608
57201026134,7102354941,1,11,0.05339805825242718,2.675403145150535,156,61,9516,20,2,1514,992,0.1346153846153846
34978111800,54998634900,1,5,0.2777777777777778,1.709764974244051,16,7,112,9,5,155,59,0.5714285714285714
57614101900,6508085010,1,2,0.05,0.990604307628467,6,36,216,23,15,1273,1007,0.12962962962962962
57203860123,6504284862,1,2,0.03125,0.4559009478926612,14,52,728,18,4,474,268,0.09090909090909091
56613137000,57218527208,1,3,0.25,0.9865304255561768,10,5,50,4,2,34,4,0.2727272727272727
6506641033,6603110227,1,11,0.3142857142857143,4.137461470630821,23,23,529,21,1,713,139,0.45454545454545453
56489989200,7102474754,1,7,0.10294117647058823,2.0563408419297016,8,67,536,21,17,1257,1199,0.11538461538461539
12807248900,57221949854,1,77,0.3347826086956522,18.279481428082374,185,122,22570,48,2,5941,3,0.5333333333333333
55418858500,57218260692,1,2,0.1,0.5662882522324089,15,7,105,8,6,160,144,0.12121212121212122
57219671587,57550030800,1,5,0.5,2.2682930290650427,10,5,50,3,1,20,8,0.3333333333333333
57222634123,57310887700,1,3,0.23076923076923078,0.6683040421315458,10,6,60,7,3,103,59,0.3333333333333333
55940858000,56308309200,1,2,0.11764705882352941,1.2352458628142324,8,11,88,6,2,77,63,0.3333333333333333
57200603691,57204572813,1,1,0.2,0.6213349345596119,5,1,5,6,0,47,19,0.29411764705882354
57212061327,6602680085,1,11,0.12790697674418605,3.5911078339499864,11,86,946,26,20,2242,2104,0.09090909090909091
57201250923,7003438159,1,27,0.5,9.161419254865502,30,51,1530,14,4,426,80,0.3111111111111111
55989994000,7801532760,1,12,0.11650485436893204,4.668750878356974,22,93,2046,22,8,801,599,0.23809523809523808
35997230900,7202219958,1,7,0.06086956521739131,2.222867478346454,55,67,3685,21,3,1064,238,0.38271604938271603
57193079613,7801614854,1,8,0.24242424242424243,2.2490013517274465,23,18,414,8,2,74,30,0.1111111111111111
34978111800,7202551071,1,4,0.16,1.8973383799107608,16,13,208,14,0,216,2,0.10869565217391304
57215814237,57221949854,1,7,0.05737704918032787,1.8742745880198608,7,122,854,27,23,3027,2917,0.07017543859649122
57034025700,6603772028,1,0,0.0,0.0,0,38,0,8,2,138,66,0.11666666666666667
13008420400,55646317900,1,3,0.11538461538461539,0.9626033022416978,12,17,204,7,1,105,45,0.375
35975558700,57214601141,1,2,0.16666666666666666,0.564520590792424,11,3,33,9,5,137,105,0.52
16243020100,57222024477,1,17,0.07488986784140969,3.8643234140659994,216,28,6048,27,23,3675,3575,0.10606060606060606
54789187900,6603835270,1,5,0.11627906976744186,1.220785066844111,27,21,567,11,1,279,83,0.2903225806451613
57728837000,8146513400,1,6,0.15384615384615385,2.685434611752193,6,39,234,12,8,508,458,0.2631578947368421
57212420665,6602713722,1,7,0.12962962962962962,3.205512386463372,9,52,468,21,11,693,465,0.24561403508771928
35851415800,57195946682,1,3,1.0,1.3438203629927388,3,3,9,2,0,54,0,0.7142857142857143
37025944200,57118274600,1,12,0.5217391304347826,3.9283368454175402,17,18,306,11,1,169,9,0.5833333333333334
6602487131,7007037837,1,1,0.125,1.4426950408889634,6,3,18,17,9,873,689,0.48148148148148145
12807248900,8617799200,1,12,0.05853658536585366,3.822295186130704,185,32,5920,33,13,3286,2652,0.36363636363636365
57204017182,57204017418,1,9,0.28125,2.789798027621916,31,10,310,12,4,980,650,0.45454545454545453
57197756333,7006200042,1,10,0.15625,2.717172727704538,17,57,969,26,14,1587,1101,0.3125
56708122100,57211215663,1,10,0.15151515151515152,2.978378196238676,41,35,1435,25,7,840,462,0.48717948717948717
36861450500,57215150045,1,4,0.8,2.2091209420481555,5,4,20,15,3,570,290,0.4838709677419355
55667307600,7004508608,1,8,0.25806451612903225,2.9717554803771895,10,29,290,12,6,263,211,0.2602739726027397
14021049800,57211469086,1,5,0.21739130434782608,1.859145766055728,20,8,160,8,4,84,66,0.26666666666666666
57214861366,7101828726,1,3,0.25,0.9735303362438423,6,9,54,6,0,84,44,0.14705882352941177
24166599500,6504651173,1,11,0.275,3.0481367909749686,14,37,518,13,5,349,177,0.2641509433962264
7006505400,7102231043,1,8,0.04,2.2253600490742005,43,165,7095,55,33,6360,5606,0.5287356321839081
57210960198,57221369272,1,34,0.23129251700680273,7.611423991846842,135,46,6210,13,5,1469,991,0.125
57211057969,7005401841,1,17,0.2361111111111111,3.847919381059767,59,30,1770,8,2,104,54,0.2608695652173913
57190799130,7103043561,1,9,0.1111111111111111,2.622681122553958,40,50,2000,23,7,827,463,0.27835051546391754
57211927845,7004481112,1,8,0.06153846153846154,2.4237231169604123,10,128,1280,18,14,850,772,0.11842105263157894
55932949800,57191854299,1,8,0.12903225806451613,2.1754867221519087,24,46,1104,36,10,3439,1663,0.38461538461538464
57215695696,6507716063,1,31,0.2897196261682243,7.071840850485428,33,105,3465,14,10,388,338,0.2413793103448276
56844997500,7005468526,1,4,0.125,2.1964794063514437,10,26,260,22,14,1171,1011,0.18840579710144928
57195102037,7003473187,1,6,0.1016949152542373,2.352501525989755,11,54,594,22,8,729,513,0.19718309859154928
57195065455,57214192566,1,7,0.18421052631578946,2.3780851143357955,28,17,476,19,5,688,446,0.5757575757575758
56954535800,7004426962,1,5,0.08064516129032258,1.6360991010719599,9,58,522,29,13,1603,1269,0.3283582089552239
56236071200,7003322687,1,4,0.11764705882352941,1.618365022771946,12,26,312,15,1,350,96,0.24
22938031400,27967551900,1,50,0.3333333333333333,11.995393940358005,60,140,8400,27,13,1653,1385,0.37735849056603776
57211426825,57211427050,1,25,0.5,6.673855007535426,34,41,1394,13,1,305,7,0.18518518518518517
57201464415,57206366893,1,3,0.14285714285714285,0.9277287542228163,4,20,80,13,7,363,227,0.3157894736842105
54890719200,57117323700,1,5,0.35714285714285715,1.7638432578202485,11,8,88,9,7,178,104,0.19444444444444445
57189584266,7006065236,1,9,0.1323529411764706,2.805076054552624,16,61,976,23,15,1360,1046,0.17142857142857143
57215491924,6601978164,1,13,0.14942528735632185,4.255048463843523,30,70,2100,37,19,3332,2244,0.19736842105263158
24435910800,36868308600,1,1,0.05,0.3459762562611936,14,7,98,10,2,224,78,0.24242424242424243
55640145100,57192073087,1,8,0.04519774011299435,2.1637926862508308,79,106,8374,72,42,11216,10114,0.3829787234042553
37052613300,41961752000,1,4,0.6666666666666666,1.596329580806441,6,4,24,5,1,21,5,0.6451612903225806
57201474993,7004447092,1,4,0.3076923076923077,2.110376294904856,5,12,60,12,4,261,119,0.2222222222222222
57190686529,57192685584,1,6,0.25,1.8601577770796458,17,13,221,13,5,302,136,0.34782608695652173
57315582700,7102231043,1,4,0.023809523809523808,1.1861232593758986,7,165,1155,48,40,6114,5852,0.0963855421686747
55410054500,7004663022,1,3,0.07317073170731707,1.4941285868276537,23,21,483,19,3,586,196,0.24
7004441231,7005119089,1,6,0.046511627906976744,2.2278285861016967,17,118,2006,39,15,2981,2209,0.23703703703703705
56603977800,57741497200,1,7,1.0,2.5786015826687425,7,7,49,6,0,65,3,0.2777777777777778
14824679900,57214190714,1,15,0.38461538461538464,6.698698052420674,38,16,608,36,26,3460,3100,0.34615384615384615
35895494700,55481403500,1,7,0.14285714285714285,2.2015232397220847,15,41,615,18,6,615,469,0.5348837209302325
57201250923,57203931279,1,2,0.058823529411764705,0.5565930105193643,30,6,180,7,3,192,154,0.2857142857142857
55418858500,56927703600,1,9,0.34615384615384615,3.6992496204785743,15,20,300,15,1,242,62,0.3469387755102041
57201884329,57205696181,1,14,0.2641509433962264,3.6836308906553965,22,45,990,10,2,190,20,0.3076923076923077
57189578538,57207458121,1,5,0.5555555555555556,2.2945418773214232,5,9,45,17,3,864,156,0.7142857142857143
55172863100,57213172991,1,8,0.1095890410958904,2.200704463921196,71,10,710,24,20,1541,1453,0.125
59944389400,6506214929,1,16,0.35555555555555557,4.287573745725926,33,28,924,15,5,404,246,0.2916666666666667
57160341000,57222401768,1,7,0.25925925925925924,2.111649397927224,22,12,264,9,1,144,6,0.14285714285714285
55189438200,57735286700,1,5,0.09259259259259259,1.8765498236177267,54,5,270,30,26,1985,1949,0.03076923076923077
7102802523,7102957757,1,4,0.4,2.390887865161966,6,8,48,10,4,263,169,0.4482758620689655
35615066800,6701335257,1,5,0.09615384615384616,2.077179459557215,52,5,260,26,22,1738,1662,0.32727272727272727
57225881000,9841204400,1,3,0.2,1.2819942165376,4,14,56,11,5,290,210,0.14
56185997600,57208393419,1,2,0.11764705882352941,0.5342510928193108,4,15,60,15,5,424,140,0.15384615384615385
14522699800,16199397400,1,5,0.06329113924050633,1.7371513343811487,48,36,1728,17,9,663,551,0.2777777777777778
55640145100,57190169567,1,56,0.6436781609195402,14.110788851179889,79,64,5056,25,5,888,214,0.2923076923076923
36462533600,55209865200,1,1,0.02564102564102564,0.2969742043733701,31,9,279,23,9,992,472,0.3125
37091702000,6603249112,1,1,0.023809523809523808,0.36067376022224085,1,42,42,15,13,681,595,0.023255813953488372
23486135800,57204427688,1,5,0.25,1.4923855692289392,14,11,154,20,10,754,458,0.12698412698412698
32668058700,7003450280,1,13,0.08280254777070063,3.436739826933866,34,136,4624,21,7,764,438,0.16901408450704225
57190126621,7007053749,1,8,0.21621621621621623,3.0030281720001133,28,17,476,19,7,650,506,0.16666666666666666
56890903400,7103061271,1,6,0.05128205128205128,1.5740088749984067,11,112,1232,21,17,1222,1180,0.09090909090909091
56271600500,6507993283,1,2,0.03571428571428571,0.4442850658397472,19,39,741,12,4,158,90,0.10526315789473684
35179056300,8616406100,1,13,0.11818181818181818,3.0787530566621886,32,91,2912,17,9,1285,1075,0.10869565217391304
55410054500,7003790688,1,3,0.09375,1.4941285868276537,23,12,276,11,5,216,174,0.2
57201734615,57208663490,1,5,0.07575757575757576,2.0190559751296937,58,13,754,16,10,762,714,0.078125
6506420388,7003702845,1,5,0.06172839506172839,1.679948731547931,66,20,1320,17,5,567,301,0.22972972972972974
57188982321,57201703959,1,1,0.1,0.7213475204444817,9,2,18,9,1,251,117,0.4444444444444444
35615066800,57258624100,1,6,0.11320754716981132,1.9360832517872133,52,7,364,25,23,1709,1691,0.0392156862745098
57837726300,7004405540,1,4,0.038461538461538464,0.8262195209922086,11,97,1067,15,11,561,543,0.047619047619047616
55918156500,7005637352,1,4,0.07547169811320754,1.0207844834797644,7,50,350,14,8,508,436,0.10294117647058823
36084007800,6506649400,1,10,0.10204081632653061,2.758518143731102,14,94,1316,17,11,693,485,0.3
57209641808,6507198930,1,10,0.18518518518518517,3.050682141519137,21,43,903,18,2,540,28,0.21428571428571427
57194647407,57203924074,1,15,0.3488372093023256,5.245994060458392,29,29,841,33,1,1668,136,0.6190476190476191
11241685400,12809579800,1,5,0.3125,1.8339997047323324,15,6,90,8,2,82,20,0.8888888888888888
57225217157,6603007070,1,1,0.1,1.4426950408889634,1,10,10,11,7,226,196,0.017241379310344827
57190126621,57213660851,1,2,0.06451612903225806,0.5324401220745305,28,5,140,15,11,603,553,0.09090909090909091
35797987200,57195065451,1,9,0.1323529411764706,2.849664407209354,10,67,670,19,15,908,846,0.09836065573770492
56123715400,56693891900,1,1,0.1,0.21859304439100327,6,5,30,10,6,170,148,0.2903225806451613
55851403100,7003952459,1,13,0.10236220472440945,4.546317064878424,15,125,1875,18,8,606,442,0.30985915492957744
15849625600,6507638077,1,29,0.23015873015873015,6.782343961915049,66,89,5874,20,2,1058,414,0.41509433962264153
56195416200,57200546142,1,2,0.08333333333333333,0.9163279467515955,22,4,88,21,17,1139,1107,0.06451612903225806
57219108089,57223190210,1,3,0.12,1.119424255763134,9,19,171,10,2,422,88,0.625
57211601402,57217472308,1,1,0.0625,0.25433477814404226,5,12,60,7,1,55,7,0.25
6507157339,7004558741,1,3,0.17647058823529413,0.8655867382834468,10,10,100,7,3,63,19,0.32558139534883723
56825146000,7101893707,1,2,0.06666666666666667,0.8816260796999197,15,17,255,13,1,347,3,0.14492753623188406
57191362976,7005381764,1,7,0.30434782608695654,2.1191701740212285,15,15,225,21,1,806,296,0.3157894736842105
52663129000,7004835587,1,51,0.16139240506329114,11.673135540427353,77,290,22330,39,25,4110,2052,0.22826086956521738
24073240300,55541202300,1,8,0.13114754098360656,2.657643545598222,57,12,684,21,13,862,652,0.23404255319148937
55039209500,57202129227,1,3,0.23076923076923078,1.1515633214904692,6,10,60,14,2,461,119,0.38095238095238093
57218194363,57218195605,1,50,0.35714285714285715,11.629564831273882,89,101,8989,16,2,1989,127,0.3157894736842105
56414901900,57207455831,1,4,0.17391304347826086,1.6738404331516001,20,7,140,8,4,165,91,0.3181818181818182
57210706661,57210707090,1,1,0.08333333333333333,0.3789231816899512,3,10,30,9,3,300,62,0.13793103448275862
55371363900,8292047300,1,11,0.6470588235294118,4.303899267373303,11,17,187,10,0,234,44,0.4358974358974359
57195558385,57202707010,1,3,0.08108108108108109,0.9441776897074678,17,23,391,24,8,1099,437,0.3
52663129000,7003305314,1,62,0.328042328042328,14.304453540731918,77,174,13398,22,8,2754,696,0.21739130434782608
57191258731,6508085010,1,1,0.02564102564102564,0.5138983423697507,4,36,144,23,15,1165,1115,0.22641509433962265
57204017182,6506670264,1,5,0.047619047619047616,1.4214210998869796,31,79,2449,20,4,1281,349,0.1951219512195122
57211448989,57893790700,1,13,0.5652173913043478,4.228920214322577,19,17,323,7,1,79,23,0.6428571428571429
55113709300,57200727733,1,2,0.046511627906976744,0.9402639234634129,29,16,464,9,3,163,55,0.047619047619047616
57190799130,57212951193,1,8,0.1568627450980392,2.3193591387221257,40,19,760,12,4,212,152,0.1
57206263089,59944389400,1,8,0.1951219512195122,2.41878794182338,16,33,528,14,6,412,238,0.25
57198357708,57674559000,1,4,0.4444444444444444,1.1605868615819468,9,4,36,12,8,272,216,0.30303030303030304
57219955546,7004835587,1,21,0.07094594594594594,5.5831155709268705,27,290,7830,38,26,3206,2956,0.3333333333333333
36802392200,37011530500,1,9,0.24324324324324326,2.8238734272529267,30,16,480,11,1,349,95,0.23404255319148937
56948379200,6602663937,1,2,0.043478260869565216,0.9690179556831694,39,9,351,15,5,243,147,0.39473684210526316
57194798214,6602227807,1,4,0.3076923076923077,1.2498130224729183,5,12,60,6,2,117,33,0.5294117647058824
55410054500,56656367600,1,1,0.038461538461538464,0.318928988903801,23,4,92,10,6,213,177,0.19148936170212766
57218573553,6602227807,1,2,0.125,1.1022332815225997,6,12,72,6,2,93,57,0.21428571428571427
56689232700,7006253775,1,3,0.375,1.166749205083074,7,4,28,3,1,29,9,0.6666666666666666
57196236454,7003478797,1,8,0.1038961038961039,2.4350504046622383,13,72,936,21,13,1241,1113,0.2826086956521739
57193647460,57887572500,1,4,0.36363636363636365,1.8832332569860006,6,9,54,6,2,179,159,0.14285714285714285
21933704500,56732423100,1,2,0.125,0.6223542423461719,6,12,72,9,3,172,72,0.10526315789473684
57204427688,57205263489,1,3,0.2727272727272727,1.0823622836373405,11,3,33,7,3,212,84,0.21428571428571427
57193268552,9037312600,1,5,0.07936507936507936,2.023193832850123,11,57,627,21,9,933,653,0.2619047619047619
57219092528,6507578882,1,5,0.45454545454545453,2.003244386259732,7,9,63,2,0,4,2,0.75
14060455600,56539286900,1,5,0.034722222222222224,2.0275318985285877,134,15,2010,47,33,5226,4852,0.19718309859154928
12786182200,6701424197,1,45,0.42857142857142855,10.322987572771183,68,82,5576,20,6,578,36,0.2777777777777778
56080252800,57219955546,1,5,0.07575757575757576,1.1475769227431472,44,27,1188,14,2,326,76,0.3191489361702128
56790073300,6602844477,1,20,0.6060606060606061,6.560840251990563,24,29,696,15,5,508,370,0.34285714285714286
56505366300,7006200042,1,9,0.1125,2.433641973984658,32,57,1824,28,12,1491,1197,0.4262295081967213
56371151800,57218434377,1,1,0.07142857142857142,0.21859304439100327,13,2,26,6,4,67,57,0.10256410256410256
57215075474,7003959774,1,18,0.12857142857142856,5.5195124494809225,20,138,2760,29,21,2761,1993,0.15714285714285714
57202689961,7003473187,1,2,0.03636363636363636,0.609718546550349,3,54,162,17,13,645,597,0.05714285714285714
12783094300,7003952459,1,10,0.07633587786259542,3.2212362719412684,16,125,2000,16,10,565,483,0.04477611940298507
55410054500,6603785139,1,2,0.03333333333333333,0.637857977807602,23,39,897,19,3,603,213,0.28
57191445065,57193268552,1,1,0.08333333333333333,0.28126641406272834,2,11,22,13,1,343,63,0.2857142857142857
53264886900,57194539161,1,7,0.25925925925925924,2.545162750039517,17,17,289,12,2,285,149,0.17142857142857143
56418579500,57212705551,1,9,0.16666666666666666,3.07347632349698,18,45,810,25,7,916,580,0.4074074074074074
57224075170,7201854991,1,4,0.21052631578947367,1.7995320043577674,4,19,76,8,6,95,87,0.09090909090909091
15836326300,36245952100,1,3,0.05555555555555555,0.7555946322403139,48,9,432,14,8,279,231,0.35714285714285715
56175638900,6604037091,1,1,0.2,0.45511961331341866,1,5,5,8,2,90,30,0.4444444444444444
6506160194,6508385053,1,3,0.075,0.9248079342368569,22,21,462,25,1,1002,78,0.22448979591836735
36143358700,57203355876,1,26,0.2988505747126437,5.830555239516262,83,30,2490,12,6,490,190,0.09523809523809523
56780215300,7006940836,1,2,0.05555555555555555,0.5442915454972793,5,33,165,15,7,959,673,0.3076923076923077
57195274382,57222125145,1,6,0.3,2.6857837616084472,16,10,160,12,6,471,353,0.34782608695652173
57200619062,7004120983,1,11,0.4230769230769231,3.4058244713162886,13,24,312,7,3,110,70,0.08695652173913043
16203173100,43762251000,1,9,0.17307692307692307,3.092155225917768,41,20,820,18,4,469,55,0.28205128205128205
14123842600,55665456000,1,8,0.05161290322580645,2.3903855069013087,82,81,6642,37,9,2577,1519,0.23529411764705882
56607432800,57196021981,1,38,0.3917525773195876,8.89036358630434,47,88,4136,15,9,382,282,0.24242424242424243
57192384912,57211349867,1,3,0.16666666666666666,1.0601511472371876,18,3,54,10,6,214,134,0.2
54789187900,57211427050,1,17,0.3333333333333333,4.538564938072291,27,41,1107,13,1,337,25,0.20930232558139536
35415485100,57209750686,1,5,0.4166666666666667,1.8261760060533447,11,6,66,6,2,65,25,0.09090909090909091
55471004700,57193931875,1,12,0.11538461538461539,3.0304529227230734,81,35,2835,16,4,447,217,0.25806451612903225
51665647500,57191198857,1,6,0.3,2.2476036611752246,12,14,168,8,2,498,382,0.21428571428571427
16243020100,56764612600,1,34,0.1504424778761062,7.641994587979115,216,44,9504,30,20,3925,3325,0.14705882352941177
57211852761,7102633221,1,42,0.22950819672131148,9.340166426119042,50,175,8750,19,11,1830,1714,0.0625
57215152591,57216881349,1,5,0.2631578947368421,1.6165196538069317,12,12,144,6,2,84,66,0.4666666666666667
37013762500,55863857900,1,3,0.14285714285714285,1.351278067850708,20,4,80,7,5,106,100,0.2
57198892017,57215583488,1,2,0.1111111111111111,0.6585522607989096,16,4,64,6,4,113,97,0.5
49061029800,56576063900,1,13,0.30952380952380953,3.7565107998911946,31,24,744,20,4,886,174,0.32558139534883723
57212492905,7003467120,1,15,0.17857142857142858,3.524017762227503,20,79,1580,16,6,401,233,0.19148936170212766
57207780549,57220509361,1,5,0.2631578947368421,1.5005884297874934,17,7,119,10,2,180,22,0.36
56201455000,57200376897,1,9,0.47368421052631576,2.7727018460979416,11,17,187,6,2,68,36,0.3
56747425000,7004143438,1,6,0.1276595744680851,2.0431783541738273,40,13,520,16,6,1671,1399,0.375
56927703600,56955704200,1,5,0.23809523809523808,2.307802309736335,20,6,120,10,6,103,77,0.10526315789473684
57216743315,57221445700,1,2,0.16666666666666666,0.9003902478352355,11,3,33,6,2,129,47,0.8
57216400517,57226680783,1,1,0.1111111111111111,0.2835784920513334,2,8,16,6,2,119,7,0.38095238095238093
57812866200,7003699883,1,11,0.16176470588235295,3.0317265206254413,18,61,1098,18,14,948,906,0.12
24278819400,35762732900,1,8,0.2857142857142857,3.37749077301648,21,15,315,11,3,217,101,0.3559322033898305
55601629800,57190069418,1,2,0.08,0.5409967162349999,6,21,126,13,7,369,231,0.08888888888888889
37111391400,57196194347,1,1,0.16666666666666666,0.23090777506376875,2,5,10,5,1,61,1,0.12
55536183600,57200504476,1,6,0.08,2.064834479245648,17,64,1088,9,1,174,52,0.09302325581395349
60100025400,7103053518,1,21,0.14285714285714285,6.65275725668721,46,122,5612,25,3,809,295,0.2247191011235955
57212554434,6504443983,1,12,0.22641509433962265,4.358649065219353,15,50,750,25,13,1074,814,0.375
35555798600,6504443983,1,23,0.25,8.50606109658141,65,50,3250,41,3,2415,527,0.4845360824742268
57195731822,7202369029,1,21,0.19090909090909092,6.741931893522439,27,104,2808,34,20,2878,2550,0.3
57217336947,57221759064,1,5,0.5555555555555556,2.2112626067523133,6,8,48,6,2,128,42,0.3333333333333333
6602619791,6701484227,1,5,0.14285714285714285,1.9176654543426839,14,26,364,21,1,538,158,0.4098360655737705
55833066700,56556565800,1,6,0.11320754716981132,1.9776980321022304,8,51,408,6,2,80,62,0.23076923076923078
57199972142,6701608636,1,5,0.10416666666666667,1.4256594007997512,12,41,492,13,7,302,140,0.21666666666666667
55552961100,57218127282,1,1,0.043478260869565216,0.31465798044412485,7,17,119,8,0,78,8,0.3333333333333333
24469152300,57221417645,1,11,0.12359550561797752,3.461196396727414,88,12,1056,34,24,3539,3295,0.1724137931034483
57214184367,7004185360,1,3,0.1111111111111111,1.4021591552066444,3,27,81,19,17,1001,933,0.04938271604938271
57191329099,57211405877,1,2,0.4,0.9102392266268373,4,3,12,8,2,116,8,0.39285714285714285
57193168500,57204017182,1,8,0.1568627450980392,2.2608842411748444,28,31,868,16,0,1967,337,0.35
57191846864,57222542321,1,5,0.19230769230769232,1.9025933922656149,25,6,150,16,6,985,601,0.1282051282051282
57201975171,6603936681,1,6,0.10909090909090909,1.935872835054806,33,28,924,12,2,217,99,0.16326530612244897
35510387000,55587917400,1,10,0.1724137931034483,3.4083516998074583,46,22,1012,11,5,255,205,0.3333333333333333
24479959000,43461584000,1,2,0.10526315789473684,1.1341578504388434,11,10,110,14,10,1628,1430,0.3404255319148936
6508385053,8939026000,1,5,0.23809523809523808,2.249415355299715,21,5,105,17,7,515,409,0.14634146341463414
47361218700,7201677725,1,7,0.09090909090909091,2.3630103040734083,8,76,608,18,12,668,540,0.16071428571428573
56928302200,9738985400,1,3,0.10344827586206896,0.891185898627397,12,20,240,9,5,109,83,0.3076923076923077
57208423429,57783980900,1,2,0.18181818181818182,1.2042533304220433,11,2,22,4,2,16,12,1.0
57190732544,57203949863,1,42,0.24277456647398843,9.290328904366937,65,150,9750,20,6,1503,1255,0.175
57195232322,57204858767,1,19,0.36538461538461536,5.361487813070719,28,43,1204,14,2,441,193,0.32
56890903400,57215135933,1,7,0.3333333333333333,1.9136321468935154,11,17,187,4,0,37,5,0.375
36652922300,58636377600,1,0,0.0,0.0,7,0,0,10,8,250,240,0.23076923076923078
57202514592,7006035721,1,2,0.07407407407407407,2.352934267515801,2,27,54,13,7,371,111,0.2
57218193345,57218195565,1,44,0.6470588235294118,9.850059534239403,58,54,3132,7,1,1508,76,0.5
57215143687,7005645193,1,6,0.1875,1.9632606313232241,6,32,192,7,3,140,70,0.0625
57189501491,57226744981,1,4,0.2222222222222222,1.5096089696535726,15,7,105,3,1,12,2,0.42857142857142855
57155881500,7005091934,1,2,0.11764705882352941,1.179445561110859,8,11,88,4,0,53,13,0.4642857142857143
14219526400,56779692100,1,49,0.4049586776859504,13.417609535777018,83,87,7221,36,14,2307,1649,0.2857142857142857
57200859233,57200860592,1,5,0.8333333333333334,1.9034183580185118,6,5,30,6,2,75,49,1.0
57201278144,7403252543,1,1,0.09090909090909091,0.5581106265512472,2,10,20,9,5,300,134,0.1346153846153846
15754481800,57193210476,1,4,0.07407407407407407,1.6385096650930353,54,4,216,18,12,648,506,0.1935483870967742
55916496500,57192938250,1,12,0.22641509433962265,3.571072932340712,23,42,966,15,3,397,139,0.2647058823529412
15047537900,54945032000,1,8,0.13559322033898305,2.380636565616374,42,25,1050,11,3,283,189,0.25925925925925924
36978732600,6602856381,1,6,0.3,1.831462648221529,8,18,144,6,2,33,15,0.4230769230769231
57201677203,57215493165,1,6,0.3333333333333333,1.9812542942250517,13,11,143,6,0,49,13,0.375
56041720100,57194507234,1,7,0.28,2.4112966255196735,23,9,207,23,9,1143,865,0.5555555555555556
26634884900,57191906531,1,33,0.33,7.474270365035616,88,45,3960,19,9,1721,1107,0.2037037037037037
57201990363,57212428239,1,16,0.18823529411764706,3.4578164106505924,36,65,2340,7,1,226,90,0.3333333333333333
55679304100,7403252543,1,1,0.09090909090909091,0.5581106265512472,2,10,20,9,5,221,213,0.2692307692307692
57198154555,7004835587,1,7,0.023178807947019868,2.0734818733470473,19,290,5510,37,27,3139,3023,0.17582417582417584
57191250687,57194705410,1,4,0.25,1.360268136452366,11,9,99,14,4,470,220,0.2777777777777778
57211901417,57221684607,1,2,0.2857142857142857,0.8745721025919916,6,3,18,11,3,167,85,0.4722222222222222
56962704100,7006434026,1,5,0.09259259259259259,1.3707608396887856,16,43,688,11,7,283,193,0.20454545454545456
35997230900,57211056598,1,28,0.2641509433962264,6.76605008605568,55,79,4345,16,2,1293,9,0.23636363636363636
56708122100,57225024461,1,5,0.10638297872340426,1.3187458918128137,41,11,451,20,12,694,608,0.25
36665879900,57202587506,1,2,0.11764705882352941,1.0498062591975328,9,10,90,11,3,131,69,0.2962962962962963
37110131400,59944389400,1,7,0.1794871794871795,1.8847536686341964,13,33,429,16,4,573,77,0.45
36704152400,57195420487,1,6,0.06451612903225806,1.522857169860796,86,13,1118,16,12,563,539,0.24193548387096775
13612663800,7006196140,1,2,0.058823529411764705,0.615903193277171,22,14,308,13,1,282,14,0.3709677419354839
55814885800,57467343600,1,1,0.1,0.3789231816899512,10,1,10,12,10,325,297,0.5
37666056000,57205143340,1,24,0.43636363636363634,6.472643372355928,26,53,1378,17,3,534,86,0.23684210526315788
56625931000,7101893707,1,2,0.08333333333333333,0.8816260796999197,9,17,153,11,1,272,78,0.10344827586206896
55255901200,7004724933,1,4,0.042105263157894736,1.2965992692959483,13,86,1118,21,15,984,912,0.38028169014084506
55700283700,56059152500,1,3,0.2,1.0137937630430822,3,15,45,18,4,554,252,0.3225806451612903
7007133905,7102633221,1,8,0.043478260869565216,2.2806469631638344,17,175,2975,21,9,1838,1706,0.2807017543859649
57200332456,57215147987,1,6,0.2608695652173913,2.2089658126527545,14,15,210,11,1,187,61,0.2
54383241100,57221931145,1,5,0.09433962264150944,2.1235189249289994,50,8,400,26,10,1145,649,0.43902439024390244
57219416088,6507716063,1,20,0.18518518518518517,5.491343766655735,23,105,2415,14,10,391,335,0.13793103448275862
56527129000,56664043200,1,24,0.5454545454545454,6.325935528227471,31,37,1147,14,0,394,30,0.5555555555555556
57197798240,57197801425,1,4,0.07272727272727272,0.8954365143672286,6,53,318,11,7,292,176,0.35294117647058826
57195807828,57210174703,1,1,0.06666666666666667,0.22062394912909372,7,9,63,16,8,436,236,0.37037037037037035
57189986568,57223318174,1,6,0.20689655172413793,2.1875369028532545,25,10,250,9,5,186,124,0.21052631578947367
55542533400,57208165882,1,9,0.16666666666666666,2.5876829077334156,15,48,720,12,6,1205,1127,0.16666666666666666
57216924887,9746797800,1,12,0.13043478260869565,3.323394416951122,13,91,1183,16,12,713,633,0.05555555555555555
56151478400,57222076121,1,12,0.2857142857142857,4.033911297892301,41,13,533,12,6,399,309,0.32
21933704500,56958400900,1,4,0.23529411764705882,1.5089236076504702,6,15,90,8,2,158,58,0.07407407407407407
57203949863,57214189077,1,31,0.1949685534591195,6.73322305350036,150,40,6000,15,11,2104,654,0.2222222222222222
23981156000,6506645414,1,2,0.05128205128205128,0.464417058362895,21,20,420,12,2,223,41,0.1794871794871795
16402502400,7003732915,1,5,0.040983606557377046,1.7833013099952917,8,119,952,38,30,4833,4585,0.3645833333333333
57196327480,57218192915,1,13,0.16455696202531644,3.2197831484739234,17,75,1275,9,5,913,841,0.3333333333333333
56257387400,57193877561,1,2,0.5,0.65937877556672,2,4,8,11,1,234,42,0.2564102564102564
50960926700,57351582500,1,7,0.21212121212121213,2.5082660511623844,31,9,279,14,10,431,397,0.3728813559322034
55388149200,57222397579,1,3,0.3333333333333333,1.7565682114889745,9,3,27,11,7,210,152,0.5263157894736842
57203816121,57222043955,1,5,0.45454545454545453,1.3252766114695997,8,8,64,3,1,297,247,0.5
35095636300,57212675084,1,4,0.18181818181818182,1.3694420249529737,13,13,169,10,2,391,123,0.2702702702702703
53866828200,56728521100,1,5,0.45454545454545453,1.7868582949064462,10,6,60,6,2,285,111,0.22727272727272727
56257919200,7101828170,1,14,0.20588235294117646,6.119687948156377,14,68,952,24,16,1212,1058,0.23728813559322035
58340753800,7005619860,1,1,0.1111111111111111,0.6213349345596119,2,8,16,4,2,36,30,0.5454545454545454
57195439134,57223241922,1,5,0.4166666666666667,1.5514438969069184,6,11,66,4,2,39,21,0.2222222222222222
57195229698,9037312600,1,11,0.1774193548387097,4.475233431682985,16,57,912,19,11,852,734,0.3023255813953488
57188714069,57211469086,1,7,0.30434782608695654,2.482749917268625,22,8,176,8,4,123,105,0.42857142857142855
35568764200,6603217119,1,2,0.06666666666666667,0.9125416107795743,30,2,60,29,21,1953,1899,0.21951219512195122
23972525300,57189659579,1,6,0.35294117647058826,2.2874775830650993,12,11,132,14,4,213,45,0.391304347826087
6602978778,7004826368,1,2,0.023255813953488372,1.1383799118687281,81,7,567,16,8,547,357,0.42528735632183906
10143354000,57220064244,1,5,0.029069767441860465,1.1864384502921126,144,33,4752,35,11,1583,719,0.36607142857142855
35453890900,57209087382,1,5,0.08928571428571429,1.7575737377636527,26,35,910,18,0,439,105,0.23076923076923078
55203915600,57211231697,1,1,0.07692307692307693,1.4426950408889634,13,1,13,19,9,675,523,0.45161290322580644
24172674100,57222984834,1,0,0.0,0.0,42,0,0,19,13,1107,1055,0.07936507936507936
7003572956,9273383800,1,13,0.0896551724137931,3.281689804603818,107,51,5457,34,14,2719,2151,0.2247191011235955
35095506200,57194868042,1,36,0.3103448275862069,11.339772240406676,74,78,5772,33,3,1513,387,0.34285714285714286
35555798600,7004573622,1,5,0.049019607843137254,1.6393076628925736,65,42,2730,47,3,3094,152,0.40186915887850466
57205515495,8313580700,1,1,0.1111111111111111,0.6213349345596119,5,5,25,8,0,153,1,0.20833333333333334
55895265500,56116780700,1,7,0.21212121212121213,2.610230108607423,16,24,384,11,5,249,141,0.46938775510204084
55182867000,57223037046,1,7,0.20588235294117646,1.5415599925772643,34,7,238,10,6,954,712,0.1111111111111111
23072832700,25630164400,1,12,0.13333333333333333,2.9865229030115286,69,33,2277,33,19,3045,2445,0.20634920634920634
58782951900,7006614631,1,7,0.3888888888888889,2.24005908236363,10,15,150,6,4,76,72,0.14814814814814814
24437971100,57207883215,1,3,0.13043478260869565,1.3577209619357589,18,8,144,16,4,364,32,0.23404255319148937
54783056700,7003572956,1,16,0.14678899082568808,4.548641537961114,18,107,1926,28,20,2486,2384,0.22058823529411764
26634884900,57208623046,1,40,0.43478260869565216,8.882474024097386,88,44,3872,16,12,1455,1373,0.13793103448275862
55347531400,57189221940,1,5,0.13157894736842105,1.2752831685165669,21,22,462,18,4,785,343,0.24324324324324326
54791960600,55358891700,1,3,0.125,1.189641904812263,6,21,126,18,14,1412,1252,0.3125
57219706579,7004087255,1,3,0.23076923076923078,1.6401319072179699,3,13,39,18,10,823,671,0.48936170212765956
14060455600,23003258800,1,20,0.11834319526627218,6.129956196436285,134,55,7370,59,21,6653,3425,0.42857142857142855
57201504995,57214189077,1,12,0.1348314606741573,3.26279815101533,61,40,2440,13,9,985,465,0.2
57190169567,8985745300,1,8,0.11940298507462686,2.0682570468825054,64,11,704,20,0,637,37,0.21311475409836064
56845192300,57191410688,1,3,0.2,1.2736715225172273,14,4,56,9,1,335,125,0.2777777777777778
16553665300,7004030554,1,2,0.1,0.6469702276599671,12,10,120,9,1,295,39,0.15384615384615385
16025957000,7801358604,1,9,0.0967741935483871,2.725992108667155,30,72,2160,25,13,1230,858,0.3770491803278688
56380525500,57202080987,1,5,0.21739130434782608,2.6248698320149524,21,7,147,17,9,496,384,0.3783783783783784
7102231043,7203007412,1,28,0.11244979919678715,8.107812120749584,165,112,18480,65,23,7531,4435,0.52
54413111200,7003811166,1,5,0.045454545454545456,1.5818857046776076,51,64,3264,48,4,2839,641,0.4358974358974359
57217346265,57234377700,1,3,0.42857142857142855,1.1412145231313888,6,4,24,7,1,63,31,0.37037037037037035
37018663100,56305667900,1,8,0.6153846153846154,2.1443789428891638,8,13,104,5,1,94,20,0.7142857142857143
52663129000,7103040365,1,57,0.3433734939759036,13.02036882222489,77,146,11242,20,6,2287,229,0.38636363636363635
35316303500,35460884400,1,8,0.07017543859649122,2.446693015370825,27,95,2565,46,12,3171,1679,0.32051282051282054
55865568271,7004325688,1,4,0.25,1.4583850759109884,6,14,84,12,6,293,241,0.28
57189267051,57206665886,1,8,0.2857142857142857,2.1785229202910528,27,9,243,17,13,879,743,0.15625
14018322900,7006139983,1,6,0.09230769230769231,1.6342546388589938,40,31,1240,27,3,1535,791,0.3287671232876712
15926246800,57204198476,1,17,0.13178294573643412,4.794216650014106,128,18,2304,25,17,1502,1324,0.11290322580645161
57219841927,6602076702,1,5,0.25,1.8212272537112937,8,17,136,14,4,393,257,0.29310344827586204
14032837800,7006139983,1,2,0.03508771929824561,0.8482611224761243,28,31,868,23,1,808,64,0.16455696202531644
55523859600,55914857200,1,6,0.2222222222222222,1.8696254071168774,8,25,200,8,4,139,61,0.23809523809523808
57218399556,8938922300,1,2,0.07407407407407407,1.0237645389414565,2,27,54,15,13,756,702,0.09803921568627451
56376735700,7102205549,1,0,0.0,0.0,0,12,0,11,7,271,251,0.09615384615384616
55620172900,57203233646,1,13,0.22807017543859648,4.517612527463106,50,20,1000,20,12,824,608,0.4722222222222222
57207458647,57211287922,1,7,0.3181818181818182,2.5907850206552023,12,17,204,8,2,103,73,0.4666666666666667
36970630800,57477350800,1,6,0.1875,2.0517144997288543,24,14,336,12,6,278,252,0.36363636363636365
11739296200,55882063100,1,2,0.023809523809523808,0.4603039190795494,18,68,1224,19,3,1330,1028,0.32653061224489793
56462886200,8353821500,1,1,0.07692307692307693,0.6213349345596119,4,10,40,9,5,259,235,0.18518518518518517
6602633095,7102312930,1,8,0.09302325581395349,2.5459218795258476,59,35,2065,20,0,775,359,0.23333333333333334
55770895400,57191365913,1,7,0.14893617021276595,2.483149268064253,25,29,725,16,2,493,121,0.41379310344827586
57194647407,57209860294,1,12,0.36363636363636365,4.442054254495337,29,16,464,26,8,1141,663,0.5555555555555556
35350379700,60135003000,1,4,0.26666666666666666,1.1350890108104994,4,15,60,4,2,65,53,0.48
57218194363,7006331382,1,15,0.12605042016806722,3.5820248289492773,89,45,4005,17,3,1430,686,0.23076923076923078
14052714800,57117967000,1,5,0.35714285714285715,1.818623593111842,5,14,70,9,3,134,66,0.45454545454545453
35997230900,6506420388,1,10,0.09009009009009009,2.4896944167257753,55,66,3630,20,2,1085,217,0.23333333333333334
57209860294,57338424600,1,6,0.3157894736842105,1.7411338169942119,16,9,144,13,5,271,207,0.6666666666666666
56999684500,57189220102,1,7,0.875,2.8704006104255013,8,7,56,12,2,217,7,0.6363636363636364
21934592300,57197756333,1,11,0.39285714285714285,3.1991858743217483,22,17,374,16,4,596,110,0.625
24779987100,25121531900,1,1,0.02857142857142857,0.26269731101386307,30,6,180,9,3,261,97,0.2571428571428571
56124213600,57195309972,1,10,0.2777777777777778,2.754859092998256,30,16,480,9,1,183,39,0.4
57204178529,6508254295,1,8,0.17391304347826086,2.8017913530999548,8,46,368,8,6,122,106,0.08
57191611102,57204017418,1,6,0.46153846153846156,1.7739800731637645,9,10,90,7,1,320,10,0.5555555555555556
57216132287,6603271904,1,4,0.07272727272727272,1.4025658533640994,12,47,564,17,9,755,619,0.16666666666666666
36706127300,55133761700,1,8,0.17391304347826086,2.7214531409491056,43,11,473,22,12,1002,412,0.1956521739130435
57201722633,57201731908,1,10,0.625,3.5793180629092514,13,13,169,14,4,382,122,0.41935483870967744
15836326300,55581041300,1,5,0.03968253968253968,1.163136058558682,48,83,3984,38,16,2619,2109,0.22580645161290322
57208898617,8382434800,1,6,0.1935483870967742,2.167113187777717,15,22,330,15,5,312,136,0.2727272727272727
57218595550,7003959774,1,13,0.09352517985611511,4.001053465789559,14,138,1932,29,21,2457,2297,0.17105263157894737
57194869340,57219169179,1,12,0.14814814814814814,2.9410579629411013,48,45,2160,18,2,584,36,0.2894736842105263
55535491100,7102633221,1,15,0.06818181818181818,3.538493073252329,60,175,10500,22,8,1963,1581,0.25
57118274600,6506048716,1,6,0.1875,2.1449507541704373,18,20,360,19,7,537,359,0.3783783783783784
55929968300,56973349700,1,10,0.7142857142857143,3.122839697372492,12,12,144,14,0,227,17,0.9
56903779800,57203816121,1,2,0.09090909090909091,0.4758462193239684,16,8,128,9,5,805,261,0.14285714285714285
57209661009,7003557544,1,2,0.06451612903225806,0.7259450575305171,3,30,90,27,21,3836,3728,0.14285714285714285
55087222300,57193629087,1,8,0.4,2.5430063157209792,19,9,171,9,5,266,196,0.13157894736842105
57193493655,7005592130,1,7,0.12280701754385964,2.4118421630151596,28,36,1008,9,5,129,81,0.25806451612903225
35585451000,6602834144,1,4,0.04081632653061224,1.4280179513245574,97,5,485,19,15,848,760,0.09803921568627451
14123842600,56084970400,1,10,0.12195121951219512,3.6947468532925827,82,10,820,27,19,2128,1968,0.5263157894736842
57195987896,57199404829,1,3,0.2,1.0652029859176457,5,13,65,12,6,234,98,0.23076923076923078
56195416200,57214178695,1,2,0.07407407407407407,0.6403544037506719,22,7,154,21,17,1145,1101,0.01639344262295082
26634884900,57203949863,1,58,0.32222222222222224,13.118690123998059,88,150,13200,27,1,2793,35,0.25396825396825395
57201026134,57218192915,1,53,0.29775280898876405,12.061482549777107,156,75,11700,18,4,2130,376,0.25806451612903225
36057286100,46661608200,1,6,0.12244897959183673,1.6516379831975445,47,8,376,8,4,239,117,0.47368421052631576
52264226300,55479849400,1,5,0.4166666666666667,1.9384796875484365,9,8,72,9,1,121,25,0.3333333333333333
57200303669,57216419648,1,7,0.3684210526315789,2.011607813606553,18,8,144,4,0,55,7,0.2222222222222222
56491360900,6701484227,1,1,0.02564102564102564,0.5138983423697507,14,26,364,16,6,449,247,0.12
55606603600,57331084500,1,2,0.3333333333333333,0.9481928242730024,5,3,15,5,1,107,29,0.34615384615384615
57087112000,6506320574,1,10,0.22727272727272727,4.057632730412991,15,39,585,19,3,619,225,0.3902439024390244
57214180581,6701632574,1,7,0.3333333333333333,2.80322537574855,9,19,171,11,3,361,171,0.3888888888888889
57188643984,7003467120,1,32,0.3368421052631579,7.518523698889033,48,79,3792,18,4,543,91,0.10909090909090909
16643616700,57213707703,1,5,0.04504504504504504,1.9320398376335026,110,6,660,27,21,2247,2099,0.0970873786407767
57212218856,6603079011,1,4,0.06153846153846154,1.2541482196059306,6,63,378,23,13,1216,1076,0.25
56890903400,57209449573,1,8,0.2857142857142857,2.115994016587838,11,25,275,5,1,54,12,0.4444444444444444
55361992300,57196117932,1,2,0.5,0.5741075516594257,2,4,8,5,1,100,64,0.17647058823529413
57200759527,6506602604,1,5,0.38461538461538464,2.264094353925773,5,13,65,6,2,157,51,0.2727272727272727
56367444600,57212697795,1,4,0.5,1.8079663381972395,7,5,35,14,0,227,29,0.3333333333333333
57216848864,7201498609,1,5,0.25,1.9760832400867654,15,10,150,3,1,13,5,0.8333333333333334
50162860100,57218849088,1,7,0.5,2.1105068354327665,11,10,110,6,2,47,13,0.4
57296220700,57296576200,1,3,0.3333333333333333,0.8899561673402412,6,6,36,2,0,8,6,0.5
24339158000,56380525500,1,2,0.08333333333333333,0.7222254969336162,5,21,105,19,7,569,311,0.13333333333333333
57201985653,57203191886,1,7,0.09210526315789473,1.75903106295457,61,22,1342,13,1,244,30,0.14814814814814814
57638569100,57729458200,1,1,0.125,0.267546386419054,4,5,20,10,6,616,472,0.06451612903225806
56075745900,57188415100,1,18,0.47368421052631576,5.449509768985738,29,27,783,11,1,221,47,0.6086956521739131
55403844500,7004481112,1,58,0.37662337662337664,18.695356291264176,84,128,10752,29,3,1306,316,0.3614457831325301
57185295400,57191259498,1,6,0.1875,2.6581443071784205,32,6,192,14,6,592,134,0.5813953488372093
34874490300,7005082971,1,6,0.0759493670886076,2.0414024545516942,34,51,1734,27,15,1350,1148,0.15714285714285714
55781722000,7101828170,1,5,0.07246376811594203,2.386685885673951,6,68,408,25,15,1211,1059,0.25806451612903225
57221949854,7004835587,1,61,0.1737891737891738,14.429685672972967,122,290,35380,57,7,6053,109,0.4
57218195605,8554385000,1,32,0.2689075630252101,7.083942541682432,101,50,5050,15,3,1166,696,0.2926829268292683
6506006903,7004481112,1,14,0.1076923076923077,4.774275750314292,16,128,2048,20,12,888,734,0.11842105263157894
56954535800,7005231695,1,2,0.06896551724137931,0.7053795125850686,9,22,198,18,2,498,164,0.37777777777777777
15765091600,7003895942,1,3,0.25,1.5788967381397452,4,11,44,8,4,111,95,0.3333333333333333
55644034300,57196023105,1,35,0.35714285714285715,8.134512760125602,87,46,4002,22,14,1579,1391,0.1111111111111111
22035903600,6506130489,1,1,0.025,0.40242960438184466,6,35,210,22,12,1662,1366,0.3076923076923077
55022701000,57214890660,1,7,0.1590909090909091,2.193839905228367,39,12,468,30,24,2220,2092,0.06451612903225806
55746970100,57558221300,1,5,0.08771929824561403,1.2037885219922362,57,5,285,9,5,298,248,0.3333333333333333
57209638038,6602971364,1,2,0.15384615384615385,0.6823362572322303,11,4,44,4,0,38,2,0.03333333333333333
15045722200,15518960000,1,12,0.23529411764705882,4.297670973646225,23,40,920,52,20,4271,2597,0.40963855421686746
57190686529,57193579889,1,6,0.16666666666666666,1.8601577770796458,17,25,425,17,1,406,32,0.2857142857142857
16229748800,54881321300,1,3,0.15789473684210525,0.878178897797184,13,9,117,8,4,395,327,0.29411764705882354
35317341600,7101626401,1,5,0.35714285714285715,1.5820801033167744,8,11,88,8,2,234,124,0.38095238095238093
57202072541,57226357862,1,9,0.391304347826087,2.920294602102815,18,14,252,10,0,161,37,0.5
56819286200,6701922481,1,3,0.14285714285714285,1.1749080597190398,10,14,140,25,9,1311,571,0.375
11439250900,58778624800,1,2,0.15384615384615385,1.217166903056972,10,5,50,11,7,368,306,0.1
54079371100,56145502500,1,5,0.35714285714285715,1.9025537626098097,7,12,84,7,3,88,48,0.3157894736842105
58582140500,6602619791,1,2,0.125,0.990604307628467,4,14,56,13,7,214,166,0.325
37077016100,7003450280,1,5,0.0364963503649635,1.4894045321259899,6,136,816,16,12,618,584,0.3148148148148148
54417901000,7102474754,1,5,0.06578947368421052,1.3908924923175987,14,67,938,22,16,1252,1204,0.075
16643616700,56845874500,1,12,0.10714285714285714,4.638141314253829,110,14,1540,27,21,2212,2134,0.13592233009708737
57194517764,7005330448,1,20,0.20408163265306123,6.266824699080844,38,80,3040,39,11,2984,1290,0.3225806451612903
57147237500,57204052801,1,6,0.2727272727272727,1.9690571881404515,18,10,180,16,0,827,171,0.45652173913043476
58711707300,7004239568,1,5,0.15625,1.5293340329809844,12,25,300,8,4,1377,1321,0.058823529411764705
57210960198,59808396600,1,13,0.08783783783783784,2.9764613824831203,135,26,3510,11,7,1256,1204,0.09090909090909091
43762251000,56990733700,1,4,0.19047619047619047,1.2268801965015714,20,5,100,9,5,242,172,0.16666666666666666
55933323300,57215579465,1,21,0.4772727272727273,4.796830404899957,36,29,1044,4,0,135,7,0.30303030303030304
22938031400,56607432800,1,37,0.5285714285714286,8.62643910035921,60,47,2820,10,4,184,84,0.21875
56901271600,7004546814,1,3,0.125,0.8673480786961705,5,22,110,13,7,272,186,0.13793103448275862
45161224700,57208412329,1,6,0.12244897959183673,1.8647467569572993,47,8,376,13,9,285,209,0.10714285714285714
57215695696,6602404361,1,25,0.24271844660194175,5.613474129843327,33,95,3135,14,10,580,530,0.18421052631578946
56911753200,57188728709,1,10,0.5,3.256032891569914,13,17,221,11,3,120,26,0.27586206896551724
55507423800,57222172230,1,3,0.1875,1.0962789352144635,16,3,48,14,10,458,348,0.15384615384615385
55879558900,7202074304,1,0,0.0,0.0,3,14,42,12,6,307,259,0.109375
16243020100,57200644240,1,57,0.2425531914893617,13.0662745870129,216,76,16416,32,18,3916,3334,0.18309859154929578
57196146647,57215102752,1,16,0.3076923076923077,4.054761397313727,41,27,1107,14,6,476,218,0.2777777777777778
7004508608,7005586609,1,4,0.13793103448275862,1.4957619243074485,29,4,116,11,7,255,219,0.2413793103448276
12782630800,6603810686,1,6,0.049586776859504134,2.111736584317226,106,21,2226,20,10,812,746,0.3595505617977528
57204883159,57214861771,1,2,0.2857142857142857,0.5422409284737884,7,2,14,8,4,152,68,0.6666666666666666
15922168100,57224831324,1,0,0.0,0.0,24,0,0,18,14,673,623,0.16666666666666666
57218194340,6504280283,1,25,0.17857142857142858,6.186587046743864,75,90,6750,19,1,1265,645,0.2553191489361702
54413111200,6701380843,1,8,0.0898876404494382,2.3439904629217287,51,46,2346,35,9,1583,615,0.1728395061728395
57201112275,6602404361,1,7,0.0660377358490566,2.3680833849553102,18,95,1710,16,8,583,527,0.23076923076923078
57190686529,57846301200,1,3,0.14285714285714285,1.294169080534196,17,7,119,11,7,225,213,0.07692307692307693
55986627700,57188714069,1,9,0.2727272727272727,3.550836275753216,20,22,440,11,1,240,12,0.6470588235294118
23013587700,57224156534,1,3,0.15789473684210525,1.1109717520343443,18,4,72,4,2,32,22,0.10526315789473684
55882063100,57215683127,1,43,0.3006993006993007,9.689478267427228,68,118,8024,20,2,2073,285,0.12
57215152591,6506610707,1,6,0.16666666666666666,2.3740337542224124,12,30,360,11,7,429,411,0.5
35419894800,57195442657,1,20,0.10526315789473684,5.967682777728308,40,170,6800,25,5,1022,166,0.3333333333333333
16643616700,50960926700,1,17,0.13709677419354838,7.169226561430143,110,31,3410,36,12,2587,1759,0.2818181818181818
16203173100,36923965900,1,4,0.08695652173913043,1.3732484150366766,41,9,369,16,6,398,126,0.24
57217216201,6701608636,1,13,0.2765957446808511,3.949060073058425,19,41,779,13,7,240,202,0.22641509433962265
57211852761,7103040365,1,41,0.2645161290322581,9.07433011431001,50,146,7300,17,9,1316,1200,0.037037037037037035
57865339700,7402213724,1,4,0.36363636363636365,1.9768053841145912,4,11,44,15,9,456,382,0.4358974358974359
6505881924,6602633095,1,0,0.0,0.0,68,59,4012,22,2,688,272,0.2318840579710145
57218686403,57221341400,1,6,0.24,1.5790065827837847,21,10,210,7,3,199,169,0.043478260869565216
14823069800,57188697738,1,4,0.13333333333333333,1.6495909834009155,22,12,264,7,1,98,32,0.12
57191854299,7004835587,1,18,0.05660377358490566,4.316122963195377,46,290,13340,45,19,3969,2193,0.3118279569892473
15827156300,55017479800,1,4,0.2,1.3714757815547047,20,4,80,4,2,35,7,0.5217391304347826
55986606800,57219884947,1,6,0.35294117647058826,1.9316895153736835,16,7,112,10,6,175,145,0.15
26221591900,57247124600,1,4,0.15384615384615385,1.9556192916432458,23,7,161,14,6,441,227,0.37142857142857144
57201884329,7006177272,1,8,0.0851063829787234,1.8663130662197103,22,80,1760,22,14,1079,909,0.12698412698412698
57200425175,57482520200,1,17,0.6296296296296297,4.397738176299916,22,22,484,5,1,66,46,0.16666666666666666
37063709100,7006505400,1,5,0.1,1.2965584926538969,12,43,516,17,5,547,207,0.16071428571428573
24381811800,55230018700,1,5,0.13513513513513514,2.1995807436089008,35,7,245,17,9,449,347,0.4230769230769231
55942071800,57214556569,1,1,0.08333333333333333,0.9102392266268373,12,1,12,20,2,1266,176,0.5641025641025641
35322830900,55771551500,1,2,0.08333333333333333,0.6193723551714452,20,6,120,11,7,382,194,0.14285714285714285
18436000300,57214182134,1,7,0.21875,2.092315898244571,15,24,360,11,3,215,127,0.2631578947368421
14054493300,8972484200,1,0,0.0,0.0,10,28,280,22,8,798,486,0.10526315789473684
57196146647,57203974537,1,9,0.1875,2.450333739059425,41,16,656,15,5,501,193,0.23529411764705882
57194735402,7003473187,1,9,0.13636363636363635,3.1384418452760827,21,54,1134,23,7,795,447,0.1643835616438356
57201250923,57203894446,1,12,0.2926829268292683,4.242471738943487,30,23,690,11,1,303,43,0.3333333333333333
55636870000,57188766397,1,6,0.3,2.100557345882544,20,6,120,13,5,641,509,0.3611111111111111
35425219100,55070036100,1,26,0.3611111111111111,8.7073642443628,48,50,2400,25,5,1042,330,0.4520547945205479
57191440019,57218610871,1,9,0.2571428571428571,2.5872544361961034,31,13,403,22,10,777,459,0.4666666666666667
56373507100,57216826033,1,5,0.4166666666666667,1.8439044448248914,8,9,72,7,1,65,7,0.36363636363636365
58282114600,58749461200,1,2,1.0,1.424137568996588,2,2,4,2,0,7,1,1.0
57194191719,57216798630,1,5,0.2631578947368421,1.8847970857296932,12,12,144,17,1,451,13,0.2
15844865900,6506736837,1,3,0.043478260869565216,1.0837401524649453,15,57,855,30,12,1958,830,0.34513274336283184
35741441600,57191407988,1,3,0.23076923076923078,0.8670025779858457,13,3,39,8,4,373,269,0.16279069767441862
56689207300,57193087551,1,8,0.6153846153846154,3.211555697526464,11,10,110,2,0,16,14,0.7777777777777778
6701670128,7005637352,1,13,0.11818181818181818,3.386832991663034,73,50,3650,25,3,1016,72,0.38461538461538464
57194021664,57886360900,1,11,0.3333333333333333,3.1959821905885852,32,12,384,6,2,62,48,0.25
15073894300,57203181593,1,8,0.18181818181818182,2.1161766358322502,37,15,555,21,11,759,623,0.1111111111111111
57218192507,57218195605,1,39,0.2826086956521739,8.768811114131935,76,101,7676,16,2,1808,54,0.20512820512820512
58094003400,7006686754,1,7,0.1794871794871795,2.0297209643714913,7,39,273,13,9,1204,1146,0.15384615384615385
56414901900,57207449471,1,7,0.2692307692307692,2.7352375720757474,20,13,260,9,3,153,103,0.5454545454545454
57195067107,7103053518,1,1,0.008130081300813009,0.21859304439100327,2,122,244,16,12,580,524,0.04819277108433735
36503793400,57200377026,1,2,0.09523809523809523,0.9359929150037367,6,17,102,27,9,2507,1585,0.4782608695652174
54998020900,57202263698,1,5,0.15625,1.5183824137654087,18,19,342,11,1,214,12,0.18518518518518517
57197499872,57203416958,1,2,0.1111111111111111,0.6858508581200861,17,3,51,17,11,657,465,0.3333333333333333
57202887572,57566640800,1,12,0.2857142857142857,3.2294343068725757,40,14,560,8,4,156,132,0.42105263157894735
14831722300,57194213497,1,6,0.13043478260869565,2.1471433773271054,42,10,420,17,9,621,483,0.23333333333333334
57211523239,57220642249,1,2,0.1111111111111111,0.8508659956839886,15,5,75,5,1,140,34,0.1875
6506694707,7103061271,1,11,0.09090909090909091,3.5312211529473188,20,112,2240,24,14,1271,1131,0.30434782608695654
57212705551,6601969069,1,19,0.25675675675675674,5.648137949795405,45,48,2160,33,1,1761,265,0.42857142857142855
26538927600,57201734615,1,8,0.08333333333333333,2.8043784044076516,46,58,2668,23,3,1170,306,0.40540540540540543
16402502400,57201802678,1,5,0.5,1.7833013099952917,8,7,56,6,2,190,58,0.6052631578947368
57482201100,6602808786,1,22,0.3492063492063492,5.930081648144454,26,59,1534,12,8,338,288,0.16666666666666666
55746970100,57202027485,1,6,0.09523809523809523,1.6664587082807116,57,12,684,9,5,324,222,0.23529411764705882
35338069100,57194029067,1,6,0.10526315789473684,1.3458863553390263,15,48,720,19,15,909,739,0.2777777777777778
14831676900,57204586575,1,6,0.09375,1.9633823646536586,61,9,549,23,15,1115,891,0.046511627906976744
16634614100,37099155100,1,7,0.12727272727272726,1.9728500991302544,40,22,880,19,7,797,595,0.2765957446808511
14059609600,57209661857,1,4,0.125,1.028617350288154,19,17,323,9,5,154,112,0.36363636363636365
58037639700,7202369003,1,0,0.0,0.0,1,29,29,11,9,341,319,0.07317073170731707
57191961791,57740708200,1,5,0.16666666666666666,1.8021217674409789,25,10,250,15,9,579,485,0.171875
57189267051,57210926756,1,5,0.16129032258064516,1.214685244980121,27,9,243,32,2,2458,836,0.4
57194104468,57201504995,1,13,0.17333333333333334,3.4600500002646233,27,61,1647,18,4,389,131,0.20588235294117646
57201985653,6701424197,1,38,0.3619047619047619,8.800490309333972,61,82,5002,20,6,444,170,0.20454545454545456
56079359200,57197269844,1,6,0.14285714285714285,1.5007090404084726,38,10,380,11,7,279,183,0.3157894736842105
36442085600,57118274600,1,4,0.14285714285714285,1.2579945526538987,14,18,252,11,1,181,3,0.45454545454545453
56537108900,57191903903,1,11,0.10185185185185185,2.446697885896682,87,32,2784,22,8,792,444,0.22950819672131148
22936288700,57201861727,1,3,1.0,1.734628213009111,3,3,9,4,0,18,0,0.07692307692307693
24377391500,56025884600,1,5,0.17857142857142858,1.798961852394899,22,11,242,21,13,740,634,0.34
35378828900,56921446800,1,9,0.11392405063291139,2.8484778461403035,74,14,1036,22,8,961,735,0.21686746987951808
57216419607,57220996918,1,4,0.4444444444444444,1.8925305877790943,5,8,40,6,2,103,27,0.25
23072832700,57195935522,1,4,0.05714285714285714,1.6658653962321195,69,5,345,31,21,2910,2580,0.30833333333333335
13605127900,23490079100,1,3,0.3,1.5264525390341948,10,3,30,4,2,43,25,0.16666666666666666
38661114200,57200619062,1,6,0.1875,1.8390550374715295,25,13,325,6,2,95,55,0.2222222222222222
12785708100,55661019500,1,7,0.18421052631578946,2.0846601054304204,35,10,350,9,5,156,126,0.375
24491486300,56693891900,1,5,0.1,1.8811302555791964,50,5,250,16,12,566,544,0.18840579710144928
16426043400,37123859400,1,0,0.0,0.0,4,2,8,8,2,171,27,0.46511627906976744
10143354000,6602404361,1,45,0.23195876288659795,10.35049088102728,144,95,13680,35,11,1706,596,0.23008849557522124
56530383700,8840081100,1,2,0.09090909090909091,0.7420528762769533,7,17,119,19,11,1231,1035,0.21739130434782608
57218761267,7202219958,1,7,0.09333333333333334,2.557061846380395,15,67,1005,17,7,549,277,0.07462686567164178
35615066800,7801424387,1,4,0.06666666666666667,1.650130879902849,52,12,624,28,20,1819,1581,0.18867924528301888
35337121100,7101828170,1,6,0.08823529411764706,2.5271936441098606,6,68,408,24,16,1232,1038,0.16666666666666666
25031122000,57418950700,1,10,0.10869565217391304,2.8847570825695543,59,43,2537,15,3,389,135,0.34146341463414637
57201990834,7203007412,1,11,0.07236842105263158,2.9442340023713176,51,112,5712,27,15,1652,1444,0.17333333333333334
56513768800,57195671153,1,14,0.2413793103448276,4.393119825126053,56,16,896,25,11,1212,748,0.3953488372093023
57207764447,57220645082,1,6,0.375,2.411688774635919,8,14,112,6,2,91,51,0.7142857142857143
57209882568,57230877100,1,4,0.5714285714285714,2.613595441853172,7,4,28,8,4,92,70,0.8571428571428571
56239297000,7003699883,1,2,0.03225806451612903,0.4719718772304182,3,61,183,18,14,953,901,0.1568627450980392
57189440797,57197510614,1,1,0.25,0.40242960438184466,3,2,6,5,1,78,30,0.5
56606104800,56781086400,1,22,0.23404255319148937,6.072006391917672,57,59,3363,32,6,1723,231,0.4107142857142857
55357477800,57195424045,1,22,0.5238095238095238,7.61244774796679,34,30,1020,11,1,242,56,0.4
57203355876,8554385000,1,29,0.5686274509803921,6.801984190168416,30,50,1500,9,3,385,85,0.3157894736842105
54913625700,7102231043,1,4,0.02127659574468085,1.5956578281095477,27,165,4455,80,8,8650,3316,0.37272727272727274
24174298100,57207305344,1,9,0.5625,2.871810742716712,9,16,144,5,1,237,57,0.5
57220190496,7003379409,1,5,0.3125,1.7358310936280776,7,14,98,12,8,304,268,0.13043478260869565
55572848300,7101666751,1,4,0.2,1.3969714195370186,5,19,95,5,1,63,15,0.45454545454545453
25621529400,57221949854,1,67,0.3785310734463277,15.92025733240401,122,122,14884,46,4,4954,990,0.46511627906976744
57192073087,7003305314,1,7,0.02564102564102564,2.2935088495965186,106,174,18444,72,42,12390,8940,0.32653061224489793
36871528400,6506694707,1,15,0.5769230769230769,4.620132808876811,21,20,420,9,1,112,28,0.3902439024390244
57200728822,57202776363,1,3,0.25,1.0615341508071814,5,10,50,16,0,718,456,0.23529411764705882
57193163824,57201652562,1,6,0.24,1.994433703306467,24,7,168,13,3,534,100,0.45
57209507576,6505758008,1,1,0.16666666666666666,0.35295612386476116,1,6,6,19,11,1543,1251,0.1951219512195122
57190660749,57193427408,1,0,0.0,0.0,17,5,85,9,3,349,25,0.2727272727272727
56910252000,57201153334,1,5,0.13513513513513514,2.1930359216809387,35,7,245,35,23,3481,3207,0.3157894736842105
35497272700,57193210476,1,1,0.023809523809523808,0.5138983423697507,39,4,156,19,13,828,686,0.14457831325301204
57217214525,6603356349,1,3,0.2,1.4768950133247354,3,15,45,13,7,285,227,0.2
50861948800,57202833589,1,9,0.6428571428571429,3.408750409501904,13,10,130,6,0,50,16,0.34782608695652173
57218192507,6506776579,1,55,0.2391304347826087,12.882027429247737,76,209,15884,32,18,4781,3027,0.18461538461538463
7003732915,7202140793,1,18,0.10285714285714286,5.676157508959718,119,74,8806,74,6,10902,1484,0.47706422018348627
55323998800,57190572638,1,14,0.35,4.035423228938588,35,19,665,23,7,692,258,0.5652173913043478
25822049200,7004835587,1,31,0.08244680851063829,7.292849231044691,117,290,33930,54,10,4711,1451,0.4166666666666667
57215102728,57221606534,1,33,0.3793103448275862,7.740116564703857,36,84,3024,7,3,280,90,0.38461538461538464
57203949863,57209721892,1,63,0.3772455089820359,14.58303020574504,150,80,12000,19,7,1747,1011,0.17142857142857143
57199645286,6603311220,1,5,0.11363636363636363,2.319533421174719,7,42,294,22,14,1358,858,0.26
55332159900,6506892530,1,5,0.125,1.9503254362355937,9,36,324,13,5,444,348,0.4878048780487805
57413715900,7102633221,1,28,0.1564245810055866,6.404460368274594,32,175,5600,17,13,1814,1730,0.04
57193161850,7004751343,1,8,0.11764705882352941,2.4143828630798074,16,60,960,47,27,3888,3044,0.36470588235294116
56462886200,57234377700,1,3,0.6,0.8110862647917394,4,4,16,5,1,28,4,0.22727272727272727
57201084031,57214192991,1,36,0.375,8.19181998252622,91,41,3731,16,10,1781,1335,0.14634146341463414
10939275100,57115428900,1,5,0.18518518518518517,1.5322978172311719,17,15,255,19,9,1073,753,0.20833333333333334
54892907100,57211927845,1,8,0.27586206896551724,2.4373933150247273,27,10,270,9,5,174,96,0.24
7005281685,8382434800,1,5,0.18518518518518517,1.7748266498898817,10,22,220,7,3,103,73,0.17777777777777778
55644034300,57188643984,1,37,0.37755102040816324,8.597917948623051,87,48,4176,25,11,1711,1259,0.24193548387096775
12141305200,57209746692,1,0,0.0,0.0,27,0,0,7,7,236,236,0.2857142857142857
56605966900,8534471900,1,12,0.15584415584415584,4.0032214598534415,13,76,988,19,11,654,536,0.15555555555555556
35758609900,57219422226,1,4,0.08695652173913043,1.0134325622879596,42,8,336,6,4,73,35,0.23529411764705882
22938031400,8630861900,1,4,0.06060606060606061,1.3270605804322917,60,10,600,10,4,200,68,0.16
36952258700,6701542482,1,14,0.22950819672131148,4.609920245213823,20,55,1100,29,15,1891,1619,0.32978723404255317
24824188400,57207766930,1,7,0.16666666666666666,2.3618950008386,24,25,600,12,4,270,158,0.1794871794871795
56542795100,6701801409,1,0,0.0,0.0,0,27,0,27,13,1777,1485,0.4791666666666667
46161079100,59158332000,1,3,0.23076923076923078,1.176843740341682,10,6,60,11,7,549,443,0.14285714285714285
57195549409,7004405540,1,2,0.02040816326530612,0.5159718848175231,3,97,291,14,12,562,542,0.10144927536231885
54383232900,6506776579,1,54,0.17704918032786884,14.02712798205563,150,209,31350,41,9,5012,2796,0.4943820224719101
37118135700,56576063900,1,11,0.13580246913580246,2.7753066933053407,68,24,1632,18,6,673,387,0.32558139534883723
14030472900,53463361500,1,2,0.02631578947368421,0.7814447287888047,14,64,896,29,21,2056,1866,0.29411764705882354
56161056700,57221684473,1,3,0.42857142857142855,1.4768950133247354,7,3,21,9,5,143,121,0.4
14060455600,16318838800,1,4,0.025,1.353467259510754,134,30,4020,48,32,5221,4857,0.35365853658536583
16053243500,6603269083,1,4,0.16666666666666666,2.0016836439293453,20,8,160,7,1,43,11,0.25
56328460200,57197754933,1,5,0.45454545454545453,1.938540217614071,7,9,63,7,3,120,54,0.375
57021797000,7102969029,1,5,0.17857142857142858,1.8140535143909873,15,18,270,12,0,307,13,0.2413793103448276
57192073087,57205307761,1,0,0.0,0.0,106,1,106,59,55,10674,10656,0.057971014492753624
35425219100,55614676600,1,3,0.061224489795918366,0.9825737325296724,48,4,192,17,13,703,669,0.16666666666666666
57195760105,57214178872,1,5,0.0625,1.564561033806851,63,22,1386,11,3,1224,676,0.36666666666666664
13607606600,6701922481,1,4,0.1111111111111111,1.5783022905353012,26,14,364,27,7,1277,605,0.43478260869565216
57189099690,57221322669,1,4,0.36363636363636365,1.1331304794266572,4,11,44,7,3,89,33,0.4
55665656200,57226803668,1,2,0.030303030303030304,0.859821528652939,66,2,132,11,7,278,242,0.09090909090909091
57208147782,57217390643,1,1,0.1111111111111111,0.43429448190325176,9,1,9,8,4,93,73,0.3
57200757737,57222000582,1,4,0.36363636363636365,1.538385993604936,11,4,44,6,2,91,57,0.5
56715896100,57209294585,1,3,0.6,1.6251171080655125,3,5,15,4,2,48,18,0.15
57205739069,7003572956,1,11,0.08943089430894309,3.0532424921266843,27,107,2889,34,14,2616,2254,0.2318840579710145
56671395200,57195062603,1,2,0.18181818181818182,0.7130970716616506,9,4,36,7,1,90,30,0.5714285714285714
7102743604,8275704100,1,1,0.01639344262295082,0.20961352064055247,42,20,840,22,6,872,410,0.3968253968253968
57211056598,7005401841,1,16,0.17204301075268819,3.7120915706977984,79,30,2370,10,4,667,617,0.25
57214192991,57221949854,1,32,0.24427480916030533,7.252124880503149,41,122,5002,28,22,3195,2749,0.12121212121212122
57210998630,7004405540,1,5,0.05102040816326531,2.169999499581608,6,97,582,17,9,592,512,0.1111111111111111
25636959900,6602828632,1,8,0.12698412698412698,2.5274158793728385,41,30,1230,28,2,1244,246,0.3684210526315789
57214185812,6602589883,1,6,0.06896551724137931,2.355919289146783,7,86,602,22,14,1121,959,0.08695652173913043
23486135800,57214191677,1,6,0.2608695652173913,2.004487975545428,14,15,210,21,9,765,447,0.1875
37562228500,7004481112,1,5,0.036231884057971016,1.5971898475970945,15,128,1920,19,13,850,772,0.11904761904761904
36975879700,57209532118,1,3,0.375,1.4499163026461572,7,4,28,10,6,287,225,0.13636363636363635
54383241100,57197708155,1,5,0.1,1.431446035112883,50,5,250,20,16,1103,691,0.024390243902439025
56958400900,56966260500,1,5,0.20833333333333334,1.9611002855807875,15,14,210,9,1,151,65,0.2222222222222222
56825146000,57296575500,1,5,0.18518518518518517,1.7241533196959016,15,17,255,9,5,182,162,0.05555555555555555
57104208800,57218105207,1,2,0.4,1.000258116249563,5,2,10,8,2,176,94,0.11428571428571428
57191344544,7202369029,1,22,0.2,6.796160550821937,28,104,2912,38,16,2977,2451,0.4025974025974026
56732423100,57193076284,1,11,0.5,3.7563813552159306,12,21,252,14,2,308,64,0.1
57201668565,57208034389,1,1,0.05555555555555555,0.3898712452512801,9,10,90,9,1,125,23,0.09090909090909091
57216909327,7801406059,1,5,0.3125,2.164885602770459,6,15,90,10,6,251,185,0.4117647058823529
36652922300,55907009500,1,3,0.04225352112676056,1.89224792140869,7,67,469,27,9,1678,1188,0.30434782608695654
34768087000,57218265161,1,0,0.0,0.0,0,1,0,7,1,45,15,0.3103448275862069
57189213896,57218493522,1,5,0.2777777777777778,1.5225011973665854,6,17,102,14,8,638,386,0.26666666666666666
57216908182,7801406059,1,6,0.375,2.6457839497334468,7,15,105,10,6,251,185,0.47368421052631576
28067543600,57195060271,1,6,0.3157894736842105,2.2934453206440297,7,18,126,18,2,593,5,0.3111111111111111
57212552316,57222401768,1,10,0.45454545454545453,3.0310326436448576,20,12,240,11,3,216,78,0.4444444444444444
57219674433,7102098015,1,3,0.16666666666666666,1.1055834356434173,4,17,68,10,6,207,195,0.18181818181818182
15136671100,36873751100,1,2,0.03773584905660377,1.4683498531780845,24,31,744,20,4,712,358,0.2535211267605634
35378828900,57191991115,1,11,0.14666666666666667,4.317141014503396,74,12,888,19,11,914,782,0.20238095238095238
55513019800,56027000000,1,2,0.03773584905660377,0.6753501582315751,41,14,574,14,8,546,496,0.18421052631578946
56104379700,6603353014,1,1,0.14285714285714285,0.36926937306885504,3,5,15,9,5,143,103,0.07317073170731707
56019914100,6507310582,1,8,0.06299212598425197,2.231973456357368,22,113,2486,17,11,710,650,0.225
57201734615,60100025400,1,13,0.14285714285714285,3.948819843792265,58,46,2668,24,2,995,481,0.25
54398879700,55679310300,1,3,0.13043478260869565,1.5045026499982177,12,14,168,21,7,1094,624,0.34782608695652173
15021715600,55937582600,1,7,0.5384615384615384,2.2344849418242747,12,8,96,6,2,97,63,0.24242424242424243
57212272884,7003942962,1,51,0.2712765957446808,11.56317836956386,73,166,12118,31,19,4837,3113,0.15492957746478872
56789638500,57571322500,1,2,0.18181818181818182,0.8051050185897132,11,2,22,9,5,167,145,0.175
56074017300,7004751343,1,9,0.10112359550561797,2.2124907972943504,38,60,2280,47,27,3973,2959,0.26136363636363635
57207623125,7003731076,1,6,0.23076923076923078,2.5324863013331393,8,24,192,18,12,659,607,0.375
26635822900,57205583730,1,5,0.19230769230769232,2.424323647095286,25,6,150,19,11,642,496,0.20512820512820512
44761100500,57192938250,1,16,0.1927710843373494,4.867453253895996,57,42,2394,16,2,452,84,0.2619047619047619
10539970600,6506576334,1,3,0.07142857142857142,0.7571698853494294,13,32,416,20,6,806,390,0.23255813953488372
15136671100,57190213554,1,2,0.08333333333333333,0.8575492176952633,24,2,48,15,9,591,479,0.25
55750106200,57190751938,1,0,0.0,0.0,2,2,4,7,3,83,51,0.3076923076923077
55581041300,6603156028,1,13,0.087248322147651,4.54040662339278,83,79,6557,61,7,5333,605,0.40540540540540543
57196707430,57270614000,1,2,0.08695652173913043,0.6320114371403848,22,3,66,16,10,519,459,0.3333333333333333
57188724612,7005330448,1,16,0.1951219512195122,5.296248381914985,18,80,1440,32,18,2295,1979,0.2641509433962264
57226124228,7202074304,1,4,0.2857142857142857,1.883639137572401,4,14,56,12,6,309,257,0.3469387755102041
24172674100,36489087800,1,5,0.11904761904761904,2.168822067214179,42,5,210,18,14,1131,1031,0.4788732394366197
56479115000,57195457711,1,2,0.10526315789473684,0.7258301510395552,15,6,90,9,1,142,24,0.25
55679310300,6701777193,1,4,0.25,2.419137002877124,14,6,84,18,10,952,766,0.44680851063829785
55334528900,56151754500,1,6,0.2727272727272727,3.009392881959074,12,16,192,32,2,1892,586,0.5714285714285714
57201407965,57201990363,1,7,0.1111111111111111,2.2100307241699335,34,36,1224,11,3,183,47,0.25
57214849973,57218681957,1,5,0.625,1.919705735491028,8,5,40,3,1,38,8,0.16666666666666666
57189659579,6602138253,1,2,0.125,0.8894140952166705,11,7,77,12,2,208,40,0.32142857142857145
26025948800,57207827862,1,8,0.12903225806451613,3.6125283141229403,62,8,496,28,22,2255,2009,0.14583333333333334
56688575600,57203722976,1,5,0.35714285714285715,2.3665569552062626,14,5,70,9,5,223,5,0.2
22934833900,35555798600,1,4,0.04040404040404041,1.4774938722688808,38,65,2470,30,14,1645,1297,0.42528735632183906
57205195001,57209721892,1,18,0.21176470588235294,4.074225891863701,23,80,1840,8,4,435,301,0.4166666666666667
57207458647,59159117500,1,3,0.23076923076923078,1.028648148635575,12,4,48,6,4,90,86,0.5454545454545454
24779987100,36573296000,1,5,0.13513513513513514,1.9243974332128921,30,12,360,11,1,277,81,0.2571428571428571
57204542974,57218761267,1,8,0.14285714285714285,2.089399679233502,49,15,735,28,18,1446,1174,0.11627906976744186
24491486300,56625783900,1,3,0.04838709677419355,1.5188243548655658,50,15,750,29,1,1077,33,0.379746835443038
57202255018,7006200042,1,18,0.2727272727272727,5.345223168638653,27,57,1539,29,11,1660,1028,0.32653061224489793
6507516780,7003942962,1,5,0.026881720430107527,1.636711350936673,25,166,4150,32,18,4086,3864,0.2727272727272727
55930258000,59944389400,1,9,0.2647058823529412,2.8467309965080143,10,33,330,15,5,409,241,0.47058823529411764
55418858500,56333325300,1,1,0.015384615384615385,0.2530848692773169,15,51,765,21,7,638,334,0.1875
55704795900,56193073000,1,6,0.6,2.218220728665146,7,9,63,7,1,136,26,0.25806451612903225
36192495600,7004061355,1,13,0.2708333333333333,4.991468144727451,14,47,658,21,9,798,270,0.29850746268656714
35334974300,6603156028,1,9,0.08256880733944955,2.830462789567501,39,79,3081,66,2,5622,316,0.38571428571428573
57195593253,57220554391,1,2,0.25,0.8575492176952633,7,3,21,7,3,126,88,0.15384615384615385
38662141300,57216776259,1,1,0.2,0.6213349345596119,4,2,8,8,2,95,47,0.5714285714285714
55424695500,56990733700,1,4,0.13333333333333333,1.2268801965015714,29,5,145,18,14,539,469,0.125
57023536800,57202072541,1,8,0.42105263157894735,2.496666298958335,9,18,162,8,2,98,26,0.375
55878047800,6602277744,1,32,0.23703703703703705,9.743752968177846,34,133,4522,28,16,2045,1885,0.28125
57215683127,6603165760,1,14,0.08433734939759036,3.5784332499816633,118,62,7316,16,2,1121,667,0.20930232558139536
57217661773,57222990908,1,16,0.22535211267605634,4.29925479053429,55,32,1760,15,1,1002,752,0.23333333333333334
55403844500,57225141700,1,16,0.18823529411764706,5.4308013431912165,84,17,1428,15,11,509,481,0.10810810810810811
7003450280,7003810795,1,13,0.07428571428571429,3.713732941318486,136,52,7072,38,10,2904,1702,0.43333333333333335
13406948400,7003723827,1,1,0.030303030303030304,0.3284587387530511,23,11,253,21,3,614,304,0.2833333333333333
12807827200,57223231179,1,3,0.075,1.3913235112453803,40,3,120,18,16,854,840,0.04878048780487805
55882063100,57203949863,1,47,0.27485380116959063,10.635122622868916,68,150,10200,24,2,2558,200,0.2777777777777778
57195442657,6508228018,1,15,0.07109004739336493,4.148532046560014,170,56,9520,32,2,1440,252,0.3253012048192771
57217278003,7004376921,1,2,0.06896551724137931,1.0402765093482826,2,29,58,21,13,837,557,0.2
26642336600,55915590900,1,10,0.3125,3.5515124357670063,25,17,425,18,4,373,127,0.3055555555555556
56780244700,6701547321,1,5,0.29411764705882354,2.010000106690725,7,15,105,7,1,89,27,0.2702702702702703
16199397400,57216826033,1,6,0.15384615384615385,2.1831667212469488,36,9,324,8,0,92,20,0.1
16243020100,57217661773,1,27,0.11065573770491803,6.002850565817981,216,55,11880,33,17,4502,2748,0.2602739726027397
57195574437,57196084513,1,9,0.2903225806451613,2.2641921148340236,10,30,300,6,2,63,1,0.11764705882352941
57215135933,58175870700,1,11,0.5238095238095238,3.2361965866494407,17,15,255,3,1,19,13,0.3333333333333333
57073644400,57199309168,1,3,0.1,0.8131231629900972,15,18,270,17,1,615,27,0.5517241379310345
56530788800,57204553792,1,9,0.15254237288135594,2.510190741867043,41,27,1107,12,2,264,6,0.2571428571428571
15047537900,7202075544,1,4,0.03278688524590164,1.1410676025574704,42,84,3528,23,9,1168,696,0.35555555555555557
57205760368,7003942962,1,46,0.26136363636363635,13.584589320587837,56,166,9296,36,14,4479,3471,0.5
26031890200,6603839720,1,7,0.11475409836065574,2.81530391861988,14,54,756,31,25,2569,2441,0.14814814814814814
36801262700,7102231043,1,39,0.21666666666666667,9.08686980897562,54,165,8910,48,40,6380,5586,0.1839080459770115
56790073300,7006466498,1,12,0.12244897959183673,3.5144710693797845,24,86,2064,23,13,909,771,0.17721518987341772
39862790000,7101835141,1,17,0.4358974358974359,4.769263214942236,36,20,720,21,5,1058,418,0.3939393939393939
57201301532,6701448651,1,2,0.09523809523809523,0.5524874939234827,3,20,60,10,6,407,253,0.125
57194735402,57214440843,1,1,0.047619047619047616,0.3001016285004131,21,1,21,10,6,186,162,0.06666666666666667
14056688500,55242228300,1,20,0.14084507042253522,4.431321640537605,104,58,6032,19,1,644,38,0.22807017543859648
55363925500,9279099800,1,12,0.2926829268292683,5.222686268853428,32,21,672,16,4,390,88,0.4222222222222222
57204580421,57323175600,1,3,0.42857142857142855,1.1754973192979148,6,4,24,4,0,51,25,0.4444444444444444
17342671000,7201677725,1,9,0.08256880733944955,2.939900058965339,42,76,3192,20,10,688,520,0.3582089552238806
36991101500,57614238500,1,3,0.06976744186046512,0.8524963295268512,41,5,205,27,23,2738,2568,0.41935483870967744
16402502400,57214798137,1,1,0.07692307692307693,0.5138983423697507,8,6,48,8,0,176,72,0.21951219512195122
35497928300,58165093600,1,6,0.42857142857142855,2.0286520897040687,7,13,91,8,2,97,25,0.5333333333333333
35548015700,57203028938,1,10,0.0970873786407767,3.2643199591154355,50,63,3150,62,26,7460,4630,0.2897196261682243
57188667367,7006331382,1,5,0.08771929824561403,2.2380384170155985,17,45,765,13,7,414,330,0.16326530612244897
56626106100,57219674432,1,2,0.2,1.1556420023477334,10,2,20,6,2,61,49,0.42857142857142855
57208393419,7004751343,1,7,0.10294117647058823,2.036269923696867,15,60,900,47,27,3748,3184,0.313953488372093
57208056106,57208281260,1,3,0.3,1.1973978465073372,7,6,42,8,0,113,25,0.29411764705882354
55007549700,6602127645,1,5,0.45454545454545453,3.0564350839030743,5,11,55,8,2,174,94,0.4888888888888889
56378542800,57192985424,1,23,0.3194444444444444,6.310679501869416,68,27,1836,20,16,1168,1114,0.11428571428571428
56211154400,56451087100,1,4,0.17391304347826086,1.3295607952322221,10,17,170,11,3,285,135,0.3142857142857143
56825146000,57201464361,1,3,0.2,2.275598066567093,15,3,45,10,4,203,141,0.35294117647058826
36562239400,57214862204,1,4,0.2222222222222222,1.5568177365152773,16,6,96,8,2,161,23,0.47619047619047616
57205696181,57211427050,1,23,0.36507936507936506,6.18807899530086,45,41,1845,13,1,261,51,0.1724137931034483
55410054500,7101835153,1,3,0.05263157894736842,1.4941285868276537,23,37,851,15,1,367,23,0.2
6602711642,7004357973,1,1,0.016129032258064516,0.9102392266268373,9,54,486,19,13,761,675,0.32142857142857145
6602436600,7005372641,1,1,0.045454545454545456,0.7213475204444817,8,15,120,10,4,247,85,0.4098360655737705
60106470500,8298677400,1,1,0.034482758620689655,0.209243389805969,5,25,125,22,10,1087,653,0.2545454545454545
56893098600,7004355226,1,1,0.08333333333333333,0.45511961331341866,7,6,42,7,1,88,24,0.42592592592592593
57221398814,7003450280,1,8,0.058823529411764705,2.504895168113756,8,136,1088,16,12,610,592,0.05660377358490566
27867659700,57215281063,1,8,0.2857142857142857,3.2493362414937392,28,8,224,17,5,534,218,0.2631578947368421
25621529400,56331374700,1,24,0.18461538461538463,5.517299590580626,122,32,3904,27,15,2166,1798,0.36082474226804123
57188643984,57221552670,1,11,0.2,2.7315647187777956,48,18,864,13,1,400,52,0.19148936170212766
57203949863,6602277744,1,21,0.08015267175572519,4.723885390926669,150,133,19950,35,9,3344,586,0.29333333333333333
57330321700,57413255500,1,6,0.75,2.492062992985651,8,6,48,0,0,0,0,0.3333333333333333
24073240300,57214227643,1,8,0.14035087719298245,2.6860018314593175,57,8,456,23,11,853,661,0.18
14037194400,57008663500,1,2,0.038461538461538464,0.9617966939259757,50,4,200,19,15,972,958,0.23809523809523808
37033733600,57217126196,1,0,0.0,0.0,23,2,46,7,3,123,95,0.15789473684210525
55485847600,6507796594,1,1,0.023255813953488372,0.2611892565642242,3,41,123,20,14,2347,2301,0.3125
57205760368,57222990908,1,29,0.4915254237288136,8.382325561032875,56,32,1792,18,4,629,379,0.2777777777777778
16243020100,57351933900,1,51,0.21982758620689655,11.598240431284148,216,67,14472,33,17,3979,3271,0.11267605633802817
57203747851,57214188493,1,9,0.24324324324324326,2.2855811732155633,9,37,333,11,3,333,199,0.2857142857142857
26021760100,57170689800,1,3,0.21428571428571427,1.9007930815553407,12,5,60,12,4,334,116,0.42857142857142855
57212460388,6603839720,1,5,0.0684931506849315,1.5911624234289239,24,54,1296,41,15,3045,1965,0.20930232558139536
35546900100,7005355323,1,3,0.06666666666666667,1.5060924983537745,26,22,572,20,4,762,126,0.34285714285714286
55070036100,7007102944,1,4,0.06153846153846154,1.4019644390528756,50,19,950,16,4,457,255,0.35185185185185186
55986627700,7005637352,1,7,0.1111111111111111,2.7925059853882126,20,50,1000,16,6,598,346,0.18571428571428572
57296575500,57297110800,1,4,0.21052631578947367,1.4207402441536225,17,6,102,4,0,23,3,0.5
57200203568,57937876100,1,1,0.3333333333333333,0.318928988903801,3,1,3,9,5,379,251,0.2727272727272727
35745132700,7801650202,1,2,0.02564102564102564,0.778734575680341,31,49,1519,45,21,4097,2841,0.453125
57217121483,6504123736,1,23,0.18253968253968253,6.552363607517779,57,92,5244,27,7,1667,1275,0.15555555555555556
6701916486,7402631347,1,26,0.45614035087719296,7.843903606122859,42,41,1722,24,2,1145,143,0.6226415094339622
57211337705,7004481112,1,3,0.0234375,1.0678060393504514,3,128,384,19,13,847,775,0.07317073170731707
55542533400,57194769305,1,6,0.14634146341463414,1.8788355686969127,15,32,480,17,11,514,436,0.30612244897959184
6504284862,6701848441,1,6,0.045454545454545456,1.9947147062784545,52,86,4472,31,9,1570,828,0.21428571428571427
57211061716,6603772028,1,7,0.15217391304347827,1.7213895909462307,15,38,570,8,2,119,85,0.14285714285714285
57208403478,57212148400,1,5,0.8333333333333334,2.367616200447301,5,6,30,6,2,50,26,0.29411764705882354
55607369800,57683694700,1,2,1.0,0.7018408683223057,2,2,4,7,1,150,6,0.16666666666666666
57201057880,58370749100,1,4,0.36363636363636365,1.2648570313715353,11,4,44,5,1,69,7,0.35294117647058826
42761833500,57202054317,1,4,0.08695652173913043,1.5313208677942818,33,17,561,12,2,352,18,0.14285714285714285
57218852842,57218854552,1,3,0.75,1.114770683202425,3,4,12,4,0,59,5,0.2222222222222222
57196023105,7404277487,1,38,0.4935064935064935,8.88833970291095,46,69,3174,10,2,593,405,0.3
6603717726,7003942962,1,14,0.08139534883720931,3.8443713423976544,20,166,3320,32,18,4101,3849,0.2876712328767123
57207939956,57211160801,1,4,0.3333333333333333,1.3001002888040811,12,4,48,7,3,99,69,0.26666666666666666
50261661200,7003811166,1,4,0.05555555555555555,1.1873605020689528,12,64,768,30,22,1820,1660,0.2535211267605634
55172863100,7003699883,1,17,0.14782608695652175,4.9723606330857315,71,61,4331,38,6,2424,570,0.37662337662337664
57418950700,6602844477,1,9,0.14285714285714285,2.5537101090038754,43,29,1247,16,4,566,312,0.36585365853658536
53866828200,57194507234,1,6,0.46153846153846156,2.042027252450819,10,9,90,11,3,337,59,0.35294117647058826
54383232900,57221393685,1,1,0.006622516556291391,0.21859304439100327,150,2,300,17,15,1109,1107,0.028985507246376812
25621529400,7003959774,1,35,0.15555555555555556,8.00908234686831,122,138,16836,46,4,4359,395,0.28703703703703703
57195278111,57209314233,1,7,0.3333333333333333,1.7770257091508102,14,14,196,14,2,350,132,0.36666666666666664
57194163562,7004663022,1,6,0.2608695652173913,2.647817148333564,8,21,168,16,6,459,323,0.30303030303030304
56677243600,57216539523,1,5,0.20833333333333334,1.8233741755571835,13,16,208,11,1,184,74,0.2777777777777778
35549305800,57203257068,1,1,0.2,0.48089834696298783,5,1,5,10,6,559,523,0.11475409836065574
55574403700,57222509786,1,1,0.2,0.7213475204444817,5,1,5,3,1,32,20,0.4
54880573100,57221520155,1,3,0.10714285714285714,1.026033755594742,27,4,108,14,10,343,275,0.11363636363636363
24167716600,56541553400,1,2,0.05555555555555555,0.607029304930548,35,3,105,12,8,307,241,0.2962962962962963
57215107838,8962997000,1,7,0.07291666666666667,2.3151731067193486,14,89,1246,28,22,1998,1930,0.09210526315789473
57127886100,6506534335,1,3,0.3,1.315137699964061,4,9,36,4,0,18,2,0.3333333333333333
55750277800,56417497000,1,5,0.38461538461538464,1.903257257236576,12,6,72,6,2,47,31,0.2962962962962963
16053243500,57191854299,1,2,0.03125,0.9476512251392383,20,46,920,17,9,915,861,0.1282051282051282
55846257200,57195677316,1,6,0.1875,1.8522660075367945,27,11,297,10,6,280,138,0.12195121951219512
55639203800,56276475800,1,9,0.23076923076923078,3.0257911644388025,38,10,380,21,13,930,686,0.10909090909090909
57207766930,57211156194,1,6,0.16216216216216217,2.064027573103095,25,18,450,11,3,231,119,0.16666666666666666
57221949854,9746797800,1,24,0.12698412698412698,5.478746200196763,122,91,11102,39,11,3645,2299,0.21311475409836064
12807827200,56066528600,1,2,0.03636363636363636,0.5748381248003485,40,17,680,33,1,1895,201,0.5813953488372093
57189222869,57194049511,1,3,0.2,1.1048682392204683,6,12,72,7,1,82,16,0.35294117647058826
36810373800,7101828726,1,4,0.36363636363636365,1.690388647305542,6,9,54,5,1,33,7,0.4594594594594595
55618665400,57191895726,1,47,0.3821138211382114,10.661993359696648,112,58,6496,17,1,2107,103,0.21739130434782608
56767436100,57016539100,1,3,0.15,1.4882455349101438,20,3,60,23,15,1390,1024,0.2571428571428571
57214538182,57315502900,1,0,0.0,0.0,0,1,0,2,0,11,1,0.4117647058823529
49862080100,57205120373,1,0,0.0,0.0,5,1,5,10,6,209,157,0.6428571428571429
36573296000,57195560550,1,4,0.21052631578947367,0.9824470997710237,12,11,132,12,2,228,32,0.2857142857142857
55665656200,8340039100,1,1,0.0136986301369863,0.5581106265512472,66,8,528,13,5,354,166,0.2777777777777778
25031122000,57218192507,1,26,0.23853211009174313,6.17874458126903,59,76,4484,16,2,1139,615,0.30303030303030304
57204542974,57204671752,1,0,0.0,0.0,49,0,0,25,21,1359,1261,0.07317073170731707
57217133930,7004941263,1,3,0.036585365853658534,1.0951960517210853,17,68,1156,25,11,1429,849,0.0958904109589041
55868704200,57190970262,1,5,0.11904761904761904,1.8815836991679877,26,21,546,16,2,448,84,0.2558139534883721
56253057200,58175870700,1,11,0.44,3.2361965866494407,21,15,315,4,2,34,28,0.3
57219955546,7102743604,1,7,0.11290322580645161,2.070896108506936,27,42,1134,20,8,766,516,0.26153846153846155
16202211100,55182867000,1,16,0.20512820512820512,4.275801880874956,60,34,2040,20,4,1178,488,0.17647058823529413
26634884900,57208794505,1,43,0.4056603773584906,9.560138212501313,88,61,5368,21,7,2547,281,0.14545454545454545
57224648718,58288472900,1,4,0.4,1.8417865626785415,10,4,40,4,2,43,25,0.2
55252005600,57201396424,1,9,0.2903225806451613,2.928437153525493,19,21,399,15,3,359,109,0.30952380952380953
57202938171,6506937354,1,3,0.6,1.527236973557681,5,3,15,6,0,160,12,0.17391304347826086
57200641844,7004724933,1,9,0.10465116279069768,2.8934953352301442,9,86,774,22,14,1092,804,0.18032786885245902
54791045400,55761353700,1,0,0.0,0.0,13,0,0,22,20,1422,1328,0.18
35449361400,57218193751,1,19,0.168141592920354,4.577647401860929,54,78,4212,14,2,1087,659,0.3157894736842105
56003074900,6602277744,1,9,0.06382978723404255,2.398495846779334,17,133,2261,25,19,1991,1939,0.14285714285714285
57191344418,6603967186,1,1,0.045454545454545456,0.48089834696298783,16,7,112,12,6,302,200,0.109375
15056983100,56115462100,1,9,0.3103448275862069,2.825552925808004,19,19,361,15,1,933,691,0.38235294117647056
35894571100,57190766886,1,2,0.0625,1.0360055008886064,29,5,145,12,4,278,222,0.22580645161290322
57196023105,57213873391,1,35,0.603448275862069,8.21297472234647,46,47,2162,7,1,157,31,0.3333333333333333
12141305200,6602825456,1,0,0.0,0.0,27,12,324,9,5,259,213,0.2647058823529412
57214190875,57221769089,1,1,0.125,0.3001016285004131,1,8,8,5,1,102,4,0.18181818181818182
36612500400,57214190323,1,2,0.2857142857142857,1.631586747071319,7,2,14,5,3,113,105,0.32558139534883723
56131381100,57208819121,1,6,0.3157894736842105,2.4655582470920994,8,17,136,15,1,705,15,0.41379310344827586
10143354000,55172863100,1,9,0.043689320388349516,2.2742921740385382,144,71,10224,45,1,2648,346,0.4017857142857143
55885881500,57213824596,1,5,0.29411764705882354,1.403711515665586,15,7,105,10,4,208,74,0.19230769230769232
26321347400,55226552800,1,6,0.14285714285714285,1.5346432506230225,10,38,380,15,5,386,156,0.3333333333333333
56768102100,57219972999,1,2,0.125,0.6481890120586089,4,14,56,21,5,975,369,0.3090909090909091
57201464415,57212705551,1,3,0.06521739130434782,1.0626508449246104,4,45,180,19,13,816,680,0.11764705882352941
57195442657,57222076121,1,6,0.03389830508474576,1.9282266676462478,170,13,2210,18,12,639,549,0.11475409836065574
6504651173,7103040365,1,18,0.10909090909090909,4.88272201906354,37,146,5402,22,4,1521,995,0.38095238095238093
57221949854,8424235900,1,13,0.08904109589041095,2.9460800860551934,122,37,4514,30,20,3075,2869,0.31666666666666665
57200984590,7006940836,1,5,0.14285714285714285,1.353467416363284,7,33,231,13,9,843,789,0.14814814814814814
57211071832,57970371700,1,2,0.08333333333333333,0.46111403855766864,19,7,133,8,6,159,127,0.1111111111111111
55550695600,57214244618,1,4,0.2857142857142857,1.7052557607603482,14,4,56,16,8,647,409,0.4411764705882353
12242010500,31667532100,1,12,0.32432432432432434,5.155195614104708,17,32,544,24,10,1010,430,0.3829787234042553
7003404516,7004239568,1,10,0.19607843137254902,2.7131680248496197,36,25,900,14,2,2135,563,0.1774193548387097
56954535800,56971526400,1,7,0.6363636363636364,2.1582173324319798,9,9,81,14,2,292,42,0.5925925925925926
57203814878,6603156028,1,3,0.03529411764705882,1.069760832407029,9,79,711,40,28,3265,2673,0.2
55587974700,57216457753,1,4,0.18181818181818182,1.3240679098315589,17,9,153,13,5,512,6,0.2
12785708100,57221997539,1,6,0.14285714285714285,1.769583279514651,35,13,455,11,3,208,74,0.1111111111111111
55578807642,6701916486,1,0,0.0,0.0,11,42,462,24,2,1825,537,0.07547169811320754
24831735200,6507638077,1,15,0.15,3.3059484716920493,26,89,2314,13,5,354,290,0.28
57205696181,6602277744,1,31,0.2108843537414966,8.749060991828983,45,133,5985,28,16,2070,1860,0.10606060606060606
57202939950,57209537948,1,1,0.08333333333333333,1.4426950408889634,10,3,30,12,8,277,185,0.21739130434782608
57194029067,57203784627,1,12,0.24,3.0670945691424865,48,14,672,20,14,921,727,0.42105263157894735
57201580887,6603328586,1,2,0.2222222222222222,1.685952322197228,7,4,28,6,0,75,25,0.23684210526315788
15137647600,25121531900,1,2,0.2222222222222222,0.5417526242894867,5,6,30,5,1,146,18,0.4117647058823529
54583188600,7202219958,1,6,0.08695652173913043,1.5346896556619316,8,67,536,14,10,486,340,0.1917808219178082
57283440400,7006035721,1,0,0.0,0.0,2,27,54,12,8,258,224,0.2826086956521739
55963960000,57117323700,1,1,0.07692307692307693,0.21443402172070247,6,8,48,14,2,213,69,0.5833333333333334
35547105800,36899832000,1,22,0.4782608695652174,7.563584197101392,24,44,1056,13,5,348,180,0.3076923076923077
55530682500,57218135478,1,8,0.24242424242424243,2.0972685415055303,30,11,330,19,1,716,310,0.0967741935483871
13408242300,36340568700,1,4,0.06896551724137931,1.5808213904738868,28,34,952,45,7,3092,1254,0.4126984126984127
26967874700,27467963800,1,11,0.7857142857142857,4.643100859608396,13,12,156,4,0,13,1,0.6666666666666666
22934833900,56231177500,1,9,0.09574468085106383,2.2588358891165563,38,65,2470,18,2,497,149,0.23076923076923078
57209314505,7202369029,1,47,0.4392523364485981,16.842956383512494,50,104,5200,39,15,3227,2201,0.4666666666666667
57193825552,59158527300,1,1,0.125,0.31465798044412485,1,8,8,5,1,91,67,0.4444444444444444
57203028938,57204929759,1,2,0.03125,0.9924051084544989,63,3,189,49,39,6112,5978,0.19444444444444445
56513768800,57203233646,1,9,0.13432835820895522,2.5261438210127736,56,20,1120,22,14,1088,872,0.35294117647058826
14054021400,6603772028,1,4,0.0975609756097561,1.8587719709265316,7,38,266,9,1,150,54,0.27586206896551724
6504651173,6507616033,1,10,0.1694915254237288,2.875119657020995,37,32,1184,16,2,362,164,0.140625
57204534992,57210638469,1,3,0.12,0.8105290225911097,12,16,192,22,4,887,53,0.40625
6508089504,7003575763,1,5,0.15625,1.957058556332984,5,32,160,18,12,602,500,0.41304347826086957
55560606300,57210174849,1,14,0.5833333333333334,4.358831798006743,24,14,336,8,0,202,34,0.4
57195760105,57221949854,1,52,0.39097744360902253,12.542163804718585,63,122,7686,29,21,3922,2022,0.2982456140350877
57202330234,57210987876,1,3,0.17647058823529413,1.449583814357521,9,11,99,8,0,123,41,0.3076923076923077
55344487200,8585695400,1,9,0.1267605633802817,2.244681116247815,16,64,1024,14,6,458,236,0.4166666666666667
55466744300,56512220700,1,11,0.55,4.603782394101762,13,18,234,15,3,498,72,0.43478260869565216
57039798100,6701542482,1,1,0.011494252873563218,0.9102392266268373,33,55,1815,45,1,3393,117,0.38317757009345793
35317341600,7004724933,1,6,0.06818181818181818,2.027959741368812,8,86,688,23,13,1127,769,0.30158730158730157
57190849611,6603089460,1,9,0.32142857142857145,2.9703520741025224,20,17,340,13,7,376,126,0.20689655172413793
35555798600,6602978778,1,7,0.050359712230215826,2.139963665182149,65,81,5265,34,10,1923,1019,0.5913978494623656
36617961200,57201858683,1,7,0.4117647058823529,2.7127366014832037,9,15,135,10,0,255,3,0.40816326530612246
57117690500,57222641576,1,29,0.24369747899159663,6.567091546437616,107,41,4387,19,9,1862,1234,0.23684210526315788
6507357025,6508289866,1,1,0.02564102564102564,0.3284587387530511,31,9,279,11,7,368,206,0.08333333333333333
56747425000,57201389246,1,8,0.17777777777777778,2.643609417238144,40,13,520,14,8,1622,1448,0.14583333333333334
55616396400,57219955546,1,13,0.16455696202531644,3.6747603277726695,65,27,1755,14,2,406,156,0.4444444444444444
36598939000,57209721892,1,9,0.10588235294117647,2.7288476170469833,14,80,1120,11,1,498,238,0.35
16416659200,35071113300,1,2,0.06896551724137931,0.8350485199601045,29,2,58,36,34,4990,4852,0.14285714285714285
36143358700,8948536400,1,7,0.07865168539325842,2.19494238188254,83,13,1079,16,2,479,201,0.328125
15836326300,23991894900,1,8,0.13559322033898305,2.718668036531292,48,19,912,16,6,362,148,0.32432432432432434
55746970100,55846257200,1,9,0.12,2.405127835061183,57,27,1539,15,1,482,64,0.25
53463361500,57217860895,1,6,0.09375,2.1393933017382984,64,6,384,27,23,1975,1947,0.13043478260869565
35997230900,56133490300,1,10,0.17543859649122806,2.809996449830022,55,12,660,10,8,656,646,0.17307692307692307
55597926500,57117690500,1,45,0.26785714285714285,11.46137647295556,106,107,11342,28,0,2437,659,0.4107142857142857
55344487200,57217217541,1,3,0.13636363636363635,0.8010606860731653,16,9,144,6,2,189,33,0.23529411764705882
36881021500,7801532760,1,3,0.03,2.173583384023859,10,93,930,21,9,780,620,0.3548387096774194
56646348800,57194033798,1,7,0.3181818181818182,1.7149550593898963,13,16,208,10,0,322,152,0.5
7003702845,7004239568,1,6,0.15384615384615385,2.1553979577967675,20,25,500,12,0,1482,1216,0.3561643835616438
16202633100,6602633095,1,7,0.09090909090909091,2.2852984251505,25,59,1475,16,4,495,79,0.2903225806451613
55946024800,57223848036,1,6,0.25,2.7618213058123398,24,6,144,8,6,234,220,0.10526315789473684
21934592300,57201345951,1,11,0.4583333333333333,3.4249227254839845,22,13,286,16,4,494,212,0.525
54392384900,7201677725,1,4,0.0449438202247191,1.0473195770143608,17,76,1292,17,13,634,574,0.1111111111111111
56017979500,57202057353,1,12,0.8,3.619547727402314,14,13,182,6,2,87,27,0.2727272727272727
55886033100,7004401732,1,10,0.3333333333333333,6.295226738790236,14,26,364,24,4,1045,315,0.43478260869565216
55581041300,55617337800,1,5,0.056818181818181816,1.4161777340506063,83,10,830,32,22,2479,2249,0.19298245614035087
55788564000,57221866958,1,5,0.11363636363636363,1.6327985048338847,21,28,588,10,2,360,246,0.26
57201990363,57209571682,1,7,0.1891891891891892,2.022536124742815,36,8,288,6,2,110,26,0.24
57200755425,57218194363,1,53,0.4344262295081967,12.165993848029503,86,89,7654,15,1,2247,131,0.2857142857142857
56986760700,57192963392,1,2,0.028985507246376812,0.4706939424238764,38,33,1254,26,4,733,279,0.21428571428571427
36802392200,57192892615,1,21,0.22580645161290322,6.314988989548268,30,84,2520,14,2,986,732,0.3888888888888889
56080452600,6603388713,1,6,0.10714285714285714,1.7220386354749297,35,27,945,14,4,391,157,0.2619047619047619
57205760368,6602277744,1,43,0.2945205479452055,12.458026254018186,56,133,7448,33,11,2469,1461,0.47761194029850745
57199505943,6507063353,1,9,0.5625,3.56314896277354,11,14,154,10,2,140,88,0.2571428571428571
44161246300,56371219500,1,4,0.3333333333333333,1.5160953878210939,7,9,63,10,2,160,44,0.34615384615384615
57214188556,57214189407,1,36,0.5901639344262295,8.155344766994116,42,55,2310,7,1,512,104,0.3
57213840834,57219416088,1,6,0.18181818181818182,1.9734650335757955,16,23,368,7,3,136,80,0.25
25636359300,57209449016,1,9,0.21428571428571427,3.052604437989168,23,28,644,20,8,640,364,0.18333333333333332
34874490300,57197190962,1,17,0.4358974358974359,4.6684941909137105,34,22,748,11,1,158,44,0.25806451612903225
56016071500,57205287889,1,6,0.2727272727272727,2.0781831978269976,18,10,180,14,4,292,166,0.4166666666666667
56694162200,57204858767,1,12,0.23076923076923078,3.03070401840556,21,43,903,13,3,407,227,0.2962962962962963
24469152300,57218214540,1,9,0.1,3.0257121118623753,88,11,968,34,24,3538,3296,0.2413793103448276
35386603800,7102671215,1,4,0.4444444444444444,4.229923790308016,5,8,40,33,9,1729,765,0.6545454545454545
22934036700,57191903903,1,3,0.03409090909090909,1.2925067369549121,59,32,1888,25,11,1301,953,0.2112676056338028
57215281565,7004578182,1,7,0.1794871794871795,2.750667381355222,9,37,333,20,6,991,583,0.20689655172413793
57211056598,6603790113,1,42,0.34710743801652894,9.338567607835525,79,84,6636,24,10,2331,1047,0.13513513513513514
57208927123,6701501754,1,5,0.21739130434782608,1.8537451868445483,7,21,147,16,8,717,415,0.34146341463414637
21233394500,7801532760,1,10,0.09523809523809523,3.5798882866995663,22,93,2046,21,9,804,596,0.3118279569892473
41961752000,55583329900,1,3,0.1111111111111111,1.115431233843453,4,26,104,7,1,93,67,0.2647058823529412
55976136700,57204038909,1,2,0.16666666666666666,0.713629884087002,2,12,24,13,3,338,150,0.43478260869565216
57214183665,59313752200,1,3,0.075,1.219469287209709,3,40,120,18,14,853,799,0.1568627450980392
57216367360,6508015390,1,1,0.1,0.6213349345596119,1,10,10,13,9,353,341,0.08333333333333333
57191329099,8299640100,1,4,0.17391304347826086,1.7637608408916967,4,23,92,15,5,437,329,0.4
56262841300,57117690500,1,4,0.03508771929824561,1.3774961755349198,11,107,1177,16,12,1569,1527,0.20512820512820512
6602856381,8212453900,1,4,0.13793103448275862,1.3007354340470392,18,15,270,6,2,41,7,0.3611111111111111
56124477400,57216619736,1,2,0.2222222222222222,1.0360055008886064,6,5,30,9,3,714,608,0.375
55249712800,57195256137,1,13,0.11206896551724138,3.410496596180871,23,106,2438,27,21,1835,1657,0.35
7103061271,8617799200,1,5,0.03597122302158273,1.4218749693573869,112,32,3584,29,9,1518,884,0.2903225806451613
57194184312,57203822804,1,4,0.8,2.2658266875991684,5,4,20,9,1,135,29,0.21052631578947367
57201734615,57205368996,1,2,0.03389830508474576,0.5970758328737832,58,3,174,15,11,750,726,0.06153846153846154
35588325000,57200661409,1,3,0.057692307692307696,1.1788211915623763,52,3,156,20,16,1109,1015,0.1111111111111111
24330030100,57205143340,1,21,0.2,5.519885714008556,73,53,3869,19,1,635,15,0.3617021276595745
12042047500,35338069100,1,7,0.23333333333333334,1.9255406425495738,22,15,330,12,8,356,186,0.18181818181818182
56817715000,57216938503,1,12,0.6666666666666666,3.7358617879373974,18,12,216,6,2,62,42,0.14814814814814814
56650773000,57199839295,1,2,0.1111111111111111,0.6483246863444787,3,17,51,7,3,82,52,0.2413793103448276
57218687063,7102879500,1,3,0.031914893617021274,1.186998918868131,4,93,372,47,43,5534,5444,0.03333333333333333
56708122100,7006200042,1,24,0.32432432432432434,7.4789593232580085,41,57,2337,36,4,1995,693,0.43636363636363634
57224183328,6701602182,1,8,0.38095238095238093,2.6766551103564744,11,18,198,15,3,535,179,0.1
59158179600,6602602840,1,11,0.3333333333333333,3.436219372825798,18,26,468,10,6,279,213,0.06521739130434782
56819980000,57189507284,1,2,0.16666666666666666,1.531574161186449,9,5,45,18,4,442,230,0.2916666666666667
50162339500,55220196200,1,8,0.4,2.3151324291489477,11,17,187,11,3,151,49,0.05555555555555555
54386526400,55989994000,1,3,0.13043478260869565,0.9442701005163505,4,22,88,9,5,130,72,0.2727272727272727
57193647460,7801532760,1,2,0.020618556701030927,0.7171340199246594,6,93,558,17,13,710,690,0.03571428571428571
47961447600,57211426825,1,3,0.05172413793103448,0.8027841334875557,27,34,918,13,1,323,25,0.23809523809523808
35476648500,57200644240,1,43,0.4174757281553398,9.558473434418685,70,76,5320,13,1,390,192,0.13636363636363635
57214178872,57219982774,1,11,0.4583333333333333,3.399525927901297,22,13,286,9,5,346,202,0.25
24779987100,8630861900,1,4,0.1111111111111111,1.4112698784548328,30,10,300,9,3,245,113,0.05405405405405406
54583143500,55471004700,1,11,0.12087912087912088,3.0185391634115453,21,81,1701,15,5,434,230,0.3103448275862069
37561944900,6601976136,1,4,0.0975609756097561,1.4885568193311558,5,40,200,18,14,1273,1231,0.4473684210526316
35326255200,57214192525,1,1,0.2,0.7213475204444817,5,1,5,9,3,146,108,0.26666666666666666
16028772900,50760945800,1,9,0.16071428571428573,3.251391230599544,44,21,924,29,1,1196,40,0.38461538461538464
54383232900,7103040365,1,30,0.11278195488721804,7.360007549322782,150,146,21900,29,3,2366,150,0.3375
54950226200,7801532760,1,5,0.04672897196261682,1.7845574617028463,19,93,1767,30,0,1224,176,0.26732673267326734
57223595085,6506893389,1,3,0.375,2.685364910008187,4,7,28,12,8,452,422,0.13043478260869565
57201683846,57212705551,1,0,0.0,0.0,0,45,0,18,14,777,719,0.4745762711864407
7801624906,8418436300,1,4,0.032520325203252036,1.1278520011565,95,32,3040,14,4,311,229,0.16363636363636364
57190013276,57201190300,1,9,0.20454545454545456,2.6124254676447416,14,39,546,24,4,821,41,0.5925925925925926
14018322900,56719561000,1,9,0.2,3.0580664368636863,40,14,560,22,8,1327,999,0.3958333333333333
57190660749,57205102882,1,4,0.23529411764705882,1.020617372727377,17,4,68,7,5,211,113,0.1111111111111111
18436000300,57219169179,1,6,0.1111111111111111,1.8449779512945195,15,45,675,15,1,445,103,0.2413793103448276
55207034500,57193343345,1,2,0.3333333333333333,0.5405048068284514,4,4,16,10,6,261,125,0.15151515151515152
56790133000,7402838973,1,4,0.5714285714285714,1.910714247387481,4,7,28,5,1,68,18,0.23076923076923078
57209929651,57451854100,1,4,0.25,1.2245976191232089,15,5,75,5,1,72,60,0.25
57200755425,6701390755,1,15,0.13761467889908258,3.899103083431118,86,38,3268,19,3,1539,839,0.09090909090909091
57194041971,8585695400,1,12,0.14814814814814814,3.3006151584135535,29,64,1856,18,2,585,109,0.391304347826087
23094594000,27967551900,1,28,0.18064516129032257,8.473854823528901,43,140,6020,29,11,1771,1267,0.2962962962962963
56677243600,57712744300,1,2,0.13333333333333333,0.7687944269412312,13,4,52,8,4,134,124,0.5555555555555556
55788981600,57191403346,1,4,0.5714285714285714,1.581250795944221,5,6,30,7,1,128,24,0.25
56430927200,7103040365,1,66,0.3055555555555556,15.320454650181295,136,146,19856,25,1,2588,72,0.46
57192679655,6506541996,1,39,0.3644859813084112,9.154564335516493,54,92,4968,16,2,1020,464,0.2391304347826087
57205594335,57211160801,1,2,0.06896551724137931,0.8374137955184232,27,4,108,22,18,1443,1413,0.18181818181818182
35378828900,55557530000,1,6,0.08,2.002391625421504,74,7,518,18,12,888,808,0.15476190476190477
24437971100,36902842200,1,1,0.03333333333333333,0.9102392266268373,18,13,234,23,3,529,133,0.46938775510204084
23101552500,57208033946,1,3,0.25,1.8885359182561945,12,3,36,25,11,969,659,0.24242424242424243
36084294000,57203457812,1,0,0.0,0.0,8,0,0,6,4,69,59,0.16
36873751100,57200730023,1,0,0.0,0.0,31,1,31,11,5,247,107,0.09803921568627451
57200376897,57225773882,1,12,0.6,3.618353639054538,17,15,255,8,0,104,0,0.20588235294117646
57199673260,57214940995,1,6,0.6666666666666666,2.167223226659657,6,9,54,9,1,539,145,0.36
27967551900,57190169567,1,37,0.2215568862275449,8.621306050295022,140,64,8960,30,10,1856,1182,0.23333333333333334
57191956654,6603156028,1,6,0.06451612903225806,1.9213097857441006,20,79,1580,40,28,3425,2513,0.3787878787878788
36492568500,52563804900,1,2,1.0,1.391137573589825,2,2,4,4,0,340,0,0.42857142857142855
57201884329,57202887572,1,13,0.2653061224489796,3.3541521110259325,22,40,880,10,2,229,59,0.18181818181818182
7202143283,7402214018,1,6,0.1111111111111111,2.077362857600308,10,50,500,11,5,180,142,0.2
55819425300,57557282400,1,1,0.08333333333333333,0.30341307554227914,11,2,22,11,7,522,382,0.07142857142857142
53463361500,55362857300,1,4,0.0625,1.4685632324087183,64,4,256,27,23,1982,1940,0.4583333333333333
36095740700,37096845900,1,2,0.2,0.8582122550516603,2,10,20,15,3,289,47,0.55
57200378728,57204177993,1,3,0.15789473684210525,1.291604494016238,19,3,57,11,5,260,176,0.4444444444444444
12782630800,6602643141,1,6,0.05217391304347826,2.1149655121637654,106,15,1590,20,10,829,729,0.2682926829268293
23493442400,35997230900,1,12,0.1791044776119403,2.5326471148000804,24,55,1320,12,6,1092,210,0.19642857142857142
55915537200,57203454123,1,4,0.08695652173913043,1.3558390748041358,44,6,264,10,8,338,250,0.23076923076923078
57202961712,7410400145,1,2,0.08,0.9796652872518105,3,24,72,21,17,1584,1382,0.125
11239484000,57211057969,1,22,0.3013698630136986,4.964999915253043,36,59,2124,9,1,138,20,0.1388888888888889
48161853500,57210888538,1,6,0.3,1.906618567586835,17,9,153,6,4,74,46,0.3125
57195307508,7003942962,1,14,0.07909604519774012,4.157733214312001,25,166,4150,29,21,4000,3950,0.17142857142857143
57200113310,57218876692,1,3,0.3333333333333333,0.787494070630513,7,5,35,8,2,193,37,0.5
27467682900,8342748400,1,5,0.08771929824561403,2.004721604632011,13,49,637,14,8,502,414,0.4
55604213100,6602227729,1,7,0.1320754716981132,2.4274214311936437,50,10,500,9,5,144,122,0.23076923076923078
57192200403,57205120607,1,7,0.3888888888888889,2.4252672173902474,14,11,154,7,1,127,15,0.23076923076923078
36973301500,7202183609,1,3,0.21428571428571427,0.8112474875222679,4,13,52,8,2,78,40,0.2857142857142857
56784297000,7005778076,1,2,0.18181818181818182,0.9751430179754935,2,11,22,14,4,379,231,0.4666666666666667
22938031400,57201458555,1,33,0.5076923076923077,7.622797962235947,60,38,2280,9,5,170,98,0.17391304347826086
57219187761,57416183200,1,4,0.5,1.4893852529857434,8,4,32,7,3,135,85,0.1875
57201185210,7003731076,1,4,0.15384615384615385,1.6418945795895423,6,24,144,20,10,812,454,0.3620689655172414
57191899205,7003450280,1,18,0.11688311688311688,4.949629383488514,36,136,4896,21,7,792,410,0.2631578947368421
57117690500,7004650022,1,8,0.06722689075630252,1.9982261865655224,107,20,2140,25,3,1808,1288,0.265625
15067932200,57211404233,1,1,0.03125,0.5581106265512472,30,3,90,18,12,657,513,0.06666666666666667
10143354000,55347531400,1,5,0.03125,1.2650207899782369,144,21,3024,30,16,1372,930,0.18518518518518517
57190169567,57211482914,1,12,0.17391304347826086,3.017821098676373,64,17,1088,14,6,478,196,0.22580645161290322
55226552800,9278040100,1,12,0.26666666666666666,4.011062555138298,38,19,722,15,5,314,228,0.23529411764705882
57208423429,8585119800,1,3,0.038461538461538464,0.8392219120508444,11,70,770,21,15,1188,1160,0.029411764705882353
35782421700,56845192300,1,7,0.35,2.5547237913519174,13,14,182,6,4,233,227,0.36363636363636365
14219526400,16743542100,1,18,0.20930232558139536,4.744818212982089,83,21,1743,29,21,2068,1888,0.7894736842105263
14056688500,57202012217,1,23,0.1796875,5.799296784545213,104,47,4888,19,1,950,268,0.15517241379310345
11041471000,36868308600,1,3,0.3,2.166454709514868,6,7,42,8,0,156,10,0.6756756756756757
57196019663,57217858843,1,6,0.6,2.049991876577953,9,7,63,5,1,41,3,0.25
14422612800,36651681100,1,4,0.17391304347826086,1.8119644139578184,9,18,162,12,4,693,113,0.41379310344827586
10143354000,57218686403,1,10,0.06451612903225806,2.328957677566908,144,21,3024,28,18,1335,967,0.14953271028037382
55600080400,7006177272,1,5,0.056818181818181816,1.8968162782451983,13,80,1040,28,8,1295,693,0.15
55413928100,6602877928,1,2,0.3333333333333333,1.0764545478730305,3,5,15,8,4,118,104,0.3157894736842105
44361299900,55597926500,1,13,0.11926605504587157,3.4485311137320576,16,106,1696,19,9,970,808,0.27906976744186046
56993156800,7006536875,1,6,0.3157894736842105,2.175646634987652,8,17,136,11,5,264,108,0.42857142857142855
57215187039,57219169179,1,12,0.22641509433962265,3.143002915016076,20,45,900,10,6,299,249,0.3076923076923077
27967551900,6506776579,1,59,0.20344827586206896,14.498115297391587,140,209,29260,45,5,5423,2385,0.4024390243902439
55312463700,6701848441,1,19,0.16964285714285715,7.7923344621218,45,86,3870,32,8,1493,905,0.42424242424242425
57213597508,57214879572,1,6,0.4,1.6875224524676982,9,12,108,9,3,115,29,0.42857142857142855
6603388713,7004941263,1,5,0.05555555555555555,1.318345643184039,27,68,1836,27,9,1413,865,0.24705882352941178
24504319000,56857250500,1,3,0.3,1.4499163026461572,9,4,36,14,2,351,153,0.5135135135135135
57197773630,57218192915,1,18,0.16216216216216217,4.2172795467424375,54,75,4050,14,0,1045,709,0.2222222222222222
55620172900,7003438159,1,34,0.5074626865671642,11.319257073038912,50,51,2550,25,7,969,463,0.5094339622641509
23026082700,57194387948,1,4,0.12121212121212122,1.1152597568725156,32,5,160,8,4,98,70,0.28125
10142248500,7102759919,1,6,0.18181818181818182,2.291702937164753,23,16,368,24,4,770,150,0.6122448979591837
57215066418,6602349237,1,2,0.0625,0.8831677154386057,4,30,120,19,15,891,571,0.057692307692307696
57203746746,57205354812,1,2,0.2857142857142857,1.072008968920998,3,6,18,4,0,21,7,0.36363636363636365
57201548063,7005981970,1,1,0.16666666666666666,0.43429448190325176,1,6,6,10,4,212,104,0.5161290322580645
57208224279,7004297662,1,5,0.5,2.9564224980182043,5,10,50,8,6,324,242,0.3953488372093023
40161025300,58582140500,1,4,0.14285714285714285,2.0188795045030834,28,4,112,13,7,488,440,0.48148148148148145
36763791600,56819111900,1,0,0.0,0.0,13,8,104,8,0,120,4,0.11428571428571428
55546002700,55932574500,1,2,1.0,1.424137568996588,2,2,4,5,1,224,88,0.4827586206896552
36151189100,57200426447,1,6,0.375,2.3846567005332635,13,9,117,5,1,71,13,0.12
57218618377,7102231043,1,12,0.0718562874251497,3.875685350279646,14,165,2310,51,37,6207,5759,0.07228915662650602
57218679602,57218681957,1,5,0.8333333333333334,1.919705735491028,6,5,30,2,0,30,0,1.0
15754481800,6701542182,1,2,0.034482758620689655,0.7949682421254927,54,6,324,18,12,620,534,0.20930232558139536
55212615700,6507796594,1,7,0.14,2.568351105560993,16,41,656,24,10,2694,1954,0.29850746268656714
57217661773,6506776579,1,31,0.13304721030042918,7.139200274845627,55,209,11495,33,17,4781,3027,0.25
57206658992,6603155299,1,3,0.07317073170731707,0.8957665330603488,8,36,288,22,14,1404,1088,0.2391304347826087
57191403346,6603790113,1,5,0.058823529411764705,2.1676231557089034,6,84,504,20,14,1765,1613,0.203125
15047537900,57196084513,1,11,0.18032786885245902,3.3675836437414373,42,30,1260,11,3,268,204,0.16326530612244897
54398879700,55976667800,1,6,0.46153846153846156,3.305283145668689,12,7,84,10,4,276,194,0.56
57217864647,7006612363,1,5,0.20833333333333334,2.1583907802123163,5,24,120,15,9,457,429,0.4090909090909091
56012624400,57214191677,1,5,0.2,1.5573815852355484,15,15,225,17,5,568,250,0.2727272727272727
57217634280,7004481112,1,10,0.07751937984496124,3.319054892193556,11,128,1408,18,14,860,762,0.02631578947368421
35796101600,57203634349,1,4,0.1111111111111111,1.3825590171746418,26,14,364,76,68,15509,15363,0.1885245901639344
56533331100,57215986944,1,5,0.35714285714285715,1.7411962792708426,6,13,78,6,2,44,20,0.28
52364875700,57201442115,1,0,0.0,0.0,0,3,0,5,1,110,22,0.4444444444444444
35721785100,57192275447,1,3,0.0967741935483871,0.803571084625596,9,25,225,11,5,344,172,0.23684210526315788
57266335300,60100025400,1,7,0.1346153846153846,2.4445655584812656,13,46,598,14,8,309,205,0.3103448275862069
35101283100,7006788459,1,17,0.5483870967741935,4.701650556692918,21,27,567,10,2,166,68,0.20512820512820512
55882063100,57209721892,1,41,0.38317757009345793,9.300596217665769,68,80,5440,17,5,1547,811,0.1282051282051282
35478909000,35758609900,1,15,0.05813953488372093,3.89110825925371,231,42,9702,39,29,4969,4861,0.10377358490566038
35556063400,7003959774,1,4,0.02631578947368421,1.2928603622349661,18,138,2484,35,15,3168,1586,0.3047619047619048
16203173100,35786735700,1,6,0.13953488372093023,1.894948009077138,41,8,328,13,9,281,243,0.05405405405405406
52663129000,57211056598,1,41,0.3565217391304348,9.214141168959616,77,79,6083,14,0,1671,387,0.13157894736842105
57039198100,6603064685,1,0,0.0,0.0,0,3,0,8,2,103,23,0.3617021276595745
37037191100,56507330400,1,1,0.07692307692307693,0.25562221863533147,1,13,13,20,12,1428,1334,0.2647058823529412
55846257200,57207732171,1,2,0.06896551724137931,0.39774499937346697,27,4,108,10,6,247,171,0.36
56414241800,57201912872,1,6,0.23076923076923078,1.846933950646852,17,15,255,10,2,193,47,0.4444444444444444
56122157300,57190798075,1,11,0.19298245614035087,3.2729112724171894,55,13,715,15,11,528,434,0.23076923076923078
16634614100,55846257200,1,13,0.24074074074074073,4.166842214136552,40,27,1080,21,5,905,487,0.3387096774193548
57207449324,57207458647,1,6,0.4,2.1640988206098597,9,12,108,9,1,155,21,0.6153846153846154
56116845300,56768831300,1,4,0.3076923076923077,1.1994946172680134,6,11,66,20,8,1614,362,0.2619047619047619
57201458555,57201990834,1,37,0.7115384615384616,8.587295969442396,38,51,1938,8,4,140,68,0.2
16639084100,55110225800,1,3,0.0379746835443038,0.8168907647695272,3,79,237,14,12,539,529,0.1111111111111111
37118135700,56527129000,1,11,0.125,2.7005619943588925,68,31,2108,13,1,355,69,0.34146341463414637
57211292618,57211298407,1,4,0.4,1.5412533119805012,5,9,45,5,1,29,11,0.75
56545026700,57210174703,1,2,0.08333333333333333,0.5490826878821449,17,9,153,30,6,1688,1016,0.36363636363636365
55189438200,57195256137,1,4,0.02564102564102564,1.1474417041838167,54,106,5724,52,4,3713,221,0.2222222222222222
57196021981,57211251094,1,9,0.0989010989010989,2.4620731749592903,88,12,1056,16,8,439,225,0.28
56992748100,57208819121,1,6,0.2222222222222222,2.2958712217283996,16,17,272,14,0,606,84,0.3225806451612903
55664319500,57221908100,1,6,0.3,2.064483577613472,16,10,160,6,0,36,6,0.3333333333333333
36627561600,56584408200,1,19,0.31666666666666665,6.2887658000871465,35,44,1540,35,5,2116,960,0.3
56848256800,57195062603,1,0,0.0,0.0,1,4,4,5,1,42,18,0.6190476190476191
55914857200,57205515495,1,2,0.07142857142857142,0.559886689470058,25,5,125,10,2,177,23,0.20930232558139536
7102812576,7103355280,1,7,0.2916666666666667,1.9247166911819524,11,20,220,7,1,102,16,0.3
56441147000,57777372300,1,1,0.14285714285714285,1.4426950408889634,7,1,7,5,5,90,90,0.2857142857142857
12801111200,6701848441,1,5,0.05263157894736842,1.6093966906022716,14,86,1204,29,11,1403,995,0.24193548387096775
55242228300,57211056598,1,16,0.1322314049586777,3.4550920025922647,58,79,4582,17,3,945,339,0.1956521739130435
57194418540,57209314505,1,2,0.018867924528301886,0.5974742844875237,58,50,2900,18,6,594,432,0.16666666666666666
12785708100,55332427600,1,7,0.17073170731707318,2.048002467524853,35,13,455,11,3,184,98,0.3103448275862069
14032837800,56990733700,1,5,0.17857142857142858,1.515419204679364,28,5,140,13,9,471,401,0.1388888888888889
35453890900,57651472900,1,4,0.12903225806451613,1.2603754635464028,26,9,234,16,2,372,172,0.40625
53263670000,7103053518,1,3,0.023809523809523808,1.0513088492837799,7,122,854,20,8,665,439,0.21359223300970873
56430927200,59436164000,1,27,0.15428571428571428,6.007568851572216,136,66,8976,19,5,1530,1130,0.36363636363636365
57194200924,6504443983,1,2,0.03125,0.4897122336964291,16,50,800,32,6,1449,439,0.4931506849315068
57190849611,6602978778,1,5,0.052083333333333336,1.5514512353244305,20,81,1620,22,2,703,201,0.2
57218595835,6602404361,1,16,0.16161616161616163,4.061960473659392,20,95,1900,14,10,596,514,0.14285714285714285
16243020100,55746970100,1,33,0.1375,7.43471318689786,216,57,12312,32,18,3898,3352,0.06666666666666667
24779987100,57428307800,1,4,0.10810810810810811,1.4112698784548328,30,11,330,8,4,199,159,0.3125
26634884900,58140925900,1,5,0.054945054945054944,1.28056308129226,88,8,704,17,11,1579,1249,0.1956521739130435
55091061100,57188971733,1,1,0.08333333333333333,0.28599966750267436,10,3,30,9,5,234,178,0.4925373134328358
58307618500,6602227807,1,2,0.14285714285714285,0.6527371895991351,4,12,48,5,3,78,72,0.13793103448275862
54382485600,7005936077,1,24,0.24242424242424243,5.28849685004797,39,84,3276,14,0,252,18,0.38461538461538464
55355036100,7004724933,1,6,0.06896551724137931,1.949780710531843,7,86,602,20,16,1022,874,0.11475409836065574
58532096700,6602619791,1,3,0.2,1.2907059361288802,4,14,56,12,8,206,174,0.32558139534883723
26634884900,56046126600,1,15,0.16853932584269662,4.813074944688571,88,16,1408,20,8,1511,1317,0.4782608695652174
35475009900,55371363900,1,9,0.34615384615384615,3.5979870196437815,24,11,264,20,10,1228,1038,0.3968253968253968
6603356349,7007018624,1,1,0.021739130434782608,0.3789231816899512,15,32,480,24,4,924,412,0.484375
57204507199,8343086500,1,2,0.4,1.2072134310002074,2,5,10,9,1,139,55,0.75
24758131700,57193681931,1,1,0.14285714285714285,0.6213349345596119,7,1,7,12,8,414,348,0.3333333333333333
55640145100,55644034300,1,40,0.31746031746031744,9.211178268182612,79,87,6873,33,3,2036,934,0.10891089108910891
57200206882,7101828170,1,5,0.07246376811594203,2.30022771596495,6,68,408,25,15,1230,1040,0.2711864406779661
57194868042,6506214929,1,12,0.1276595744680851,3.1710769324349273,78,28,2184,20,10,642,484,0.26666666666666666
37048606300,57214191892,1,10,0.2702702702702703,2.7116342115220182,34,13,442,12,8,334,254,0.16666666666666666
24381651100,56605875600,1,3,0.08823529411764706,0.8717725825441965,25,12,300,6,2,80,20,0.2
24344225800,57209252159,1,3,0.08108108108108109,1.4292473807245685,32,8,256,24,16,1201,1057,0.16666666666666666
57218195605,6507638077,1,54,0.39705882352941174,12.68739091836041,101,89,8989,18,0,1253,609,0.4074074074074074
55946024800,6507516780,1,7,0.16666666666666666,2.457893815894419,24,25,600,14,0,338,116,0.34285714285714286
35510536300,57205305981,1,4,0.11764705882352941,1.6922268927313424,34,4,136,10,6,285,229,0.1956521739130435
57202349525,57223261084,1,1,0.043478260869565216,0.31465798044412485,23,1,23,10,6,219,169,0.15384615384615385
57195062603,7003435386,1,4,0.0784313725490196,2.2446712328480998,4,51,204,15,9,564,504,0.2978723404255319
56694162200,57195232322,1,12,0.32432432432432434,3.2555439323953452,21,28,588,11,1,214,34,0.3333333333333333
55589269800,6508289866,1,1,0.1,0.5138983423697507,2,9,18,4,0,107,55,0.18181818181818182
56194536400,57215143687,1,6,0.6666666666666666,1.9632606313232241,9,6,54,4,0,70,0,0.125
55471327500,7003980008,1,5,0.16129032258064516,1.81229003147028,5,31,155,19,17,973,969,0.06153846153846154
36462533600,56124477400,1,0,0.0,0.0,31,6,186,22,10,1393,71,0.3220338983050847
38661114200,57223344567,1,6,0.1875,1.7512834135338096,25,13,325,6,2,134,16,0.14285714285714285
16202211100,7103053518,1,9,0.05202312138728324,2.82133243101143,60,122,7320,26,2,897,207,0.2376237623762376
16203173100,35093933200,1,8,0.16666666666666666,2.524502757389665,41,15,615,18,4,496,28,0.21428571428571427
56162804900,56593551000,1,4,0.5714285714285714,1.4202757567041302,4,7,28,6,4,654,182,0.4375
57195592867,57202379800,1,4,0.2857142857142857,1.8818192036711694,11,7,77,9,3,167,131,0.25
35301767300,56890903400,1,6,0.18181818181818182,1.6889948666488896,28,11,308,6,2,63,21,0.2222222222222222
57212197546,7102354941,1,10,0.15625,3.3778159036232616,13,61,793,13,5,294,228,0.09090909090909091
57221949854,57351933900,1,50,0.3597122302158273,11.46483545447546,122,67,8174,33,17,3326,2618,0.12903225806451613
14037194400,6603271904,1,4,0.043010752688172046,1.1677478061185949,50,47,2350,30,4,1652,278,0.3333333333333333
57209314505,57213597508,1,8,0.1568627450980392,2.3599013160575764,50,9,450,15,9,556,470,0.21951219512195122
23486135800,58101037600,1,6,0.21428571428571427,2.063089881334477,14,20,280,18,12,652,560,0.12698412698412698
35095506200,43260935500,1,8,0.10810810810810811,2.651426435682512,74,8,592,24,12,1047,853,0.5555555555555556
55620172900,55927598000,1,12,0.19672131147540983,3.728434852167528,50,23,1150,20,12,813,619,0.20512820512820512
35419894800,7005645193,1,7,0.1076923076923077,2.4409353182975635,40,32,1280,15,5,533,323,0.3793103448275862
57195065451,57201734615,1,9,0.07758620689655173,2.413986395692891,67,58,3886,30,4,1615,139,0.30526315789473685
57220064244,58253682400,1,7,0.21212121212121213,2.7260563089499197,33,7,231,14,10,442,422,0.09615384615384616
16416659200,55578807642,1,11,0.3793103448275862,6.071617283270093,29,11,319,46,24,6102,3740,0.3125
11241685400,55618669100,1,5,0.22727272727272727,2.0131871495936284,15,12,180,9,1,87,15,0.7
58826703900,7006827604,1,17,0.5151515151515151,4.17752156779174,27,23,621,6,2,248,30,0.046875
57188759143,7202140793,1,4,0.05405405405405406,1.4784377852065418,4,74,296,47,33,6385,6001,0.17142857142857143
57215683127,7003450280,1,34,0.15454545454545454,7.873223300492038,118,136,16048,23,5,1495,293,0.21666666666666667
54998020900,57196404150,1,5,0.16129032258064516,1.5183824137654087,18,18,324,10,2,244,18,0.15384615384615385
57206938059,57206938115,1,7,0.5,2.03448099056706,14,7,98,7,3,370,162,0.5384615384615384
57205287889,57284778900,1,7,0.4375,2.209488627742766,10,13,130,11,1,134,8,0.3076923076923077
16836131500,57197768182,1,6,0.1276595744680851,1.6358609144002036,42,11,462,12,6,285,121,0.1891891891891892
55530682500,57188415100,1,10,0.2127659574468085,2.7139651091084094,30,27,810,14,4,290,116,0.5833333333333334
56241060700,7003473187,1,8,0.10810810810810811,2.549559815029254,28,54,1512,28,2,1102,140,0.18666666666666668
16232535600,57205624942,1,0,0.0,0.0,8,0,0,8,4,154,132,0.24
16243020100,55933323300,1,25,0.11013215859030837,5.690298223810725,216,36,7776,27,23,3689,3561,0.25
26023085000,6602257132,1,21,0.12883435582822086,5.818920757559357,94,90,8460,38,12,2497,1493,0.4166666666666667
6603267575,7003488906,1,4,0.044444444444444446,1.2244082029620444,62,32,1984,15,3,445,173,0.35714285714285715
7003379409,7006012333,1,2,0.03571428571428571,1.0764545478730305,14,44,616,36,16,2255,1683,0.27450980392156865
55189438200,7006412165,1,13,0.16883116883116883,4.287712642201554,54,36,1944,37,19,2180,1754,0.3103448275862069
26635523700,56378542800,1,16,0.2318840579710145,4.898301868177603,17,68,1156,30,6,1500,782,0.46511627906976744
7005323635,7202142674,1,6,0.10714285714285714,2.030650925745518,41,21,861,23,13,1121,947,0.11940298507462686
57074001000,58081982900,1,2,0.25,1.391137573589825,4,6,24,6,2,108,78,0.4117647058823529
57208026750,57220640044,1,9,0.2903225806451613,3.2725745202688454,30,10,300,18,14,675,581,0.05555555555555555
26022392400,56947560600,1,2,0.07407407407407407,0.519507023371553,25,4,100,18,12,678,550,0.2
57225764016,6506329109,1,2,1.0,0.8833279513448324,2,2,4,10,6,335,267,0.19230769230769232
28367982900,56779692100,1,29,0.29591836734693877,7.68985759630273,40,87,3480,20,2,584,74,0.5357142857142857
22938031400,57213873391,1,38,0.5507246376811594,8.798133986927107,60,47,2820,10,4,197,71,0.20689655172413793
57205677091,57224158112,1,2,0.15384615384615385,0.6087157784378276,9,6,54,9,7,470,454,0.24
57986628800,7801532760,1,3,0.03225806451612903,1.0481318671097768,3,93,279,17,13,719,681,0.17647058823529413
49963207400,7003980008,1,5,0.14705882352941177,2.368176929985805,8,31,248,21,15,1042,900,0.26153846153846155
57216881349,7005381764,1,6,0.2857142857142857,1.8002411851174274,12,15,180,15,7,330,180,0.18571428571428572
15766181700,57204063924,1,1,0.08333333333333333,1.4426950408889634,12,1,12,12,8,547,347,0.0967741935483871
55180668900,55981667500,1,14,0.34146341463414637,6.213253814264492,24,31,744,22,0,787,5,0.6857142857142857
56489989200,57212443709,1,3,0.21428571428571427,0.9484523742681237,8,9,72,4,0,59,1,0.5833333333333334
18437640800,57224588100,1,1,0.16666666666666666,0.5581106265512472,5,2,10,6,6,91,91,0.45161290322580644
56605875600,7102812576,1,8,0.5333333333333333,2.482827317733199,12,11,132,5,1,73,13,0.35294117647058826
56537108900,56779692100,1,9,0.05454545454545454,1.9709097130608446,87,87,7569,26,4,947,289,0.23214285714285715
57194876074,57204241954,1,5,0.125,1.4469802601866792,33,12,396,12,2,514,416,0.12903225806451613
14219526400,58833399200,1,6,0.07142857142857142,1.676444280650482,83,7,581,26,24,1988,1968,0.08571428571428572
25031122000,57210960198,1,35,0.22012578616352202,8.37092995225612,59,135,7965,18,0,1492,968,0.3157894736842105
57217546552,8313580700,1,3,0.42857142857142855,1.6769643510224754,5,5,25,11,3,288,136,0.3148148148148148
57336713600,57343120900,1,1,0.25,0.6213349345596119,4,1,4,4,0,132,94,0.15384615384615385
55479849400,57193114096,1,3,0.3,1.2796854229629753,8,5,40,6,2,97,49,0.3
57208427094,57223180447,1,2,0.5,0.863633805084293,4,2,8,5,3,49,25,0.2631578947368421
57194049511,57201344847,1,6,0.2608695652173913,2.0229524986173266,12,17,204,12,6,312,246,0.07142857142857142
53879388500,55623402000,1,0,0.0,0.0,10,0,0,25,21,1584,1500,0.3137254901960784
14025574900,16243020100,1,55,0.22540983606557377,13.056626778632953,83,216,17928,32,18,3750,3500,0.36486486486486486
55446662500,57209449016,1,5,0.17857142857142858,1.5391682840949708,5,28,140,16,12,519,485,0.11538461538461539
16039416600,57194650805,1,6,0.06818181818181818,1.7949012266153632,70,24,1680,36,16,2253,1615,0.40625
15067932200,26025948800,1,14,0.1794871794871795,4.707723496263869,30,62,1860,40,10,2717,1547,0.5416666666666666
24075557300,55769165700,1,0,0.0,0.0,24,1,24,14,10,425,377,0.1
36970630800,58934071000,1,6,0.24,2.6098443296134843,24,7,168,12,6,311,219,0.48
55270260700,56432590300,1,8,0.5,3.0258813988707587,15,9,135,11,3,192,80,0.34782608695652173
55597926500,57221369272,1,39,0.34513274336283184,8.913755429418794,106,46,4876,18,10,1128,650,0.13953488372093023
35568595300,42761099900,1,12,0.13636363636363635,4.42163958900831,83,17,1411,24,10,859,613,0.2948717948717949
56526846400,57108771800,1,5,0.11904761904761904,1.4928638888804562,30,17,510,18,2,418,28,0.24615384615384617
25822049200,56085612400,1,12,0.10256410256410256,3.6102320450620176,117,12,1404,24,20,1645,1615,0.1746031746031746
56076362200,57212462893,1,1,0.25,0.3001016285004131,4,1,4,6,0,67,21,0.5714285714285714
36615328700,6602506368,1,2,0.2,0.8650383029813821,5,7,35,13,5,361,103,0.36538461538461536
23072832700,57194592301,1,2,0.028169014084507043,0.6345454003252826,69,4,276,30,22,2924,2566,0.10833333333333334
56389402100,57206787157,1,5,0.38461538461538464,1.6771142641608412,9,9,81,4,0,38,2,0.37037037037037035
55421047900,57189326030,1,8,0.7272727272727273,2.2629982413603895,9,10,90,5,1,37,19,0.15625
55091061100,56487308200,1,3,0.3,0.8288734538245093,10,3,30,10,4,371,41,0.25
6507796594,9279099800,1,2,0.03333333333333333,0.6718851127685621,41,21,861,27,7,2563,2085,0.45588235294117646
57203687928,57214188493,1,11,0.06707317073170732,2.6297697304979817,138,37,5106,16,2,1241,709,0.21052631578947367
24073240300,26654826000,1,6,0.10526315789473684,1.8689936425723994,57,6,342,19,15,778,736,0.391304347826087
57215143722,6506893389,1,2,0.2,1.2426698691192237,5,7,35,13,7,464,410,0.3333333333333333
55257149800,6603160075,1,13,0.48148148148148145,4.040650360485229,13,27,351,16,6,442,162,0.48936170212765956
59662811800,6701542482,1,4,0.043478260869565216,1.1138063901663677,41,55,2255,31,13,2005,1505,0.2857142857142857
35460884400,55967938200,1,3,0.027777777777777776,0.8147847900553842,95,16,1520,41,17,2920,1930,0.15714285714285714
13002871000,7003980008,1,6,0.18181818181818182,2.660234023466401,8,31,248,21,15,1045,897,0.2
57193114096,7006466498,1,5,0.05813953488372093,2.1372346406582388,5,86,430,20,16,864,816,0.06493506493506493
55882063100,57192892615,1,38,0.3333333333333333,8.309531566854321,68,84,5712,19,3,2038,320,0.16981132075471697
12809579800,8721928400,1,5,0.7142857142857143,1.994130438589496,6,6,36,6,0,87,25,0.5714285714285714
57202339270,7202369029,1,37,0.33035714285714285,12.541978055249846,45,104,4680,42,12,3388,2040,0.42857142857142855
56104872400,56513768800,1,8,0.13114754098360656,2.190969110370723,13,56,728,22,14,1066,894,0.16666666666666666
57196023105,57201026134,1,37,0.22424242424242424,8.66700709565428,46,156,7176,15,7,1347,1159,0.36363636363636365
24075557300,57212350721,1,1,0.038461538461538464,0.5138983423697507,24,3,72,14,10,439,363,0.15789473684210525
57215103060,57222193631,1,8,0.1702127659574468,2.5537611184705447,12,43,516,16,8,533,251,0.18518518518518517
57191193090,57195995961,1,5,0.38461538461538464,2.182574446073229,10,8,80,11,1,161,15,0.46875
57192201395,57218257221,1,8,0.2857142857142857,2.6500837377445463,28,8,224,15,7,748,418,0.21875
54383241100,8161184700,1,2,0.0392156862745098,0.5543064444561878,50,3,150,20,16,1001,793,0.2857142857142857
57194572637,57211209210,1,4,0.19047619047619047,1.2174120924004814,4,21,84,12,6,358,300,0.3023255813953488
56025855800,7003359246,1,2,0.11764705882352941,0.6717121124462357,6,13,78,14,10,334,288,0.22916666666666666
54405566700,57193343345,1,3,0.17647058823529413,0.99562442014187,16,4,64,14,2,335,51,0.41379310344827586
57193673695,8722213800,1,6,0.10909090909090909,1.797935080057413,16,45,720,11,5,280,196,0.11864406779661017
57207826682,57215102752,1,13,0.38235294117647056,3.3300178411406423,20,27,540,6,2,152,106,0.21739130434782608
56897081100,56909556400,1,4,0.16,1.3778115816164154,6,23,138,16,2,740,154,0.37735849056603776
41261303800,7101855432,1,1,0.05555555555555555,0.3459762562611936,14,5,70,11,3,243,89,0.3617021276595745
55358891700,7202521198,1,3,0.1,1.189641904812263,21,12,252,19,13,1424,1240,0.2631578947368421
56233839100,57201026134,1,46,0.27218934911242604,10.749578859347132,59,156,9204,17,5,1352,1154,0.3877551020408163
10143354000,57190169567,1,56,0.3684210526315789,14.403047659461183,144,64,9216,33,13,1488,814,0.22772277227722773
57211113045,8534471900,1,14,0.1728395061728395,3.9898663378152044,19,76,1444,18,12,646,544,0.125
14060455600,7402631347,1,6,0.03550295857988166,1.565928405474743,134,41,5494,51,29,5540,4538,0.37349397590361444
13104130100,57751873500,1,7,0.19444444444444445,3.0413142058263753,36,7,252,9,7,294,272,0.17777777777777778
35476648500,57218194340,1,41,0.3942307692307692,9.125094239608806,70,75,5250,15,3,1054,856,0.16666666666666666
56427716500,6508385053,1,4,0.16,1.8504101441997922,8,21,168,15,9,605,319,0.1282051282051282
55815769500,57216909327,1,5,0.5555555555555556,2.2998607634502584,8,6,48,5,1,77,11,0.75
15849625600,57210960198,1,32,0.1893491124260355,7.557570654818437,66,135,8910,20,2,1966,494,0.358974358974359
57202633576,6701390755,1,17,0.2698412698412698,4.327655378816391,42,38,1596,16,6,575,125,0.19696969696969696
57197756333,7202369029,1,16,0.1523809523809524,4.774869091916036,17,104,1768,33,21,2957,2471,0.2318840579710145
56891694300,7003767448,1,5,0.22727272727272727,1.7913390866344314,20,7,140,4,2,62,54,0.3157894736842105
55815769500,6603822311,1,2,0.1111111111111111,1.531574161186449,8,12,96,10,4,194,106,0.7
16639084100,6603477177,1,1,0.043478260869565216,0.23090777506376875,3,21,63,7,5,173,163,0.36
57212764115,7202219958,1,5,0.06493506493506493,1.203706118753025,15,67,1005,16,8,597,229,0.08823529411764706
57205313315,6603267575,1,8,0.12903225806451613,2.6182317418479073,8,62,496,11,7,325,293,0.06451612903225806
55931740800,7004087255,1,3,0.23076923076923078,1.432682729143239,3,13,39,17,11,885,609,0.4358974358974359
36550085300,56841143500,1,2,0.3333333333333333,1.0556294164628637,4,4,16,4,0,26,6,0.45454545454545453
57278847300,7004835587,1,8,0.02666666666666667,2.1333263772115565,18,290,5220,36,28,3159,3003,0.11702127659574468
6603128830,7801624906,1,12,0.1,3.173483965096256,37,95,3515,17,1,432,108,0.18055555555555555
16243020100,25031122000,1,31,0.12704918032786885,6.952389149372716,216,59,12744,34,16,3887,3363,0.2972972972972973
35306973000,57217155322,1,4,0.23529411764705882,1.8531650634995973,17,4,68,14,8,396,148,0.14516129032258066
12807827200,35750735600,1,2,0.0425531914893617,0.5748381248003485,40,9,360,23,11,1062,632,0.2857142857142857
12804479700,58445911900,1,5,0.3333333333333333,1.7313951838513328,14,6,84,11,7,293,169,0.08163265306122448
36970994100,57213651245,1,6,0.25,1.6993945274336955,8,22,176,5,1,87,17,0.47368421052631576
56104872400,7003438159,1,9,0.16363636363636364,2.855289057927502,13,51,663,13,5,339,167,0.15555555555555556
57208086230,8934613900,1,6,0.42857142857142855,2.3938676994947548,7,13,91,11,5,281,193,0.5
6504646694,7103294844,1,9,0.2727272727272727,2.7027887465369695,23,19,437,3,1,28,6,0.3333333333333333
57215104705,57371100700,1,3,0.5,1.3435604314932281,6,3,18,4,0,18,4,0.5
57211715117,57216881349,1,8,0.2962962962962963,2.559381803437563,23,12,276,12,4,268,118,0.37142857142857144
57188951648,7401770179,1,8,0.2222222222222222,2.33881848402871,24,20,480,12,2,180,32,0.1111111111111111
57217148219,7102312930,1,5,0.13513513513513514,1.7091914193067113,7,35,245,12,8,588,546,0.14285714285714285
57214183120,6701317946,1,5,0.09090909090909091,1.3101346660327318,10,50,500,15,11,567,507,0.18333333333333332
57190841025,9746797800,1,3,0.031914893617021274,0.8978482109808141,6,91,546,20,8,784,562,0.16666666666666666
55204775100,56124477400,1,2,0.08695652173913043,1.0360055008886064,19,6,114,17,5,1112,210,0.36538461538461536
6602828632,7004978561,1,5,0.10416666666666667,1.7008095395929235,30,23,690,25,1,906,92,0.3939393939393939
57223380573,6505881924,1,5,0.07142857142857142,2.6486885002429146,7,68,476,16,8,525,435,0.24242424242424243
35175388700,35355756600,1,7,0.03825136612021858,2.058992088005916,63,127,8001,23,9,1994,1574,0.43478260869565216
56884068700,57214244618,1,4,0.26666666666666666,1.7052557607603482,15,4,60,18,10,602,364,0.4857142857142857
57205760368,57221229361,1,4,0.06896551724137931,1.2330570790742659,56,6,336,15,7,606,402,0.16279069767441862
12775552900,57190170514,1,3,0.2727272727272727,1.20966851397676,6,8,48,5,1,200,132,0.18181818181818182
57197768182,57197775231,1,6,0.5,1.6358609144002036,11,7,77,4,2,103,61,0.5454545454545454
35449361400,55535491100,1,15,0.15151515151515152,3.5725694849185388,54,60,3240,15,1,405,23,0.23529411764705882
8585119800,9273383800,1,8,0.07079646017699115,2.060362888525751,70,51,3570,28,8,1458,890,0.34146341463414637
57218300529,7005936077,1,28,0.30434782608695654,6.234115270304784,36,84,3024,10,4,187,47,0.1875
56527129000,56946693800,1,13,0.22413793103448276,3.2656362410573663,31,40,1240,15,1,624,200,0.35294117647058826
55966916000,57217640646,1,11,0.3235294117647059,3.2567640483966818,34,11,374,10,4,214,140,0.23076923076923078
57191492308,7004426962,1,3,0.04477611940298507,0.9638698568993442,12,58,696,27,15,1659,1213,0.14492753623188406
55587917400,7005623741,1,8,0.14035087719298245,2.66240450635113,22,43,946,9,3,119,69,0.38095238095238093
57189253895,57214618988,1,6,0.46153846153846156,2.0820419624783355,12,7,84,8,2,176,4,0.05
55257393500,57203520233,1,12,0.24,3.8414900929909006,48,14,672,16,10,578,426,0.2391304347826087
57195431787,7006018359,1,4,0.0975609756097561,1.653151980201066,6,39,234,23,19,1188,1152,0.10869565217391304
56768831300,57195568405,1,3,0.1875,0.9265361968586161,11,8,88,24,4,1834,142,0.3191489361702128
26967874700,6507578882,1,8,0.5714285714285714,3.7219795465236247,13,9,117,3,1,10,4,0.6666666666666666
16243020100,57203355876,1,24,0.10810810810810811,5.336675055059108,216,30,6480,28,22,3775,3475,0.07462686567164178
57191250687,6603070803,1,6,0.14634146341463414,2.1696252221684054,11,36,396,22,12,841,591,0.17647058823529413
35478909000,57196084513,1,12,0.04819277108433735,3.1266508627749174,231,30,6930,38,30,4947,4883,0.11650485436893204
56241060700,58575567800,1,4,0.13793103448275862,1.3928790622067775,28,5,140,15,11,496,466,0.4166666666666667
23072832700,57008663500,1,4,0.057971014492753624,1.8325662861402439,69,4,276,28,24,2752,2738,0.14516129032258066
12809396900,57196298635,1,4,0.3333333333333333,1.3963998519091907,9,7,63,7,1,176,84,0.3076923076923077
57205106670,7004405540,1,10,0.09345794392523364,3.2083178187815418,20,97,1940,20,6,711,393,0.2361111111111111
57202129227,57209661009,1,2,0.18181818181818182,0.7259450575305171,10,3,30,11,5,344,236,0.47058823529411764
8722213800,8937627500,1,9,0.2,3.234120555746067,45,9,405,11,5,304,172,0.46551724137931033
57209250367,6603079011,1,5,0.07692307692307693,1.5352800705582608,7,63,441,22,14,1190,1102,0.2857142857142857
57191903903,57215300006,1,10,0.30303030303030304,2.7185034272510875,32,11,352,9,5,238,110,0.23076923076923078
57226141788,6506641033,1,2,0.08333333333333333,0.9481928242730024,3,23,69,13,9,455,397,0.0625
21934592300,57193110663,1,16,0.41025641025641024,4.688655798256993,22,33,726,23,3,819,113,0.6
57189507284,6602877928,1,3,0.42857142857142855,2.3875454285972477,5,5,25,13,1,217,5,0.5263157894736842
57226149042,6507716063,1,20,0.18181818181818182,5.4145891949964176,25,105,2625,17,7,482,244,0.17142857142857143
27967551900,57196023105,1,32,0.2077922077922078,7.523002143068003,140,46,6440,24,16,1613,1425,0.25
57211214455,57404662900,1,18,0.4090909090909091,5.821568403081003,39,23,897,15,3,268,116,0.5238095238095238
37041364900,6701801409,1,6,0.15789473684210525,2.9608272588103794,17,27,459,26,14,1740,1522,0.5178571428571429
33368250200,36462533600,1,5,0.16129032258064516,2.972852503176302,5,31,155,18,14,752,712,0.30434782608695654
57211071832,57224179574,1,5,0.22727272727272727,1.7054498405977299,19,8,152,13,1,305,19,0.2857142857142857
57204012974,57204017182,1,10,0.3125,3.325175812775742,11,31,341,14,2,1023,607,0.4666666666666667
7006118189,7102314294,1,3,0.06382978723404255,1.3607715966632403,22,28,616,28,14,1760,1432,0.31666666666666665
57191868182,7003732915,1,5,0.04201680672268908,1.7792843156572398,5,119,595,36,32,4727,4691,0.06382978723404255
24174298100,55916496500,1,4,0.14285714285714285,1.3097540546838917,9,23,207,8,4,219,39,0.10526315789473684
57190219361,57270295500,1,3,0.375,0.8235083629263915,5,6,30,4,2,54,44,0.3333333333333333
55865568271,7006097264,1,5,0.17857142857142858,2.5130764485714385,6,27,162,13,7,363,311,0.41379310344827586
57204847637,7003478797,1,7,0.0958904109589041,2.1956800691420253,8,72,576,24,10,1524,830,0.25555555555555554
57194439260,57779252800,1,2,0.14285714285714285,0.6867643245600952,12,4,48,9,5,200,190,0.2777777777777778
57194869340,57218338315,1,15,0.24193548387096775,3.903423550242877,48,29,1392,16,4,431,189,0.3235294117647059
57217215485,6508202257,1,3,0.1875,1.611939242188079,6,13,78,8,2,111,23,0.225
25636359300,6603110227,1,9,0.24324324324324326,3.142404185889785,23,23,529,16,4,425,149,0.24390243902439024
55618665400,6506002895,1,39,0.29545454545454547,9.068246336135623,112,59,6608,13,5,1170,1040,0.3170731707317073
55312463700,57201607778,1,1,0.01282051282051282,0.5581106265512472,45,34,1530,27,3,1194,606,0.14864864864864866
55646079000,8275704100,1,5,0.23809523809523808,1.7925471617029003,6,20,120,11,5,276,186,0.1320754716981132
57195442657,60100025400,1,12,0.058823529411764705,3.1815167661581425,170,46,7820,26,4,851,337,0.14666666666666667
56519578400,7003572956,1,4,0.036036036036036036,1.2128031388630265,8,107,856,27,21,2591,2279,0.10294117647058823
7004751343,7402173770,1,6,0.09230769230769231,2.0454572195541445,60,11,660,41,33,3569,3363,0.29411764705882354
12240246800,57224123277,1,3,0.3333333333333333,1.2588602915528084,7,5,35,8,2,101,39,0.25
55628238100,57216849475,1,4,0.8,1.7745022425598227,5,4,20,5,1,44,20,0.6666666666666666
14037194400,6603118183,1,5,0.09433962264150944,1.699561286253489,50,8,400,20,14,988,942,0.18292682926829268
36967865500,56970595000,1,3,0.42857142857142855,1.3641623036756532,7,3,21,7,3,234,64,0.14814814814814814
12805509300,57216411532,1,5,0.15151515151515152,1.9884814870130119,33,5,165,44,28,5087,3961,0.24561403508771928
57208794505,57209721892,1,37,0.3557692307692308,8.278877383995043,61,80,4880,13,1,1501,765,0.13636363636363635
57211448989,57222076121,1,6,0.23076923076923078,1.8781242254452455,19,13,247,7,1,96,6,0.4
56940459700,60000009300,1,2,0.2222222222222222,0.5263525973693234,4,7,28,9,3,688,474,0.2631578947368421
18433294600,57201703959,1,2,0.10526315789473684,1.0743036443092429,19,2,38,19,11,1320,952,0.26
56074017300,56955599800,1,7,0.1346153846153846,1.8233539506157697,38,21,798,16,4,1446,432,0.23529411764705882
57194191719,7003473187,1,3,0.047619047619047616,1.2646602036565506,12,54,648,23,7,840,402,0.273972602739726
54383232900,56533987800,1,3,0.018867924528301886,0.776582844268431,150,12,1800,22,10,10333,8117,0.22857142857142856
15067932200,6603156028,1,7,0.06862745098039216,2.0986610328649276,30,79,2370,49,19,3554,2384,0.4603174603174603
11142276800,16038750100,1,4,0.36363636363636365,1.3524213907303935,8,7,56,5,1,67,23,0.3055555555555556
57956814400,57957696700,1,1,0.16666666666666666,0.36067376022224085,4,3,12,1,1,3,3,0.8
57190732544,7801532760,1,10,0.06756756756756757,3.2248535704925154,65,93,6045,22,8,824,576,0.13953488372093023
57215102728,6507638077,1,22,0.21359223300970873,4.87736114119748,36,89,3204,11,7,417,227,0.15555555555555556
35071113300,55578807642,1,2,0.18181818181818182,0.8350485199601045,2,11,22,12,10,1250,1112,0.25
57191250687,57216350704,1,2,0.125,0.7955563274071127,11,7,77,8,2,211,39,0.16666666666666666
57217442328,6601978164,1,16,0.21621621621621623,4.895365157990189,20,70,1400,34,22,3651,1925,0.2
57211337705,57215149890,1,0,0.0,0.0,3,11,33,10,4,156,84,0.17647058823529413
57201734615,57371375000,1,7,0.11666666666666667,1.9315051794392404,58,9,522,15,11,790,686,0.045454545454545456
36561004700,7203007412,1,13,0.09701492537313433,4.463457235277951,35,112,3920,31,11,1864,1232,0.33783783783783783
57214164280,7006188042,1,9,0.12857142857142856,3.175498022765048,9,70,630,20,14,1068,980,0.08955223880597014
57203868309,7202140793,1,16,0.16494845360824742,4.658670795373283,39,74,2886,55,25,6911,5475,0.45348837209302323
57210772027,57216404187,1,5,0.29411764705882354,1.7993560104299402,16,6,96,7,3,123,109,0.08
36340568700,57452457000,1,3,0.08823529411764706,1.6790336535680686,34,3,102,34,18,2327,2019,0.5813953488372093
57195423689,57216403875,1,4,0.3076923076923077,1.1580630614723133,6,11,66,19,5,781,453,0.45652173913043476
6508101025,7005798822,1,8,0.2857142857142857,2.3915379921636513,16,20,320,14,10,429,367,0.05172413793103448
55339506500,6603363265,1,1,0.2,0.20961352064055247,3,3,9,8,4,175,131,0.375
57212764115,58101037600,1,8,0.2962962962962963,1.823860372551681,15,20,300,7,1,230,138,0.1
57212469865,57226551715,1,2,0.6666666666666666,0.7133497951788754,3,2,6,9,3,441,67,0.14285714285714285
56641717100,57215907602,1,4,0.21052631578947367,1.5297704691578846,19,4,76,30,26,2335,2235,0.04838709677419355
57214188493,57225923318,1,12,0.2926829268292683,3.174334979918699,37,16,592,11,3,400,132,0.20930232558139536
55258506900,56180495400,1,6,0.25,1.7032976157446191,13,17,221,10,4,314,152,0.47368421052631576
55070036100,6506649400,1,13,0.09923664122137404,3.473131722533129,50,94,4700,24,4,945,233,0.4117647058823529
27967551900,57565693900,1,4,0.027972027972027972,1.218554664287606,140,7,980,22,18,1540,1498,0.11764705882352941
35497272700,57189089854,1,3,0.07692307692307693,1.2549469491802074,39,3,117,18,14,797,717,0.10588235294117647
57214755482,57216403979,1,5,0.35714285714285715,2.513287310910851,9,10,90,10,2,156,92,0.08955223880597014
57224155633,58189908500,1,4,0.8,1.456414440726252,5,4,20,2,0,23,9,0.15789473684210525
15057670200,55225014800,1,7,0.12280701754385964,2.248190202853178,27,37,999,15,1,352,138,0.29411764705882354
56074017300,57204040996,1,7,0.14583333333333334,1.9535174141164413,38,17,646,14,6,655,359,0.25806451612903225
57209721892,57210960198,1,49,0.29518072289156627,11.191431133129978,80,135,10800,15,3,1598,862,0.12
55587917400,55986627700,1,5,0.13513513513513514,1.816208062744105,22,20,440,8,2,151,101,0.24242424242424243
43961125800,6602463745,1,4,0.18181818181818182,1.4315227028869038,13,13,169,13,1,331,113,0.38095238095238093
43260935500,57206263089,1,5,0.2631578947368421,1.5412610410253065,8,16,128,10,2,184,10,0.2222222222222222
54880573100,6602834144,1,5,0.18518518518518517,1.7165569595023502,27,5,135,14,10,353,265,0.13043478260869565
57221501622,6603919610,1,1,1.0,0.9102392266268373,1,1,1,6,4,65,37,0.23684210526315788
22991301300,55459308900,1,5,0.2,2.227847485575718,19,11,209,24,12,1099,751,0.1686746987951807
6602672295,8059496300,1,8,0.11267605633802817,3.071363667023952,26,53,1378,28,8,1319,647,0.32
56575920300,57318015700,1,2,0.125,0.8449908585646988,10,8,80,18,6,2771,2423,0.41935483870967744
44760952200,56652016600,1,6,0.2857142857142857,2.2797620643451193,18,9,162,16,4,554,122,0.3333333333333333
55598364800,57201975171,1,6,0.15,1.3530686958599571,13,33,429,8,2,96,22,0.36
57192591670,57203223181,1,0,0.0,0.0,0,3,0,8,2,68,20,0.5
22985592800,57222248811,1,1,0.2,0.9102392266268373,5,1,5,6,2,53,37,0.19444444444444445
57205740241,7006912075,1,3,0.23076923076923078,0.7919647246427828,5,11,55,25,21,3730,3676,0.03508771929824561
57203867228,7403252543,1,4,0.36363636363636365,2.2350749775737224,5,10,50,12,2,294,140,0.3018867924528302
6701670128,7102633221,1,11,0.046413502109704644,3.410938811466604,73,175,12775,29,1,2316,1228,0.3333333333333333
55507423800,8275704100,1,3,0.09090909090909091,1.097469635275011,16,20,320,20,4,634,172,0.3469387755102041
35588325000,57201464415,1,3,0.05660377358490566,0.9277287542228163,52,4,208,21,15,1130,994,0.09523809523809523
57193005664,57566537500,1,1,0.5,0.48089834696298783,2,1,2,6,2,58,36,0.4
56025568600,6507713753,1,1,0.08333333333333333,0.3396232718951086,6,7,42,6,0,218,152,0.41379310344827586
55604213100,57211003402,1,7,0.12280701754385964,2.0548214868806087,50,14,700,9,5,144,122,0.05
57201734615,6602672295,1,5,0.06329113924050633,1.911547107299119,58,26,1508,23,3,1074,402,0.25
55081840800,7003450280,1,2,0.014084507042253521,1.024760595986761,8,136,1088,20,8,725,477,0.21428571428571427
57194104468,7103043561,1,22,0.4,6.300274657684436,27,50,1350,22,8,774,516,0.11363636363636363
57214188309,57219204189,1,4,0.5,2.007536180718545,6,6,36,4,0,77,37,0.5
25630164400,57211482914,1,10,0.25,2.419916897864393,33,17,561,11,3,441,159,0.3055555555555556
53064241900,6508352050,1,5,0.15625,2.0640912988186164,6,31,186,16,4,422,228,0.16666666666666666
54892907100,57204009812,1,6,0.1875,1.6960953498452382,27,11,297,10,4,162,108,0.09090909090909091
55620172900,56105087200,1,10,0.17857142857142858,2.8770078788067153,50,16,800,22,10,903,529,0.5135135135135135
57117690500,57195760105,1,29,0.20567375886524822,6.566441699977011,107,63,6741,18,10,2498,598,0.17391304347826086
55189438200,57218135478,1,3,0.04838709677419355,1.8411699604208345,54,11,594,38,18,2480,1454,0.16923076923076924
56430927200,57191906531,1,39,0.2746478873239437,9.198699002706176,136,45,6120,17,7,1637,1023,0.35
57201198471,6602404361,1,24,0.23076923076923078,5.285222065096285,33,95,3135,18,6,616,494,0.17073170731707318
14060455600,57189270902,1,17,0.1111111111111111,5.452076332764749,134,36,4824,66,14,6768,3310,0.4146341463414634
32668058700,57214188536,1,11,0.3142857142857143,3.1807086154121476,34,12,408,9,5,193,133,0.6
57199731514,8410841300,1,2,0.2222222222222222,1.249862498521946,3,8,24,19,5,599,301,0.2857142857142857
57197750458,57201153334,1,4,0.17391304347826086,1.8400797978161778,20,7,140,28,16,1625,1351,0.34285714285714286
27067481500,56585559800,1,11,0.2972972972972973,3.764295426854659,29,19,551,14,4,306,94,0.5714285714285714
57201998453,57216407144,1,6,0.35294117647058826,2.0809231588189014,11,12,132,9,1,360,92,0.5625
41261303800,57204764225,1,2,0.06451612903225806,0.8493173027712096,14,19,266,13,1,243,89,0.4722222222222222
57193832250,57209721892,1,42,0.4077669902912621,9.72951363985264,65,80,5200,14,2,827,91,0.1875
58251274400,6603110227,1,2,0.08695652173913043,1.0556294164628637,2,23,46,10,10,287,287,0.12121212121212122
57193579889,57286620800,1,21,0.8076923076923077,5.56651707220476,25,22,550,12,4,268,106,0.52
56659358100,57218801846,1,2,0.18181818181818182,1.279458146995729,4,9,36,6,4,69,57,0.1875
35425219100,56574448400,1,6,0.125,1.8525847293620479,48,6,288,17,13,771,601,0.1111111111111111
57210956628,57218849349,1,6,0.375,2.171257294276479,9,13,117,6,2,79,19,0.07692307692307693
26647133500,56712368500,1,13,0.9285714285714286,5.205268189633582,14,13,182,10,0,156,28,0.3939393939393939
55618665400,57219012294,1,23,0.184,5.012796427065248,112,36,4032,11,7,1114,1096,0.14705882352941177
57204629917,57212443499,1,1,0.25,0.318928988903801,3,2,6,9,1,97,47,0.6153846153846154
54386526400,57221931145,1,1,0.09090909090909091,0.31465798044412485,4,8,32,10,6,277,219,0.3
54583143500,7801358604,1,19,0.25675675675675674,6.199520630401988,21,72,1512,24,14,1146,942,0.41304347826086957
57196235419,57196235565,1,3,0.375,1.4027796633484166,7,4,28,5,1,120,14,0.6666666666666666
24330030100,26650457300,1,4,0.05063291139240506,1.081953945166596,73,10,730,12,6,367,283,0.3488372093023256
57219400414,6603311220,1,4,0.08888888888888889,1.7223839745766951,7,42,294,21,15,1129,1087,0.1509433962264151
6603772028,7103061271,1,3,0.02040816326530612,1.49837455001466,38,112,4256,24,14,1303,1099,0.26851851851851855
57191982380,57215605923,1,4,0.3076923076923077,1.7510197951502484,13,4,52,11,3,146,58,0.125
36881021500,7201849882,1,5,0.15625,1.8050048341472107,10,27,270,16,4,396,236,0.2191780821917808
57215108895,8534471900,1,9,0.11688311688311688,2.771774699187705,10,76,760,18,12,636,554,0.09523809523809523
57200516957,7005543703,1,5,0.16129032258064516,2.219738717328728,14,22,308,12,2,288,82,0.21568627450980393
55249712800,7004835587,1,19,0.06462585034013606,5.4335975505061365,23,290,6670,35,29,3170,2992,0.25274725274725274
57214755482,57223308289,1,3,0.17647058823529413,1.024668236310997,9,11,99,7,1,97,33,0.12195121951219512
58175870700,6603097867,1,11,0.25,3.2361965866494407,15,40,600,20,18,1742,1736,0.10526315789473684
57205251798,7103053518,1,7,0.056910569105691054,2.5321654886392255,8,122,976,17,11,606,498,0.024096385542168676
57225312385,7004698727,1,6,0.2608695652173913,2.0449775414404376,10,19,190,7,3,91,63,0.125
57216275328,57222395294,1,8,0.6153846153846154,2.8173906550709034,12,9,108,4,0,107,3,1.0
35475009900,57194539161,1,9,0.28125,3.6810376744992555,24,17,408,20,10,1201,1065,0.2647058823529412
36561004700,7007180997,1,1,0.01818181818181818,0.43429448190325176,35,21,735,25,5,933,301,0.29310344827586204
57221908100,57719990600,1,5,0.3125,1.4141032291674285,10,11,110,5,1,23,7,0.5714285714285714
57219169440,7102633221,1,6,0.03428571428571429,2.0666448101328796,6,175,1050,16,14,1774,1770,0.04
56399244800,57194769305,1,4,0.08888888888888889,1.195480340071936,17,32,544,23,5,628,322,0.20930232558139536
37018663100,6507310582,1,5,0.04310344827586207,1.2302902683108625,8,113,904,16,12,717,643,0.1388888888888889
15055653500,56803532000,1,1,0.029411764705882353,0.7213475204444817,3,32,96,23,7,1072,596,0.40384615384615385
43461584000,7005372641,1,1,0.041666666666666664,0.7213475204444817,10,15,150,9,5,265,67,0.4186046511627907
6508352050,6603955506,1,5,0.08928571428571429,2.0640912988186164,31,30,930,24,4,811,161,0.16666666666666666
16836131500,56041416200,1,9,0.1836734693877551,2.922653670700618,42,16,672,12,6,270,136,0.16666666666666666
57194985202,6506893389,1,0,0.0,0.0,4,7,28,11,9,473,401,0.25
57089853400,6603249112,1,3,0.06666666666666667,1.0006433973125923,6,42,252,18,10,688,588,0.20930232558139536
57163083200,57460531600,1,3,0.11538461538461539,1.2502843697458976,24,5,120,15,7,265,193,0.17857142857142858
57188854446,7003379409,1,3,0.2,1.235415477381697,4,14,56,13,7,322,250,0.25
25636959900,57212218661,1,3,0.06521739130434782,0.9632445266465369,41,8,328,24,6,913,577,0.25
57211678716,57217797374,1,3,0.06666666666666667,0.7630418660566907,42,6,252,8,4,144,124,0.058823529411764705
57208623046,7003942962,1,37,0.2138728323699422,8.224265908561028,44,166,7304,27,23,4016,3934,0.2676056338028169
37014622400,57189253895,1,12,0.8,4.732677580935859,15,12,180,12,2,313,141,0.40540540540540543
55907009500,56022635600,1,2,0.028169014084507043,0.7127313823852852,67,6,402,21,15,1492,1374,0.29333333333333333
57201985653,7003467120,1,36,0.34615384615384615,8.380243649939882,61,79,4819,18,4,454,180,0.20930232558139536
56105087200,6504284862,1,7,0.11475409836065574,1.6973985831605163,16,52,832,17,5,558,184,0.2
16062998800,27169708600,1,0,0.0,0.0,1,5,5,5,1,71,21,0.22857142857142856
57197190962,7003686739,1,16,0.5517241379310345,4.359185672411869,22,23,506,10,0,127,13,0.10869565217391304
35077555400,56267927900,1,5,0.06329113924050633,1.6319709255761803,6,78,468,17,11,517,469,0.2608695652173913
57201335426,57212697795,1,4,0.36363636363636365,1.52091329965601,10,5,50,17,3,343,145,0.5555555555555556
57193386417,6508085010,1,3,0.0625,0.766099568827937,15,36,540,25,13,1244,1036,0.06779661016949153
6601977808,7202140793,1,17,0.18085106382978725,4.9140449807377315,37,74,2738,57,23,8208,4178,0.475
57208653296,58020431000,1,2,0.2,0.6035147040426923,8,4,32,11,5,407,251,0.3076923076923077
35355756600,7006434026,1,6,0.036585365853658534,1.6822466965979874,127,43,5461,25,7,2022,1546,0.3157894736842105
54390755100,57200218961,1,3,0.17647058823529413,1.045252538065541,11,9,99,5,3,325,83,0.1111111111111111
25621529400,57205195001,1,20,0.16,4.686815300433915,122,23,2806,23,19,2049,1915,0.09859154929577464
35419894800,57196516585,1,3,0.075,1.0838286676058855,40,3,120,11,9,429,427,0.020833333333333332
37664726500,7004835587,1,59,0.184375,13.557604419969655,89,290,25810,42,22,4223,1939,0.43157894736842106
16307042200,7202551071,1,5,0.38461538461538464,2.565499163218214,5,13,65,9,5,143,75,0.2894736842105263
35566702500,57200795182,1,7,0.16279069767441862,2.242921005410172,31,19,589,10,0,171,77,0.22641509433962265
57203806277,57221949854,1,10,0.07462686567164178,2.2213489836236096,22,122,2684,29,21,3021,2923,0.15254237288135594
57196297669,57217116183,1,4,0.10256410256410256,1.6055201559866235,8,35,280,13,3,350,26,0.5625
55331323800,56539945500,1,4,0.07017543859649122,1.4298694811538761,46,15,690,14,0,317,35,0.23809523809523808
14056688500,57190732544,1,42,0.33070866141732286,9.352861685842935,104,65,6760,16,2,465,217,0.1951219512195122
37111391400,50162339500,1,2,0.18181818181818182,0.6652022569670205,2,11,22,6,2,82,20,0.4230769230769231
55667266000,57200822092,1,3,0.23076923076923078,1.1335298667424913,11,5,55,14,6,566,288,0.3125
34571143700,57203717842,1,1,0.08333333333333333,0.7213475204444817,12,1,12,12,6,819,657,0.06976744186046512
55838145700,57216436094,1,4,0.2222222222222222,1.5154589058384051,16,6,96,8,4,98,34,0.03225806451612903
56329327600,56600872900,1,3,0.14285714285714285,1.0846487928149144,19,5,95,21,7,1437,939,0.28205128205128205
15766181700,57215415791,1,6,0.46153846153846156,2.3580804516035556,12,7,84,13,7,525,369,0.0967741935483871
57207455147,8342748400,1,5,0.1,2.309361858761907,6,49,294,14,8,507,409,0.2702702702702703
57204854613,6603649409,1,2,0.09523809523809523,0.660775388722654,13,10,130,14,2,263,25,0.25
24831587100,6507121325,1,0,0.0,0.0,10,26,260,10,2,246,40,0.125
36085315900,6602877928,1,0,0.0,0.0,7,5,35,25,13,1403,1181,0.24390243902439024
6505881924,7003959774,1,38,0.2261904761904762,11.513925832635197,68,138,9384,37,13,2857,1897,0.34210526315789475
57190020246,57216279131,1,4,0.16666666666666666,1.3264797893852016,15,13,195,26,12,1376,986,0.23404255319148937
24831735200,36143358700,1,16,0.17204301075268819,3.463282658482474,26,83,2158,13,5,372,308,0.2916666666666667
13607129600,56779688100,1,6,0.6,2.2671407633197536,9,7,63,5,1,78,6,0.42857142857142855
35574263900,57198357708,1,3,0.3,1.0366150648122234,4,9,36,19,1,535,47,0.4634146341463415
55915537200,57190278097,1,9,0.14516129032258066,2.4474785316905585,44,27,1188,18,0,453,135,0.11666666666666667
57023536800,57195769948,1,8,0.47058823529411764,2.454910454798731,9,16,144,9,3,148,76,0.8
33267449500,57201127458,1,15,0.189873417721519,6.022275979983444,57,37,2109,19,9,815,697,0.21428571428571427
7003404516,7103053518,1,13,0.0896551724137931,3.6439634597170976,36,122,4392,22,6,1338,234,0.3118279569892473
56828766000,6601977808,1,5,0.10638297872340426,1.9874794778244558,15,37,555,36,2,4182,152,0.5084745762711864
57210377117,7006637649,1,5,0.16129032258064516,1.9247134341024483,9,27,243,22,18,1758,1680,0.17391304347826086
25621529400,57208623046,1,37,0.2868217054263566,8.260173955983722,122,44,5368,23,19,2023,1941,0.15584415584415584
55523524400,7004905361,1,2,0.06896551724137931,1.1764671337579005,2,29,58,15,11,721,617,0.3235294117647059
23987119600,6701916486,1,7,0.125,1.9002664165740486,21,42,882,18,8,716,572,0.4423076923076923
54789032500,57194289125,1,7,0.21875,1.7367731182874417,10,29,290,8,6,973,961,0.2
55083474300,7102210862,1,4,0.14814814814814814,1.5536242940573881,4,27,108,8,4,117,93,0.10714285714285714
57208034389,7003395367,1,5,0.16129032258064516,1.415514860828512,10,26,260,19,9,528,380,0.2
57203970401,57214189407,1,34,0.2595419847328244,7.560245306506035,110,55,6050,12,4,961,345,0.2777777777777778
6505881924,7004074021,1,57,0.6,19.35861270575149,68,84,5712,24,0,814,146,0.4888888888888889
37085668700,57222107173,1,4,0.25,1.8860955775942934,15,5,75,13,9,345,317,0.12903225806451613
58245835700,6506736837,1,1,0.017543859649122806,0.28126641406272834,1,57,57,22,20,1395,1393,0.09615384615384616
56650874500,57191527875,1,6,0.5,1.9324233269651707,8,10,80,5,1,68,6,0.3333333333333333
57221200208,6508357924,1,5,0.12195121951219512,1.5925451972946885,7,39,273,20,8,620,230,0.28846153846153844
23478076600,7102509180,1,7,0.3333333333333333,2.7352189428376636,7,21,147,8,4,62,46,0.17857142857142858
10143354000,13607877300,1,10,0.060240963855421686,2.6954253991215387,144,32,4608,38,8,1865,437,0.1875
57208107230,57216881349,1,8,0.6153846153846154,2.818616358149338,9,12,108,6,2,86,64,0.45
14025574900,6507189055,1,4,0.041666666666666664,1.3954974005080407,83,17,1411,14,0,231,19,0.22727272727272727
56743105600,8212453900,1,5,0.3125,1.5666080197218912,6,15,90,3,1,18,16,0.23333333333333334
57651472900,7003902989,1,4,0.10810810810810811,1.2126124451910114,9,32,288,17,3,395,195,0.3793103448275862
14831676900,57212445342,1,2,0.03125,0.5424004990250942,61,5,305,25,13,1167,839,0.2727272727272727
25923783400,57197773630,1,12,0.2033898305084746,3.8010067081394556,17,54,918,14,0,379,43,0.25
57226357862,7801532760,1,9,0.09183673469387756,2.920294602102815,14,93,1302,20,10,799,601,0.11904761904761904
55558132100,57194735402,1,11,0.4074074074074074,3.4265098550782054,17,21,357,16,0,330,18,0.6666666666666666
54913625700,57214181552,1,5,0.18518518518518517,2.2462588958610703,27,5,135,39,33,2852,2482,0.11764705882352941
23026082700,37079049100,1,9,0.1875,2.8818504930293867,32,25,800,12,0,245,77,0.25
57076839000,57226298314,1,11,0.4782608695652174,2.52987044381117,20,14,280,4,0,120,30,0.08108108108108109
24588088100,57200332456,1,5,0.16129032258064516,1.6364655644939547,22,14,308,12,0,229,19,0.3333333333333333
25622766500,57218849349,1,7,0.3684210526315789,2.652155641239467,13,13,169,8,0,128,30,0.3
57196146647,57207815145,1,15,0.29411764705882354,3.9508118907876373,41,25,1025,15,5,433,261,0.29411764705882354
26029384400,57223207805,1,4,0.16666666666666666,1.401175048607814,23,5,115,12,10,311,299,0.045454545454545456
56523519500,57559982600,1,2,0.08695652173913043,0.5449278989504756,20,5,100,6,2,64,50,0.25
54882813200,57192660477,1,8,0.25806451612903225,2.890355261291594,27,12,324,13,9,362,294,0.13513513513513514
57195577884,57220094971,1,4,0.3076923076923077,1.4072803154154343,7,10,70,6,0,194,60,0.06666666666666667
57196327480,7003305314,1,13,0.07303370786516854,3.6772831728131985,17,174,2958,17,13,1761,1689,0.07936507936507936
57191362976,57218399556,1,2,0.13333333333333333,1.0237645389414565,15,2,30,11,9,578,524,0.1388888888888889
57194228256,57205627840,1,7,0.30434782608695654,2.6440571697175543,16,14,224,18,2,450,66,0.3870967741935484
16243020100,56288956500,1,32,0.14349775784753363,7.286636979425759,216,39,8424,28,22,3830,3420,0.027777777777777776
55859432100,56549855600,1,1,0.05263157894736842,0.6213349345596119,5,15,75,6,2,59,27,0.32
56605888200,57221606534,1,18,0.1935483870967742,4.445443621413575,27,84,2268,8,2,241,129,0.0967741935483871
35510387000,7005179732,1,6,0.05217391304347826,2.369255854165294,46,75,3450,25,9,1430,970,0.29850746268656714
57194029067,57203747851,1,5,0.09615384615384616,1.2130160468855833,48,9,432,21,13,891,757,0.1956521739130435
57202120096,7202819763,1,5,0.18518518518518517,1.8787180161034538,10,22,220,13,9,852,236,0.078125
14323836500,57217121483,1,9,0.15517241379310345,2.4883566339119993,10,57,570,12,8,218,174,0.23809523809523808
15753813300,7801498529,1,10,0.10101010101010101,3.569815772215499,48,61,2928,18,0,426,20,0.5777777777777777
15849625600,7103040365,1,29,0.15846994535519127,6.706229738617413,66,146,9636,24,2,1994,522,0.42
53463361500,6601964582,1,5,0.05952380952380952,1.651165732150649,64,25,1600,35,15,2352,1570,0.3170731707317073
55324754000,6603165760,1,12,0.1875,4.039843016712189,14,62,868,10,4,260,194,0.5151515151515151
23134993400,40762338100,1,7,0.21875,2.754276624601788,28,11,308,23,7,760,230,0.3125
53263670000,57896963200,1,2,0.16666666666666666,0.6505357871315833,7,7,49,8,4,119,107,0.14285714285714285
13607129600,56545194900,1,7,0.6363636363636364,2.473560439842746,9,9,81,9,3,118,34,0.5862068965517241
36462533600,57202286637,1,3,0.08333333333333333,1.026917337664466,31,8,248,19,13,929,535,0.09523809523809523
56329943900,57205696181,1,5,0.1111111111111111,1.5065949671557766,5,45,225,8,4,137,73,0.46153846153846156
41262448300,6507310582,1,6,0.05172413793103448,1.581848734544,9,113,1017,16,12,717,643,0.21621621621621623
57211232334,57222271356,1,3,0.23076923076923078,0.9630917889885245,5,11,55,9,3,187,133,0.35714285714285715
58307618500,6506602604,1,2,0.13333333333333333,0.6527371895991351,4,13,52,5,3,107,101,0.3333333333333333
36882558500,57201474499,1,5,0.22727272727272727,1.3739773875114083,15,12,180,7,3,200,104,0.20689655172413793
24831735200,57206133412,1,8,0.24242424242424243,2.5181962446877493,26,15,390,7,1,51,13,0.32432432432432434
56115462100,7202143212,1,3,0.04918032786885246,0.8328201145573638,19,45,855,18,2,397,155,0.21666666666666667
55810848300,56998752500,1,3,1.0,1.4400753808868272,3,3,9,11,3,182,56,0.3793103448275862
56019245400,57192712005,1,3,0.6,1.5695277588326144,4,4,16,4,0,59,23,0.10526315789473684
12762025200,7006686754,1,8,0.14545454545454545,2.3756972206326847,24,39,936,21,1,1526,824,0.08536585365853659
12042047500,55216567600,1,5,0.22727272727272727,1.8696332485737266,22,5,110,13,7,304,238,0.6829268292682927
34267487200,58395292000,1,0,0.0,0.0,1,1,1,2,0,9,1,0.3333333333333333
7005637352,7201849882,1,10,0.14925373134328357,3.7358293067348933,50,27,1350,21,1,788,156,0.5333333333333333
57204088786,7005330448,1,16,0.1702127659574468,5.0575922968698315,30,80,2400,36,14,2535,1739,0.3709677419354839
16199397400,56271600500,1,3,0.057692307692307696,0.6600474119315255,36,19,684,8,0,90,22,0.16129032258064516
56451087100,6602828632,1,16,0.5161290322580645,6.042228866947107,17,30,510,20,6,709,289,0.5909090909090909
36479812200,7202177797,1,5,0.23809523809523808,2.105298494369358,5,21,105,9,5,119,91,0.29545454545454547
57202255018,57209314233,1,7,0.20588235294117646,1.9883161111439205,27,14,378,15,3,425,207,0.4090909090909091
57210960198,57214192991,1,33,0.23076923076923078,7.396011817341282,135,41,5535,12,6,1453,1007,0.08823529411764706
57218193751,57218195565,1,51,0.6296296296296297,11.48598171533602,78,54,4212,10,2,1665,81,0.5833333333333334
22991301300,42962909600,1,4,0.16666666666666666,1.322414012439312,19,9,171,21,15,944,906,0.07228915662650602
56927848700,57195062603,1,2,0.14285714285714285,0.7130970716616506,12,4,48,8,2,105,45,0.5833333333333334
25655211900,57191900480,1,1,0.1,1.4426950408889634,2,9,18,6,0,157,3,0.1875
57204658698,7004121723,1,8,0.10526315789473684,2.199360845922053,69,15,1035,10,0,172,26,0.17142857142857143
35588325000,57197190962,1,2,0.027777777777777776,0.7765956533836138,52,22,1144,23,13,1119,1005,0.2878787878787879
57189576273,6504786804,1,3,0.06,0.7948823842403678,11,42,462,7,1,252,110,0.21052631578947367
57200598850,57210725877,1,3,0.75,0.763093159072812,4,3,12,3,1,27,19,0.75
35585451000,7103040365,1,14,0.0611353711790393,4.162383087430864,97,146,14162,30,4,2062,454,0.2727272727272727
12242010500,56131381100,1,5,0.25,2.177019238914306,17,8,136,15,1,650,70,0.3611111111111111
7004185360,7201890059,1,3,0.08333333333333333,1.582238570751112,27,12,324,28,8,1230,704,0.4270833333333333
57205627840,57215151446,1,3,0.21428571428571427,1.0438981085124404,14,3,42,12,8,266,250,0.04
57196021981,7003450280,1,52,0.3023255813953488,12.161747912653059,88,136,11968,26,2,933,269,0.2833333333333333
37666056000,57201884329,1,15,0.45454545454545453,3.905527128032037,26,22,572,11,3,309,139,0.2222222222222222
8871368500,9746797800,1,2,0.020202020202020204,0.5659742141752651,10,91,910,18,10,733,613,0.14285714285714285
56983023200,7005119089,1,5,0.04065040650406504,1.7289132332554351,10,118,1180,31,23,2849,2341,0.05185185185185185
35894571100,57204099075,1,5,0.16666666666666666,1.8088021240043848,29,6,174,11,5,292,208,0.29545454545454547
57217190881,57894035200,1,10,0.5555555555555556,3.1631677901414914,15,13,195,7,3,69,47,0.13333333333333333
56079371000,56449354900,1,1,1.0,0.7213475204444817,1,1,1,8,0,154,20,0.32
57205302568,7006188042,1,4,0.0392156862745098,1.2678406727597382,36,70,2520,23,11,1163,885,0.26666666666666666
6507863945,7103043561,1,7,0.10294117647058823,2.0715933174895484,25,50,1250,20,10,783,507,0.0967741935483871
57225312385,6603936681,1,5,0.15151515151515152,1.6551062961891576,10,28,280,9,5,172,144,0.07692307692307693
55927598000,8962997000,1,14,0.14285714285714285,4.324596753966534,23,89,2047,29,21,2061,1867,0.14666666666666667
55770895400,7102266163,1,6,0.07894736842105263,2.143525996169145,25,57,1425,34,20,4091,3719,0.5142857142857142
36923965900,57204149623,1,4,0.36363636363636365,1.7131266733370696,9,6,54,7,3,175,97,0.21212121212121213
55905205100,6508037327,1,9,0.3,3.077858549502035,16,23,368,13,3,235,91,0.1
36937510000,55552961100,1,4,0.4,1.7186033242371934,7,7,49,6,2,56,30,0.2
57211131431,6506576334,1,1,0.030303030303030304,0.43429448190325176,2,32,64,15,11,623,573,0.1
57218195565,7103040365,1,42,0.26582278481012656,9.405525751018828,54,146,7884,17,9,2050,466,0.15384615384615385
55655408300,57197023682,1,2,0.13333333333333333,0.6416204927038143,8,9,72,11,1,413,83,0.2549019607843137
57200303669,57720581400,1,6,0.24,1.8937484813099723,18,13,234,4,0,32,16,0.13333333333333333
57225202614,57225205938,1,1,0.16666666666666666,0.3284587387530511,1,6,6,0,0,0,0,1.0
57189326030,7202219958,1,6,0.08450704225352113,1.5346896556619316,10,67,670,15,9,441,385,0.11688311688311688
56267927900,8313580700,1,2,0.024691358024691357,0.990604307628467,78,5,390,18,10,569,417,0.44642857142857145
35478909000,57200755425,1,40,0.1444043321299639,8.953507336993574,231,86,19866,42,26,6104,3726,0.10891089108910891
57189253636,8948536400,1,2,0.15384615384615385,0.8906174426240029,2,13,26,9,5,216,62,0.14
56046126600,6603790113,1,7,0.07526881720430108,2.1425739807373168,16,84,1344,23,11,1786,1592,0.2647058823529412
57201734615,57221552670,1,8,0.11764705882352941,1.951860767152856,58,18,1044,19,7,912,564,0.3055555555555556
57218194340,8554385000,1,26,0.26262626262626265,5.9455330847791945,75,50,3750,15,3,1190,720,0.391304347826087
16064406700,56076362200,1,3,0.75,2.0454725035562,3,4,12,5,1,86,2,0.55
57194740271,6602826319,1,8,0.09090909090909091,2.3839166482138943,9,87,783,15,11,488,468,0.15789473684210525
57209603501,7004062139,1,6,0.10526315789473684,1.7297202996602907,22,41,902,16,4,416,114,0.27631578947368424
57202072541,57207780549,1,7,0.25,1.961364700565856,18,17,306,11,1,163,39,0.2962962962962963
55257393500,57218192507,1,14,0.12727272727272726,3.376552976382843,48,76,3648,20,6,1379,375,0.11538461538461539
14522699800,57207305821,1,6,0.11320754716981132,1.7653413938410412,48,11,528,15,11,668,546,0.13636363636363635
57330199500,8059496300,1,6,0.11320754716981132,1.9888584472571884,6,53,318,20,16,1001,965,0.2
42962909600,56116780700,1,3,0.1,0.9617402522170713,9,24,216,11,5,214,176,0.044444444444444446
35568595300,6507357025,1,9,0.08571428571428572,3.505412914294915,83,31,2573,26,8,1023,449,0.39080459770114945
57207695253,7005323635,1,6,0.13636363636363635,1.910053631033254,9,41,369,23,13,1093,975,0.12121212121212122
57192378182,7005891606,1,6,0.17647058823529413,1.9455384915836982,6,34,204,16,12,460,412,0.16666666666666666
36944857500,57194689601,1,5,0.29411764705882354,2.7221063308874274,17,5,85,9,1,119,71,0.2608695652173913
56395383000,56692922100,1,6,0.4,1.9901071415243898,14,7,98,5,1,31,15,0.3333333333333333
56942248500,6603640296,1,2,0.2222222222222222,0.872152004737665,3,8,24,4,2,55,53,0.29411764705882354
55172863100,57194029067,1,37,0.45121951219512196,10.910070830276371,71,48,3408,39,5,2321,673,0.5964912280701754
54387228000,6504284862,1,8,0.13559322033898305,2.0188864242683486,15,52,780,15,7,467,275,0.3448275862068966
55220687000,57191259498,1,5,0.625,2.144245964808669,7,6,42,13,5,875,417,0.5405405405405406
57194288925,57205765158,1,22,0.22916666666666666,5.955794241112948,93,25,2325,17,13,1437,1419,0.1111111111111111
56414901900,58934071000,1,5,0.22727272727272727,1.8646932504058769,20,7,140,9,3,174,82,0.3448275862068966
55323998800,57205339235,1,8,0.2,2.3281545236206034,35,13,455,11,5,288,146,0.2222222222222222
24469152300,35976473700,1,2,0.019801980198019802,0.6701172607015632,88,15,1320,34,24,3483,3351,0.3333333333333333
57202319866,57915019800,1,1,0.16666666666666666,0.7213475204444817,5,2,10,5,1,39,7,0.14285714285714285
57821212600,6507737860,1,2,0.041666666666666664,0.6196654149730135,2,48,96,21,17,1654,1618,0.029411764705882353
56527030000,56600872900,1,2,0.3333333333333333,0.6676164013906681,3,5,15,10,4,277,221,0.34615384615384615
6602602840,7005592130,1,8,0.14814814814814814,2.853458425089944,26,36,936,15,1,351,141,0.3
14619829600,56369064100,1,1,0.02857142857142857,0.40242960438184466,35,1,35,18,8,748,566,0.22413793103448276
35478909000,7005969319,1,11,0.034482758620689655,2.8481368792500814,231,99,22869,50,18,5837,3993,0.31932773109243695
35478909000,36469725300,1,8,0.032,2.3085275961347196,231,27,6237,44,24,5181,4649,0.26851851851851855
58221326000,6506736837,1,0,0.0,0.0,0,57,0,23,19,1404,1384,0.08653846153846154
55679310300,57222081690,1,4,0.26666666666666666,2.118413578252838,14,5,70,15,13,863,855,0.13513513513513514
50162860100,7003942962,1,10,0.059880239520958084,3.165375736657924,11,166,1826,29,21,4005,3945,0.07142857142857142
57191403586,60100025400,1,9,0.18,2.627455229398488,13,46,598,13,9,290,224,0.32142857142857145
6603271904,7003732915,1,4,0.024691358024691357,1.1773242486204267,47,119,5593,47,21,5396,4022,0.38317757009345793
6507993283,6602277744,1,7,0.04242424242424243,2.219412059696131,39,133,5187,30,14,2089,1841,0.4567901234567901
57190223204,57225957056,1,3,0.15,0.8422914496152194,15,8,120,8,4,310,50,0.3
36340568700,6506395143,1,4,0.0851063829787234,1.9169998274856968,34,17,578,35,17,2591,1755,0.32727272727272727
57188667367,59956618700,1,6,0.1935483870967742,2.556139260545136,17,20,340,12,6,285,201,0.23076923076923078
57201802678,9846419000,1,6,0.6,2.4238605269254103,7,9,63,10,6,244,112,0.36666666666666664
57192166828,57207246029,1,4,0.23529411764705882,1.4111771395934611,17,4,68,8,4,144,86,0.17647058823529413
57207452039,58539953000,1,4,0.8,1.55669435917356,5,4,20,2,0,6,0,0.625
35425219100,6508228018,1,11,0.11827956989247312,3.506316584603507,48,56,2688,32,2,1532,160,0.35555555555555557
56577650300,57195732712,1,4,0.3076923076923077,1.2224736296706349,8,9,72,13,3,485,145,0.4
57194021664,57674157400,1,14,0.42424242424242425,4.571538165389936,32,15,480,5,3,58,52,0.5
7004663022,7201890059,1,3,0.1,1.531574161186449,21,12,252,21,1,654,128,0.3373493975903614
57879978800,6504280283,1,9,0.09183673469387756,2.913336672383859,17,90,1530,13,7,328,292,0.16326530612244897
35449361400,6603936681,1,6,0.07894736842105263,1.935872835054806,54,28,1512,15,1,372,56,0.4230769230769231
55376079600,56525225200,1,1,0.5,0.43429448190325176,2,1,2,15,1,487,107,0.5
57205627840,57215147987,1,8,0.38095238095238093,3.0081496813192654,14,15,210,15,5,321,195,0.2857142857142857
55323998800,57207489753,1,13,0.3023255813953488,3.6836553646615977,35,21,735,15,1,380,54,0.3888888888888889
57219674432,7101828170,1,2,0.029411764705882353,1.1556420023477334,2,68,136,22,18,1141,1129,0.1016949152542373
50760945800,57204038909,1,6,0.2222222222222222,2.0922712356480857,21,12,252,22,6,862,374,0.12244897959183673
13406948400,56688575600,1,5,0.15625,2.5497222114327185,23,14,322,19,5,568,350,0.23255813953488372
57201474499,7004835587,1,9,0.030716723549488054,2.463674055670143,12,290,3480,34,30,3129,3033,0.08888888888888889
56664043200,56781086400,1,27,0.391304347826087,7.450011556947004,37,59,2183,26,12,1159,795,0.40425531914893614
57204658698,7003959774,1,27,0.15,6.066660070445819,69,138,9522,30,20,2476,2278,0.09722222222222222
16634614100,57753975100,1,2,0.0425531914893617,0.8160466258880489,40,9,360,15,11,704,688,0.16279069767441862
16308664700,25825489500,1,2,0.08333333333333333,0.5869612188451601,20,6,120,13,1,285,63,0.26666666666666666
56955753400,7103153424,1,6,0.18181818181818182,2.7248802159978505,6,33,198,17,13,715,689,0.07317073170731707
57214861450,7006097264,1,3,0.1,1.22391404025465,6,27,162,14,6,402,272,0.20689655172413793
35606519100,57209573401,1,2,0.11764705882352941,0.6541286151877255,8,11,88,12,0,181,15,0.37037037037037035
57351582500,59289912700,1,8,0.6153846153846154,2.739259686450765,9,12,108,5,1,122,88,0.36
57189270902,57193566572,1,5,0.08620689655172414,1.5432468511813722,36,27,972,39,13,2391,1067,0.32075471698113206
14619829600,15055910800,1,8,0.22857142857142856,3.914101057552341,35,8,280,16,10,701,613,0.2641509433962264
14025574900,23991894900,1,5,0.05154639175257732,1.8247002361393865,83,19,1577,12,2,232,18,0.16279069767441862
44461002100,55249513200,1,3,0.2727272727272727,1.7956511647537245,5,9,45,8,4,417,359,0.21739130434782608
57202057353,7004121723,1,11,0.6470588235294118,3.13096511510032,13,15,195,7,3,103,43,0.09375
55981204500,57209661857,1,9,0.3333333333333333,2.722640342765041,19,17,323,6,2,103,61,0.22727272727272727
57218602621,58298122500,1,5,0.38461538461538464,1.9447775759163701,13,5,65,11,7,247,187,0.29411764705882354
57194184256,59851417600,1,5,0.625,1.6396851264048387,7,6,42,5,1,102,34,0.375
57190849611,6504443983,1,12,0.20689655172413793,4.2177401191246435,20,50,1000,29,9,1195,693,0.1935483870967742
35104765400,7103061271,1,8,0.06611570247933884,2.352988431761431,17,112,1904,23,15,1332,1070,0.1978021978021978
57160512400,57205468811,1,14,0.4827586206896552,3.811485925408817,28,15,420,11,7,219,177,0.25
37055346900,57094616900,1,6,0.46153846153846156,2.277917904663187,12,7,84,2,0,10,8,0.3333333333333333
12782630800,24559165600,1,5,0.04716981132075472,1.7835050560005952,106,5,530,17,13,796,762,0.21518987341772153
57211744823,6505884924,1,7,1.0,2.3965939759434773,7,7,49,4,0,16,0,0.4
22834507600,56919132800,1,0,0.0,0.0,31,0,0,12,10,424,404,0.17142857142857143
24504319000,57211894564,1,0,0.0,0.0,9,0,0,9,7,254,250,0.08695652173913043
55413466200,6603772028,1,6,0.13953488372093023,1.7074832606331414,11,38,418,8,2,140,64,0.19230769230769232
35175388700,57211056598,1,49,0.5268817204301075,11.255505912051314,63,79,4977,14,0,852,432,0.22641509433962265
16243020100,57192928378,1,11,0.05069124423963134,3.5803124469356424,216,12,2592,27,23,3707,3543,0.12162162162162163
22433527400,54881321300,1,5,0.23809523809523808,1.4975512529686292,17,9,153,13,1,543,179,0.35714285714285715
42761833500,57223380266,1,7,0.16666666666666666,1.827060412069796,33,16,528,10,4,179,155,0.2647058823529412
55321897700,6507189055,1,8,0.26666666666666666,3.1371200577680316,21,17,357,14,0,219,7,0.5185185185185185
15047537900,56001001600,1,4,0.07692307692307693,1.2213030139028263,42,14,588,10,4,265,207,0.07272727272727272
55110225800,6603835270,1,6,0.06382978723404255,3.0278244013219435,79,21,1659,18,8,632,436,0.42391304347826086
57188866318,57219599957,1,1,0.3333333333333333,0.3459762562611936,3,1,3,9,5,802,172,0.07894736842105263
55344658600,6506736837,1,2,0.034482758620689655,1.631586747071319,3,57,171,26,16,1469,1319,0.2803738317757009
16243020100,6506776579,1,127,0.4261744966442953,30.59414975421536,216,209,45144,50,0,7529,279,0.5294117647058824
57204541607,57209882567,1,5,0.7142857142857143,1.71056761889435,7,5,35,6,2,372,304,0.25
54782910300,7202143407,1,2,0.6666666666666666,2.8853900817779268,2,3,6,11,1,199,13,0.21428571428571427
56454907300,6603165760,1,22,0.15384615384615385,6.739579061738178,103,62,6386,15,1,429,25,0.3953488372093023
6507863945,6603673097,1,6,0.18181818181818182,2.123383312220468,25,14,350,10,0,216,60,0.1875
55499300300,57196706353,1,3,0.17647058823529413,1.243063107988704,13,7,91,10,2,167,35,0.4230769230769231
37011530500,55846257200,1,7,0.19444444444444445,2.192114636348869,16,27,432,13,3,431,13,0.3392857142857143
56399244800,57190849611,1,6,0.1935483870967742,2.477089390631453,17,20,340,19,1,404,98,0.125
57202053244,57217116183,1,8,0.2222222222222222,2.585117618404777,9,35,315,16,0,354,30,0.19230769230769232
36639370700,7102879500,1,5,0.052083333333333336,1.33767277194815,8,93,744,54,36,6145,4833,0.43548387096774194
57226248248,6506776579,1,11,0.05263157894736842,2.602565465961787,11,209,2299,27,23,3917,3891,0.046875
28367982900,57204858767,1,21,0.3387096774193548,5.424908048523891,40,43,1720,17,1,572,62,0.45161290322580644
46161079100,56811564300,1,5,0.3125,1.6214283440869894,10,11,110,14,4,666,326,0.5294117647058824
35077555400,57190575702,1,3,0.42857142857142855,1.2117866900978835,6,4,24,5,1,39,9,0.32
16062998800,6603919610,1,1,1.0,0.9102392266268373,1,1,1,7,3,76,26,0.5882352941176471
35238394900,7003322687,1,8,0.13559322033898305,2.8730399988846225,41,26,1066,19,3,598,152,0.44776119402985076
57200268559,7003305314,1,12,0.05970149253731343,3.17598577774678,39,174,6786,28,2,3689,239,0.39705882352941174
55578070700,7003686739,1,19,0.6785714285714286,5.201799458640813,24,23,552,8,2,120,20,0.17142857142857143
35796101600,57218195127,1,2,0.05128205128205128,0.42921139258195323,26,15,390,7,1,93,53,0.1836734693877551
23072832700,36699328700,1,7,0.08536585365853659,1.979472413957178,69,20,1380,34,18,2958,2532,0.22950819672131148
35145399900,57215152591,1,6,0.5,2.3740337542224124,6,12,72,6,2,74,56,0.37142857142857144
56962704100,6602844477,1,15,0.5,4.9155662473779325,16,29,464,12,8,484,394,0.2777777777777778
57223309138,7006434026,1,9,0.1956521739130435,2.818495359725731,12,43,516,11,7,270,206,0.047619047619047616
57212350721,7102961338,1,0,0.0,0.0,3,16,48,7,3,125,49,0.13157894736842105
35478909000,7103026228,1,5,0.02,1.2557279056693407,231,24,5544,51,17,5730,4100,0.18018018018018017
35548015700,55936865800,1,1,0.01694915254237288,0.9102392266268373,50,10,500,24,12,1517,1313,0.05319148936170213
34867881000,35319586400,1,8,0.16,2.2696833187289407,17,41,697,22,4,938,82,0.29850746268656714
14007750600,36112975500,1,14,0.2916666666666667,3.6563158114520573,26,36,936,15,1,318,0,0.3673469387755102
57117690500,57224181362,1,1,0.009174311926605505,0.32351545314867247,107,3,321,15,13,1550,1546,0.2926829268292683
53463361500,56603632300,1,8,0.12121212121212122,2.6670372598236987,64,10,640,27,23,1983,1939,0.20833333333333334
56901271600,57219433461,1,2,0.15384615384615385,0.5854079099379265,5,10,50,15,9,663,577,0.16666666666666666
57214861976,57256466800,1,6,1.0,2.4002824056103433,6,6,36,5,1,59,5,0.4
35597873000,7003959774,1,19,0.13013698630136986,5.198515271320941,27,138,3726,30,20,2510,2244,0.22857142857142856
14056688500,57214189407,1,34,0.272,7.786898463587069,104,55,5720,13,5,649,33,0.16216216216216217
57190797190,57192203666,1,7,0.21875,1.9912574286583722,32,7,224,11,9,395,291,0.17647058823529413
57200425884,57428307800,1,6,0.42857142857142855,2.212365748029445,9,11,99,4,0,35,5,0.6
57200504476,57208794505,1,39,0.45348837209302323,8.627578961826059,64,61,3904,11,3,1246,1020,0.2
55428927600,7004549172,1,1,0.1111111111111111,0.40242960438184466,3,7,21,9,5,154,66,0.38461538461538464
57211427406,57219387197,1,17,0.425,4.441620187867734,37,20,740,6,0,58,0,0.05555555555555555
58667890700,6603097867,1,3,0.07317073170731707,1.1961439762930366,4,40,160,20,18,1740,1738,0.08108108108108109
57204108963,57219820552,1,1,0.1111111111111111,0.6213349345596119,8,2,16,5,3,67,45,0.2222222222222222
57191961791,8666782100,1,3,0.046153846153846156,1.1212921204218058,25,43,1075,28,4,1326,262,0.11764705882352941
55550695600,57211079349,1,3,0.21428571428571427,1.6915920126986332,14,3,42,14,10,591,465,0.20588235294117646
57194346703,57222251209,1,2,0.2222222222222222,1.2426698691192237,9,2,18,16,12,809,729,0.16
57190799130,57195417633,1,8,0.12903225806451613,2.3839979704629277,40,30,1200,13,3,264,100,0.2727272727272727
10143354000,57371375000,1,8,0.05517241379310345,2.051600767792871,144,9,1296,25,21,1203,1099,0.04950495049504951
15057670200,26321347400,1,8,0.27586206896551724,2.2885000179954074,27,10,270,12,2,222,8,0.2608695652173913
57201364069,57204458451,1,6,0.46153846153846156,2.2915880186483775,12,7,84,13,3,461,109,0.4166666666666667
57197773630,57212272884,1,18,0.1651376146788991,4.290962473836409,54,73,3942,13,1,1030,694,0.23076923076923078
57194153124,7004751343,1,6,0.08108108108108109,1.613777153628785,20,60,1200,43,31,3866,3066,0.13253012048192772
55405029600,57217661773,1,6,0.08955223880597014,1.8787958991940836,18,55,990,14,2,965,789,0.28205128205128205
15926246800,57197801425,1,24,0.15286624203821655,6.032417807131975,128,53,6784,30,12,1647,1179,0.2222222222222222
55905205100,57202939548,1,5,0.14285714285714285,1.3571029926043883,16,24,384,13,3,196,52,0.14285714285714285
57214188262,7102602128,1,3,0.09375,1.1439342105092223,18,17,306,6,0,59,11,0.20930232558139536
57147095500,7102354941,1,12,0.17142857142857143,3.2200655975508283,21,61,1281,14,4,968,446,0.4594594594594595
55665226800,57193556906,1,5,0.2,1.8077217087239426,22,8,176,6,2,98,38,0.42857142857142855
23568485900,55932927000,1,6,0.16216216216216217,2.0874028973541625,35,8,280,9,7,190,164,0.21621621621621623
36706127300,55990644200,1,7,0.11666666666666667,2.4567035875410927,43,24,1032,26,8,1017,397,0.375
35175388700,57221606534,1,49,0.5,11.040426813266622,63,84,5292,12,2,395,25,0.17777777777777778
35568595300,56421951000,1,4,0.042105263157894736,2.3573073477371196,83,16,1328,26,8,900,572,0.3188405797101449
57216934454,57217633174,1,18,0.782608695652174,6.298626098114148,20,21,420,6,0,127,9,0.75
6505883465,7003572956,1,52,0.37142857142857144,15.693201351134153,85,107,9095,36,12,2849,2021,0.4788732394366197
6602978778,7005082971,1,9,0.07317073170731707,2.9119648848065887,81,51,4131,33,9,1701,797,0.449438202247191
16022155700,7203007412,1,7,0.05785123966942149,2.3089300061252316,16,112,1792,37,5,2283,813,0.20618556701030927
25032280000,35378828900,1,6,0.08108108108108109,1.9818981817819448,6,74,444,17,13,857,839,0.2289156626506024
31667532100,56099793900,1,7,0.19444444444444445,2.1710563106583836,32,11,352,20,14,753,687,0.3409090909090909
6505883465,7005637352,1,7,0.0546875,2.0710815088539043,85,50,4250,23,1,886,58,0.358974358974359
56519578400,57222634123,1,2,0.125,0.4413778542150335,8,10,80,8,2,237,75,0.4375
10143354000,57219012294,1,24,0.15384615384615385,5.168658329485298,144,36,5184,25,21,1160,1142,0.04950495049504951
26023085000,7202075544,1,26,0.17105263157894737,6.904219080657801,94,84,7896,41,9,2927,1063,0.5520833333333334
57211601222,57211603186,1,4,1.0,2.030772434438357,4,4,16,4,0,34,0,0.6
27967551900,57203863712,1,27,0.1836734693877551,7.921942319243819,140,34,4760,28,12,1675,1363,0.16981132075471697
35574475800,57190686529,1,4,0.14814814814814814,1.6292707457442448,14,17,238,13,5,284,154,0.35714285714285715
57192201395,7102474754,1,7,0.07954545454545454,2.2161730305185134,28,67,1876,30,8,1811,645,0.2716049382716049
16202633100,57550030800,1,4,0.15384615384615385,1.9447775759163701,25,5,125,7,5,293,281,0.14814814814814814
57201975171,57218223824,1,6,0.16216216216216217,1.9411686036747886,33,10,330,8,2,96,22,0.17391304347826086
57211056598,57760698500,1,9,0.10975609756097561,2.6216951990493214,79,12,948,10,4,669,615,0.2
16643616700,55907009500,1,22,0.14193548387096774,9.60376412662594,110,67,7370,42,6,3606,740,0.4166666666666667
57201298944,8059496300,1,9,0.15517241379310345,3.7809663867751473,14,53,742,23,13,1143,823,0.15
57215683127,57218194363,1,66,0.46808510638297873,15.516475106743622,118,89,10502,16,2,1952,164,0.44
23972243100,55771371100,1,6,0.1935483870967742,2.2583337911770522,21,16,336,17,3,816,170,0.4375
35092058800,57192957965,1,1,0.3333333333333333,0.4170323914242463,2,2,4,7,3,139,115,0.34782608695652173
26535979500,57207861606,1,6,0.23076923076923078,2.5511009696083713,26,6,156,14,8,775,741,0.29545454545454547
40761630500,55293802600,1,6,0.5,1.7602848438900651,7,11,77,4,0,68,24,0.22058823529411764
57218991639,6602715112,1,2,0.08,0.8894140952166705,4,23,92,29,15,1454,1178,0.18461538461538463
26538927600,7006827604,1,21,0.4375,5.3737427289679065,46,23,1058,12,8,541,323,0.5
57219556394,6505901432,1,3,0.2,1.4812095331905561,3,15,45,17,7,706,462,0.4186046511627907
6603574466,7004297492,1,4,0.3076923076923077,1.8167940948367727,12,5,60,9,3,167,73,0.3548387096774194
55963960000,56720078700,1,2,0.18181818181818182,0.7725446482719497,6,7,42,16,4,284,140,0.6363636363636364
57219288899,7005969319,1,10,0.10101010101010101,2.9787029583701803,10,99,990,18,14,943,901,0.05357142857142857
57215695361,6506002895,1,29,0.4461538461538462,6.467472785280541,35,59,2065,7,1,94,36,0.3
57211695211,6505881924,1,9,0.10975609756097561,2.410788410829601,23,68,1564,19,5,587,373,0.1891891891891892
34874490300,57206658680,1,3,0.08108108108108109,1.1184030901774797,34,6,204,9,3,177,25,0.14285714285714285
35568595300,57208673910,1,3,0.03333333333333333,0.9574878837159614,83,10,830,27,7,1042,430,0.1375
57190969497,57205630922,1,4,0.09302325581395349,1.1124553822106007,39,8,312,21,11,1304,794,0.1111111111111111
57038894000,8934613900,1,4,0.125,1.2217233978209847,23,13,299,19,3,559,85,0.3333333333333333
14824679900,6602977166,1,4,0.07142857142857142,1.6339186725734514,38,22,836,46,16,4120,2440,0.4603174603174603
57200860118,7003902989,1,2,0.05714285714285714,1.4683498531780845,5,32,160,12,8,322,268,0.038461538461538464
57195735368,57211156194,1,10,0.4166666666666667,3.467625645850069,16,18,288,16,2,458,108,0.6153846153846154
22934833900,57202362927,1,10,0.2631578947368421,3.0577534766635868,38,10,380,10,6,209,139,0.07317073170731707
55583329900,57201884329,1,15,0.45454545454545453,3.9089722783852676,26,22,572,8,0,165,5,0.17647058823529413
57202783289,6601976136,1,5,0.11363636363636363,2.0315723664719925,9,40,360,26,6,1930,574,0.36923076923076925
57212468699,58044116500,1,5,0.23809523809523808,1.2376852403348586,19,7,133,8,2,167,45,0.5789473684210527
54787646600,56940104900,1,4,0.07272727272727272,1.249122847429017,53,6,318,25,7,808,388,0.22
16243020100,7004835587,1,87,0.20763723150357996,20.4336649192406,216,290,62640,57,7,6706,544,0.4716981132075472
57196191611,57214244618,1,3,0.375,1.1913574183905973,7,4,28,10,2,320,82,0.4074074074074074
55263512800,6508085010,1,5,0.13157894736842105,1.903160783440283,7,36,252,21,17,1184,1096,0.09433962264150944
16028772900,57115428900,1,13,0.2826086956521739,4.6456929904255375,44,15,660,20,10,738,418,0.2
57204531379,7102314294,1,7,0.23333333333333334,3.4659134073786193,9,28,252,26,16,1686,1506,0.25
35742713600,54950226200,1,4,0.14285714285714285,1.545390080324845,13,19,247,20,10,743,305,0.39622641509433965
36496371500,57811678600,1,3,0.375,1.3860503471074157,8,3,24,6,4,75,43,0.55
55530682500,57203970401,1,6,0.04477611940298507,1.6919280199334277,30,110,3300,17,1,856,450,0.37037037037037035
57201985653,7102633221,1,43,0.22279792746113988,10.094566812633682,61,175,10675,22,8,1909,1635,0.28846153846153844
25654395000,59827720000,1,0,0.0,0.0,8,0,0,7,3,79,63,0.36666666666666664
14025574900,57196022709,1,37,0.4157303370786517,8.593350303043808,83,43,3569,9,5,171,79,0.2
57193882076,7202219958,1,13,0.17567567567567569,3.789027217472653,20,67,1340,15,9,449,377,0.09375
36699328700,8666782100,1,8,0.14545454545454545,2.572853923568454,20,43,860,24,8,1007,581,0.30612244897959184
57218194340,57221606534,1,46,0.40707964601769914,10.267149054282077,75,84,6300,14,4,1140,770,0.23529411764705882
55639203800,57204427688,1,3,0.06521739130434782,0.8667987860709405,38,11,418,22,12,956,660,0.24489795918367346
13607606600,57212389835,1,2,0.07407407407407407,0.8241657271545318,26,3,78,12,8,549,123,0.125
55616396400,57195232322,1,8,0.09411764705882353,2.166825828891726,65,28,1820,14,2,405,157,0.2
39862790000,57212705551,1,17,0.265625,4.835143867021522,36,45,1620,29,3,1486,10,0.4426229508196721
55617337800,7004062139,1,10,0.24390243902439024,3.268028839385152,10,41,410,15,5,380,150,0.36619718309859156
33768086600,55255901200,1,4,0.09523809523809523,1.2965992692959483,33,13,429,8,2,155,83,0.26666666666666666
57194855038,57220434860,1,5,0.2777777777777778,1.4446096619892497,14,9,126,6,2,118,40,0.3333333333333333
55253529800,7203007412,1,6,0.03896103896103896,1.778570137800821,48,112,5376,46,4,3102,6,0.3037974683544304
56427716500,8059496300,1,5,0.08928571428571429,1.6426359815111702,8,53,424,21,15,1126,840,0.125
57191270368,57208651654,1,9,0.23684210526315788,2.5293490549514908,30,17,510,11,1,301,3,0.3125
37079049100,57204140640,1,6,0.20689655172413793,1.6910006905613069,25,10,250,10,2,209,113,0.2
57191344418,57206032001,1,1,0.041666666666666664,0.5581106265512472,16,9,144,15,3,429,73,0.2692307692307692
15045541200,22133963900,1,2,0.14285714285714285,1.3426824550040934,6,10,60,14,4,349,227,0.3870967741935484
25643956700,6603477780,1,15,0.19230769230769232,4.706798942899368,41,52,2132,19,1,372,36,0.3125
40162386100,57222193631,1,7,0.16279069767441862,2.112110537362079,7,43,301,14,10,421,363,0.36
57223009414,7101828632,1,3,0.0967741935483871,1.7119518280729484,4,30,120,8,4,110,88,0.09090909090909091
35355756600,57189490884,1,4,0.03125,1.2575434081628156,127,5,635,20,12,1959,1609,0.06593406593406594
16203173100,24074075300,1,2,0.046511627906976744,0.45296244270321107,41,4,164,13,9,304,220,0.3953488372093023
57224646930,7004199959,1,1,0.058823529411764705,0.5581106265512472,4,14,56,13,9,428,362,0.09523809523809523
55123448900,55220063300,1,3,0.23076923076923078,1.3475660646982122,4,12,48,6,2,72,6,0.3333333333333333
12782630800,57209661857,1,11,0.09821428571428571,3.2266880597988417,106,17,1802,17,13,800,758,0.10126582278481013
16243020100,6701390755,1,17,0.07172995780590717,4.327655378816391,216,38,8208,36,14,3975,3275,0.19791666666666666
57214183368,57216437931,1,7,0.7,2.7783220173127994,10,7,70,11,1,163,3,1.0
55665656200,57899998700,1,5,0.07575757575757576,2.933035345246875,66,5,330,11,7,274,246,0.09090909090909091
54885945900,57919844100,1,1,0.09090909090909091,1.4426950408889634,8,4,32,10,6,277,239,0.23809523809523808
57226734959,8223664400,1,10,0.2777777777777778,3.8991586591592124,11,35,385,17,5,530,202,0.5
22834507600,55355286600,1,0,0.0,0.0,31,1,31,16,6,497,331,0.45
56701962100,7103040365,1,6,0.04,2.3387037855606723,10,146,1460,16,10,1277,1239,0.21951219512195122
36816603100,57204144935,1,1,0.16666666666666666,1.4426950408889634,2,5,10,7,5,196,150,0.3333333333333333
16062991900,6506185708,1,4,1.0,2.1746722709586415,4,4,16,12,4,549,131,0.2982456140350877
57201799454,7004549172,1,1,0.07692307692307693,0.40242960438184466,7,7,49,12,2,197,23,0.35
57195065379,57203784627,1,9,0.2647058823529412,2.35736476443386,29,14,406,9,3,295,101,0.48148148148148145
24469300300,56672515400,1,0,0.0,0.0,2,0,0,3,1,13,9,0.2222222222222222
56998669800,57221712866,1,7,0.14893617021276595,1.7857076364061202,27,27,729,10,2,379,267,0.20833333333333334
57201989588,57223912375,1,0,0.0,0.0,2,0,0,4,0,39,21,0.42857142857142855
57211427050,57211427319,1,20,0.43478260869565216,5.233680866401494,41,25,1025,10,4,248,64,0.11538461538461539
57218602483,6602387255,1,3,0.23076923076923078,2.164042561333445,9,7,63,11,7,328,266,0.07142857142857142
55984752600,6508188121,1,6,0.6666666666666666,3.2880719226678528,7,8,56,22,8,1135,621,0.6481481481481481
56289557600,56641717100,1,2,0.09523809523809523,0.6527371895991351,4,19,76,32,24,2338,2232,0.28125
33368324200,57224081255,1,1,0.029411764705882353,0.9102392266268373,33,2,66,13,7,361,269,0.20588235294117646
55419194300,7203013613,1,10,0.20408163265306123,2.7261824028334543,40,19,760,15,9,391,319,0.23684210526315788
56779911800,58951839600,1,10,0.625,3.4529351903804457,16,10,160,9,5,154,92,0.1724137931034483
55255901200,56585559800,1,3,0.10344827586206896,0.9996250649225782,13,19,247,8,2,142,70,0.36
57193566572,57194720075,1,2,0.06666666666666667,0.4537141578115843,27,5,135,21,5,1096,228,0.3333333333333333
57191270368,57203931279,1,4,0.125,1.066550007298738,30,6,180,8,4,171,133,0.2857142857142857
16315359100,35555798600,1,26,0.29545454545454547,10.10210172214724,49,65,3185,35,9,1927,1015,0.4482758620689655
35568595300,7005543703,1,13,0.14130434782608695,4.7823133492305505,83,22,1826,24,10,921,551,0.36585365853658536
57204658698,57211852761,1,43,0.5657894736842105,9.547198451205189,69,50,3450,9,1,157,41,0.038461538461538464
37089506500,7202551071,1,4,0.3076923076923077,2.314755011620591,4,13,52,9,5,128,90,0.15789473684210525
50162860100,7004835587,1,9,0.030821917808219176,2.786452554967973,11,290,3190,36,28,3111,3051,0.05555555555555555
55343987900,8059496300,1,5,0.08771929824561403,1.9037462650773376,9,53,477,21,15,1023,943,0.28888888888888886
57190799130,57205120607,1,10,0.24390243902439024,3.3022982330087167,40,11,440,12,4,253,111,0.16666666666666666
57057275300,8585119800,1,5,0.07142857142857142,1.8239427867094107,5,70,350,20,16,1253,1095,0.1323529411764706
36868308600,57200550747,1,1,0.09090909090909091,0.31465798044412485,7,5,35,6,2,105,41,0.29411764705882354
57188697738,57209799600,1,5,0.23809523809523808,1.8412599820869726,12,14,168,7,1,120,10,0.5
35574475800,56422332700,1,5,0.35714285714285715,2.67740681617373,14,5,70,6,2,77,53,0.7142857142857143
57195065451,57220996918,1,8,0.11940298507462686,3.5449752417074443,67,8,536,21,13,942,812,0.21666666666666667
55989421700,6602713722,1,9,0.15254237288135594,4.221146338246355,16,52,832,24,8,785,373,0.2236842105263158
56122157300,6602101968,1,17,0.1504424778761062,5.08535597161812,55,75,4125,39,13,2489,1527,0.34
56479115000,7102474754,1,7,0.09333333333333334,2.4461253451987,15,67,1005,24,14,1311,1145,0.11392405063291139
57318015700,57325393100,1,1,0.07692307692307693,0.9102392266268373,8,6,48,8,4,228,120,0.5454545454545454
57209573401,6508045259,1,1,0.06666666666666667,0.5581106265512472,11,5,55,11,1,187,9,0.30434782608695654
57193730238,59158928400,1,4,0.4,0.9316383189058004,7,7,49,8,0,324,118,0.03225806451612903
35277170500,57217718572,1,2,0.125,0.8831677154386057,14,4,56,12,6,396,304,0.2608695652173913
55598364800,56151869200,1,6,0.20689655172413793,1.4313909546204577,13,22,286,11,5,222,148,0.3225806451612903
55907009500,57200249355,1,4,0.058823529411764705,1.5054020507070627,67,5,335,19,17,1444,1422,0.05970149253731343
57211350803,7401770179,1,8,0.38095238095238093,2.646001542238354,9,20,180,11,3,135,77,0.45454545454545453
18436000300,57214192444,1,9,0.6,3.0647286020209545,15,9,135,9,5,230,112,0.15384615384615385
57210428111,57224117026,1,10,0.6666666666666666,3.5081402778000577,10,15,150,5,1,193,17,0.15384615384615385
55827609000,56156146300,1,1,0.14285714285714285,0.21274421382066935,7,1,7,9,1,140,34,0.46153846153846156
54881321300,57201333411,1,2,0.15384615384615385,0.481812311790769,9,6,54,10,2,436,286,0.5294117647058824
24381811800,59586827600,1,6,0.11320754716981132,2.7915453866116953,35,24,840,23,3,677,119,0.3125
57211337705,7005468526,1,1,0.03571428571428571,0.25973030217227155,3,26,78,21,15,1127,1055,0.14084507042253522
57191708331,7102743604,1,5,0.07692307692307693,1.3463901259690432,28,42,1176,26,2,1324,42,0.17307692307692307
57209721892,57215579465,1,20,0.2247191011235955,4.566864932982595,80,29,2320,8,4,439,297,0.29411764705882354
57217053664,7004481112,1,8,0.061068702290076333,2.4616794904307255,11,128,1408,17,15,813,809,0.025974025974025976
23972243100,57190139455,1,7,0.2916666666666667,2.2580353880677224,21,10,210,14,6,459,187,0.21052631578947367
55459308900,7007102944,1,4,0.15384615384615385,2.046972343368713,11,19,209,12,0,275,73,0.20408163265306123
57215343686,8299640100,1,1,0.043478260869565216,0.5138983423697507,1,23,23,11,9,392,374,0.14285714285714285
57201363003,57204465600,1,4,0.2222222222222222,1.4450770702683235,6,16,96,10,2,296,40,0.18181818181818182
57193761650,7003478797,1,16,0.1927710843373494,4.648179585573986,27,72,1944,26,8,1457,897,0.25842696629213485
57197858027,6602977166,1,3,0.10344827586206896,1.095442644853319,10,22,220,22,8,1011,669,0.47619047619047616
57205468811,6505883465,1,13,0.14942528735632185,3.4655096691476235,15,85,1275,14,10,435,393,0.125
26025948800,57212057185,1,9,0.12,2.528799123371031,62,22,1364,28,22,2350,1914,0.0851063829787234
26635822900,55587974700,1,9,0.2727272727272727,3.4665634677625086,25,17,425,24,6,822,316,0.32075471698113206
14029585100,7003395367,1,21,0.39622641509433965,8.015622085148367,48,26,1248,32,4,1527,619,0.34615384615384615
35478909000,57117690500,1,97,0.4024896265560166,30.563730508249908,231,107,24717,48,20,6463,3367,0.36633663366336633
57191259498,7202241794,1,4,0.4444444444444444,1.5229110302490574,6,7,42,6,2,398,60,0.3050847457627119
55471004700,57201196907,1,9,0.10227272727272728,2.114075778425919,81,16,1296,15,5,365,299,0.13793103448275862
57204075119,6601977808,1,1,0.02631578947368421,0.9102392266268373,2,37,74,20,14,2060,1970,0.18518518518518517
57202968313,6507713214,1,8,0.3076923076923077,3.3596840938964183,13,21,273,15,1,572,128,0.24390243902439024
57189708597,57225881000,1,0,0.0,0.0,8,4,32,12,6,218,138,0.23529411764705882
57189501491,8554385000,1,10,0.18181818181818182,2.3016483018349656,15,50,750,8,4,242,228,0.25
57117690500,57214189407,1,29,0.21804511278195488,6.544439185682824,107,55,5885,18,10,1856,1240,0.21621621621621623
35319586400,9635329200,1,1,0.02040816326530612,0.20961352064055247,41,9,369,16,10,762,258,0.18032786885245902
57209882567,7201455990,1,5,0.16129032258064516,1.71056761889435,5,31,155,10,6,464,396,0.125
37049416300,57206693050,1,7,0.21875,2.0306004928420434,31,8,248,12,6,293,245,0.45454545454545453
52663129000,57117690500,1,29,0.1870967741935484,6.547448376915146,77,107,8239,21,7,2577,519,0.3333333333333333
27967551900,59944389600,1,19,0.13194444444444445,5.2567999480047165,140,23,3220,22,18,1550,1488,0.058823529411764705
57203181593,7005330448,1,9,0.10465116279069768,2.4441351857368923,15,80,1200,30,20,2205,2069,0.24
57209721892,57221606534,1,40,0.3225806451612903,8.853075380463753,80,84,6720,11,1,553,183,0.14285714285714285
25635426900,57215103429,1,2,0.4,1.344533708530089,5,2,10,4,2,30,6,0.1935483870967742
23099312900,6602751821,1,9,0.2,2.857072067100798,28,26,728,10,2,130,40,0.2727272727272727
10044311600,56526846400,1,0,0.0,0.0,2,30,60,10,6,408,38,0.38461538461538464
57194163562,57196940803,1,1,0.1,0.5138983423697507,8,3,24,8,2,126,10,0.5588235294117647
15047537900,36871528400,1,8,0.14545454545454545,2.34380256929441,42,21,882,11,3,278,194,0.19298245614035087
36923965900,56745087900,1,4,0.3076923076923077,1.7131266733370696,9,8,72,8,2,195,77,0.2727272727272727
57402959700,7801408313,1,0,0.0,0.0,0,13,0,7,3,78,58,0.42857142857142855
55172863100,57195442657,1,17,0.07589285714285714,4.127399909804311,71,170,12070,37,7,2091,903,0.3488372093023256
14029585100,57204883159,1,6,0.12244897959183673,1.8593284168353188,48,7,336,24,12,1183,963,0.15492957746478872
55270260700,55885881500,1,7,0.30434782608695654,2.5343518041895985,15,15,225,14,0,277,5,0.3333333333333333
56891694300,57266105400,1,11,0.55,3.77110505310137,20,11,220,5,1,89,27,0.7058823529411765
40161025300,57211214455,1,12,0.21818181818181817,3.4327127007091325,28,39,1092,19,1,656,272,0.4090909090909091
35796101600,57206133412,1,9,0.28125,2.8028306129503235,26,15,390,7,1,92,54,0.22448979591836735
57208510656,57209571682,1,7,0.4375,2.022536124742815,15,8,120,4,0,72,12,0.46153846153846156
56530788800,6507863945,1,15,0.29411764705882354,4.009914186708526,41,25,1025,12,2,273,3,0.3333333333333333
14041302800,7102037424,1,3,0.09375,2.519149588761994,11,24,264,27,1,1223,79,0.5517241379310345
55637497100,55770895400,1,4,0.14285714285714285,1.428258898832405,7,25,175,12,2,332,40,0.41509433962264153
54890745800,6603785139,1,18,0.45,5.741848687086053,19,39,741,15,7,446,370,0.21311475409836064
35605694300,7005179732,1,10,0.11764705882352941,3.3599174976655695,20,75,1500,22,12,1285,1115,0.3442622950819672
57225141700,7005969319,1,8,0.07407407407407407,2.3427869217312978,17,99,1683,18,14,936,908,0.05263157894736842
55657575200,57117412100,1,6,0.16216216216216217,1.9278522540440464,10,33,330,6,0,66,10,0.4166666666666667
57194542116,7102312930,1,6,0.14285714285714285,1.864843958054605,13,35,455,13,7,595,539,0.19047619047619047
57191250687,57289768100,1,3,0.21428571428571427,0.9716392903794477,11,6,66,9,1,160,90,0.375
25621529400,55618665400,1,65,0.38461538461538464,15.10756336594748,122,112,13664,30,12,3087,877,0.2875
56074017300,56903779800,1,3,0.058823529411764705,0.6997578559415201,38,16,608,17,3,1040,26,0.28125
57538517900,9273383800,1,10,0.19230769230769232,3.2383893755246786,11,51,561,13,7,313,255,0.38095238095238093
57516122500,6602404361,1,40,0.39215686274509803,9.346192630696368,47,95,4465,14,10,601,509,0.2619047619047619
57194104468,7101626401,1,7,0.22580645161290322,2.6889482300062166,27,11,297,10,4,184,74,0.24324324324324326
54913625700,7102879500,1,3,0.02564102564102564,1.0137829506956606,27,93,2511,81,9,8156,2822,0.4065934065934066
55664036300,57202953110,1,2,0.1,1.7573530213330883,20,2,40,15,11,500,468,0.17647058823529413
55771371100,57194507234,1,5,0.25,1.639597648068974,16,9,144,14,0,632,354,0.32
55618665400,57208794505,1,42,0.32061068702290074,9.314565230739174,112,61,6832,16,2,2238,28,0.21428571428571427
57195065455,7005119089,1,11,0.08148148148148149,3.2866699527284062,28,118,3304,39,15,3162,2028,0.19117647058823528
35101968300,57209661857,1,9,0.28125,2.722640342765041,24,17,408,7,3,77,35,0.17857142857142858
36612953000,7007018624,1,0,0.0,0.0,5,32,160,18,10,831,505,0.20833333333333334
55636320349,8953706800,1,4,0.08,1.871395653880007,33,21,693,19,3,970,272,0.36363636363636365
57201318293,7005637352,1,1,0.018518518518518517,0.36067376022224085,5,50,250,12,10,475,469,0.029411764705882353
6602672295,7202134742,1,2,0.0625,0.859821528652939,26,8,208,11,9,341,331,0.32142857142857145
57223912375,6504710819,1,0,0.0,0.0,0,12,0,11,7,236,218,0.17647058823529413
57193163824,7003395367,1,8,0.19047619047619047,2.390825227039445,24,26,624,22,6,771,137,0.20930232558139536
57226750833,57293102200,1,4,0.8,2.9195900542136988,4,5,20,4,0,26,4,0.6666666666666666
57194876074,57212063161,1,6,0.16666666666666666,1.7616382406308038,33,9,297,12,2,516,414,0.10344827586206896
57190660749,59158928400,1,3,0.14285714285714285,0.7172042971850978,17,7,119,10,2,265,59,0.5
57194021664,57210908342,1,11,0.2894736842105263,3.4780899301710133,32,17,544,6,2,63,47,0.3076923076923077
35491581000,7202219958,1,4,0.05333333333333334,1.2764463121750673,12,67,804,14,10,425,401,0.14102564102564102
36697180500,6602460649,1,13,0.1566265060240964,4.33208585115115,14,82,1148,29,21,2523,2409,0.18095238095238095
57215821161,6506541996,1,15,0.14705882352941177,3.5586229842503116,25,92,2300,12,6,790,694,0.1388888888888889
37661803000,55907009500,1,1,0.014925373134328358,0.35295612386476116,1,67,67,29,7,1779,1087,0.27906976744186046
57206133412,6602856381,1,5,0.17857142857142858,1.524534971791394,15,18,270,7,1,43,5,0.4838709677419355
35796101600,57205749825,1,10,0.2777777777777778,3.1536451890179613,26,20,520,8,0,122,24,0.14705882352941177
57893972000,7004225897,1,2,0.05263157894736842,0.560321727338352,4,36,144,15,11,651,579,0.03125
55667266000,57195374965,1,0,0.0,0.0,11,1,11,14,6,455,399,0.6060606060606061
57194876074,6506776579,1,7,0.029787234042553193,1.7343156377766022,33,209,6897,32,18,4369,3439,0.10126582278481013
57191669716,57191899205,1,19,0.4222222222222222,5.465361873787496,28,36,1008,15,1,365,17,0.6363636363636364
55667231400,56248778900,1,1,0.2,1.4426950408889634,3,3,9,5,1,36,14,0.38235294117647056
57215103060,57218526486,1,12,0.8571428571428571,4.48944436737913,12,14,168,14,6,419,137,0.22580645161290322
56366658300,57200116102,1,4,0.0625,0.9902998147110221,62,6,372,12,8,311,261,0.08333333333333333
25621529400,57217661773,1,22,0.14193548387096774,4.9160916238111705,122,55,6710,29,13,2859,1105,0.21794871794871795
35473838700,57220195292,1,5,0.20833333333333334,1.85533745320019,18,11,198,7,1,113,25,0.14705882352941177
57210692502,7201676108,1,5,0.11363636363636363,1.5624700354895866,5,44,220,14,10,397,387,0.12
16308664700,57108771800,1,5,0.15625,1.7227155170973705,20,17,340,17,3,369,21,0.3018867924528302
57193616375,7003811166,1,9,0.140625,3.5057051971941453,9,64,576,33,19,1992,1488,0.14705882352941177
57214758551,57215104982,1,10,0.45454545454545453,2.3769050077236225,20,12,240,3,1,34,14,0.2
37050721900,56122157300,1,5,0.06493506493506493,1.4832606112643134,27,55,1485,28,2,1221,259,0.34523809523809523
55189438200,57215491924,1,12,0.16666666666666666,3.951123932799301,54,30,1620,37,19,2511,1423,0.16
6507121325,7201676108,1,11,0.1864406779661017,3.1549236483181744,26,44,1144,18,6,535,249,0.4230769230769231
56268711100,57205703793,1,4,0.23529411764705882,1.2105649501951676,17,4,68,7,3,107,49,0.10526315789473684
57195573495,57351582500,1,5,0.21739130434782608,1.5680356551276884,19,9,171,8,4,150,116,0.4
24330030100,57219379425,1,13,0.15476190476190477,3.4201407744357537,73,24,1752,13,5,391,259,0.3333333333333333
56780215300,57195134052,1,2,0.2857142857142857,1.2022458674074694,5,4,20,12,4,300,14,0.35294117647058826
57284400900,6602638796,1,4,0.15384615384615385,2.0280548009890644,4,26,104,5,3,67,59,0.23809523809523808
57201276000,7006012333,1,6,0.1276595744680851,3.4598576945488304,9,44,396,34,18,2102,1836,0.47619047619047616
56727870200,57212393274,1,2,0.2,0.8979307383872341,10,2,20,6,2,66,22,0.38461538461538464
56845192300,58434898100,1,9,0.42857142857142855,3.341025555845019,14,16,224,10,0,355,105,0.38235294117647056
56005252000,57221520155,1,3,0.09090909090909091,1.2525973244136877,32,4,128,16,12,502,434,0.1111111111111111
22133963900,55443918000,1,2,0.18181818181818182,0.955143135254946,10,3,30,10,8,294,282,0.08108108108108109
18436000300,57216693787,1,6,0.4,1.9904973288621164,15,6,90,10,4,218,124,0.3076923076923077
36469725300,57201975171,1,11,0.22448979591836735,3.258507231906414,27,33,891,15,5,325,207,0.32558139534883723
55413466200,7003942962,1,10,0.059880239520958084,3.0101284904289582,11,166,1826,28,22,4013,3937,0.18571428571428572
56430927200,57215579465,1,21,0.14583333333333334,4.864621609745219,136,29,3944,14,10,1401,1259,0.1951219512195122
6601978164,7003699883,1,24,0.22429906542056074,7.788599299157059,70,61,4270,44,12,3715,1861,0.38823529411764707
57208663490,57218656687,1,5,0.18518518518518517,1.5735266009455209,13,19,247,4,2,26,22,0.375
54383241100,57214192009,1,6,0.10526315789473684,1.940176442197406,50,13,650,30,6,1381,413,0.2962962962962963
12646175000,57195423689,1,2,0.11764705882352941,0.5183381610767918,13,6,78,21,3,984,250,0.34210526315789475
57189099690,7801532760,1,4,0.043010752688172046,1.1331304794266572,4,93,372,17,13,728,672,0.13095238095238096
13608891900,7003958646,1,2,0.046511627906976744,0.5462741363438416,5,40,200,15,11,568,490,0.16666666666666666
45161012900,57191492308,1,3,0.15,1.0288949657337412,11,12,132,13,1,410,36,0.3333333333333333
54791045400,57200554850,1,2,0.125,0.9187843867734881,13,5,65,24,18,1454,1296,0.1568627450980392
57214190336,6506214929,1,20,0.5555555555555556,5.410797067660787,28,28,784,10,0,159,1,0.23529411764705882
57192892615,57210960198,1,49,0.28823529411764703,10.938830316815626,84,135,11340,17,1,2089,371,0.1794871794871795
35263846000,57195940931,1,2,0.05714285714285714,0.596005125172105,11,26,286,18,8,758,496,0.3559322033898305
57213873391,6602404361,1,37,0.3523809523809524,8.565309264806295,47,95,4465,15,9,618,492,0.1590909090909091
12646175000,57193644769,1,0,0.0,0.0,13,0,0,11,7,381,353,0.16666666666666666
15134994000,58827472400,1,1,0.07692307692307693,0.23782951347935782,9,5,45,3,1,13,1,0.375
36550115500,6507924993,1,4,0.26666666666666666,2.2426206564059017,4,15,60,9,5,238,148,0.0958904109589041
57199505943,57215537459,1,10,0.8333333333333334,3.997443444676792,11,11,121,5,3,33,19,0.4444444444444444
36145399600,6602680085,1,12,0.13793103448275862,3.2165377417874037,13,86,1118,25,21,2196,2150,0.36363636363636365
57201985653,57202362927,1,7,0.109375,1.9407795747902068,61,10,610,9,5,172,102,0.17647058823529413
57212272884,57218194363,1,53,0.48623853211009177,12.187279260925862,73,89,6497,13,1,1920,196,0.47368421052631576
56582416100,57189986568,1,6,0.16216216216216217,2.0146383595957866,18,25,450,15,1,297,13,0.32142857142857145
36625829300,57463416000,1,3,0.25,1.1949049427606042,11,4,44,5,1,45,9,0.2777777777777778
35095293000,57203863712,1,16,0.35555555555555557,4.142069757500494,27,34,918,15,1,352,40,0.2857142857142857
55636544000,7003572956,1,7,0.059322033898305086,2.0556179662962024,18,107,1926,28,20,2599,2271,0.11428571428571428
6602227729,6603269083,1,3,0.2,1.3930339120103115,10,8,80,5,1,27,5,0.1875
57214849215,57711316900,1,1,0.2,0.5138983423697507,4,2,8,1,1,2,2,0.5555555555555556
55931753000,57223341206,1,6,0.5,1.830323897753336,12,6,72,8,4,226,148,0.3225806451612903
10143354000,22938031400,1,50,0.3246753246753247,11.639957227004418,144,60,8640,30,16,1285,1017,0.17142857142857143
57200728822,7006188042,1,2,0.0273972602739726,0.7904491201253646,5,70,350,25,9,1155,893,0.2916666666666667
18433294600,57191605344,1,3,0.1,1.5821243393953994,19,14,266,18,12,1183,1089,0.45569620253164556
57190065256,59956618700,1,6,0.2608695652173913,2.7093923596687324,9,20,180,16,2,384,102,0.5333333333333333
15755373400,57538517900,1,7,0.2692307692307692,1.8466189556504509,22,11,242,9,3,130,72,0.21052631578947367
57205302568,6601969069,1,4,0.05,1.241992311525692,36,48,1728,23,11,1152,874,0.2857142857142857
16634614100,57201121493,1,6,0.15,1.6874247049343796,40,6,240,16,10,729,663,0.11904761904761904
57204829606,7005310639,1,4,0.0975609756097561,1.502158880699389,11,34,374,6,4,59,45,0.23076923076923078
57223919857,8342748400,1,4,0.08,1.350047067577179,5,49,245,13,9,476,440,0.3333333333333333
55440558900,59842697900,1,4,0.0851063829787234,1.552879755126469,4,47,188,15,11,426,386,0.16417910447761194
33667772300,54390755100,1,3,0.21428571428571427,0.9517355997899674,6,11,66,5,3,212,196,0.32142857142857145
57119396700,6602789090,1,2,0.4,1.531574161186449,5,2,10,5,1,21,7,0.5
57194418540,7003572956,1,14,0.09271523178807947,3.9079742034125937,58,107,6206,30,18,2516,2354,0.2714285714285714
56013061400,7402279049,1,6,0.2608695652173913,2.139388488322692,6,23,138,22,16,1248,1154,0.23529411764705882
14021049800,36881021500,1,4,0.15384615384615385,1.4711966334518767,20,10,200,12,0,155,5,0.14893617021276595
37664726500,57215683127,1,65,0.45774647887323944,15.23496863460586,89,118,10502,19,1,2036,248,0.2222222222222222
12646175000,33368324200,1,3,0.06976744186046512,2.585272761089918,13,33,429,19,1,682,52,0.36231884057971014
57201719319,7202177797,1,10,0.2857142857142857,3.1193608790307064,24,21,504,15,1,306,96,0.3076923076923077
6504443983,6602978778,1,3,0.0234375,0.9880046494041441,50,81,4050,31,7,1396,492,0.5555555555555556
56258914100,7201545134,1,6,0.75,1.7635343588466283,8,6,48,5,1,226,26,0.47619047619047616
55850511800,57196146647,1,15,0.22388059701492538,3.893310474060408,41,41,1681,18,2,596,98,0.30612244897959184
56515498400,7003473187,1,0,0.0,0.0,2,54,108,20,10,715,527,0.21621621621621623
57208926150,6701848441,1,10,0.11627906976744186,3.09078961101833,10,86,860,22,18,1243,1155,0.05172413793103448
57190864627,7102126040,1,7,0.16666666666666666,1.8775423529701953,40,9,360,14,8,533,323,0.2222222222222222
57798912800,6504123736,1,19,0.1958762886597938,5.174244803894375,24,92,2208,19,15,1499,1443,0.12195121951219512
57199994567,57209449016,1,4,0.13333333333333333,1.2161460258726384,6,28,168,15,13,518,486,0.07692307692307693
37666056000,57219379425,1,14,0.3888888888888889,3.7230500502268447,26,24,624,11,3,290,158,0.34285714285714286
57217054548,7004481112,1,7,0.05343511450381679,2.1923969823663345,10,128,1280,17,15,813,809,0.013157894736842105
55619775400,57196370330,1,7,0.19444444444444445,2.284602304157596,10,33,330,13,9,419,367,0.30303030303030304
16634614100,57214861754,1,7,0.17073170731707318,1.8901944338868817,40,8,320,15,11,720,672,0.13953488372093023
55446662500,56018147400,1,4,0.14814814814814814,1.136738679713126,5,26,130,10,6,159,125,0.46153846153846156
57189270902,57197532484,1,2,0.05128205128205128,0.4992631889270723,36,5,180,31,21,1933,1525,0.36619718309859156
34874490300,7101835141,1,17,0.4594594594594595,4.708445072807427,34,20,680,14,2,421,219,0.14285714285714285
56260930100,6603583878,1,4,0.14285714285714285,1.660873867085093,16,16,256,13,5,250,140,0.35714285714285715
53063493500,6602404361,1,50,0.44642857142857145,11.657673049579802,67,95,6365,21,3,738,372,0.30357142857142855
57194547700,57219123655,1,4,0.4,1.3140069948840172,10,4,40,13,9,658,596,0.05084745762711865
57221582133,7003902989,1,5,0.15625,1.9355780365871955,5,32,160,13,7,314,276,0.07692307692307693
55933323300,56331374700,1,20,0.4166666666666667,4.459770097744091,36,32,1152,8,4,248,120,0.29577464788732394
57216209478,7102743604,1,3,0.07142857142857142,0.9383724891930506,3,42,126,17,11,703,579,0.23636363636363636
57204827588,57204832128,1,5,0.5,2.241491169880462,6,9,54,5,1,36,24,0.26666666666666666
24824925500,55206360800,1,1,0.06666666666666667,0.7213475204444817,2,14,28,10,4,232,170,0.16071428571428573
6603102572,7101794327,1,3,0.75,1.5983046736394249,3,4,12,12,0,313,29,0.417910447761194
56593551000,57189270902,1,4,0.10256410256410256,0.9804775056612677,7,36,252,31,21,2147,1311,0.2608695652173913
57193161850,57211342197,1,4,0.21052631578947367,1.4261642845460818,16,7,112,12,8,432,412,0.16666666666666666
57614101900,7003732915,1,4,0.03305785123966942,1.9069322543800624,6,119,714,38,30,4842,4576,0.07368421052631578
57202679910,57221222767,1,7,0.6363636363636364,2.229350119404674,7,11,77,8,4,366,116,0.21428571428571427
36801262700,57188643984,1,37,0.5692307692307692,8.62997129299383,54,48,2592,11,3,623,171,0.15
22934833900,36143358700,1,10,0.09009009009009009,3.03591606833604,38,83,3154,17,1,514,166,0.22727272727272727
57217472308,57222402952,1,1,0.07692307692307693,0.25433477814404226,12,2,24,4,4,31,31,0.09090909090909091
57195738912,9640389100,1,4,0.25,1.7346548246723306,8,12,96,6,2,86,22,0.125
57117690500,57209721892,1,27,0.16875,6.126313356610308,107,80,8560,20,8,1916,1180,0.21621621621621623
57195738912,6506776579,1,2,0.009302325581395349,0.7170875848259695,8,209,1672,29,21,3958,3850,0.18461538461538463
7101835153,7103053518,1,7,0.046052631578947366,2.3311071995846935,37,122,4514,21,7,724,380,0.23529411764705882
23072832700,57195940931,1,6,0.06741573033707865,2.391251188464964,69,26,1794,39,13,3372,2118,0.3821138211382114
35350379700,6701608636,1,3,0.07142857142857142,0.7452177655592194,4,41,164,11,9,227,215,0.3448275862068966
6507716063,7102231043,1,52,0.23853211009174313,12.223748591998104,105,165,17325,56,32,6346,5620,0.16666666666666666
14032837800,7004573622,1,6,0.09375,2.609091142009164,28,42,1176,36,14,2059,1187,0.25609756097560976
53983044600,57215362609,1,2,0.15384615384615385,0.7697775937575435,10,5,50,6,2,65,43,0.125
36573321300,56747438200,1,5,0.14705882352941177,1.8637953773908698,29,10,290,8,0,310,6,0.34615384615384615
22934036700,57099808000,1,4,0.06153846153846154,1.350870832584282,59,10,590,27,9,1407,847,0.16393442622950818
55616396400,57214191817,1,12,0.14634146341463414,3.2570865172896055,65,29,1885,14,2,403,159,0.37777777777777777
55502662700,57195265762,1,1,0.2,0.5138983423697507,4,2,8,4,4,40,40,0.041666666666666664
56414241800,9746797800,1,15,0.16129032258064516,5.542272731619951,17,91,1547,20,8,793,553,0.19047619047619047
15061070200,25621529400,1,4,0.032520325203252036,1.3215053736100186,5,122,610,23,19,2022,1942,0.3116883116883117
57087112000,57190176186,1,6,0.2727272727272727,1.795450081058018,15,13,195,14,2,373,21,0.43243243243243246
56732974800,57210390533,1,8,0.25,2.510152400123832,22,18,396,15,5,432,248,0.5
55113709300,55323998800,1,7,0.12280701754385964,2.0724811107704797,29,35,1015,14,2,326,108,0.32142857142857145
24491486300,56389402100,1,7,0.1346153846153846,2.3093362224039544,50,9,450,16,12,573,537,0.19736842105263158
54892907100,56992895800,1,5,0.16129032258064516,1.3354215896229973,27,9,243,10,4,162,108,0.09090909090909091
57201084031,57218193345,1,46,0.44660194174757284,10.269212407613546,91,58,5278,16,10,2274,842,0.15151515151515152
6507993283,7004724933,1,5,0.041666666666666664,1.1312092323074232,39,86,3354,26,10,1072,824,0.4430379746835443
55665456000,7006065236,1,12,0.09230769230769231,3.433381281189772,81,61,4941,33,5,1732,674,0.38372093023255816
56235960100,6602638796,1,5,0.1724137931034483,2.583187000187353,8,26,208,6,2,81,45,0.19230769230769232
55172863100,57194033798,1,12,0.16,3.2955356760752683,71,16,1136,27,17,1734,1260,0.4745762711864407
57188866318,6506736837,1,1,0.01694915254237288,0.3459762562611936,3,57,171,28,14,1881,907,0.26785714285714285
57211852761,57212272884,1,42,0.5185185185185185,9.335752614702777,50,73,3650,10,2,920,804,0.034482758620689655
35419894800,35473838700,1,5,0.09433962264150944,1.7700428052022732,40,18,720,14,6,472,384,0.5576923076923077
57195439134,6507516780,1,2,0.06896551724137931,0.637182932481156,6,25,150,8,6,120,102,0.25
57189579649,57214341930,1,4,0.2857142857142857,1.0846083710798053,5,13,65,4,0,44,6,0.5384615384615384
7102828590,7801408313,1,2,0.14285714285714285,1.23375467977551,3,13,39,8,2,108,28,0.2549019607843137
56331374700,57205195001,1,20,0.5714285714285714,4.55264426917636,32,23,736,8,4,251,117,0.1076923076923077
55481403500,57211214455,1,13,0.19402985074626866,3.5557408628749196,41,39,1599,21,3,734,350,0.46938775510204084
34978111800,57205627840,1,6,0.25,2.0298430644579035,16,14,224,17,3,365,151,0.3448275862068966
6507578882,7201498609,1,6,0.46153846153846156,2.4583639995731503,9,10,90,2,0,7,1,0.5
57190975605,57538517900,1,7,0.3181818181818182,1.9349248695989913,18,11,198,10,4,111,53,0.4642857142857143
57216876993,57758103800,1,5,0.625,2.1656210851443065,7,6,42,3,1,14,8,0.6
56079359200,56513768800,1,17,0.22077922077922077,4.8157671135414235,38,56,2128,27,9,1211,749,0.3939393939393939
57193673695,6601978164,1,7,0.08860759493670886,1.9998307205898143,16,70,1120,31,25,2830,2746,0.10144927536231885
57193761650,57205150265,1,4,0.14285714285714285,1.3621754429842643,27,5,135,11,7,338,222,0.16666666666666666
57215281063,7004578182,1,6,0.15384615384615385,2.391787023798477,8,37,296,19,7,945,629,0.11904761904761904
24330030100,57482201100,1,15,0.17857142857142858,3.993108236989943,73,26,1898,11,7,350,300,0.09523809523809523
12807138200,55241765900,1,3,0.3333333333333333,1.9845428709360802,7,5,35,7,3,97,27,0.3333333333333333
14037194400,56730985600,1,4,0.07272727272727272,1.1677478061185949,50,9,450,19,15,988,942,0.25
16238022000,57195512502,1,5,0.10416666666666667,1.4263147849418591,39,14,546,15,9,507,451,0.14285714285714285
57117690500,57160512400,1,24,0.21621621621621623,7.219399714989202,107,28,2996,23,5,1746,1350,0.35135135135135137
36057286100,57195256137,1,25,0.1953125,6.502130721873918,47,106,4982,30,18,1924,1568,0.43548387096774194
57226195987,6603249112,1,2,0.047619047619047616,1.4426950408889634,2,42,84,16,12,647,629,0.023255813953488372
6701916486,9746797800,1,15,0.1271186440677966,3.885862013954297,42,91,3822,27,1,1317,29,0.22916666666666666
57194798214,7006188042,1,3,0.041666666666666664,0.9308840335691173,5,70,350,19,15,1066,982,0.3582089552238806
24474341000,57195070975,1,0,0.0,0.0,1,0,0,6,2,53,41,0.4166666666666667
57200644240,57203949863,1,58,0.34523809523809523,13.31900316198596,76,150,11400,20,6,1670,1088,0.24390243902439024
57204542974,57222101401,1,4,0.07407407407407407,1.6263209393564584,49,9,441,26,20,1389,1231,0.16666666666666666
57192660477,6602092602,1,6,0.42857142857142855,2.162655402587542,12,8,96,4,0,50,18,0.14285714285714285
16202211100,48161853500,1,8,0.11594202898550725,2.905702255727769,60,17,1020,17,7,405,285,0.13725490196078433
35510387000,7004405540,1,9,0.06716417910447761,2.996017857769912,46,97,4462,21,5,782,322,0.24691358024691357
55618665400,57218194363,1,58,0.40559440559440557,13.247957711151301,112,89,9968,16,2,2163,47,0.35135135135135137
57205302568,57208081454,1,4,0.10810810810810811,1.096453894955487,36,5,180,8,4,178,100,0.13333333333333333
24172674100,57190062691,1,6,0.13043478260869565,1.5959151763324249,42,10,420,20,12,1192,970,0.07936507936507936
26024868000,57211426674,1,22,0.4489795918367347,5.846929119954792,48,23,1104,16,12,983,825,0.15384615384615385
36991101500,55581041300,1,11,0.09734513274336283,2.748998552190242,41,83,3403,52,2,5017,289,0.37254901960784315
57140590800,57205760368,1,5,0.08064516129032258,2.109070055961828,11,56,616,16,6,580,428,0.1590909090909091
57218584529,57218878899,1,4,0.21052631578947367,1.7707538658312347,19,4,76,13,9,438,258,0.1
35378828900,57207780549,1,16,0.21333333333333335,5.117054844340877,74,17,1258,21,9,949,747,0.23809523809523808
59988731200,7103061103,1,6,0.2727272727272727,3.106093549896138,17,11,187,10,2,190,6,0.391304347826087
57191868264,57210908468,1,2,0.5,0.8035638549721068,2,4,8,2,0,12,8,0.16666666666666666
57197756333,9640389100,1,7,0.3181818181818182,1.955046259717419,17,12,204,8,4,275,211,0.1724137931034483
57076839000,57219982774,1,11,0.5,3.384885274299228,20,13,260,4,0,147,3,0.16666666666666666
54383241100,57214192566,1,4,0.06349206349206349,1.4744538636908529,50,17,850,25,11,1018,776,0.2
35585451000,8585119800,1,8,0.050314465408805034,2.3368168395515774,97,70,6790,35,1,1978,370,0.4782608695652174
37031406300,57188628987,1,1,0.3333333333333333,0.48089834696298783,3,1,3,6,0,64,8,0.3870967741935484
57204542974,57219249545,1,7,0.125,2.005683580480543,49,14,686,29,17,1510,1110,0.28888888888888886
24376383400,54996034100,1,5,0.2631578947368421,2.1912627240317657,10,14,140,7,3,112,24,0.3902439024390244
57871155400,7006097264,1,5,0.18518518518518517,1.8066963280489126,5,27,135,12,8,344,330,0.3103448275862069
13605127900,56817715000,1,3,0.12,1.1240340074935142,10,18,180,7,1,86,18,0.3090909090909091
55583329900,56494277900,1,5,0.1724137931034483,2.0759714647765453,26,8,208,8,0,111,49,0.24
57208923087,57216837386,1,4,0.25,1.439591342395188,14,6,84,15,9,691,543,0.2857142857142857
56454907300,8585119800,1,14,0.0880503144654088,4.889739454710338,103,70,7210,26,10,1376,972,0.2972972972972973
57205354812,7005322928,1,6,0.46153846153846156,2.5391310306499997,6,13,78,8,4,112,98,0.36363636363636365
35568764200,57211232334,1,4,0.12903225806451613,1.8650694939913668,30,5,150,31,19,2086,1766,0.20512820512820512
6504311468,6506776579,1,47,0.20982142857142858,11.019372979002641,62,209,12958,31,19,4020,3788,0.2777777777777778
59608331900,7003952459,1,42,0.33070866141732286,9.76505817465598,44,125,5500,15,11,570,478,0.1111111111111111
57200504476,7004481112,1,32,0.2,7.393435175417453,64,128,8192,20,12,924,698,0.17105263157894737
57192679655,57200755425,1,30,0.2727272727272727,6.976470812331721,54,86,4644,15,1,1467,911,0.13333333333333333
23101781200,57190260444,1,4,0.26666666666666666,1.174750125372161,13,6,78,7,1,188,34,0.32
35419894800,6603317232,1,9,0.19148936170212766,2.812075160041127,40,16,640,19,1,648,208,0.26666666666666666
52263339900,56966260500,1,12,0.26666666666666666,3.9272368076768585,43,14,602,18,10,507,421,0.1794871794871795
57201380210,6603810686,1,4,0.17391304347826086,1.8071898656621317,6,21,126,6,4,43,23,0.046511627906976744
57218195605,7003942962,1,37,0.1608695652173913,8.28133078032998,101,166,16766,34,16,4906,3044,0.20930232558139536
56845192300,57210428111,1,7,0.4117647058823529,2.5166365694627455,14,10,140,7,3,318,142,0.12121212121212122
55461244200,57113291300,1,3,0.42857142857142855,1.0361179930301505,7,3,21,10,0,313,71,0.3023255813953488
55180753500,57015234300,1,2,0.125,0.8979307383872341,6,12,72,11,7,239,229,0.14285714285714285
55266291800,9841204400,1,13,0.7647058823529411,5.3309740989911845,16,14,224,18,2,771,271,0.625
26634884900,57202707010,1,6,0.05714285714285714,1.7657053338828197,88,23,2024,30,2,2182,646,0.3333333333333333
35555798600,7801624906,1,5,0.03225806451612903,1.4379427342052509,65,95,6175,31,13,1741,1201,0.1941747572815534
57817084200,57817621100,1,4,0.8,1.2204557329711443,4,5,20,5,1,40,8,0.4
57193846028,7006200042,1,8,0.12307692307692308,2.2851329587811713,16,57,912,25,15,1458,1230,0.2765957446808511
37102119100,7005969319,1,15,0.1271186440677966,4.643604820682309,34,99,3366,23,9,1043,801,0.26865671641791045
56368499800,57217442328,1,8,0.25,2.547014763046298,20,20,400,18,6,1880,154,0.2692307692307692
35301767300,35478909000,1,11,0.04435483870967742,3.203213233640386,28,231,6468,38,30,4957,4873,0.12745098039215685
16416659200,23099312900,1,7,0.14,2.348935775586411,29,28,812,39,31,4966,4876,0.3055555555555556
57215152591,7004355226,1,0,0.0,0.0,12,6,72,6,2,65,47,0.4146341463414634
36084294000,57219564979,1,2,0.15384615384615385,0.7645887408087476,8,7,56,7,3,98,30,0.07142857142857142
56520976100,57192199126,1,8,0.5714285714285714,3.6498081480327547,10,12,120,21,3,552,204,0.45454545454545453
57211215663,7006200042,1,14,0.1794871794871795,3.949769134084498,35,57,1995,29,11,1533,1155,0.40384615384615385
55771551500,57212389835,1,2,0.2857142857142857,0.8241657271545318,6,3,18,4,0,307,119,0.25
16318838800,57195442657,1,4,0.02040816326530612,1.1472583265858356,30,170,5100,23,7,776,412,0.20238095238095238
58303598400,8951383700,1,1,0.08333333333333333,0.7213475204444817,2,11,22,8,6,192,188,0.06666666666666667
25621529400,55915537200,1,10,0.0641025641025641,2.9299663697399345,122,44,5368,30,12,2276,1688,0.1794871794871795
56576608900,7003811166,1,6,0.08450704225352113,2.389321918704286,13,64,832,34,18,1932,1548,0.22857142857142856
55855503900,57193131830,1,8,0.19047619047619047,2.8933390779966626,39,11,429,21,11,1061,835,0.3333333333333333
25822049200,35355756600,1,13,0.05627705627705628,4.34513941980682,117,127,14859,38,6,3414,154,0.4423076923076923
56135789200,57222420295,1,2,0.4,1.312668831008682,5,2,10,3,1,58,54,0.5454545454545454
35277170500,6701823508,1,2,0.09090909090909091,1.8204784532536746,14,10,140,14,4,440,260,0.43478260869565216
54685141100,57920009300,1,1,0.05263157894736842,0.48089834696298783,18,2,36,13,9,346,336,0.1111111111111111
56116780700,8938922300,1,9,0.21428571428571427,3.0209906502443307,24,27,648,22,6,924,534,0.5087719298245614
36159000900,57204950902,1,1,0.2,0.4170323914242463,1,5,5,5,1,135,23,0.22807017543859648
14019420400,55445812900,1,3,0.0967741935483871,0.8998787604592933,29,5,145,13,7,421,253,0.08695652173913043
7004185360,7004663022,1,1,0.02127659574468085,0.28853900817779266,27,21,567,29,7,1358,576,0.3465346534653465
56768831300,56927916000,1,3,0.2,0.9342538332160958,11,7,77,18,10,1159,817,0.1951219512195122
25636959900,57201335426,1,3,0.0625,0.9632445266465369,41,10,410,25,5,989,501,0.22580645161290322
37110131400,56378542800,1,12,0.17391304347826086,3.5670814561345647,13,68,884,24,12,1389,893,0.34285714285714286
13607877300,57212445342,1,4,0.12121212121212122,1.3762549698528432,32,5,160,21,9,878,550,0.21568627450980393
36984061800,57340458500,1,2,0.05405405405405406,0.6858508581200861,36,3,108,19,15,792,750,0.17073170731707318
54390925400,57191906531,1,7,0.12280701754385964,2.009798642263422,19,45,855,13,3,610,4,0.38235294117647056
57191198857,57202578790,1,8,0.34782608695652173,2.8227114431181675,14,17,238,11,1,595,285,0.2727272727272727
55419194300,57219696692,1,5,0.125,1.9222010201212716,40,5,200,13,11,365,345,0.10714285714285714
54787646600,57191492478,1,3,0.05660377358490566,0.8589414101151559,53,3,159,19,13,653,543,0.45652173913043476
57189688011,7103061271,1,4,0.032520325203252036,1.412787866457426,15,112,1680,23,15,1241,1161,0.11363636363636363
55620172900,57214492532,1,6,0.10714285714285714,1.8508879313401336,50,12,600,19,13,773,659,0.05
57214827923,7006466498,1,9,0.10465116279069768,2.7743881451933143,9,86,774,20,16,863,817,0.05194805194805195
7003942962,7006241835,1,6,0.03296703296703297,1.702876742199435,166,22,3652,31,19,4117,3833,0.41818181818181815
54894520000,55070036100,1,6,0.11538461538461539,1.5852116282105737,8,50,400,14,6,418,294,0.5897435897435898
49862227900,57202850720,1,5,0.4166666666666667,1.7251791424325396,11,6,66,10,6,241,141,0.16666666666666666
57195592867,7102314294,1,8,0.25806451612903225,4.331485797889468,11,28,308,27,15,1745,1447,0.4772727272727273
57196236454,7203007412,1,11,0.09649122807017543,3.4755971267284758,13,112,1456,25,17,1612,1484,0.3611111111111111
12807827200,6701462572,1,1,0.02040816326530612,1.4426950408889634,40,10,400,26,8,1088,606,0.25
53263670000,57195457711,1,3,0.3,1.0513088492837799,7,6,42,10,2,172,54,0.22727272727272727
55842599300,6603156028,1,15,0.13157894736842105,5.091364737709938,50,79,3950,67,1,5805,133,0.625
55459308900,57222670928,1,1,0.09090909090909091,0.43429448190325176,11,1,11,8,4,234,114,0.2916666666666667
57195232322,7006177272,1,20,0.22727272727272727,6.133021057954371,28,80,2240,24,12,1118,870,0.1746031746031746
35308026500,57225207483,1,1,0.25,0.6213349345596119,4,1,4,12,8,220,178,0.09523809523809523
56369891000,8298677400,1,0,0.0,0.0,0,25,0,18,14,933,807,0.3559322033898305
56652016600,57205690283,1,3,0.2727272727272727,0.9616282081040921,9,5,45,8,4,282,150,0.29411764705882354
37261932700,57221688357,1,4,0.26666666666666666,1.6798611773572396,15,4,60,9,5,291,269,0.11538461538461539
57218194340,57218195605,1,39,0.2846715328467153,8.750645433079967,75,101,7575,18,0,1886,24,0.20512820512820512
14123842600,6508251074,1,5,0.058823529411764705,2.1583406650117283,82,8,656,28,18,2158,1938,0.35384615384615387
54881321300,57200164025,1,4,0.4,1.1900513794349776,9,5,45,9,3,421,301,0.5
12445473500,57219169944,1,4,0.4444444444444444,1.7150467533176297,5,8,40,5,1,47,27,0.3333333333333333
36952258700,57192201395,1,5,0.11627906976744186,1.8781452546410309,20,28,560,18,4,719,447,0.22916666666666666
27967551900,55618665400,1,36,0.16666666666666666,8.287362734750907,140,112,15680,29,11,2624,414,0.328125
55070036100,7202480403,1,9,0.16981132075471697,3.2395972538203335,50,12,600,16,4,444,268,0.475
57218329111,7007180997,1,3,0.125,1.0966147453559725,6,21,126,18,12,696,538,0.1702127659574468
57023536800,57226357862,1,8,0.5333333333333333,2.6367161100514815,9,14,126,8,2,135,63,0.5
56257919200,6602463745,1,3,0.125,1.0846464957331323,14,13,182,11,3,299,145,0.4782608695652174
56008793500,7005934666,1,0,0.0,0.0,3,11,33,17,9,427,323,0.4666666666666667
55270260700,57207048621,1,0,0.0,0.0,15,1,15,9,5,162,110,0.34782608695652173
57194469942,57215145301,1,1,0.07142857142857142,0.36067376022224085,9,6,54,9,3,139,81,0.14285714285714285
55184863000,55970678100,1,3,0.2,1.1464442059683952,13,5,65,7,3,152,114,0.10344827586206896
36197442000,59956517300,1,5,0.35714285714285715,2.179735785526503,6,13,78,8,4,252,232,0.24242424242424243
57249069300,57769374700,1,2,0.14285714285714285,1.024760595986761,11,5,55,5,1,38,28,0.4
26634884900,57222641576,1,34,0.35789473684210527,7.716640368712749,88,41,3608,19,9,1728,1100,0.037037037037037035
57207692557,57217311399,1,5,1.0,2.352693652487709,5,5,25,11,5,397,107,0.4666666666666667
55388629500,57219130663,1,6,0.375,2.3161561501891814,14,8,112,18,12,723,583,0.16666666666666666
57160512400,7003959774,1,22,0.1527777777777778,6.517569052636688,28,138,3864,34,16,2575,2179,0.18571428571428572
57218193345,57221606534,1,45,0.4639175257731959,9.90198766595354,58,84,4872,8,2,901,531,0.14285714285714285
57214192566,57215597398,1,3,0.16666666666666666,1.216136096883524,17,4,68,10,4,189,53,0.14814814814814814
55313664100,57219085254,1,1,0.07142857142857142,1.4426950408889634,4,11,44,20,8,707,345,0.21153846153846154
35497272700,7004185360,1,4,0.06451612903225806,1.3701146167295821,39,27,1053,34,2,1724,210,0.44642857142857145
56910252000,57216220748,1,4,0.1111111111111111,2.2107977234875493,35,5,175,34,24,3556,3132,0.27848101265822783
57201407965,57212610783,1,6,0.15789473684210525,1.991491961857644,34,10,340,9,5,126,104,0.25
57190510305,57194728258,1,2,0.2,0.8650383029813821,4,8,32,9,5,195,111,0.3103448275862069
57190845377,7005430904,1,1,0.5,1.4426950408889634,1,2,2,6,0,28,10,0.32
57218194363,7003305314,1,85,0.47752808988764045,20.367474306982622,89,174,15486,22,8,2783,667,0.26229508196721313
57188924761,57195671153,1,6,0.3157894736842105,1.9193512177689973,9,16,144,9,5,307,157,0.29545454545454547
57194868042,57435766000,1,7,0.08974358974358974,2.1396877507213063,78,7,546,17,13,592,534,0.17391304347826086
7005758098,8972484200,1,7,0.109375,1.9569702031020986,43,28,1204,23,7,871,413,0.36585365853658536
57211678716,58000043100,1,9,0.20454545454545456,2.9854135578599132,42,11,462,8,4,155,113,0.42105263157894735
11338962300,8344146700,1,2,0.3333333333333333,1.279458146995729,5,3,15,6,2,352,238,0.1702127659574468
57214331393,57225055707,1,3,0.3333333333333333,1.6496101314342284,9,3,27,5,1,108,10,0.1
24176529600,7004441231,1,1,0.058823529411764705,0.43429448190325176,1,17,17,14,10,401,371,0.3333333333333333
54383232900,54390925400,1,4,0.024242424242424242,0.944998605748987,150,19,2850,24,8,1411,805,0.24358974358974358
57218195032,57351933900,1,43,0.5119047619047619,9.504529539224183,60,67,4020,11,5,1081,373,0.11538461538461539
36801262700,57192679655,1,7,0.06930693069306931,1.9629947459676371,54,54,2916,11,3,675,119,0.16216216216216217
35497928300,7103053518,1,5,0.04032258064516129,1.7844127530280964,7,122,854,17,11,588,516,0.14457831325301204
57202776363,57225206477,1,5,0.29411764705882354,1.7536846763690817,10,12,120,13,3,647,527,0.2857142857142857
57200108150,7202219958,1,2,0.02857142857142857,0.7631033646040855,5,67,335,21,3,700,126,0.14473684210526316
57208885848,57220085442,1,2,0.3333333333333333,0.9049134266109453,3,5,15,21,11,676,500,0.5625
56834997800,57204553792,1,8,0.20512820512820512,2.1513278797110758,20,27,540,10,0,215,43,0.3125
27067481500,56267927900,1,13,0.13829787234042554,4.17007914384104,29,78,2262,23,5,693,293,0.5789473684210527
56511751400,57196040224,1,1,0.25,0.2790553132756236,1,4,4,10,0,317,183,0.30303030303030304
12143506000,7003810795,1,1,0.014084507042253521,0.269282508064391,20,52,1040,28,20,2343,2263,0.07792207792207792
57219820552,7101828170,1,2,0.029411764705882353,1.179445561110859,2,68,136,21,19,1146,1124,0.03389830508474576
23972574300,35976473700,1,1,0.038461538461538464,0.36067376022224085,12,15,180,12,2,192,60,0.25
57201857610,6603267575,1,2,0.031746031746031744,0.6895906489697572,3,62,186,10,8,347,271,0.08695652173913043
37018663100,55471004700,1,7,0.08536585365853659,1.9299449211684614,8,81,648,12,8,369,295,0.2777777777777778
35169491400,57201884329,1,5,0.11363636363636363,1.1969275594292323,27,22,594,9,1,197,27,0.20588235294117646
36603279900,57212603218,1,5,0.1388888888888889,2.0022549111047443,34,7,238,12,8,302,266,0.14285714285714285
15047537900,8375918900,1,7,0.14,2.7843928008436105,42,15,630,12,2,305,167,0.20408163265306123
57217120265,57798912800,1,18,0.6923076923076923,4.871436722393414,20,24,480,6,2,76,20,0.23529411764705882
56957827000,57190864627,1,11,0.24444444444444444,3.138640494812482,16,40,640,23,1,767,89,0.3191489361702128
57188982321,8840081100,1,5,0.23809523809523808,2.1055031486979625,9,17,153,20,10,1200,1066,0.2826086956521739
6603477780,8212453900,1,10,0.17543859649122806,3.053629286854546,52,15,780,11,7,185,151,0.2777777777777778
36112975500,57194033798,1,12,0.3,3.0558537805965167,36,16,576,13,3,396,78,0.631578947368421
12807248900,8424235900,1,16,0.07766990291262135,3.5286350363529424,185,37,6845,28,18,3072,2866,0.3114754098360656
25932322600,57190026512,1,8,0.21621621621621623,2.3616314122142574,20,25,500,30,0,1024,68,0.5714285714285714
57191961791,57209022661,1,5,0.2,2.4568878559754923,25,5,125,14,10,538,526,0.06557377049180328
57194288925,57201884329,1,17,0.17346938775510204,4.333768323817081,93,22,2046,19,11,1513,1343,0.10416666666666667
57195549409,8962997000,1,2,0.022222222222222223,0.5159718848175231,3,89,267,26,24,1974,1954,0.14473684210526316
12786182200,57221552670,1,12,0.16216216216216217,2.9038230147109196,68,18,1224,13,1,445,97,0.18867924528301888
57192310375,6602101968,1,6,0.07692307692307693,2.253382819392898,9,75,675,31,21,2159,1857,0.14457831325301204
56727870200,56806537200,1,4,0.3333333333333333,1.549348869563163,10,6,60,6,2,54,34,0.21428571428571427
57222076121,57225804358,1,11,0.44,3.7054525591392498,13,23,299,9,3,190,100,0.4
57194868042,6507716063,1,51,0.38636363636363635,13.028924563222745,78,105,8190,27,3,926,200,0.3684210526315789
55325994100,56375953800,1,3,0.21428571428571427,1.5021266359400356,9,8,72,12,4,174,112,0.288135593220339
57221571136,59871724900,1,2,0.18181818181818182,0.5037752677163138,7,6,42,4,4,63,63,0.23809523809523808
35334974300,57190969497,1,8,0.11428571428571428,2.840739408733042,39,39,1521,48,16,3702,1604,0.4716981132075472
57192963392,6602101968,1,17,0.18681318681318682,6.778921805663346,33,75,2475,37,15,2235,1781,0.17073170731707318
57214861908,57221949854,1,15,0.12195121951219512,4.463362712603929,16,122,1952,27,23,3021,2923,0.05263157894736842
37761053000,55258506900,1,9,0.3,2.8235287739026926,26,13,338,8,2,187,25,0.2682926829268293
23003258800,57189270902,1,6,0.07058823529411765,1.8783493400227975,55,36,1980,45,7,3343,115,0.43283582089552236
57203959069,7006065236,1,4,0.06349206349206349,1.1408047571838553,6,61,366,20,18,1323,1083,0.08571428571428572
56018161900,57193750121,1,2,0.6666666666666666,1.531574161186449,2,3,6,8,4,93,77,0.3103448275862069
56444409700,7102404745,1,2,0.1,1.0820212806667224,3,19,57,15,11,807,577,0.20689655172413793
57194592301,6701542482,1,3,0.05357142857142857,1.2558803348848944,4,55,220,26,18,1934,1576,0.13829787234042554
52663129000,57203684508,1,9,0.11538461538461539,2.647699969422911,77,10,770,10,4,1100,958,0.17391304347826086
59584261900,7003980008,1,1,0.02857142857142857,0.40242960438184466,5,31,155,20,16,1005,937,0.1076923076923077
55213936400,57204575069,1,2,0.6666666666666666,1.013230239864666,3,2,6,4,0,50,22,0.2
25931183500,53983044600,1,1,0.09090909090909091,0.5581106265512472,2,10,20,6,2,72,36,0.45454545454545453
16238022000,57390357300,1,5,0.1282051282051282,1.3238138426200157,39,5,195,13,11,488,470,0.11764705882352941
57203840752,57214188262,1,6,0.25,2.184092991393274,12,18,216,8,2,94,46,0.22727272727272727
56768102100,57200371411,1,3,0.75,1.413959769155062,4,3,12,10,6,315,291,0.06060606060606061
6507102122,8842034500,1,6,0.13636363636363635,1.7460269618383557,10,40,400,12,8,296,162,0.39285714285714285
57194517764,57209314505,1,19,0.2753623188405797,6.2382552598571515,38,50,1900,26,2,1360,334,0.35185185185185186
57203059154,57209314505,1,16,0.25806451612903225,4.408810804909692,28,50,1400,19,5,670,356,0.32608695652173914
57209577412,57214444776,1,3,0.75,1.0834524073853562,3,4,12,4,0,46,6,0.2727272727272727
35175388700,7003305314,1,54,0.29508196721311475,12.504648765504601,63,174,10962,22,8,1935,1515,0.4722222222222222
35619118900,36615328700,1,2,0.07142857142857142,0.8756697127036541,25,5,125,14,6,428,170,0.56
57206893445,7005330448,1,5,0.05813953488372093,1.411082175828275,11,80,880,28,22,2192,2082,0.28846153846153844
15721705000,55405029600,1,8,0.4,2.161179724144001,10,18,180,7,5,93,83,0.07692307692307693
57208437654,6603839720,1,4,0.056338028169014086,1.240111604893484,21,54,1134,37,19,2716,2294,0.24719101123595505
37561153100,57218195127,1,3,0.11538461538461539,0.6287868837733083,14,15,210,6,0,71,31,0.23255813953488372
16243020100,57215579465,1,20,0.08888888888888889,4.678892080884401,216,29,6264,27,23,3696,3554,0.15942028985507245
57193663631,57193667570,1,2,0.6666666666666666,1.7461081164312424,2,3,6,4,0,214,0,0.7272727272727273
57201614824,57201617795,1,3,0.375,1.254554334728298,3,8,24,12,2,233,43,0.35714285714285715
25822049200,57195735368,1,12,0.09917355371900827,4.271185856935599,117,16,1872,31,13,1913,1347,0.3333333333333333
55955763900,57218195565,1,12,0.15,2.7276134684548934,38,54,2052,9,1,905,679,0.15384615384615385
57192913068,57205106670,1,9,0.3333333333333333,3.199657401307531,16,20,320,11,3,205,113,0.35135135135135137
57192201395,57208054392,1,6,0.16666666666666666,1.714181179721326,28,14,392,16,6,672,494,0.3548387096774194
56075745900,57201863977,1,7,0.20588235294117646,1.9778596111094306,29,12,348,9,3,163,105,0.30434782608695654
57204198476,57217442328,1,5,0.15151515151515152,1.3601857582946013,18,20,360,10,2,952,774,0.15
57190174044,57193155364,1,0,0.0,0.0,8,4,32,17,1,534,142,0.23076923076923078
57203413251,57221683008,1,3,0.3333333333333333,1.0795986800551813,4,8,32,5,1,35,13,0.3888888888888889
56331374700,57193832250,1,22,0.29333333333333333,4.922169548433894,32,65,2080,14,2,643,275,0.2236842105263158
57192870873,57209573401,1,2,0.13333333333333333,1.8597274323132096,6,11,66,21,9,1977,1781,0.4090909090909091
57209244438,7003732915,1,6,0.05042016806722689,2.9960942920916525,6,119,714,39,29,4848,4570,0.1702127659574468
55503270600,7201559188,1,3,0.12,1.1396983911567191,5,23,115,16,10,646,604,0.26785714285714285
56674598600,6701424197,1,10,0.1,3.0933300153802827,28,82,2296,20,6,416,198,0.2564102564102564
57199731514,57226335939,1,0,0.0,0.0,3,2,6,15,9,495,405,0.5
26436055100,55440589400,1,7,0.6363636363636364,2.769827884034221,11,7,77,8,2,84,36,0.4473684210526316
23094594000,6504123736,1,25,0.22727272727272727,7.244608756653909,43,92,3956,26,8,1723,1219,0.3953488372093023
37118135700,55850511800,1,13,0.13541666666666666,3.3164860919583927,68,41,2788,14,2,392,106,0.3333333333333333
6507310582,7402631347,1,9,0.06206896551724138,2.3579523896708103,113,41,4633,25,3,1181,179,0.3114754098360656
14037194400,57211135609,1,10,0.18867924528301888,4.113939336544555,50,13,650,21,13,1025,905,0.2804878048780488
57205526157,7005934666,1,4,0.3333333333333333,2.0957735078624546,5,11,55,15,11,403,347,0.16666666666666666
35894571100,56487791700,1,6,0.1935483870967742,2.4867747347512283,29,8,232,11,5,298,202,0.10256410256410256
57207925552,7003450280,1,12,0.07947019867549669,3.21301892026975,27,136,3672,23,5,811,391,0.20634920634920634
55960802600,57190015285,1,0,0.0,0.0,4,0,0,2,2,22,22,0.45454545454545453
57189875946,57418950700,1,10,0.125,2.9283451582888094,47,43,2021,19,7,463,209,0.27450980392156865
57189713730,57225173469,1,2,0.4,0.7740486022172197,5,2,10,4,0,126,2,0.42857142857142855
6508254295,6701623022,1,22,0.24175824175824176,7.499432592210782,46,67,3082,18,4,538,310,0.2916666666666667
26029384400,54890719200,1,4,0.13333333333333333,1.1425083232606366,23,11,253,12,10,342,268,0.375
16243020100,57205104840,1,10,0.04504504504504504,3.195083305695812,216,16,3456,30,20,3672,3578,0.11940298507462686
14219526400,23987119600,1,6,0.061224489795918366,1.5416184989173884,83,21,1743,30,20,2050,1906,0.37333333333333335
15753813300,52264226300,1,2,0.03636363636363636,0.6615525982811945,48,9,432,14,4,271,175,0.41025641025641024
57199848502,7003473187,1,4,0.07017543859649122,1.3839825865985151,7,54,378,19,11,794,448,0.08571428571428572
6507198930,9273383800,1,7,0.08045977011494253,1.880243600271024,43,51,2193,20,0,540,28,0.38095238095238093
57217235640,6602101968,1,7,0.09333333333333334,2.6056602420748707,7,75,525,31,21,2202,1814,0.11764705882352941
55846257200,57190171149,1,3,0.0967741935483871,1.4268887203823004,27,7,189,12,4,262,156,0.12280701754385964
28567789500,56313591900,1,4,0.11428571428571428,1.14002242987978,29,10,290,18,4,475,171,0.17567567567567569
35175388700,57200504476,1,41,0.47674418604651164,9.081108327566644,63,64,4032,11,3,323,97,0.1836734693877551
35480634700,38661394900,1,10,0.1724137931034483,3.320570284281735,57,11,627,10,4,155,115,0.08620689655172414
57214742019,59863203900,1,10,0.43478260869565216,2.8731336712074143,18,15,270,8,2,296,160,0.18518518518518517
57188861877,57193207695,1,2,0.07692307692307693,0.603646522303758,22,6,132,10,4,194,86,0.21875
35460884400,55749596900,1,6,0.05454545454545454,1.870088385759848,95,21,1995,49,9,3321,1529,0.38028169014084506
55846257200,57203233646,1,4,0.09302325581395349,0.9055567404315584,27,20,540,12,4,317,101,0.2826086956521739
26324745300,57201855029,1,1,0.3333333333333333,0.267546386419054,1,3,3,3,1,40,28,0.1
6603640296,8547936900,1,3,0.25,1.1108351568286954,8,7,56,7,1,119,11,0.35294117647058826
56992748100,57210391108,1,3,0.15,0.9650105851912263,16,7,112,10,4,286,236,0.21875
56113988500,57194042924,1,2,0.2,0.481812311790769,7,5,35,4,0,22,2,0.7777777777777778
57209175245,57222509786,1,1,0.3333333333333333,0.7213475204444817,3,1,3,2,0,11,1,0.5
36197442000,6701718828,1,0,0.0,0.0,6,26,156,11,7,390,370,0.06382978723404255
56355096200,57226376713,1,3,0.13043478260869565,0.983818924930543,5,21,105,14,10,411,333,0.42857142857142855
56910252000,57210573473,1,4,0.1111111111111111,1.7227698254487018,35,5,175,31,27,3371,3317,0.13157894736842105
57204531379,8718772800,1,0,0.0,0.0,9,10,90,11,1,269,89,0.30303030303030304
26021760100,6508174172,1,3,0.17647058823529413,2.0846352151739325,12,8,96,15,1,350,100,0.43243243243243246
55618665400,57218195565,1,41,0.328,9.134697163734847,112,54,6048,13,5,1897,313,0.17142857142857143
56688575600,6603356349,1,2,0.07407407407407407,0.6978521705937522,14,15,210,17,3,365,147,0.24
56073934300,57224831324,1,0,0.0,0.0,18,0,0,9,5,219,169,0.2
11239484000,57210202522,1,4,0.09523809523809523,1.0716012152557082,36,10,360,6,2,77,41,0.20689655172413793
7005645193,7202219958,1,5,0.05319148936170213,1.611538612642194,32,67,2144,17,7,518,308,0.24675324675324675
54387228000,59158249000,1,6,0.2727272727272727,1.6109880438216697,15,13,195,7,1,153,39,0.1875
54893383900,7801532760,1,3,0.030927835051546393,0.7878025397305253,7,93,651,16,14,702,698,0.05813953488372093
56427492300,57215143722,1,1,0.1111111111111111,0.43429448190325176,5,5,25,8,2,111,57,0.16
45161224700,57204017182,1,4,0.05405405405405406,1.1905133248232107,47,31,1457,19,3,1062,568,0.2857142857142857
36902842200,57203549453,1,1,0.07692307692307693,0.9102392266268373,13,1,13,14,12,344,318,0.11428571428571428
10143354000,57193882076,1,6,0.0379746835443038,1.4471936790609317,144,20,2880,26,20,1187,1115,0.038834951456310676
36881021500,57206902885,1,2,0.08333333333333333,0.7308883431348958,10,16,160,12,0,198,38,0.26666666666666666
56437217100,57209291916,1,5,0.2777777777777778,2.0750649271028054,11,12,132,7,1,105,25,0.3448275862068966
22033565300,7004087255,1,2,0.11764705882352941,1.270912986849078,6,13,78,21,7,894,600,0.22916666666666666
57201436183,57202402895,1,5,0.3333333333333333,1.7808942572663202,10,10,100,9,1,166,16,0.2413793103448276
57211115618,7102961338,1,2,0.10526315789473684,1.876989522792215,5,16,80,12,2,242,68,0.345679012345679
57208142067,7004300438,1,10,0.37037037037037035,3.0851156456629854,24,13,312,9,1,233,37,0.4230769230769231
26221591900,7004441231,1,6,0.17647058823529413,2.8228147361697395,23,17,391,22,2,720,52,0.5714285714285714
35386603800,57787059700,1,1,0.2,0.9102392266268373,5,1,5,19,5,726,238,0.5681818181818182
7103061271,7801498529,1,10,0.06134969325153374,3.595787157733597,112,61,6832,28,10,1404,998,0.391304347826087
57215537306,6507063353,1,9,0.6,3.56314896277354,10,14,140,7,5,121,107,0.14285714285714285
35727949600,57219384397,1,4,0.19047619047619047,1.0128344458672607,12,13,156,7,1,95,19,0.2857142857142857
23099312900,7003952459,1,10,0.06993006993006994,3.0076562513327816,28,125,3500,17,9,569,479,0.136986301369863
56454907300,56903779800,1,5,0.043859649122807015,1.3006215040974562,103,16,1648,15,1,735,331,0.08571428571428572
57188866318,57956262000,1,1,0.3333333333333333,0.3459762562611936,3,1,3,9,5,507,467,0.13157894736842105
56331374700,9746797800,1,22,0.21782178217821782,4.962827134150981,32,91,2912,20,8,857,489,0.14285714285714285
6505980963,6603267575,1,4,0.05063291139240506,1.5144832237699046,21,62,1302,14,4,383,235,0.14925373134328357
6701807050,7403277146,1,2,0.08,1.0764545478730305,25,2,50,6,4,116,62,0.36363636363636365
57196235565,6602460649,1,4,0.04878048780487805,1.7634534235706576,4,82,328,27,23,2519,2413,0.1320754716981132
35476648500,57208794505,1,39,0.42391304347826086,8.759226064734442,70,61,4270,13,1,1232,1034,0.1746031746031746
57190515304,57212135371,1,3,0.42857142857142855,1.2878019836385142,3,7,21,6,0,54,32,0.4117647058823529
15067932200,23134993400,1,2,0.03571428571428571,0.660775388722654,30,28,840,30,0,1080,90,0.4074074074074074
15755373400,56122157300,1,17,0.2833333333333333,4.6993640927604545,22,55,1210,19,7,582,380,0.09259259259259259
56537108900,6506002895,1,38,0.35185185185185186,8.749137413246622,87,59,5133,19,11,683,553,0.1896551724137931
56609785800,6602672295,1,4,0.14285714285714285,1.871027708463831,6,26,156,13,7,349,323,0.21428571428571427
55070036100,7103061271,1,4,0.02531645569620253,1.163557202550058,50,112,5600,29,9,1557,845,0.34065934065934067
16203173100,57221322669,1,9,0.20930232558139536,2.78831713551996,41,11,451,16,6,323,201,0.34210526315789475
58165093600,6508037327,1,3,0.09090909090909091,1.0288270366187156,13,23,299,13,3,224,102,0.21951219512195122
55413883100,7003395367,1,2,0.06060606060606061,0.5669725242046034,9,26,234,20,8,583,325,0.21739130434782608
57190797190,7102231043,1,10,0.053475935828877004,2.3790118333070422,32,165,5280,54,34,6326,5640,0.22580645161290322
57194869340,57214188493,1,16,0.2318840579710145,3.951101181412571,48,37,1776,17,3,576,44,0.21428571428571427
54383232900,57215683127,1,39,0.1703056768558952,9.017661277591781,150,118,17700,25,7,2002,214,0.20270270270270271
55667318700,57205594335,1,1,0.030303030303030304,0.2452460618098304,7,27,189,25,15,1485,1371,0.14285714285714285
55206360800,55851403100,1,6,0.2608695652173913,2.1506878301159507,14,15,210,12,2,283,119,0.16417910447761194
55212754600,6507550236,1,3,0.2727272727272727,1.4635803591619925,9,5,45,11,5,404,266,0.13043478260869565
35481219400,7003959774,1,12,0.08571428571428572,3.3357174175228153,14,138,1932,31,19,3309,1445,0.2692307692307692
57195103794,7003749755,1,1,0.0625,1.4426950408889634,1,16,16,15,11,468,438,0.24390243902439024
57209097511,57215935670,1,4,0.6666666666666666,1.391561452579218,4,6,24,7,1,83,21,0.42857142857142855
57218159427,8657454300,1,12,0.5714285714285714,3.236952178686424,18,15,270,6,2,61,25,0.2631578947368421
27967551900,57205158107,1,8,0.05517241379310345,2.7252161260541095,140,13,1820,23,17,1566,1472,0.058823529411764705
35615066800,36706127300,1,33,0.532258064516129,11.865974839090603,52,43,2236,41,7,2407,993,0.4838709677419355
57194868042,57412654200,1,6,0.07317073170731707,1.5384444883261257,78,10,780,17,13,575,551,0.17391304347826086
11439250900,57210706661,1,3,0.3,0.9501082280565315,10,3,30,12,6,456,218,0.2
24482873000,6603477780,1,8,0.1509433962264151,2.6486887818081923,9,52,468,11,7,189,147,0.2653061224489796
53163233200,7003699883,1,7,0.11475409836065574,2.128980383181636,7,61,427,18,14,964,890,0.24561403508771928
57192896710,57205749825,1,16,0.7619047619047619,4.877520811522815,17,20,340,7,1,97,1,0.8571428571428571
57197801425,7004835587,1,47,0.15878378378378377,12.467906872385507,53,290,15370,41,23,3315,2847,0.16666666666666666
35555798600,57212554434,1,15,0.23076923076923078,5.7023437945369615,65,15,975,28,16,1601,1341,0.3253012048192771
57214188309,57214190714,1,1,0.047619047619047616,0.2729584204093974,6,16,96,7,3,237,123,0.2857142857142857
57219665854,6603351261,1,3,0.42857142857142855,1.2588602915528084,6,4,24,5,1,45,19,0.3
57916143500,7006188042,1,3,0.04285714285714286,0.9669501951742687,3,70,210,19,15,1065,983,0.10294117647058823
57194466483,57999454200,1,4,0.26666666666666666,1.646095530546373,15,4,60,22,18,1448,1258,0.16666666666666666
57345462400,7003952459,1,4,0.03076923076923077,1.4576772846017314,9,125,1125,18,8,746,302,0.19402985074626866
12807248900,57200755425,1,84,0.44919786096256686,20.09851833054075,185,86,15910,31,15,4158,1780,0.1896551724137931
58284465800,58591565300,1,5,0.8333333333333334,2.231108852811726,6,5,30,3,1,38,30,0.125
6506776579,6603127485,1,19,0.08333333333333333,4.392915309327897,209,38,7942,27,23,3917,3891,0.1232876712328767
35301767300,7102354941,1,27,0.43548387096774194,8.626543375820694,28,61,1708,13,5,303,219,0.3055555555555556
6508037327,6602277744,1,4,0.02631578947368421,1.4412293382470098,23,133,3059,30,14,2128,1802,0.2875
57189703568,6603772028,1,3,0.07142857142857142,1.3181338562410267,7,38,266,8,2,115,89,0.20754716981132076
36085044800,9273383800,1,8,0.14545454545454545,2.208702339024075,12,51,612,13,7,313,255,0.16
18433294600,57211405877,1,3,0.15789473684210525,1.2291682155306383,19,3,57,18,12,1198,1074,0.36
56425076100,56985040800,1,13,0.5909090909090909,4.6278088585591295,15,20,300,8,2,257,61,0.6666666666666666
57200644240,57208794505,1,42,0.4421052631578947,9.379456479442482,76,61,4636,14,0,1424,842,0.16666666666666666
57216321182,6602978778,1,3,0.03529411764705882,1.3017243657628734,7,81,567,14,10,508,396,0.2
57197749404,7101828170,1,6,0.08571428571428572,2.69009896121623,8,68,544,25,15,1246,1024,0.3
57189254852,57205198099,1,2,0.25,0.9110667504160084,7,3,21,5,1,56,24,0.7
57226739497,6507157339,1,1,0.09090909090909091,0.6213349345596119,2,10,20,7,3,53,29,0.25
35757374200,57614101900,1,3,0.14285714285714285,1.3930339120103117,18,6,108,10,2,305,39,0.20833333333333334
57214932830,6602100418,1,2,0.15384615384615385,0.9360179602764065,3,12,36,5,5,105,105,0.25
57482336600,6504646694,1,12,0.5,3.436128626453762,13,23,299,3,1,32,2,0.125
15067932200,57892996200,1,6,0.1935483870967742,1.7002781214861824,30,7,210,17,13,614,556,0.06666666666666667
57205627840,57211883988,1,3,0.21428571428571427,0.9646943305409661,14,3,42,14,6,328,188,0.32
57190223873,57196117932,1,4,0.4,1.3984965380416996,10,4,40,7,3,66,30,0.42857142857142855
57212428239,57218194363,1,52,0.5098039215686274,11.847145151533011,65,89,5785,10,4,1216,900,0.47058823529411764
16177877300,35546900100,1,2,0.07142857142857142,0.7294945171463887,4,26,104,18,6,591,297,0.3010752688172043
36721779500,57212272884,1,3,0.0410958904109589,0.681636280408709,3,73,219,8,4,873,851,0.16129032258064516
54413111200,56074017300,1,13,0.17105263157894737,3.714919533753659,51,38,1938,32,12,1606,592,0.3392857142857143
56513768800,57209644316,1,10,0.1694915254237288,2.9894668953797967,56,13,728,22,14,1039,921,0.20689655172413793
57217121483,7003450280,1,29,0.17682926829268292,6.679388381827139,57,136,7752,24,4,797,405,0.16363636363636364
56518279500,56990944200,1,6,0.15789473684210525,1.7614646061666597,16,28,448,14,2,927,531,0.19047619047619047
36626076000,57217864647,1,3,0.42857142857142855,1.5365277634258514,5,5,25,7,1,112,84,0.375
55252005600,7004941263,1,12,0.16,3.8636077461512,19,68,1292,27,9,1373,905,0.4358974358974359
56674832400,57193280191,1,3,0.6,1.6325411143705038,5,3,15,7,3,68,40,0.3333333333333333
57200806732,59289912700,1,8,0.5333333333333333,2.865447000182558,11,12,132,6,0,211,1,0.2413793103448276
55313664100,57423670500,1,2,0.4,1.424137568996588,4,3,12,7,5,194,168,0.08695652173913043
7102210862,8340039100,1,1,0.029411764705882353,0.5581106265512472,27,8,216,10,2,199,11,0.35135135135135137
55811114600,57094717800,1,4,0.1111111111111111,1.2199442598669372,29,11,319,9,5,181,117,0.04
56241060700,57211350444,1,6,0.17647058823529413,1.8438114245271942,28,12,336,21,5,634,328,0.45
16678820800,57221772511,1,6,0.2608695652173913,2.7307804356347005,23,6,138,13,9,427,299,0.16666666666666666
56513768800,57219330311,1,4,0.0625,1.0275493272275615,56,12,672,20,16,1022,938,0.1875
15926246800,55173582700,1,24,0.1702127659574468,6.325796235991405,128,37,4736,27,15,1555,1271,0.36363636363636365
12805509300,55770884000,1,2,0.05714285714285714,0.4786170393886118,33,4,132,41,31,5174,3874,0.21666666666666667
57201084031,57203970401,1,58,0.40559440559440557,13.144542682797379,91,110,10010,21,5,2211,905,0.36363636363636365
57211349180,6507310582,1,12,0.10344827586206896,3.9635103492235,15,113,1695,18,10,740,620,0.19444444444444445
56946693800,8605183500,1,7,0.14583333333333334,1.7567155663354013,40,15,600,10,6,425,399,0.34375
15518960000,35453890900,1,4,0.06451612903225806,1.4900273513445987,40,26,1040,45,27,3706,3162,0.35526315789473684
6507796594,7004578182,1,11,0.16417910447761194,4.545301480748731,41,37,1517,30,4,3111,1537,0.45544554455445546
57193670804,7101835141,1,0,0.0,0.0,0,20,0,11,5,474,166,0.21428571428571427
58409049600,7006448661,1,1,0.14285714285714285,0.6213349345596119,3,5,15,9,3,119,49,0.3
56241060700,58397505200,1,3,0.10344827586206896,0.9925429911682826,28,4,112,14,12,487,475,0.47368421052631576
58165093600,7103053518,1,8,0.06299212598425197,2.6426923814867207,13,122,1586,19,9,613,491,0.11904761904761904
57195256137,57216401949,1,2,0.018867924528301886,0.44069349727717677,106,2,212,26,22,1771,1721,0.36666666666666664
14056688500,7004835587,1,67,0.20489296636085627,15.76928413357669,104,290,30160,41,23,3422,2740,0.26262626262626265
56530089000,56530380600,1,14,0.1891891891891892,3.7650802156530943,22,66,1452,14,4,302,138,0.4117647058823529
57190738415,57207206869,1,9,0.36,3.294562870431994,17,17,289,27,13,1367,1153,0.5652173913043478
36473118700,57189901715,1,2,0.2857142857142857,0.9479818718025272,7,2,14,9,3,169,141,0.4583333333333333
34869477000,57219563270,1,2,0.14285714285714285,1.2426698691192237,13,3,39,12,8,332,316,0.11764705882352941
56608729500,7003949406,1,7,0.30434782608695654,3.06849730789902,10,20,200,12,6,396,92,0.30303030303030304
56454907300,57204829606,1,9,0.08571428571428572,2.8417851055335817,103,11,1133,9,7,209,195,0.17857142857142858
57214861606,6603155299,1,2,0.05555555555555555,0.636815759487909,2,36,72,20,16,1297,1195,0.3333333333333333
36663263400,57212492905,1,12,0.3,2.795150613732116,32,20,640,8,2,124,44,0.25925925925925924
15846769500,28067543600,1,6,0.75,2.0926604854746533,7,7,49,17,1,604,16,0.6727272727272727
56539945500,57212148890,1,2,0.1111111111111111,1.0383673259838582,15,5,75,12,2,223,59,0.25
16834582300,57203974537,1,3,0.16666666666666666,1.4462469583956266,5,16,80,8,2,170,138,0.23076923076923078
57203687928,7003959774,1,39,0.16455696202531644,8.81975656386223,138,138,19044,34,16,3352,1402,0.12345679012345678
55615833500,7202489013,1,0,0.0,0.0,0,4,0,8,2,118,64,0.16071428571428573
35617224000,57193699176,1,2,0.14285714285714285,0.9690179556831694,14,2,28,5,3,130,56,0.10810810810810811
57220064244,7005844374,1,6,0.11538461538461539,2.4846113997437467,33,25,825,22,2,812,52,0.3974358974358974
57201185210,8314479600,1,2,0.18181818181818182,0.8928215240597019,6,7,42,10,0,305,53,0.3333333333333333
18433294600,56406029500,1,4,0.14285714285714285,1.6779647648816705,19,13,247,25,5,1524,748,0.5
25621529400,57218194363,1,54,0.34394904458598724,12.464062100815024,122,89,10858,28,14,3040,924,0.19718309859154928
55667266000,57189578538,1,3,0.23076923076923078,1.1593086003920607,11,5,55,20,0,937,83,0.6470588235294118
57201436183,57203372876,1,4,0.36363636363636365,1.711687937710422,10,5,50,7,3,94,56,0.25
55320336300,57219182019,1,7,0.4375,2.4295443369528344,15,8,120,10,2,328,80,0.3125
14021049800,6603188445,1,9,0.20454545454545456,2.9555001301253183,20,33,660,12,0,210,60,0.26666666666666666
56948379200,57193114096,1,2,0.047619047619047616,0.9690179556831694,39,5,195,12,8,219,171,0.125
57196146647,57203807364,1,8,0.18181818181818182,2.1245779104724054,41,11,451,13,7,371,323,0.2222222222222222
55266291800,56739975200,1,3,0.15,1.0516004709287707,16,7,112,17,3,1038,4,0.56
13611549900,34570748500,1,3,0.13043478260869565,0.9146229023910376,4,22,88,18,14,676,604,0.3076923076923077
55587974700,57194153124,1,5,0.15625,1.6578761105268927,17,20,340,15,3,653,147,0.36363636363636365
23567383600,57188627462,1,0,0.0,0.0,33,5,165,26,22,1902,1796,0.3617021276595745
13104402000,36603279900,1,10,0.17857142857142858,4.55583073946473,32,34,1088,17,3,438,130,0.375
57204243731,6602257132,1,4,0.0425531914893617,1.2708830363129369,8,90,720,16,10,523,481,0.10204081632653061
57192073087,57218122043,1,6,0.05660377358490566,2.338532514727395,106,6,636,59,55,10773,10557,0.07246376811594203
56368499800,57218376468,1,13,0.3939393939393939,4.335524965415623,20,26,520,24,0,1449,585,0.4583333333333333
55770895400,58822965000,1,8,0.2857142857142857,3.07093466288905,25,11,275,10,4,197,175,0.17647058823529413
55665456000,57219982774,1,2,0.021739130434782608,0.465092188792706,81,13,1053,16,12,601,457,0.12244897959183673
35510387000,55312463700,1,2,0.02247191011235955,0.6269285286909516,46,45,2070,20,4,524,64,0.34545454545454546
56472729600,56928409300,1,5,0.35714285714285715,2.0667414111484645,12,7,84,5,1,65,35,0.14545454545454545
57190169567,57202362927,1,6,0.08823529411764706,1.5500921878317475,64,10,640,12,8,372,302,0.04
7004835587,7202075544,1,32,0.0935672514619883,7.874858759810524,290,84,24360,48,16,4013,2149,0.5943396226415094
57207766930,7801532760,1,21,0.21649484536082475,7.545912984195596,25,93,2325,19,11,756,644,0.16666666666666666
36763791600,56684707300,1,10,0.45454545454545453,3.067970499915845,13,19,247,11,3,202,78,0.14285714285714285
14037194400,56401670600,1,7,0.1346153846153846,2.1494162735721822,50,9,450,19,15,993,937,0.12048192771084337
14219526400,57216401949,1,1,0.011904761904761904,0.20609929155556622,83,2,166,27,23,2003,1953,0.3380281690140845
57163083200,6603873202,1,2,0.06060606060606061,0.736386027376147,24,11,264,19,3,434,24,0.24444444444444444
36598939000,56834997800,1,6,0.21428571428571427,1.681757292757965,14,20,280,10,0,216,44,0.25
55471004700,57211427050,1,17,0.1619047619047619,4.348389055905222,81,41,3321,17,3,488,176,0.22857142857142856
23971662700,56663792300,1,3,0.42857142857142855,1.0013960242382083,5,5,25,8,6,133,105,0.13333333333333333
33267449500,7102354941,1,15,0.14563106796116504,4.776980229467471,57,61,3477,23,5,1017,495,0.38636363636363635
57195442657,57216447728,1,0,0.0,0.0,170,0,0,17,13,679,509,0.06666666666666667
57202284031,57278289000,1,5,0.35714285714285715,1.8154791312625664,13,6,78,7,3,98,58,0.4
16643616700,57202029288,1,3,0.02608695652173913,0.8432623414569046,110,8,880,26,22,2196,2150,0.07766990291262135
55344658600,57224311701,1,0,0.0,0.0,3,0,0,8,2,89,61,0.12121212121212122
14018322900,60016460600,1,5,0.10638297872340426,1.7497637195963816,40,12,480,20,10,1247,1079,0.27450980392156865
57214112643,7003959774,1,5,0.034482758620689655,1.443037530899005,12,138,1656,28,22,2429,2325,0.21052631578947367
36666109700,57190849611,1,8,0.32,2.7134029029176467,13,20,260,12,8,361,141,0.20833333333333334
15846769500,57193161850,1,4,0.21052631578947367,1.4261642845460818,7,16,112,19,1,732,112,0.390625
26024868000,57219379425,1,20,0.38461538461538464,5.373150771261522,48,24,1152,18,10,970,838,0.23076923076923078
48860936400,57204093450,1,2,0.2857142857142857,0.5466016996946776,5,4,20,11,7,486,416,0.08571428571428572
55692535200,57201269175,1,0,0.0,0.0,11,0,0,7,5,113,103,0.2857142857142857
35191604400,57204637412,1,4,0.2222222222222222,1.2271125419421083,15,7,105,15,9,974,338,0.36
55087222300,57215143687,1,5,0.25,1.5081410180098058,19,6,114,9,5,266,196,0.06451612903225806
57550715400,7203007412,1,8,0.06060606060606061,2.7709294949475995,28,112,3136,34,8,2123,973,0.5222222222222223
55850511800,7004835587,1,25,0.08169934640522876,6.431330599221062,41,290,11890,40,24,3330,2832,0.25773195876288657
57205510277,7003732915,1,5,0.04132231404958678,1.9279302792961877,7,119,833,37,31,4852,4566,0.1368421052631579
57199731514,58533234200,1,1,0.2,1.4426950408889634,3,3,9,26,2,1106,206,0.5
23981454200,57193213489,1,7,0.25,2.3356086441344432,23,12,276,14,4,407,193,0.1875
35619528200,56043142500,1,1,0.09090909090909091,0.9102392266268373,9,3,27,8,4,115,95,0.5555555555555556
14044492300,57216437861,1,7,0.21875,2.5448216405598676,29,10,290,9,5,357,325,0.1111111111111111
57076839000,57200268559,1,14,0.3111111111111111,3.9695110674452914,20,39,780,15,11,2039,1889,0.34615384615384615
6602404361,7801498529,1,39,0.3333333333333333,9.12284557385527,95,61,5795,21,3,758,352,0.23809523809523808
58096458800,7801532760,1,10,0.10101010101010101,3.3754142154162334,16,93,1488,19,11,810,590,0.10714285714285714
57211167870,6603839720,1,9,0.14754098360655737,3.478569968957554,16,54,864,32,24,2601,2409,0.225
57189241650,57225312385,1,4,0.12903225806451613,1.4831258674264962,25,10,250,12,8,263,235,0.18518518518518517
57190068681,6601978164,1,9,0.1,2.512641246643133,29,70,2030,35,21,2930,2646,0.2236842105263158
55635809300,57211558125,1,2,0.16666666666666666,1.004926012495815,11,3,33,4,2,36,28,0.12
57216934454,7005969319,1,10,0.09174311926605505,3.344034256831993,20,99,1980,19,13,990,854,0.12280701754385964
55315642100,57213692823,1,2,0.11764705882352941,0.7213475204444817,8,11,88,8,2,276,52,0.32075471698113206
57211494679,6603317232,1,6,0.11764705882352941,1.8400587357771294,41,16,656,20,2,613,173,0.36585365853658536
56201455000,7004121723,1,8,0.4444444444444444,2.3112803799689137,11,15,165,7,3,89,57,0.28125
25926668200,55203286900,1,4,0.21052631578947367,1.3584842506980752,7,16,112,6,2,95,61,0.2545454545454545
57221918587,7004481112,1,9,0.06870229007633588,3.200078158125487,12,128,1536,18,14,821,801,0.013157894736842105
22133963900,56747324300,1,1,0.1,1.4426950408889634,10,1,10,11,7,297,279,0.2692307692307692
57211715117,7006196140,1,8,0.27586206896551724,2.559381803437563,23,14,322,15,1,341,45,0.4117647058823529
57197023682,57198357708,1,2,0.125,0.6416204927038143,9,9,81,15,5,409,79,0.37142857142857144
57194434562,57194735402,1,10,0.3448275862068966,3.200429365349022,18,21,378,13,3,304,44,0.3333333333333333
6603477177,7005592130,1,3,0.05555555555555555,0.8057458998641172,21,36,756,13,1,273,63,0.4
15136212300,15136518800,1,1,0.125,1.4426950408889634,6,3,18,7,3,112,62,0.2
57249069300,57459511000,1,3,0.23076923076923078,1.297719016396158,11,5,55,5,1,43,23,0.2
35319586400,6603363265,1,2,0.047619047619047616,0.6439080025438042,41,3,123,19,7,663,357,0.2608695652173913
57193210303,6603388713,1,2,0.05128205128205128,1.1383799118687281,14,27,378,13,5,332,216,0.06666666666666667
57193663631,57210344965,1,1,0.3333333333333333,0.30341307554227914,2,2,4,4,0,211,3,0.2
10143354000,8985745300,1,8,0.05442176870748299,2.221285114723029,144,11,1584,33,13,1451,851,0.3944954128440367
35480634700,58165093600,1,4,0.06060606060606061,1.2719571595185668,57,13,741,12,2,196,74,0.1694915254237288
14056688500,55173582700,1,12,0.09302325581395349,3.0279725488286773,104,37,3848,15,3,483,199,0.21153846153846154
57211448989,7102633221,1,6,0.031914893617021274,2.060981999375329,19,175,3325,19,11,1823,1721,0.06779661016949153
57203028938,7102098015,1,2,0.02564102564102564,1.6796895127258773,63,17,1071,52,36,6246,5844,0.25675675675675674
57204052801,57215093791,1,2,0.18181818181818182,0.5174008767169476,10,3,30,10,6,483,173,0.39285714285714285
57192679655,6506906545,1,14,0.2028985507246377,3.142342380402882,54,29,1566,10,4,309,247,0.23076923076923078
57196442016,7103026228,1,3,0.125,1.315137699964061,3,24,72,20,14,915,715,0.22580645161290322
36138972900,56103848100,1,1,0.08333333333333333,0.3396232718951086,9,4,36,12,0,1025,665,0.5
57218624821,7003731076,1,4,0.15384615384615385,1.2898164322139158,6,24,144,17,13,699,567,0.19148936170212766
57191614204,57217058476,1,9,0.8181818181818182,2.7937364360239094,10,10,100,2,0,4,0,0.5
6701542482,7004573622,1,3,0.031914893617021274,1.2674128193212186,55,42,2310,47,3,3378,132,0.41228070175438597
10045032400,6506576334,1,3,0.08823529411764706,1.2264128452324554,5,32,160,15,11,690,506,0.14705882352941177
58167149200,6603311220,1,4,0.09302325581395349,1.4782836442429428,5,42,210,20,16,1128,1088,0.1
57191899205,57212468699,1,10,0.2222222222222222,2.612569925309322,36,19,684,12,2,297,85,0.5909090909090909
23986455300,7103040365,1,26,0.15757575757575756,7.317018245444235,45,146,6570,23,3,1864,652,0.4166666666666667
57201151550,8429526600,1,0,0.0,0.0,0,4,0,14,10,301,253,0.35135135135135137
56709575500,57204103404,1,0,0.0,0.0,2,1,2,6,0,60,16,0.18518518518518517
55618665400,56556565800,1,30,0.22556390977443608,7.229126210512749,112,51,5712,13,5,1176,1034,0.5111111111111111
57164746200,57218686403,1,5,0.1724137931034483,1.240334443416827,13,21,273,8,2,333,35,0.13793103448275862
57202689961,6603034176,1,1,0.25,0.43429448190325176,3,2,6,4,0,38,10,0.16666666666666666
23091409000,56819111900,1,3,0.058823529411764705,1.164825700475968,46,8,368,22,14,1320,1204,0.09090909090909091
56505366300,57203059154,1,8,0.15384615384615385,2.332772429658915,32,28,896,15,1,304,10,0.42857142857142855
15518960000,57201652562,1,6,0.14634146341463414,1.9217832602171603,40,7,280,41,31,3651,3217,0.16666666666666666
56606104800,57219169179,1,33,0.4782608695652174,9.290997967201509,57,45,2565,21,5,1020,472,0.6176470588235294
37664726500,7003959774,1,36,0.18848167539267016,8.184648543712235,89,138,12282,35,15,3519,1235,0.23404255319148937
7004663022,7101835153,1,4,0.07407407407407407,1.8965581912094984,21,37,777,18,4,563,219,0.2222222222222222
56340522700,58919213900,1,1,0.0625,0.36926937306885504,16,1,16,10,8,236,232,0.4444444444444444
57202339270,6603729308,1,15,0.2727272727272727,4.835987844782266,45,25,1125,30,0,1325,23,0.2727272727272727
57189074292,6603079011,1,3,0.046153846153846156,1.203525473956457,5,63,315,21,15,1265,1027,0.25
56768212800,6507737860,1,4,0.08163265306122448,1.6199235312225766,5,48,240,21,17,1650,1622,0.10294117647058823
10143354000,57190441690,1,10,0.06535947712418301,2.357226169398478,144,19,2736,28,18,1210,1092,0.06930693069306931
6602460649,7003958646,1,29,0.3118279569892473,9.947832571218688,82,40,3280,38,12,2995,1937,0.24324324324324326
10143354000,57194868042,1,27,0.13846153846153847,5.9256447900155065,144,78,11232,38,8,1714,588,0.12727272727272726
57204446271,6602823371,1,3,0.13636363636363635,0.8680154076487825,7,18,126,7,3,436,324,0.09375
34874490300,57268328400,1,6,0.17647058823529413,3.5772837372547683,34,6,204,10,2,159,43,0.5238095238095238
26635822900,60016460600,1,3,0.08823529411764706,1.0738928068424272,25,12,300,20,10,653,485,0.18867924528301888
55572639600,57215066418,1,2,0.14285714285714285,0.8831677154386057,12,4,48,9,5,392,72,0.05
57195731822,57203059154,1,14,0.34146341463414637,4.113551281517907,27,28,756,14,0,321,7,0.5555555555555556
6701424197,7402031672,1,19,0.22093023255813954,5.801871600892505,82,23,1886,17,9,410,204,0.28205128205128205
55811114600,7102231043,1,14,0.07777777777777778,4.03280481254072,29,165,4785,51,37,6132,5834,0.22093023255813954
24491486300,37560946400,1,19,0.3333333333333333,5.392051881870354,50,26,1300,30,2,1285,175,0.43902439024390244
57213619626,57219552495,1,8,0.36363636363636365,2.0444006243216233,16,14,224,8,0,105,5,0.6428571428571429
56576063900,6506649400,1,15,0.14563106796116504,4.160684265839988,24,94,2256,26,2,1119,59,0.27941176470588236
57211113045,57214551475,1,4,0.14285714285714285,1.1918185830879977,19,13,247,5,1,66,36,0.09090909090909091
56472729600,7203007412,1,6,0.05084745762711865,1.5337031158520227,12,112,1344,23,19,1563,1533,0.38202247191011235
55576394100,57218584529,1,6,0.23076923076923078,2.208472629074685,13,19,247,20,2,919,223,0.32727272727272727
57211005261,57218656687,1,7,0.22580645161290322,1.7654985834096109,19,19,361,4,2,32,28,0.8571428571428571
56344208100,6701817002,1,1,0.3333333333333333,0.45511961331341866,1,3,3,13,1,319,7,0.1276595744680851
57191832514,7202143212,1,15,0.3125,5.055772677917784,18,45,810,16,4,336,216,0.4583333333333333
36801262700,57201985653,1,38,0.4935064935064935,8.843313767971528,54,61,3294,11,3,534,260,0.23333333333333334
14059609600,57219050927,1,8,0.4,2.5674929739143613,19,9,171,11,3,179,87,1.0
6602633095,7005001396,1,21,0.26582278481012656,6.92180500973455,59,41,2419,19,1,484,68,0.3888888888888889
55850511800,57193931875,1,12,0.1875,3.0431340178513966,41,35,1435,14,2,364,134,0.23255813953488372
56457951000,8353821500,1,3,0.2727272727272727,1.3629698353149367,4,10,40,11,3,283,211,0.28
55946024800,57196347416,1,4,0.13793103448275862,1.4167270624529564,24,9,216,9,5,237,217,0.05
57190064502,7006177272,1,19,0.22093023255813954,5.2563531302525055,25,80,2000,24,12,1162,826,0.18181818181818182
56768831300,57190340003,1,4,0.25,1.0734416283051587,11,9,99,17,11,1078,898,0.4
57218599145,6603070803,1,2,0.05555555555555555,0.8285563228138756,2,36,72,19,15,789,643,0.1875
55466744300,7005119089,1,5,0.03968253968253968,1.931498810679913,13,118,1534,33,21,2808,2382,0.08888888888888889
56712342900,57211214455,1,11,0.2391304347826087,3.3819772951223275,18,39,702,15,3,286,98,0.40476190476190477
57191906531,57195760105,1,36,0.5,8.160205049129313,45,63,2835,9,1,1257,643,0.2857142857142857
56736635000,57192981765,1,3,0.3333333333333333,1.0834524073853562,5,7,35,8,2,200,48,0.6
35476648500,57200376897,1,15,0.20833333333333334,4.658886534361125,70,17,1190,10,2,151,47,0.4262295081967213
35602313000,7004405540,1,2,0.015384615384615385,0.6281216258305886,35,97,3395,21,5,718,386,0.24705882352941178
6701390755,7004225897,1,3,0.04225352112676056,1.4499163026461572,38,36,1368,24,2,965,265,0.4177215189873418
57202953110,57202955220,1,1,0.25,0.31465798044412485,2,3,6,4,0,96,64,0.5714285714285714
12782630800,57205143340,1,32,0.25196850393700787,8.806598342802618,106,53,5618,25,5,1089,469,0.27848101265822783
14060455600,57188563654,1,4,0.02962962962962963,1.0935308774839967,134,5,670,42,38,5055,5023,0.15492957746478872
55253529800,57202955175,1,4,0.08333333333333333,2.005897182534363,48,4,192,29,21,1689,1419,0.2631578947368421
37110131400,6701424197,1,10,0.11764705882352941,2.813032314823386,13,82,1066,19,7,555,59,0.225
6701922481,7102879500,1,4,0.038834951456310676,1.642586032163023,14,93,1302,62,28,6430,4548,0.375
57218602621,57737434700,1,3,0.125,0.8444036921587453,13,14,182,18,0,846,412,0.17142857142857143
56018147400,57199994567,1,6,0.23076923076923078,1.9958885163751985,26,6,156,9,7,158,126,0.3076923076923077
55606603600,57947786700,1,0,0.0,0.0,5,3,15,4,2,71,65,0.35714285714285715
14056688500,57224556300,1,2,0.018867924528301886,0.9026013486223402,104,4,416,15,3,583,99,0.1590909090909091
56819111900,7006434026,1,8,0.18604651162790697,2.735300458492375,8,43,344,13,5,296,180,0.34146341463414637
55560606300,57190682714,1,4,0.14814814814814814,1.0658107920529885,24,7,168,7,1,106,62,0.21052631578947367
57214758551,7003959774,1,12,0.0821917808219178,3.031608038240104,20,138,2760,27,23,2401,2353,0.08333333333333333
56183251000,6602197502,1,4,0.19047619047619047,1.7353199061597386,18,7,126,7,3,81,45,0.2631578947368421
57201686257,60016460600,1,2,0.125,0.7385387461377101,6,12,72,11,1,196,28,0.23333333333333334
6602638796,7005623741,1,10,0.1694915254237288,2.6906239243309007,26,43,1118,10,2,157,31,0.325
7004074021,7203013613,1,10,0.10752688172043011,2.7261824028334543,84,19,1596,15,9,370,298,0.42105263157894735
57189267051,7203007412,1,13,0.10317460317460317,3.7770324890898124,27,112,3024,36,6,2359,737,0.32894736842105265
56946693800,57203784627,1,9,0.2,2.365141597744163,40,14,560,11,5,509,315,0.4
57218192915,7006331382,1,18,0.17647058823529413,4.296470913184872,75,45,3375,17,3,1249,505,0.21621621621621623
57217724309,7006504347,1,1,0.08333333333333333,0.24136313830927508,2,11,22,11,7,296,250,0.38235294117647056
55839922800,57482520200,1,17,0.4146341463414634,4.347277094747194,36,22,792,6,2,97,77,0.1111111111111111
57196219628,57206938059,1,10,0.3448275862068966,3.101744872557117,25,14,350,18,8,852,320,0.3157894736842105
56897081100,7005468526,1,5,0.18518518518518517,2.8535066179121418,6,26,156,27,9,1538,644,0.4533333333333333
13612026300,57200728822,1,4,0.08888888888888889,1.6196447773584286,44,5,220,23,7,850,588,0.425531914893617
55665226800,57205541173,1,6,0.2608695652173913,2.030099531093289,22,7,154,6,2,131,5,0.6666666666666666
57217640646,7006020996,1,7,0.1891891891891892,2.0237563206873106,11,33,363,11,5,314,240,0.0851063829787234
56231177500,6602404361,1,39,0.32231404958677684,8.992888007484671,65,95,6175,22,2,878,232,0.19607843137254902
56732311700,7801624906,1,18,0.13432835820895522,4.510301866309714,57,95,5415,25,7,1125,585,0.2222222222222222
57203261728,57224310969,1,1,0.2,0.9102392266268373,5,1,5,24,20,2456,2394,0.28
57203264738,6602366281,1,2,0.045454545454545456,0.6087157784378276,2,44,88,17,13,659,583,0.09090909090909091
24491486300,6602349237,1,2,0.02564102564102564,0.7974768344210841,50,30,1500,31,3,1286,176,0.4567901234567901
12807248900,7006065236,1,21,0.09333333333333334,5.671474023776911,185,61,11285,42,4,4172,1766,0.43820224719101125
55968603400,57224218461,1,3,0.08333333333333333,1.9026443350813362,36,3,108,25,17,1619,1103,0.2608695652173913
56998669800,57221908100,1,7,0.23333333333333334,2.1528013345321804,27,10,270,9,3,338,308,0.2222222222222222
57209929651,57214190336,1,8,0.22857142857142856,2.1838624857285924,15,28,420,8,2,146,14,0.3333333333333333
24483001900,42461275200,1,3,0.09090909090909091,0.8348148112429892,20,16,320,11,1,193,31,0.3103448275862069
56375804100,57195995961,1,2,0.2,0.8687780938310532,4,8,32,8,2,118,28,0.15
26032064700,7003473187,1,2,0.03571428571428571,0.7543475158512447,4,54,216,16,14,655,587,0.08333333333333333
56146474900,7101828170,1,1,0.013888888888888888,0.3001016285004131,5,68,340,24,16,1170,1100,0.15254237288135594
55173582700,56779692100,1,27,0.27835051546391754,7.427223423973233,37,87,3219,17,5,471,187,0.37142857142857144
6602977166,7004573622,1,6,0.10344827586206896,2.620077401249886,22,42,924,40,10,2463,783,0.32098765432098764
57196328853,7006097264,1,21,0.6774193548387096,9.85401226659471,25,27,675,17,3,560,114,0.4482758620689655
35997230900,57194288925,1,11,0.08029197080291971,2.8427415818573336,55,93,5115,24,6,2079,777,0.273972602739726
57215683127,7404277487,1,40,0.272108843537415,9.237080483952555,118,69,8142,15,3,1393,395,0.42857142857142855
37050721900,57215152082,1,0,0.0,0.0,27,5,135,16,14,751,729,0.14516129032258066
56393969400,57221949854,1,1,0.007462686567164179,0.31465798044412485,13,122,1586,37,13,3762,2182,0.16842105263157894
57202633576,7004835587,1,23,0.0744336569579288,5.615136721950221,42,290,12180,37,27,3306,2856,0.2903225806451613
57202060730,57204534992,1,2,0.1111111111111111,0.7408245302862632,8,12,96,22,4,631,309,0.1724137931034483
10143354000,57192073087,1,18,0.07758620689655173,4.904474292804983,144,106,15264,80,34,11816,9514,0.3709677419354839
13406948400,35238394900,1,6,0.10344827586206896,2.211596125670559,23,41,943,23,1,834,84,0.2857142857142857
37081771200,8640190300,1,1,0.1,0.4170323914242463,8,3,24,10,6,218,206,0.35714285714285715
55513019800,57191961791,1,4,0.06451612903225806,1.3257764984857547,41,25,1025,23,1,1053,11,0.08333333333333333
57651822100,8899556100,1,3,0.21428571428571427,1.1929726487343038,3,14,42,13,3,259,159,0.5227272727272727
56818653600,57205305981,1,4,0.5,1.6922268927313424,8,4,32,6,2,278,222,0.25
36057286100,36598939000,1,5,0.08928571428571429,1.2991033140642185,47,14,658,11,1,308,48,0.275
57201314197,7102666167,1,13,0.43333333333333335,3.297736148958387,24,19,456,8,2,121,15,0.16
55343987900,57270295500,1,3,0.25,1.2362840752095936,9,6,54,4,2,45,35,0.1111111111111111
24174298100,55344487200,1,3,0.13636363636363635,0.8010606860731653,9,16,144,6,2,201,21,0.2777777777777778
56044626000,57216419607,1,4,0.23529411764705882,1.572249474707205,16,5,80,9,5,219,143,0.18518518518518517
57201458555,7003467120,1,30,0.3448275862068966,6.979325629614622,38,79,3002,13,9,353,281,0.1111111111111111
35555798600,7004766599,1,0,0.0,0.0,65,26,1690,31,13,1666,1276,0.4536082474226804
16202211100,8962997000,1,11,0.07971014492753623,3.234049786192834,60,89,5340,37,13,2309,1619,0.28888888888888886
55204775100,57212391108,1,7,0.28,2.185898043043481,19,13,247,18,4,735,167,0.2571428571428571
56579953700,6507638077,1,40,0.40816326530612246,9.255627215270993,49,89,4361,11,7,363,281,0.29545454545454547
36663263400,57203687928,1,29,0.20567375886524822,6.5732752655539874,32,138,4416,12,6,1015,935,0.21428571428571427
57203455596,57211620714,1,2,1.0,0.9751430179754935,2,2,4,8,0,100,2,0.3333333333333333
36991101500,55811114600,1,14,0.25,4.176350538678284,41,29,1189,32,18,2802,2504,0.35135135135135137
10143354000,57201198471,1,25,0.16447368421052633,5.405979366669611,144,33,4752,29,17,1212,1090,0.08823529411764706
35568595300,57204802242,1,8,0.08602150537634409,2.292525966908893,83,18,1494,25,9,917,555,0.19444444444444445
49061029800,57190064502,1,13,0.3023255813953488,3.582341604557237,31,25,775,14,2,524,188,0.2702702702702703
57197857623,6701557594,1,3,0.2727272727272727,1.613740043014111,9,5,45,13,3,216,54,0.34615384615384615
56378542800,56489594600,1,6,0.08823529411764706,1.8733091112331253,68,6,408,21,15,1151,1131,0.11428571428571428
55971993800,6603346587,1,5,0.38461538461538464,1.7321982740843294,12,6,72,11,3,263,81,0.23333333333333334
57218172060,6506296754,1,6,0.1875,1.5897485373078937,23,15,345,14,2,265,75,0.1935483870967742
14025574900,57190169567,1,38,0.3486238532110092,8.820345316161117,83,64,5312,17,3,462,212,0.28888888888888886
15926246800,57201998453,1,9,0.06923076923076923,2.963832144603105,128,11,1408,25,17,1639,1187,0.1774193548387097
57212469865,57224218461,1,1,0.2,0.43429448190325176,3,3,9,10,2,512,4,0.55
35093933200,57204084745,1,4,0.2222222222222222,1.0366425632549576,15,7,105,9,5,257,211,0.3333333333333333
57201084031,57218195565,1,42,0.4077669902912621,9.372404035214398,91,54,4914,17,9,2350,766,0.15625
55683866600,56708877700,1,4,0.8,2.309993645824899,5,4,20,7,3,90,16,0.375
6603790113,7006177272,1,14,0.09333333333333334,3.155673801862887,84,80,6720,35,1,2683,695,0.24509803921568626
37011530500,57188924761,1,5,0.25,1.6159381422267183,16,9,144,7,3,297,147,0.3409090909090909
55907009500,57210428111,1,8,0.11594202898550725,2.8929664595975435,67,10,670,20,16,1521,1345,0.07352941176470588
55905205100,7006505400,1,6,0.11320754716981132,1.5840291805209006,16,43,688,16,6,449,305,0.057692307692307696
55641935300,56393969400,1,4,0.2,1.3532766196598518,11,13,143,16,8,882,698,0.2857142857142857
15067932200,57218687063,1,1,0.030303030303030304,0.3789231816899512,30,4,120,17,13,630,540,0.06666666666666667
55022678600,57195594364,1,5,0.3125,1.5255832148274295,11,10,110,7,3,106,46,0.5
55850511800,57188318700,1,21,0.5,5.372620048164921,41,22,902,10,6,272,226,0.1875
35337121100,49862227900,1,5,0.4166666666666667,1.9690830175586134,6,11,66,12,4,288,94,0.6428571428571429
56075745900,56779727500,1,5,0.15625,1.6458785354185692,29,8,232,9,3,158,110,0.14285714285714285
56789638500,57209746166,1,6,0.5454545454545454,3.439452019911853,11,6,66,9,5,168,144,0.2
55618665400,57218195605,1,60,0.39215686274509803,13.571740473609944,112,101,11312,18,0,2036,174,0.36
57188575644,57214183066,1,2,1.0,1.270912986849078,2,2,4,6,2,120,68,0.42857142857142855
23988450600,6505881924,1,3,0.0375,0.9510358743122957,15,68,1020,15,9,531,429,0.2777777777777778
23987119600,6506649400,1,9,0.08490566037735849,2.3217467156550486,21,94,1974,19,9,661,517,0.37681159420289856
56716031800,7203007412,1,3,0.026785714285714284,0.7729074969669529,3,112,336,22,20,1558,1538,0.08695652173913043
36598939000,55331323800,1,8,0.15384615384615385,2.105465786741361,14,46,644,12,2,306,46,0.2857142857142857
55530682500,56654822800,1,10,0.3225806451612903,2.626901311418859,30,11,330,11,7,233,173,0.25
55622679800,57196036128,1,3,0.046153846153846156,1.414831938520515,58,10,580,14,8,488,366,0.22666666666666666
25636959900,57189215849,1,6,0.14634146341463414,3.045739020192636,41,6,246,21,9,878,612,0.4264705882352941
6602713722,7202074304,1,7,0.11864406779661017,2.9155622180174485,52,14,728,25,7,862,296,0.49295774647887325
56575920300,7801532760,1,8,0.08421052631578947,2.559861845448245,10,93,930,27,3,3297,1897,0.27380952380952384
56151478400,56539945500,1,3,0.05660377358490566,0.7616559107532381,41,15,615,16,2,495,213,0.18604651162790697
55888894200,56151869200,1,6,0.25,1.9645022236108047,8,22,176,12,4,290,80,0.28125
23471753800,7007060970,1,8,0.47058823529411764,4.043777217576862,8,17,136,14,4,399,233,0.59375
57218595550,57218595835,1,8,0.3076923076923077,2.2727149010768923,14,20,280,6,2,121,39,0.5263157894736842
57199972142,6603936681,1,11,0.3793103448275862,3.2500815010535833,12,28,336,10,4,239,77,0.4
55357477800,57221918587,1,10,0.2777777777777778,3.6233837074187005,34,12,408,8,4,159,139,0.058823529411764705
57194560490,57214183798,1,4,0.3333333333333333,1.152169773722586,4,12,48,7,3,189,111,0.35
7004199959,7007180997,1,1,0.029411764705882353,0.5581106265512472,14,21,294,26,4,1012,222,0.42105263157894735
57201985653,6602978778,1,14,0.109375,3.8433854570878854,61,81,4941,19,5,589,315,0.20588235294117646
55224067300,6603079011,1,3,0.047619047619047616,1.1582545497576329,3,63,189,20,16,1172,1120,0.1724137931034483
35148438600,7005179732,1,9,0.1125,2.9354640908734657,14,75,1050,21,13,1235,1165,0.0641025641025641
56971526400,7801604422,1,2,0.11764705882352941,0.5946004838304892,9,10,90,12,0,221,29,0.3783783783783784
24831735200,57218195605,1,16,0.14414414414414414,3.520252872127593,26,101,2626,13,5,963,899,0.3023255813953488
35750735600,7005683131,1,4,0.23529411764705882,1.3845839452868045,9,12,108,10,2,273,157,0.2631578947368421
57191895726,57218195565,1,32,0.4,6.9475236220321195,58,54,3132,12,4,1794,210,0.20833333333333334
16038750100,57117967000,1,5,0.3125,1.8663197331001442,7,14,98,8,4,122,78,0.41379310344827586
44061113300,57034025700,1,0,0.0,0.0,7,0,0,6,0,468,396,0.21212121212121213
54785510000,6603904264,1,1,0.06666666666666667,0.5138983423697507,2,14,28,19,15,1085,835,0.5357142857142857
16039416600,7801532760,1,13,0.08666666666666667,4.506442176998551,70,93,6510,41,11,2634,1234,0.42424242424242425
14123842600,25028014800,1,6,0.07228915662650602,2.253857297905085,82,7,574,27,19,2130,1966,0.2222222222222222
56069458700,7005179732,1,4,0.05263157894736842,1.764574283090282,5,75,375,20,14,1224,1176,0.12
57204088786,57215107959,1,5,0.16129032258064516,1.414349893307712,30,6,180,14,8,434,362,0.3
15926246800,6701843536,1,15,0.09868421052631579,5.304594831240762,128,39,4992,32,10,1697,1129,0.45454545454545453
55324754000,55618669100,1,5,0.23809523809523808,2.3289989056201943,14,12,168,7,1,69,3,0.7
57193931875,6506048716,1,6,0.12244897959183673,1.794773024909031,35,20,700,19,7,563,333,0.46153846153846156
54583143500,7004835587,1,13,0.0436241610738255,3.562696668821234,21,290,6090,37,27,3183,2979,0.1956521739130435
57117323700,57164833400,1,3,0.2727272727272727,1.047261352994254,8,6,48,13,3,207,75,0.6363636363636364
55865568271,56533331100,1,4,0.5,1.523633443973127,6,6,36,5,1,38,14,0.5
54583143500,7003305314,1,7,0.03723404255319149,1.8184504119045377,21,174,3654,20,10,1827,1623,0.24615384615384617
26538927600,57202349525,1,16,0.3018867924528302,3.8411912194262117,46,23,1058,18,2,626,238,0.29411764705882354
57216754595,6603953740,1,2,0.2222222222222222,1.4426950408889634,3,8,24,6,2,54,38,0.28
36084294000,57218135478,1,1,0.05555555555555555,0.5138983423697507,8,11,88,15,5,577,449,0.12121212121212122
6504311468,6506002895,1,50,0.704225352112676,11.77531299565913,62,59,3658,10,2,181,51,0.45454545454545453
56289557600,57003631500,1,2,0.15384615384615385,0.6718851127685621,4,11,44,8,0,144,38,0.358974358974359
15754481800,57209322197,1,2,0.034482758620689655,0.7949682421254927,54,6,324,19,11,633,521,0.1111111111111111
54934537600,57195394779,1,5,0.38461538461538464,1.8059324298815767,11,7,77,8,4,130,58,0.3333333333333333
35548015700,57192179573,1,7,0.13725490196078433,2.9459913411386447,50,8,400,22,14,1490,1340,0.26865671641791045
57190732544,6507759837,1,5,0.07692307692307693,1.847903302366776,65,5,325,9,5,147,101,0.08695652173913043
54408304200,57193644769,1,0,0.0,0.0,1,0,0,5,1,31,3,0.3684210526315789
47961447600,55604213100,1,9,0.1323529411764706,2.6131765142620496,27,50,1350,14,0,307,41,0.4230769230769231
56891303100,6506451414,1,2,0.08333333333333333,1.631586747071319,2,24,48,19,11,858,552,0.5384615384615384
16426043400,56780466600,1,2,0.4,1.0764545478730305,4,3,12,7,3,115,83,0.20512820512820512
57192892615,57208794505,1,43,0.4215686274509804,9.555096041422404,84,61,5124,15,1,1992,274,0.2647058823529412
56533987800,57220899192,1,5,0.16666666666666666,1.5708708080959681,12,23,276,10,2,9278,9172,0.4
54783056700,7003488906,1,16,0.47058823529411764,4.409178899896058,18,32,576,10,2,187,85,0.2564102564102564
56958400900,57223435605,1,5,0.2,1.8195910749302762,15,15,225,6,4,134,82,0.07407407407407407
25923783400,6507102122,1,7,0.35,1.933917795374219,17,10,170,9,5,278,144,0.2972972972972973
36970630800,57111481900,1,9,0.36,3.7016079479393067,24,10,240,13,5,306,224,0.5
37560946400,7003732915,1,20,0.16,6.108078790076186,26,119,3094,50,18,5439,3979,0.3904761904761905
15047537900,57216760960,1,5,0.10416666666666667,1.5872201375009396,42,11,462,10,4,332,140,0.1956521739130435
23493442400,6602633095,1,1,0.012195121951219513,0.25562221863533147,24,59,1416,13,7,649,233,0.2
57215075474,6506420388,1,13,0.1780821917808219,3.6369554998619775,20,66,1320,15,7,818,50,0.27586206896551724
57223207805,6602257132,1,5,0.05555555555555555,1.8182074400320603,5,90,450,14,12,508,496,0.04081632653061224
26022392400,57208393419,1,6,0.17647058823529413,1.9073462973992719,25,15,375,25,5,896,332,0.23809523809523808
55889853500,58288472900,1,4,0.26666666666666666,1.8417865626785415,15,4,60,7,5,73,55,0.36363636363636365
26535979500,55624616000,1,10,0.38461538461538464,3.617982257141443,26,10,260,17,5,1352,164,0.4090909090909091
35606519100,7005778076,1,3,0.1875,3.074281787960282,8,11,88,15,3,388,222,0.5
16199397400,7201849882,1,10,0.18867924528301888,3.506737951875175,36,27,972,14,6,372,260,0.4230769230769231
55839922800,57200425175,1,18,0.45,4.784704968635276,36,22,792,7,1,143,31,0.1
59158249000,7003544066,1,8,0.1951219512195122,2.1351579437808037,13,36,468,12,6,246,132,0.06153846153846154
57075751200,57217442328,1,7,0.22580645161290322,2.2441796166832866,18,20,360,15,3,1268,458,0.4782608695652174
6601978164,9235487600,1,17,0.22666666666666666,5.54275292833347,70,22,1540,37,19,3710,1866,0.20588235294117646
57962093500,57963146900,1,12,0.7058823529411765,3.5734034930587746,17,12,204,6,0,33,9,0.8333333333333334
56530358600,7103053518,1,14,0.11290322580645161,3.7313571305398527,16,122,1952,18,10,612,492,0.08433734939759036
55404271700,57201298944,1,11,0.15714285714285714,5.312540547961597,67,14,938,21,11,937,617,0.25
6602277744,7201906013,1,35,0.25547445255474455,11.331558238159735,133,39,5187,28,16,2045,1885,0.45454545454545453
23004608500,7202534688,1,9,0.17307692307692307,3.147871762921429,15,46,690,28,12,1423,1029,0.32075471698113206
24166599500,57194232387,1,7,0.23333333333333334,1.7459253527535832,14,23,322,9,1,197,25,0.6363636363636364
35319586400,7102474754,1,8,0.08,2.1839197358125615,41,67,2747,32,6,1738,718,0.4772727272727273
37102119100,57192275447,1,17,0.40476190476190477,5.7498405361985725,34,25,850,15,1,379,137,0.2631578947368421
24491486300,55572639600,1,10,0.19230769230769232,3.6345855421709805,50,12,600,21,7,787,323,0.5
55523859600,57213651245,1,6,0.25,1.6006588688236938,8,22,176,5,1,91,13,0.5714285714285714
25822049200,57413715900,1,28,0.23140495867768596,6.416941835796576,117,32,3744,24,20,1672,1588,0.015625
57208673910,6601978164,1,7,0.0958904109589041,2.1793603534529997,10,70,700,38,18,3094,2482,0.3142857142857143
25822598300,7005909070,1,3,0.08108108108108109,1.1336982906584665,20,20,400,15,7,425,297,0.17777777777777778
13612026300,7006188042,1,22,0.2391304347826087,6.5458364209528765,44,70,3080,32,2,1743,305,0.42105263157894735
55158649200,7006279246,1,3,0.2,1.0032023941377968,9,9,81,7,1,76,42,0.4
57214742652,6701542482,1,4,0.07142857142857142,1.9887603397657003,5,55,275,25,19,1791,1719,0.33
55692535200,57214191037,1,5,0.21739130434782608,1.7268057181612892,11,17,187,10,2,150,66,0.16216216216216217
57364264600,6504280283,1,8,0.07920792079207921,2.48594177655103,19,90,1710,14,6,355,265,0.14
57215683127,57218193751,1,47,0.31543624161073824,10.3656560104117,118,78,9204,15,3,1767,21,0.14285714285714285
35734884600,6602277744,1,40,0.27972027972027974,11.48106854596099,50,133,6650,32,12,2345,1585,0.3880597014925373
56526101200,57191259498,1,4,0.5,1.5229110302490574,6,6,36,6,2,271,187,0.41304347826086957
57214189407,7003959774,1,33,0.20625,7.446515216361585,55,138,7590,29,21,2685,2069,0.11428571428571428
57194769305,57201480507,1,6,0.1276595744680851,1.8555424518892514,32,21,672,20,8,566,384,0.2631578947368421
16067739500,57226030553,1,4,0.10256410256410256,1.086030400714737,39,4,156,16,12,1189,1097,0.07407407407407407
57189986568,6506048716,1,4,0.0975609756097561,1.321411347981629,25,20,500,20,6,603,293,0.325
36904328200,7006012333,1,1,0.022222222222222223,0.48089834696298783,2,44,88,28,24,2007,1931,0.2619047619047619
57196021981,7801498529,1,41,0.37962962962962965,9.584127138136179,88,61,5368,21,3,535,129,0.30612244897959184
57226734959,7101671449,1,8,0.3333333333333333,3.0345837174678234,11,21,231,21,9,767,439,0.40476190476190477
51665647500,56732311700,1,7,0.11290322580645161,2.5289847527135105,12,57,684,19,13,913,797,0.3
57200513385,7006139983,1,4,0.12121212121212122,1.4713146759870626,6,31,186,14,10,412,332,0.03571428571428571
55324754000,57211003402,1,9,0.47368421052631576,2.484717083735019,14,14,196,5,1,44,22,0.16666666666666666
57195593253,57221437133,1,4,0.5,2.012472508149437,7,5,35,8,2,140,74,0.35714285714285715
57202677171,57205890458,1,7,0.5833333333333334,2.6217896867950556,12,7,84,8,4,408,132,0.4
25721986900,34978994200,1,5,0.7142857142857143,2.315449584069813,7,5,35,6,2,116,46,0.23529411764705882
57203863712,57217120265,1,16,0.42105263157894735,4.343087280756176,34,20,680,12,4,204,108,0.2857142857142857
57170837300,57190515304,1,1,0.3333333333333333,0.48089834696298783,1,3,3,5,1,23,1,0.38095238095238093
57210960198,6506906545,1,17,0.11564625850340136,3.823182294753929,135,29,3915,12,6,1261,1199,0.2608695652173913
7403252543,8717065900,1,3,0.23076923076923078,1.8375687735469761,10,6,60,12,2,286,148,0.48148148148148145
14007750600,15926246800,1,20,0.14925373134328357,5.833836366174498,26,128,3328,28,14,1572,1254,0.4
55481403500,6508289518,1,4,0.09523809523809523,1.990818359960011,41,5,205,13,11,554,530,0.4583333333333333
56610376800,57220056200,1,6,0.2857142857142857,2.393747438726675,14,13,182,9,1,159,47,0.2
13104402000,15051957000,1,5,0.15625,1.869861767590493,32,5,160,10,4,206,102,0.17647058823529413
57193110663,57210122175,1,10,0.2857142857142857,3.102555211931966,33,12,396,20,6,602,330,0.7058823529411765
44761100500,56032699700,1,11,0.16417910447761194,3.6383974239920267,57,21,1197,12,2,302,66,0.30434782608695654
57191898518,57217442328,1,4,0.12121212121212122,1.2322410644991504,17,20,340,14,2,1924,198,0.14705882352941177
56469309400,6507121325,1,3,0.10714285714285714,1.0807099025008575,5,26,130,8,4,151,135,0.0625
13408242300,6506130489,1,6,0.10526315789473684,2.4002833862799777,28,35,980,36,2,2433,595,0.4583333333333333
57201426922,7004894512,1,1,0.2,1.4426950408889634,2,4,8,5,3,101,91,0.20930232558139536
55471004700,57212272884,1,21,0.15789473684210525,5.025775243638363,81,73,5913,16,4,1194,530,0.25
56430927200,6602277744,1,18,0.07171314741035857,4.165587402114415,136,133,18088,34,10,3295,635,0.3026315789473684
55613154000,56491360900,1,2,0.07407407407407407,0.8928215240597019,15,14,210,13,3,264,62,0.1724137931034483
23486135800,57201896796,1,7,0.30434782608695654,2.08781052670105,14,16,224,18,12,726,486,0.234375
35476828500,57211136874,1,10,1.0,3.9709418234456026,10,10,100,14,4,305,107,0.43478260869565216
57203970401,8616406100,1,46,0.2967741935483871,10.196581434797064,110,91,10010,21,5,1833,527,0.3235294117647059
57202498565,6506716797,1,6,0.23076923076923078,2.16143130858993,25,7,175,13,9,420,382,0.2222222222222222
55535491100,8616406100,1,15,0.11029411764705882,3.4858171171256456,60,91,5460,20,6,1371,989,0.4473684210526316
57212428239,59436164000,1,30,0.297029702970297,6.6986842326829485,65,66,4290,10,4,358,42,0.3076923076923077
57201792167,57218401533,1,3,0.5,0.8350989667966928,6,3,18,6,2,91,27,0.5833333333333334
12785708100,57195330801,1,6,0.15789473684210525,1.7306621996407712,35,9,315,11,3,249,33,0.21428571428571427
57190732544,57218195565,1,38,0.4691358024691358,8.465260777708943,65,54,3510,11,3,916,668,0.16666666666666666
57216608788,57642875700,1,3,0.3333333333333333,1.0596199296271827,6,6,36,2,0,11,3,1.0
34570748500,56179227100,1,3,0.12,1.201648498260468,22,6,132,21,11,816,464,0.4117647058823529
17342671000,36085727700,1,22,0.39285714285714285,6.973623530483124,42,36,1512,12,2,190,22,0.34615384615384615
57210638469,57213692823,1,3,0.125,1.2095158151529444,16,11,176,14,4,581,253,0.30952380952380953
57195065451,7203007412,1,6,0.03468208092485549,1.7650366515343627,67,112,7504,38,4,2425,671,0.27722772277227725
57199848502,6602774577,1,4,0.08888888888888889,1.3839825865985151,7,42,294,16,8,541,195,0.1276595744680851
55915590900,57205627840,1,8,0.34782608695652173,3.0190977448805945,17,14,238,17,3,381,135,0.358974358974359
57202970422,6701901312,1,4,0.23529411764705882,1.3888577183522592,5,16,80,12,6,211,155,0.22580645161290322
57191911095,57202402895,1,4,0.26666666666666666,1.4739665808361853,9,10,90,9,1,194,12,0.32
6603193612,7007102944,1,1,0.041666666666666664,0.9102392266268373,6,19,114,11,1,168,34,0.3673469387755102
36603279900,7202143212,1,11,0.16176470588235295,4.483674073231223,34,45,1530,20,0,560,8,0.23214285714285715
6506776579,7003942962,1,54,0.16822429906542055,12.465057257627555,209,166,34694,50,0,7879,71,0.34
57214856588,57216727772,1,3,0.14285714285714285,2.1311459205334806,18,6,108,12,8,555,445,0.07017543859649122
56959964500,9744469200,1,10,0.5555555555555556,2.940129535165757,18,10,180,5,1,69,9,0.4166666666666667
57204175501,57204177993,1,2,0.2857142857142857,0.7777061516464872,6,3,18,6,0,75,9,0.6
6602602840,6603477177,1,3,0.06818181818181818,0.8057458998641172,26,21,546,14,2,414,78,0.24074074074074073
57194042924,8714404400,1,5,0.35714285714285715,1.588929203007487,5,14,70,9,5,169,149,0.5
57202634244,7006065236,1,6,0.0967741935483871,2.2449244321671196,7,61,427,21,17,1328,1078,0.15714285714285714
56253057200,7003572956,1,11,0.09401709401709402,3.096508553621203,21,107,2247,27,21,2466,2404,0.11940298507462686
57284114100,7006466498,1,6,0.06976744186046512,2.040828988328575,6,86,516,20,16,879,801,0.012987012987012988
56050718400,57215185646,1,4,0.5,1.9911146025012658,8,4,32,13,1,503,19,0.5172413793103449
57210577815,57210578491,1,5,0.5,2.044761973550885,8,7,56,5,1,24,2,0.6
55604213100,57370310800,1,1,0.02,0.2611892565642242,50,1,50,8,6,137,129,0.1111111111111111
14422612800,55512466300,1,3,0.2727272727272727,1.351278067850708,9,5,45,6,2,339,241,0.35294117647058826
55966916000,57023536800,1,9,0.2647058823529412,2.8573400591805758,34,9,306,10,4,213,141,0.1320754716981132
57192173601,57193913494,1,2,0.10526315789473684,0.7814447287888047,5,16,80,17,11,773,555,0.1388888888888889
57225312385,7004508608,1,5,0.14705882352941177,1.6106830595371862,10,29,290,11,7,251,223,0.05
54382485600,57218195605,1,25,0.21739130434782608,5.463101900325471,39,101,3939,16,2,1066,796,0.32608695652173914
57369833800,8429526600,1,0,0.0,0.0,0,4,0,14,10,302,252,0.1891891891891892
56393969400,6603155299,1,3,0.06521739130434782,1.2495550812009069,13,36,468,30,6,2036,456,0.55
54780172900,56289741000,1,6,0.35294117647058826,2.3771302990755183,15,8,120,11,5,254,198,0.4827586206896552
57215907509,7102257782,1,2,0.13333333333333333,0.7202941494059261,5,12,60,7,5,128,122,0.09375
57217208569,57222118878,1,7,0.21875,2.061673872820153,10,29,290,5,1,99,17,0.4
57203226594,6603249112,1,7,0.14893617021276595,3.3797300681965634,12,42,504,19,9,717,559,0.27450980392156865
57195065451,6701317946,1,4,0.035398230088495575,1.3542083287028879,67,50,3350,30,4,1414,340,0.27956989247311825
57428307800,8630861900,1,6,0.4,2.212365748029445,11,10,110,5,1,86,46,0.13333333333333333
57223170777,57226732619,1,4,0.23529411764705882,1.4480667938914884,7,14,98,2,0,19,11,0.5
55692535200,57208717781,1,1,0.07692307692307693,0.28599966750267436,11,3,33,12,0,181,35,0.2727272727272727
15753813300,59606597200,1,2,0.03773584905660377,0.4757154930321668,48,7,336,12,6,253,193,0.09375
14219526400,57213172991,1,10,0.12048192771084337,2.6791268129586836,83,10,830,27,23,2022,1934,0.1
40161025300,57214861366,1,4,0.13333333333333333,1.313153608138951,28,6,168,13,7,528,400,0.1724137931034483
57192938250,57218195032,1,10,0.10869565217391304,2.865826542259697,42,60,2520,12,6,995,459,0.24324324324324326
57201990834,6506002895,1,40,0.5714285714285714,9.290942478598376,51,59,3009,10,2,169,39,0.25806451612903225
57209447843,58170860400,1,1,0.25,0.3789231816899512,3,2,6,6,2,187,103,0.5135135135135135
56703319900,7006065236,1,13,0.16455696202531644,3.9563221344661357,31,61,1891,33,5,1846,560,0.38372093023255816
55915537200,7005645193,1,8,0.11764705882352941,2.408465604900314,44,32,1408,14,4,399,189,0.4473684210526316
57197750458,6507537895,1,3,0.14285714285714285,1.336895830525592,20,4,80,25,19,1588,1388,0.3424657534246575
23972243100,57201658547,1,2,0.09523809523809523,0.48739244213009986,21,2,42,12,8,354,292,0.06666666666666667
57202416901,57216755559,1,5,0.3333333333333333,2.071620583319735,10,10,100,5,1,125,7,0.058823529411764705
56556871700,6507516780,1,6,0.2222222222222222,1.9796466870180964,8,25,200,10,4,130,92,0.14285714285714285
57193345637,57210122175,1,10,0.3125,3.1531122446712407,30,12,360,21,7,634,362,0.8
35555798600,7004835587,1,6,0.017191977077363897,1.568348897831798,65,290,18850,54,10,4552,1610,0.4297520661157025
35319586400,36844104900,1,5,0.07936507936507936,1.2612419778053656,41,27,1107,24,2,1085,65,0.36619718309859156
6701380843,7004724933,1,10,0.08196721311475409,2.9530819908799044,46,86,3956,31,5,1432,464,0.4230769230769231
12786182200,39961645000,1,11,0.14102564102564102,3.2013646688795308,68,21,1428,12,2,366,176,0.2972972972972973
57211214455,7203013613,1,10,0.20833333333333334,2.8728114110959524,39,19,741,12,6,228,156,0.3170731707317073
56712342900,56742830300,1,6,0.23076923076923078,2.074336172166367,18,14,252,12,0,213,25,0.52
24073240300,55479849400,1,5,0.08333333333333333,1.6870821291165883,57,8,456,21,13,830,684,0.17777777777777778
15045722200,57208923087,1,4,0.12121212121212122,1.5008605633957073,23,14,322,28,4,1454,220,0.3
57214182134,57215148675,1,5,0.15625,1.410743964589223,24,13,312,8,0,110,22,0.30434782608695654
7003952459,7005082971,1,8,0.047619047619047616,2.7142195858749742,125,51,6375,34,8,1773,725,0.3229166666666667
57473904200,6506893389,1,0,0.0,0.0,3,7,21,11,9,442,432,0.13043478260869565
57195232322,6506649400,1,15,0.14018691588785046,4.199229759337838,28,94,2632,20,8,713,465,0.08955223880597014
35169491400,57195442657,1,20,0.11299435028248588,4.834604996748838,27,170,4590,20,10,706,482,0.34782608695652173
23099312900,9744469200,1,8,0.26666666666666666,2.4260902138824183,28,10,280,6,2,75,15,0.35
35194602500,57202424701,1,0,0.0,0.0,2,0,0,6,2,69,7,0.35714285714285715
35588325000,57196019663,1,6,0.10909090909090909,2.049991876577953,52,9,468,21,15,1084,1040,0.2153846153846154
56556565800,6506776579,1,38,0.17117117117117117,8.883849795791626,51,209,10659,29,21,3975,3833,0.3611111111111111
36499182400,57214684438,1,0,0.0,0.0,0,1,0,4,0,29,7,0.36363636363636365
10143354000,36663263400,1,27,0.18120805369127516,6.06427947135964,144,32,4608,26,20,1191,1111,0.09615384615384616
57218194363,7005401841,1,15,0.14423076923076922,3.4824614775855,89,30,2670,10,4,1083,1033,0.2916666666666667
24401621500,57198412705,1,1,0.25,0.7213475204444817,2,3,6,7,5,203,199,0.0625
6506160194,6506576334,1,14,0.35,6.638124787575158,22,32,704,26,0,1138,58,0.59375
56241060700,57189074292,1,3,0.1,1.203525473956457,28,5,140,16,10,600,362,0.24390243902439024
56942248500,8547936900,1,3,0.42857142857142855,1.3064464866409167,3,7,21,5,3,66,64,0.4444444444444444
7004061355,7103040365,1,11,0.06043956043956044,3.4013812076796213,47,146,6862,28,2,1792,724,0.3291139240506329
57204017182,7003305314,1,7,0.03535353535353535,1.9879258207654473,31,174,5394,23,7,2540,910,0.13114754098360656
50760945800,7003980008,1,10,0.23809523809523808,4.888656600676576,21,31,651,32,4,1589,353,0.5
57216530591,6601976136,1,6,0.1276595744680851,2.2797739264987866,13,40,520,26,6,1617,887,0.21875
57201198471,57210960198,1,25,0.17482517482517482,5.48234709007073,33,135,4455,15,3,1291,1169,0.42857142857142855
36699328700,55581041300,1,8,0.08421052631578947,2.640957768742852,20,83,1660,35,19,2577,2151,0.4117647058823529
57212764115,6504280283,1,9,0.09375,2.165947790222063,15,90,1350,14,6,494,126,0.14285714285714285
57190864627,57214879572,1,8,0.18181818181818182,2.0624761239966687,40,12,480,17,5,500,356,0.4482758620689655
56432590300,57218401533,1,2,0.2,0.4658295937278378,9,3,27,6,2,88,24,0.7
55471327500,7801532760,1,1,0.010309278350515464,0.23233849357411737,5,93,465,16,14,702,698,0.047619047619047616
10539970600,7004405540,1,2,0.018518518518518517,0.49447257433556635,13,97,1261,20,6,760,344,0.2463768115942029
57212951193,57221908100,1,7,0.3181818181818182,2.1785800681817498,19,10,190,7,1,45,15,0.625
57201380210,57226732619,1,3,0.17647058823529413,1.2490792391108845,6,14,84,2,0,14,6,0.4
14123842600,57202939548,1,9,0.09278350515463918,2.6525540370013205,82,24,1968,31,15,2172,1924,0.21052631578947367
35478909000,35597873000,1,18,0.075,5.118880276943184,231,27,6237,39,29,5048,4782,0.15841584158415842
57194228256,57200332456,1,7,0.30434782608695654,2.532481265801427,16,14,224,14,2,316,68,0.30303030303030304
11739296200,57614738900,1,10,0.5263157894736842,4.093027053053175,18,11,198,9,7,160,142,0.20689655172413793
15045722200,8388378000,1,5,0.21739130434782608,1.9639883633372603,23,5,115,22,10,936,738,0.38333333333333336
11142276800,35317341600,1,4,0.3333333333333333,1.3264578846814428,8,8,64,8,2,224,134,0.41025641025641024
57211695211,7004074021,1,10,0.10309278350515463,2.763744534694362,23,84,1932,19,5,441,227,0.20512820512820512
57195415635,57207925552,1,14,0.4117647058823529,4.311192916410253,21,27,567,12,6,250,170,0.3333333333333333
6504359000,8934613900,1,6,0.42857142857142855,2.2785022064953036,7,13,91,10,6,257,217,0.24
35568764200,55410054500,1,8,0.17777777777777778,3.0345371319619745,30,23,690,33,17,2121,1731,0.2222222222222222
58822965000,58822981700,1,6,0.42857142857142855,2.211775732123103,11,9,99,4,2,14,8,0.6363636363636364
56537108900,57190441690,1,10,0.10416666666666667,2.3544180615717076,87,19,1653,20,10,677,559,0.09803921568627451
57204897122,57221931145,1,5,0.3125,2.1235189249289994,13,8,104,16,0,585,89,0.75
57208226334,57225804358,1,6,0.2608695652173913,1.7955948234795691,6,23,138,8,4,202,88,0.23076923076923078
36561254400,7201890059,1,2,0.11764705882352941,0.8608910503066305,7,12,84,12,8,298,228,0.22666666666666666
57203840752,57550715400,1,5,0.14285714285714285,1.8833164907516646,12,28,336,18,8,645,505,0.11842105263157894
36952258700,57205063868,1,1,0.04,0.30692767643013485,20,6,120,9,5,156,116,0.125
57201990834,6506776579,1,36,0.16071428571428573,8.301460852756268,51,209,10659,31,19,4008,3800,0.22058823529411764
57202634244,58118595500,1,3,0.3333333333333333,1.1697428113687423,7,5,35,4,0,234,16,0.3333333333333333
55363925500,7005040560,1,2,0.05555555555555555,1.0906168935133367,32,6,192,8,4,167,135,0.46511627906976744
57205121004,57210207587,1,10,0.5882352941176471,3.5796221576376923,12,15,180,9,3,212,24,0.8
56707546300,57222611005,1,3,0.5,1.2785560935177727,4,5,20,5,1,159,135,0.01694915254237288
57190427965,57195962305,1,5,0.625,2.1710455724931164,5,8,40,4,2,46,16,0.3333333333333333
57188854713,7202140793,1,1,0.013513513513513514,0.28599966750267436,1,74,74,46,34,6540,5846,0.38235294117647056
6602630825,7005231695,1,5,0.12195121951219512,1.7381782631100227,24,22,528,23,3,1090,428,0.20408163265306123
6701807050,6701843536,1,3,0.04918032786885246,0.650991727401851,25,39,975,16,6,373,195,0.4177215189873418
37048606300,56454907300,1,15,0.12295081967213115,4.463002370992922,34,103,3502,18,2,496,92,0.21875
57211289303,57211299710,1,2,0.2222222222222222,0.6989323801259548,9,2,18,5,3,53,33,0.07692307692307693
29767581200,7801598304,1,3,0.1875,2.9110448940670475,3,16,48,11,9,215,193,0.2857142857142857
55203286900,57200218961,1,3,0.13636363636363635,1.045252538065541,16,9,144,5,3,199,43,0.13333333333333333
52663129000,55746970100,1,34,0.34,7.7624629208092575,77,57,4389,14,0,1302,756,0.32142857142857145
16416879600,57211943844,1,2,0.4,0.5959243945068532,5,2,10,15,7,533,367,0.14814814814814814
14054610100,7801614854,1,2,0.1111111111111111,1.185146804369331,2,18,36,6,0,45,1,0.45454545454545453
35326255200,58179990300,1,0,0.0,0.0,5,0,0,8,4,150,104,0.5625
24725355000,57219547881,1,3,0.3,1.4179852251821916,10,3,30,22,18,1160,1054,0.11363636363636363
6602978778,8219543000,1,15,0.18072289156626506,4.726375973445017,81,17,1377,15,9,494,410,0.13432835820895522
57194560490,7801650202,1,4,0.08163265306122448,1.152169773722586,4,49,196,35,31,3508,3430,0.1935483870967742
6508357924,9037312600,1,5,0.054945054945054944,1.5473769691387327,39,57,2223,29,1,1218,368,0.38333333333333336
56385629000,57200806732,1,2,0.045454545454545456,0.859821528652939,35,11,385,15,9,596,384,0.12195121951219512
57195136446,6602138253,1,2,0.1,1.1556420023477334,15,7,105,16,2,349,101,0.4482758620689655
55619738000,6701390755,1,0,0.0,0.0,0,38,0,13,9,367,333,0.44642857142857145
54383232900,55331323800,1,15,0.08287292817679558,4.128713306672125,150,46,6900,23,9,1284,932,0.23376623376623376
57219400414,6603155299,1,3,0.075,1.0010364541322134,7,36,252,21,15,1267,1225,0.25
57188685395,57201421643,1,3,0.21428571428571427,0.8851959247576533,11,6,66,8,4,258,108,0.15384615384615385
57216743315,58074396900,1,3,0.25,1.4169163072393944,11,4,44,4,4,88,88,0.5
57193452712,57201363003,1,3,0.25,1.0280446788440774,9,6,54,6,2,164,92,0.125
55946024800,57215144279,1,3,0.12,0.8032538700744087,24,4,96,9,5,236,218,0.21052631578947367
57196074470,57218195565,1,16,0.26666666666666666,3.5716353301208215,22,54,1188,7,1,907,677,0.36363636363636365
57200504476,6507131467,1,5,0.06944444444444445,1.7835680651829198,64,13,832,12,4,408,182,0.15625
57215502619,58144715700,1,5,0.5555555555555556,1.6775661966090596,8,6,48,14,4,316,126,0.6304347826086957
23099238800,57217011143,1,4,0.1,1.2704764500641585,38,6,228,11,5,310,282,0.15151515151515152
57189875946,6506048716,1,8,0.13559322033898305,2.5310108299862097,47,20,940,26,0,784,112,0.49019607843137253
14522699800,57222030405,1,5,0.09615384615384616,1.7371513343811487,48,9,432,15,11,648,566,0.07142857142857142
23973868600,57219727623,1,5,0.17857142857142858,1.9103052651138577,24,9,216,13,1,418,90,0.34782608695652173
57194868042,57217121483,1,44,0.4835164835164835,11.335124194298066,78,57,4446,25,5,759,367,0.4782608695652174
55618665400,57208623046,1,40,0.3448275862068966,8.819903109018355,112,44,4928,11,7,1146,1064,0.14893617021276595
26025948800,8283972600,1,2,0.03225806451612903,0.9751430179754935,62,2,124,32,18,2279,1985,0.29310344827586204
10044311600,57214556569,1,0,0.0,0.0,2,1,2,11,7,730,360,0.4772727272727273
37560946400,57192661896,1,1,0.025,0.23233849357411737,26,15,390,29,3,1259,201,0.48214285714285715
6701390755,7102266163,1,7,0.07954545454545454,2.3543821855678777,38,57,2166,38,16,4255,3555,0.4722222222222222
26635822900,7003811166,1,2,0.022988505747126436,0.8173114179120299,25,64,1600,41,11,2309,1171,0.3717948717948718
24073819900,24176157900,1,9,0.75,3.6689060424580817,12,9,108,2,0,6,0,1.0
57204362887,7003538249,1,1,0.09090909090909091,0.269282508064391,5,7,35,8,2,168,108,0.29411764705882354
57209661857,57482336600,1,6,0.25,1.730279881270797,17,13,221,3,1,36,6,0.3333333333333333
25822049200,7003952459,1,62,0.34444444444444444,14.5359100264136,117,125,14625,35,9,2154,1106,0.5
14037194400,57221552670,1,8,0.13333333333333333,1.951860767152856,50,18,900,23,11,1139,791,0.28735632183908044
39961645000,7801532760,1,6,0.05555555555555555,2.009881285419954,21,93,1953,20,10,795,605,0.13793103448275862
18041935700,57211116981,1,1,1.0,0.5138983423697507,1,1,1,2,0,15,1,0.24390243902439024
37031476400,37052471100,1,4,0.4444444444444444,1.9883369156725934,5,8,40,9,5,269,89,0.5294117647058824
12141305200,36970630800,1,2,0.04081632653061224,0.7708475135546261,27,24,648,16,2,501,29,0.3191489361702128
35548015700,56328172700,1,3,0.057692307692307696,1.5437155169321743,50,5,250,20,16,1426,1404,0.08823529411764706
57204553792,7004941263,1,9,0.10465116279069768,2.729567773795107,27,68,1836,23,13,1268,1010,0.19753086419753085
35478909000,7003572956,1,69,0.25650557620817843,21.748371019208644,231,107,24717,58,10,7350,2480,0.5555555555555556
54789187900,55583329900,1,14,0.358974358974359,3.69785334281728,27,26,702,10,2,261,101,0.3
57191344544,7006200042,1,19,0.2878787878787879,5.559665593262627,28,57,1596,31,9,1607,1081,0.5087719298245614
57201114242,57219452208,1,1,0.06666666666666667,0.2969742043733701,12,4,48,9,3,252,46,0.32
56288956500,57201026134,1,36,0.22641509433962265,8.186607293035467,39,156,6084,14,8,1458,1048,0.0625
57261608300,57262195800,1,2,0.6666666666666666,1.4426950408889634,3,2,6,2,0,3,1,0.5
55776752900,56893098600,1,4,0.5,1.7814662642874808,5,7,35,6,0,47,17,0.34545454545454546
57111481900,8342748400,1,9,0.18,3.5941713557494452,10,49,490,15,7,499,417,0.35135135135135137
56444409700,7005119089,1,1,0.008333333333333333,0.9102392266268373,3,118,354,29,25,2710,2480,0.1037037037037037
6603790113,8616406100,1,45,0.34615384615384615,10.103385833564547,84,91,7644,30,4,2869,509,0.14634146341463414
57191854299,6603732085,1,10,0.17543859649122806,2.752697191811881,46,21,966,16,10,1047,729,0.4
56606104800,57194033798,1,10,0.15873015873015872,2.534522389708225,57,16,912,18,8,983,509,0.46511627906976744
14831722300,57195229698,1,7,0.13725490196078433,2.6939747419509184,42,16,672,17,9,611,493,0.375
56533315000,57566651600,1,2,0.4,0.6631563504424066,2,5,10,6,2,171,83,0.16666666666666666
57893550000,7402170845,1,10,0.47619047619047616,3.1635039330117234,12,19,228,9,5,134,112,0.391304347826087
57201198471,57215683127,1,23,0.1796875,5.032676771991475,33,118,3894,15,3,955,833,0.36363636363636365
35175388700,57203949863,1,54,0.33962264150943394,12.458192156464253,63,150,9450,20,6,1589,1169,0.3684210526315789
57185805600,59259306200,1,3,0.14285714285714285,0.8686233439210087,4,20,80,10,4,238,170,0.15789473684210525
57215424913,6603477780,1,9,0.16071428571428573,2.8360715479207164,13,52,676,11,7,180,156,0.1
14025574900,54383232900,1,30,0.1477832512315271,6.831174859273895,83,150,12450,23,9,1233,983,0.3
57207489753,6504123736,1,12,0.1188118811881188,3.321069879429307,21,92,1932,24,10,1634,1308,0.11627906976744186
57214188493,57215491924,1,18,0.3673469387755102,5.118759236697401,37,30,1110,16,2,810,278,0.45454545454545453
35548015700,57215509002,1,7,0.14,1.7939420524060736,50,7,350,23,13,1469,1361,0.2835820895522388
15768120800,7004751343,1,5,0.08333333333333333,1.3579349492280972,5,60,300,42,32,3612,3320,0.2625
55405029600,58712438200,1,9,0.47368421052631576,2.6750780665137515,18,10,180,8,4,104,72,0.08333333333333333
57194679642,6601977808,1,3,0.07692307692307693,1.15892315501058,5,37,185,20,14,2150,1880,0.2962962962962963
56541553400,6603110227,1,3,0.13043478260869565,0.9305447580792204,3,23,69,12,8,320,254,0.25
15058927200,57247124600,1,2,0.2857142857142857,0.6994038087552148,2,7,14,6,2,174,40,0.631578947368421
55846106800,57223307001,1,2,0.2857142857142857,0.6465509483252434,3,6,18,4,0,68,34,0.4
15926246800,57214188493,1,33,0.25,8.950029523324927,128,37,4736,28,14,1679,1147,0.4032258064516129
57193207695,57222735293,1,5,0.5555555555555556,1.6124922117461422,6,8,48,5,1,88,20,0.13333333333333333
32668058700,55411452400,1,4,0.1,1.085740977436343,34,10,340,9,5,170,156,0.25
36151189100,6508254295,1,6,0.11320754716981132,1.7391605663316738,13,46,598,9,5,143,85,0.5161290322580645
57205100814,8299640100,1,3,0.13043478260869565,1.3767206628062176,3,23,69,14,6,483,283,0.3055555555555556
36342233400,57193613314,1,1,0.3333333333333333,0.24954251462921184,2,2,4,4,0,257,13,0.25
26023085000,55172863100,1,55,0.5,16.617157043039608,94,71,6674,47,3,3492,498,0.6578947368421053
6505758008,7202641088,1,2,0.2857142857142857,1.631586747071319,6,3,18,17,13,1447,1347,0.37037037037037035
55405029600,57212783125,1,0,0.0,0.0,18,0,0,8,4,131,45,0.16
43460890100,56779911800,1,9,0.47368421052631576,3.7175065835689316,12,16,192,11,3,180,66,0.2894736842105263
26023085000,57219169179,1,17,0.13934426229508196,4.486555323695064,94,45,4230,33,17,2269,1721,0.2236842105263158
25639998500,7004766599,1,4,0.15384615384615385,1.9035480528709292,4,26,104,11,7,211,179,0.31746031746031744
57210636363,7004905361,1,5,0.14705882352941177,1.4439525925122552,10,29,290,19,7,939,399,0.15254237288135594
55634527800,56779716500,1,6,0.42857142857142855,2.548434476576597,13,7,91,14,6,341,245,0.3076923076923077
55308038800,57220077189,1,4,0.6666666666666666,1.8609367829297505,4,6,24,6,2,76,36,0.4
57188714069,57200889937,1,5,0.20833333333333334,1.7406655758955107,22,7,154,8,4,128,100,0.3076923076923077
55941314800,57190126621,1,3,0.08823529411764706,0.7519720362420381,9,28,252,15,11,597,559,0.17647058823529413
57201057880,9335511500,1,9,0.20930232558139536,3.0145644972960257,11,41,451,15,9,538,462,0.38181818181818183
57201458555,7404277487,1,36,0.5070422535211268,8.253560505305039,38,69,2622,8,4,535,463,0.19047619047619047
57915019800,7101893707,1,1,0.05555555555555555,0.7213475204444817,2,17,34,8,4,198,152,0.06521739130434782
6506690970,6507993283,1,3,0.06818181818181818,1.1685063117133714,8,39,312,9,7,128,120,0.328125
55620172900,7004405540,1,12,0.08888888888888889,3.236536295028712,50,97,4850,29,3,1268,164,0.32432432432432434
14060455600,24174852000,1,7,0.04487179487179487,2.3730177634928165,134,29,3886,58,22,6110,3968,0.4342105263157895
57117690500,57209641808,1,10,0.0847457627118644,2.9176360055041197,107,21,2247,22,6,1832,1264,0.4634146341463415
35556063400,57215147476,1,7,0.3333333333333333,2.7377218642474643,18,10,180,14,6,892,690,0.35714285714285715
18436000300,7003699883,1,8,0.11764705882352941,2.5093482896688175,15,61,915,23,9,1098,756,0.16666666666666666
57218257206,57218257221,1,2,0.18181818181818182,0.4947885764390423,5,8,40,7,1,338,8,0.3333333333333333
6602277744,6603955506,1,6,0.03821656050955414,2.1026312421428694,133,30,3990,36,8,2451,1479,0.22093023255813954
57212025718,8342748400,1,2,0.037037037037037035,0.8243889863822738,7,49,343,14,8,470,446,0.1794871794871795
55667318700,57203968179,1,1,0.09090909090909091,0.22569202144874392,7,5,35,7,3,79,35,0.3076923076923077
37013762500,57131132900,1,3,0.10714285714285714,1.351278067850708,20,11,220,12,0,225,19,0.3333333333333333
57219552495,7006200042,1,11,0.18333333333333332,3.1358747211622973,14,57,798,24,16,1394,1294,0.19148936170212766
16067892900,57196480270,1,2,0.09523809523809523,0.8416891186025806,21,2,42,9,5,162,122,0.2608695652173913
57203970401,57218242668,1,15,0.12931034482758622,4.128856638582574,110,21,2310,11,5,993,313,0.4375
14018322900,35316303500,1,6,0.09836065573770492,2.0435556612237065,40,27,1080,32,2,1909,417,0.3387096774193548
57203489818,57212518981,1,5,0.5,1.326942363568977,6,9,54,7,1,89,19,0.3333333333333333
51864239500,54412962900,1,5,0.3333333333333333,1.1730247110304906,8,12,96,8,4,158,52,0.05555555555555555
22133963900,55262959400,1,2,0.16666666666666666,0.955143135254946,10,4,40,11,7,306,270,0.18181818181818182
57211262772,57218566681,1,1,0.16666666666666666,0.30692767643013485,5,2,10,8,2,130,74,0.5384615384615384
25622766500,54383232900,1,1,0.006172839506172839,0.21859304439100327,13,150,1950,20,12,1187,1029,0.19718309859154928
57203970401,57203974537,1,12,0.10526315789473684,3.244905744661001,110,16,1760,13,3,807,499,0.3888888888888889
57193089684,7006018359,1,8,0.2,3.23048964430195,9,39,351,26,16,1292,1048,0.46808510638297873
6701317946,7005082971,1,5,0.052083333333333336,1.4847406804166166,50,51,2550,34,8,1786,712,0.41379310344827586
56835107500,56850461100,1,16,0.26666666666666666,3.7793592568663708,25,51,1275,13,1,574,146,0.3235294117647059
23003258800,57215598462,1,4,0.07272727272727272,1.5751719247544047,55,4,220,21,17,1644,1584,0.1
57205627840,57216539523,1,8,0.36363636363636365,2.928945903347791,14,16,224,15,5,313,203,0.3
57094031700,57108771800,1,12,0.5,4.03010512859041,19,17,323,20,0,439,49,0.5217391304347826
57201985438,7801406059,1,9,0.6,4.4619284253596625,9,15,135,11,5,306,130,0.47058823529411764
57194598932,7004905361,1,5,0.1282051282051282,1.4439525925122552,15,29,435,20,6,1067,271,0.22580645161290322
57211014966,57216841198,1,2,0.2857142857142857,0.5716071516290002,3,6,18,5,1,102,18,0.25
57117690500,57207737009,1,8,0.07339449541284404,2.4733522135243895,107,10,1070,17,11,1817,1279,0.2702702702702703
43762251000,57031886100,1,2,0.06896551724137931,0.7226659997324727,20,11,220,11,3,311,103,0.3
27967551900,6506214929,1,16,0.10526315789473684,4.239003925488521,140,28,3920,25,15,1598,1440,0.17857142857142858
57206662342,57210926756,1,2,0.08695652173913043,0.47490542666041674,16,9,144,28,6,2197,1097,0.30303030303030304
55569831000,57216317950,1,1,0.14285714285714285,0.4170323914242463,6,2,12,7,1,55,13,0.3684210526315789
35179056300,58117054000,1,6,0.1875,2.243932825258605,32,6,192,6,2,113,97,0.13043478260869565
10939275100,56134717100,1,10,0.43478260869565216,3.6305285880107308,17,16,272,30,2,2299,473,0.6666666666666666
57195256431,6602460649,1,9,0.10843373493975904,3.0245466956280533,10,82,820,28,22,2538,2394,0.12380952380952381
56605966900,57199422121,1,6,0.3157894736842105,1.8744870629576629,13,12,156,8,0,168,50,0.15384615384615385
56906498500,57203479812,1,3,0.08571428571428572,2.104056945305008,29,9,261,11,5,159,113,0.43478260869565216
57196021981,57201026134,1,53,0.2774869109947644,12.342220891413913,88,156,13728,23,1,1585,921,0.5151515151515151
38661114200,7402631347,1,8,0.13793103448275862,2.410365069850769,25,41,1025,15,7,576,426,0.13333333333333333
55940439800,7006200042,1,12,0.19047619047619047,3.2992623037976814,18,57,1026,30,10,1662,1026,0.36507936507936506
26023085000,57195256137,1,75,0.6,22.55486186739112,94,106,9964,49,1,3741,249,0.8142857142857143
56072470500,57211030130,1,11,0.6875,4.133573041734499,13,14,182,6,0,125,9,0.47619047619047616
57194868042,57215695361,1,31,0.3780487804878049,7.073506062560096,78,35,2730,18,12,592,534,0.2608695652173913
56204610200,7004357973,1,1,0.017543859649122806,0.9102392266268373,4,54,216,19,13,737,699,0.07317073170731707
57204803206,7801528716,1,4,0.4444444444444444,1.1687982037506957,7,6,42,7,1,154,116,0.4583333333333333
56124215400,57192199126,1,3,0.2,1.198087555740664,6,12,72,17,7,491,265,0.3409090909090909
57201990363,57211056598,1,14,0.13861386138613863,3.0135124164739255,36,79,2844,11,3,710,574,0.21875
56430927200,57192679655,1,40,0.26666666666666666,9.564623094506688,136,54,7344,19,5,1608,1052,0.2608695652173913
57879978800,58000043100,1,10,0.5555555555555556,3.271413225362588,17,11,187,5,1,39,3,0.75
12807827200,57203941853,1,3,0.07142857142857142,0.8336697560066378,40,5,200,19,15,903,791,0.11627906976744186
56641717100,57215579465,1,5,0.11627906976744186,2.4878012311162006,19,29,551,30,26,2356,2214,0.1875
24381651100,8225271400,1,3,0.10344827586206896,0.9377132821315114,25,7,175,6,2,58,42,0.045454545454545456
22933897800,7003731076,1,3,0.125,1.4052748739574616,3,24,72,16,14,640,626,0.2692307692307692
56664043200,57203789639,1,23,0.4423076923076923,6.168987404611126,37,38,1406,14,0,392,28,0.6
36970630800,57207455147,1,5,0.2,2.309361858761907,24,6,144,12,6,314,216,0.42857142857142855
15926246800,57194523287,1,17,0.10759493670886076,4.068715296432331,128,47,6016,28,14,1641,1185,0.21212121212121213
57193011405,57193257291,1,2,0.16666666666666666,0.7283085856984578,6,8,48,14,2,1563,1165,0.375
36617961200,57192083628,1,6,0.46153846153846156,2.057563184045574,9,10,90,9,1,249,9,0.3617021276595745
45161224700,8534471900,1,37,0.43023255813953487,11.868238629161556,47,76,3572,26,4,842,348,0.5555555555555556
57191439732,57224116267,1,3,0.6,1.1485124512718738,5,3,15,9,5,174,82,0.2631578947368421
57218192915,57351933900,1,40,0.39215686274509803,8.869664167730512,75,67,5025,15,1,1231,523,0.08333333333333333
55574026000,6603388713,1,9,0.1836734693877551,2.971180050626624,31,27,837,19,1,599,51,0.5333333333333333
57192929383,6506451414,1,0,0.0,0.0,0,24,0,16,14,710,700,0.2564102564102564
57220640044,57220645082,1,10,0.7142857142857143,3.641843893337701,10,14,140,6,2,118,24,0.08333333333333333
55638899000,56185997600,1,2,0.08695652173913043,0.5342510928193108,21,4,84,13,3,445,161,0.20588235294117646
57216414176,7202140793,1,7,0.09333333333333334,3.6094631664555297,8,74,592,49,31,6799,5587,0.373134328358209
55963020700,57237606700,1,6,0.3333333333333333,2.283049225624202,13,11,143,5,1,42,20,0.07692307692307693
57195442657,9734887600,1,5,0.02824858757062147,1.6611549317849157,170,12,2040,17,13,648,540,0.13333333333333333
53463361500,55844549500,1,4,0.06153846153846154,1.338179986690049,64,5,320,28,22,1989,1933,0.35714285714285715
36436712700,57209661857,1,8,0.25,2.455093956345987,23,17,391,6,2,73,31,0.17857142857142858
14522699800,55856892800,1,7,0.13725490196078433,1.9049839405857385,48,10,480,14,12,623,591,0.2413793103448276
55574026000,57211786756,1,5,0.15625,1.3200141618868453,31,6,186,12,8,355,295,0.15
57202193229,9037312600,1,2,0.034482758620689655,0.8024373505475434,3,57,171,18,12,875,711,0.2619047619047619
56401670600,57200552045,1,3,0.15789473684210525,0.9816684674535874,9,13,117,5,1,96,40,0.23076923076923078
57189576273,6701623022,1,5,0.0684931506849315,1.364775718379726,11,67,737,14,8,495,353,0.16216216216216217
57209641808,57219232067,1,9,0.4090909090909091,2.5820797397305233,21,10,210,11,5,366,202,0.34782608695652173
54938953500,57200695435,1,9,0.3103448275862069,3.1106788681174127,15,23,345,13,3,388,72,0.1875
6602978778,6603271904,1,10,0.0847457627118644,3.309711336657707,81,47,3807,25,1,1139,235,0.38372093023255816
24377391500,57204175501,1,5,0.21739130434782608,1.798961852394899,22,6,132,20,14,720,654,0.14893617021276595
55918065400,57206260044,1,4,0.14285714285714285,1.3484291938169797,23,9,207,28,10,1747,989,0.1724137931034483
55413466200,57218849088,1,8,0.6153846153846154,2.2967417920290054,11,10,110,5,1,55,21,0.15384615384615385
56712481600,57144446900,1,6,0.4,2.2276273224848673,14,7,98,7,3,107,77,0.0967741935483871
55110225800,6602751821,1,10,0.10526315789473684,3.2532321320474233,79,26,2054,19,7,619,449,0.19047619047619047
57216549095,57218801846,1,3,0.21428571428571427,0.9210194093232608,8,9,72,6,4,86,74,0.2
56537108900,7102633221,1,49,0.2300469483568075,11.486013538603652,87,175,15225,30,0,2390,1154,0.2857142857142857
57192073087,6603156028,1,18,0.10778443113772455,5.915369776741102,106,79,8374,91,23,13634,7696,0.5057471264367817
55252654100,6603839720,1,3,0.05454545454545454,1.1323727376729407,4,54,216,30,26,2646,2364,0.1875
24372159200,57208549601,1,0,0.0,0.0,2,0,0,9,5,160,134,0.10256410256410256
57201990363,57218195605,1,14,0.11382113821138211,2.972719562339504,36,101,3636,13,5,999,863,0.23255813953488372
55189438200,57666277200,1,0,0.0,0.0,54,0,0,30,26,2050,1884,0.015625
54383232900,57222541649,1,1,0.006666666666666667,0.45511961331341866,150,1,150,18,14,1136,1080,0.057971014492753624
57194289125,57202887572,1,16,0.3018867924528302,4.221285025891012,29,40,1160,13,1,1111,823,0.24
14056688500,57215102752,1,16,0.1391304347826087,4.042758235536652,104,27,2808,13,5,470,212,0.13953488372093023
16026698600,57206662342,1,3,0.14285714285714285,0.7305276452957482,8,16,128,14,8,586,514,0.27586206896551724
6701916486,7005758098,1,3,0.036585365853658534,0.692082699915316,42,43,1806,21,5,873,415,0.29411764705882354
45161012900,57202193229,1,2,0.16666666666666666,0.8024373505475434,11,3,33,10,4,269,105,0.4782608695652174
57364264600,57893550000,1,10,0.47619047619047616,3.3315921727919005,19,12,228,6,2,56,34,0.8181818181818182
55907009500,57226123823,1,6,0.08823529411764706,2.7350168984970553,67,7,469,20,16,1467,1399,0.029850746268656716
57211205211,57226680783,1,3,0.25,1.1306622755112483,7,8,56,7,1,95,31,0.29411764705882354
35175388700,57351933900,1,35,0.3684210526315789,7.699272747769385,63,67,4221,15,1,564,144,0.11538461538461539
26532212100,56910252000,1,12,0.2926829268292683,6.488860530618699,18,35,630,46,12,4526,2162,0.44086021505376344
6507718206,7202811057,1,2,1.0,1.2440474273221713,2,2,4,4,0,26,0,0.17647058823529413
57193761650,57206665886,1,8,0.2857142857142857,2.1321369621535284,27,9,243,11,7,348,212,0.07692307692307693
24344225800,57024123700,1,2,0.0625,0.6574815649057402,32,2,64,23,17,1162,1096,0.13793103448275862
24381651100,57211426825,1,1,0.017241379310344827,0.30692767643013485,25,34,850,10,2,199,99,0.2608695652173913
55085556800,6602277744,1,5,0.03731343283582089,1.4018339477332658,6,133,798,25,19,2015,1915,0.21212121212121213
55885670800,57205657884,1,4,0.8,1.3160581577893815,4,5,20,4,0,150,12,0.2777777777777778
37664726500,57208623046,1,39,0.4148936170212766,8.72629435036252,89,44,3916,12,8,1183,1101,0.24528301886792453
56703319900,8340039100,1,1,0.02631578947368421,0.5581106265512472,31,8,248,18,10,737,549,0.23728813559322035
57195760307,6701501754,1,3,0.05555555555555555,0.9732249737002501,36,21,756,25,1,1178,46,0.2833333333333333
57217661773,7003942962,1,45,0.2556818181818182,11.176271107763725,55,166,9130,33,17,4852,3098,0.3333333333333333
56539945500,57216407144,1,8,0.42105263157894735,2.5777886805770684,15,12,180,12,2,275,7,0.3793103448275862
57194434562,6602774577,1,6,0.1111111111111111,2.0411743390064987,18,42,756,17,7,498,238,0.09803921568627451
55550695600,55788057200,1,10,0.45454545454545453,4.698799771103809,14,18,252,25,1,1068,12,0.52
55634527800,57200206882,1,5,0.35714285714285715,2.2672277205581874,13,6,78,15,5,388,198,0.41025641025641024
6507441195,6603683306,1,4,0.2857142857142857,2.3292644061932615,13,5,65,14,0,459,143,0.46153846153846156
56845192300,6602436600,1,3,0.15789473684210525,0.9283051097866494,14,8,112,8,2,311,149,0.23529411764705882
57192073087,57193235583,1,0,0.0,0.0,106,7,742,63,51,10772,10558,0.13043478260869565
57195573495,57867506600,1,8,0.34782608695652173,2.5954801364248294,19,12,228,8,4,150,116,0.3148148148148148
57219738798,8299640100,1,3,0.13043478260869565,1.9235933878519513,3,23,69,11,9,387,379,0.14285714285714285
22133963900,57190751938,1,2,0.2,0.9820086947818527,10,2,20,14,4,355,221,0.38461538461538464
15926246800,57214882838,1,27,0.19852941176470587,7.238897822014841,128,35,4480,26,16,1509,1317,0.3088235294117647
57218127282,7103061271,1,4,0.032,1.7694595806964766,17,112,1904,23,15,1236,1166,0.056818181818181816
57210591208,6601964582,1,3,0.07894736842105263,1.047519209846891,16,25,400,15,5,474,308,0.3125
57211523239,7801624906,1,10,0.1,2.4745515849703015,15,95,1425,11,7,323,217,0.13953488372093023
57004538100,57210578524,1,2,0.10526315789473684,0.9026013486223402,17,4,68,15,11,499,435,0.38235294117647056
56201455000,57192892615,1,8,0.09195402298850575,2.4071375214249877,11,84,924,10,6,875,843,0.25
22733536400,36473118700,1,1,0.1111111111111111,0.3898712452512801,3,7,21,7,5,175,135,0.21428571428571427
35355756600,57226744981,1,3,0.022900763358778626,0.8882740350939606,127,7,889,17,15,1789,1779,0.04597701149425287
57195940931,57211345269,1,6,0.15789473684210525,2.0791546199122126,26,18,468,21,5,806,448,0.16071428571428573
24779987100,6701718828,1,8,0.16666666666666666,2.3327808827116105,30,26,780,15,3,559,201,0.3617021276595745
55915537200,57205739069,1,9,0.14516129032258066,2.6944652724029883,44,27,1188,19,1,475,113,0.28125
57223308289,7006434026,1,9,0.2,2.9374186430007363,11,43,473,12,6,303,173,0.047619047619047616
35556063400,57221086062,1,2,0.10526315789473684,0.5148843333691053,18,3,54,13,7,868,714,0.10294117647058823
56445863200,6508228018,1,2,0.03571428571428571,0.5250336742064391,2,56,112,29,5,1566,126,0.43103448275862066
56602798100,8223664400,1,5,0.13157894736842105,2.038538177183145,8,35,280,13,9,581,151,0.41025641025641024
57200425175,57219387197,1,16,0.6153846153846154,4.118104734719062,22,20,440,6,0,85,27,0.16666666666666666
55839922800,57219387197,1,15,0.36585365853658536,3.8470197040372454,36,20,720,7,1,116,58,0.05263157894736842
57215493165,7402214018,1,9,0.17307692307692307,2.9150915376923887,11,50,550,11,5,192,130,0.2222222222222222
56910252000,57300766300,1,5,0.1388888888888889,2.3622188100384394,35,6,210,35,23,3460,3228,0.4342105263157895
57191344544,57213619626,1,12,0.375,3.3027001809047363,28,16,448,15,7,318,208,0.358974358974359
57201607778,57214491317,1,6,0.17142857142857143,2.8020185157701656,34,7,238,21,9,1054,746,0.3673469387755102
57209314505,57261492100,1,5,0.09803921568627451,1.9011885214896191,50,6,300,14,10,519,507,0.3409090909090909
57196234145,57218325471,1,3,0.15789473684210525,0.8954774780749687,19,3,57,14,8,374,334,0.5416666666666666
57191402881,57203860123,1,3,0.11538461538461539,1.0211429168028356,15,14,210,10,4,153,53,0.3076923076923077
57194715865,7410400145,1,2,0.08333333333333333,0.8708774491888237,2,24,48,25,13,1828,1138,0.22807017543859648
26221591900,57194650805,1,5,0.11904761904761904,1.9325598439628047,23,24,552,20,0,653,15,0.21818181818181817
57191669716,57217487916,1,8,0.26666666666666666,2.3045424419961282,28,10,280,11,5,217,131,0.5555555555555556
57204108963,57204952547,1,2,0.16666666666666666,0.8583294063965258,8,6,48,5,3,66,46,0.5555555555555556
27467682900,54419322000,1,0,0.0,0.0,13,2,26,4,2,49,39,0.2962962962962963
55583329900,57205760368,1,18,0.28125,4.838328361005928,26,56,1456,15,7,584,424,0.2702702702702703
7006260853,8554385000,1,10,0.15625,2.3016483018349656,24,50,1200,9,3,251,219,0.2553191489361702
55665456000,8534471900,1,36,0.2975206611570248,11.55044221349457,81,76,6156,29,1,1124,66,0.46774193548387094
57207884885,58615275700,1,1,0.25,0.4170323914242463,4,1,4,5,3,42,40,0.5384615384615384
55636544000,55846257200,1,10,0.2857142857142857,3.6464283515782245,18,27,486,12,4,373,45,0.18181818181818182
16028772900,57201587977,1,6,0.12,2.582859631187522,44,12,528,23,7,726,430,0.4444444444444444
57221908100,57720581400,1,6,0.35294117647058826,1.6976817212187616,10,13,130,5,1,23,7,0.125
57218477328,57219446439,1,9,0.4090909090909091,2.240394909204047,18,13,234,15,1,220,52,0.45
23072832700,57214664064,1,5,0.07042253521126761,1.8093559861568433,69,7,483,29,23,2773,2717,0.041666666666666664
57219405497,7202534688,1,4,0.07407407407407407,1.4185709315585537,12,46,552,24,16,1287,1165,0.10204081632653061
35322954900,7004835587,1,17,0.05704697986577181,4.1542121002575545,25,290,7250,35,29,3141,3021,0.11458333333333333
56116349600,56210364100,1,4,0.10810810810810811,2.272322624196788,33,8,264,27,13,1900,1324,0.40384615384615385
56530380600,7004120983,1,8,0.0975609756097561,2.531662028796493,66,24,1584,14,4,310,130,0.1111111111111111
56209004700,57190068681,1,6,0.16216216216216217,1.769911687645529,14,29,406,11,3,227,57,0.23255813953488372
57203687928,57205195001,1,21,0.15,4.827993983359331,138,23,3174,11,7,1042,908,0.2
36651681100,57194055042,1,1,0.05555555555555555,0.36067376022224085,18,1,18,10,6,456,350,0.18518518518518517
14619829600,58635462800,1,5,0.14285714285714285,2.1084645969233455,35,5,175,15,11,677,637,0.17647058823529413
15926246800,57223808599,1,8,0.06201550387596899,2.4002525345008587,128,9,1152,23,19,1434,1392,0.22580645161290322
6701542482,8585119800,1,9,0.07758620689655173,2.570865241656727,55,70,3850,40,4,2929,581,0.33884297520661155
57207489753,57223851595,1,5,0.23809523809523808,1.287057888159888,21,5,105,9,5,245,81,0.5555555555555556
56707421100,7102743604,1,3,0.05263157894736842,0.8077360912145622,18,42,756,19,9,850,432,0.18
37025944200,55535491100,1,8,0.11594202898550725,2.4533377615291476,17,60,1020,12,2,271,111,0.5
6507713753,7006629961,1,1,0.058823529411764705,0.3396232718951086,7,11,77,6,0,56,10,0.11666666666666667
56366658300,57193832250,1,23,0.22115384615384615,5.237325683570122,62,65,4030,18,2,745,173,0.16666666666666666
6506104070,6603104178,1,3,0.1875,1.3052873333452615,3,16,48,18,10,931,813,0.525
54880573100,55851403100,1,4,0.10526315789473684,1.3224276713837928,27,15,405,17,7,391,227,0.3090909090909091
36462533600,57343120900,1,1,0.03225806451612903,0.6213349345596119,31,1,31,18,14,751,713,0.19047619047619047
6701322590,7004642148,1,1,0.09090909090909091,0.3396232718951086,7,5,35,13,1,212,46,0.20689655172413793
57212443709,7003478797,1,8,0.1095890410958904,2.67322861544218,9,72,648,19,15,1207,1147,0.07865168539325842
54950226200,6508364691,1,5,0.20833333333333334,1.7845574617028463,19,10,190,18,12,628,420,0.23076923076923078
6602774577,7801604422,1,2,0.04,0.8367240862850964,42,10,420,18,6,464,272,0.56
55212754600,57197092087,1,5,0.5555555555555556,1.8202519932414833,9,5,45,13,3,390,280,0.2857142857142857
16634614100,7003959774,1,14,0.08536585365853659,3.78827375712284,40,138,5520,38,12,3073,1681,0.3023255813953488
55567301300,56641717100,1,8,0.3333333333333333,3.2431677766006546,13,19,247,34,22,2395,2175,0.3968253968253968
53163233200,55189438200,1,5,0.08928571428571429,1.6965773869313132,7,54,378,30,26,2004,1930,0.14864864864864866
55110225800,55321357400,1,4,0.04395604395604396,1.2008071377353762,79,16,1264,17,9,606,462,0.2839506172839506
57200514213,57226389009,1,3,0.2,0.9187938160961463,15,3,45,15,11,853,833,0.15151515151515152
7003732915,7004546814,1,3,0.021739130434782608,1.1586966032810615,119,22,2618,44,24,4938,4480,0.19
15849625600,7005969319,1,17,0.11486486486486487,5.470398425927507,66,99,6534,27,5,1658,186,0.4126984126984127
54955193100,56626106100,1,1,0.07142857142857142,0.43429448190325176,5,10,50,15,7,606,496,0.30303030303030304
6602633095,6603127485,1,2,0.021052631578947368,0.4813142400840754,59,38,2242,12,8,221,195,0.2033898305084746
22938031400,57201198471,1,24,0.34782608695652173,5.288990519760481,60,33,1980,13,1,195,73,0.391304347826087
24588088100,6602463745,1,3,0.09375,0.9506243559239159,22,13,286,13,1,327,117,0.5217391304347826
57197858027,7101600451,1,5,0.16129032258064516,1.7023949508900544,10,26,260,19,5,614,272,0.525
23096428900,7004074021,1,17,0.19767441860465115,4.833207615484923,19,84,1596,15,9,363,305,0.23529411764705882
25031122000,6603127485,1,17,0.2125,3.8621297963620385,59,38,2242,11,7,275,249,0.23076923076923078
57195071622,57205331827,1,4,0.2222222222222222,1.3486793581236183,5,17,85,14,10,794,82,0.2222222222222222
36017460300,7004315011,1,8,0.5333333333333333,2.596644758204444,12,11,132,5,1,135,57,0.2898550724637681
57219285911,6602440608,1,3,0.42857142857142855,1.4715283754718604,3,7,21,5,1,21,11,0.2
57343633300,58044116500,1,5,0.29411764705882354,1.2376852403348586,15,7,105,8,2,106,16,0.6111111111111112
23134993400,58317947500,1,2,0.06896551724137931,0.8139999708701638,28,3,84,17,13,513,477,0.13043478260869565
36651681100,57215144273,1,4,0.21052631578947367,2.261517294477545,18,5,90,10,6,426,380,0.2962962962962963
55882063100,57191895726,1,46,0.575,10.429877406113631,68,58,3944,19,3,2181,177,0.3181818181818182
56270025100,57463416000,1,4,0.26666666666666666,1.5287131434559385,15,4,60,8,4,126,90,0.3333333333333333
55616396400,56779692100,1,19,0.14285714285714285,4.943171668910061,65,87,5655,19,3,610,48,0.4166666666666667
56231016100,56257387400,1,2,0.6666666666666666,0.65937877556672,3,2,6,7,3,136,56,0.21428571428571427
35734884600,57482520200,1,21,0.4117647058823529,5.793978883362107,50,22,1100,12,8,390,370,0.16666666666666666
35101283100,7003686739,1,17,0.6296296296296297,4.6660478895244175,21,23,483,9,1,119,21,0.12195121951219512
57956234700,7004225897,1,9,0.23684210526315788,3.4260124999809096,11,36,396,15,11,620,610,0.109375
57195415635,57217633174,1,10,0.3125,2.952752712918991,21,21,441,6,0,99,19,0.25
28367982900,46661608200,1,4,0.09090909090909091,0.9867151340049188,40,8,320,11,7,316,194,0.42424242424242425
36697180500,6507198930,1,6,0.11764705882352941,2.071726659811898,14,43,602,14,6,313,199,0.2549019607843137
35602313000,57211426825,1,3,0.045454545454545456,0.9140931892555527,35,34,1190,14,2,315,17,0.1111111111111111
55665656200,6505883465,1,4,0.027210884353741496,1.0702834992324268,66,85,5610,21,3,674,154,0.2
7003810795,8948536400,1,5,0.08333333333333333,1.6666472416981186,52,13,676,31,17,2442,2164,0.4069767441860465
55413466200,57213358811,1,9,0.5625,2.7137741834532516,11,14,154,5,1,56,20,0.23076923076923078
16635637300,6506048716,1,6,0.2,2.531683219087408,16,20,320,20,6,654,242,0.3333333333333333
57214189077,7102633221,1,32,0.17486338797814208,7.035688995739884,40,175,7000,17,13,2497,1047,0.10909090909090909
57191669716,57201190300,1,19,0.3958333333333333,5.653893767147014,28,39,1092,22,6,605,257,0.6666666666666666
57205150265,6602101968,1,5,0.06666666666666667,1.596002440970741,5,75,375,28,24,2066,1950,0.06097560975609756
23091409000,24477066700,1,5,0.09803921568627451,1.82124237993819,46,10,460,24,12,1357,1167,0.2222222222222222
26023085000,57197798240,1,3,0.030927835051546393,0.6227788339582603,94,6,564,27,23,2053,1937,0.08333333333333333
57117690500,57351933900,1,31,0.21678321678321677,7.060954800115262,107,67,7169,22,6,1902,1194,0.16279069767441862
36143358700,57211057969,1,23,0.19327731092436976,4.981401663412527,83,59,4897,14,4,419,261,0.14893617021276595
57194029067,57215102752,1,18,0.3157894736842105,4.598020638987528,48,27,1296,21,13,953,695,0.2894736842105263
26021760100,36340568700,1,6,0.15,2.251959049787895,12,34,408,34,18,2398,1948,0.45098039215686275
57202440534,57210255285,1,4,0.4444444444444444,1.560042132570202,6,7,42,5,1,85,33,0.08823529411764706
35478909000,57199676160,1,23,0.09387755102040816,6.6877668800440855,231,37,8547,40,28,5158,4672,0.13861386138613863
6508037327,7103053518,1,4,0.028368794326241134,1.2323829596906803,23,122,2806,22,6,715,389,0.2708333333333333
56742830300,57193540668,1,3,0.2,0.7326746477471476,14,4,56,9,3,154,84,0.4666666666666667
57216876993,57757849200,1,5,0.625,2.1656210851443065,7,6,42,3,1,14,8,0.6
57191258859,7404608099,1,4,0.25,1.8930432119812868,4,16,64,23,17,1594,1510,0.1388888888888889
35568595300,57210207587,1,6,0.06521739130434782,1.7634093360092078,83,15,1245,23,11,854,618,0.1
57222660465,6601969069,1,0,0.0,0.0,0,48,0,20,14,1041,985,0.06741573033707865
24469152300,55940439800,1,16,0.17777777777777778,4.782510751622199,88,18,1584,39,19,3735,3099,0.4696969696969697
55514754800,6603079011,1,31,0.38271604938271603,12.477508447502627,49,63,3087,34,2,1981,311,0.3148148148148148
54780172900,57207861606,1,5,0.3125,2.0702026226453834,15,6,90,11,5,243,209,0.5
22938031400,7003450280,1,49,0.3333333333333333,11.40946188951093,60,136,8160,21,7,735,467,0.3392857142857143
55933323300,57218195605,1,24,0.21238938053097345,5.642592051199557,36,101,3636,11,7,995,867,0.21153846153846154
35179056300,57201250923,1,8,0.14814814814814814,2.662607191205783,32,30,960,9,1,278,68,0.16666666666666666
35323810600,7005468526,1,4,0.13333333333333333,1.2158422235572286,8,26,208,21,15,1144,1038,0.21333333333333335
57217121483,6506776579,1,27,0.11297071129707113,6.316701668416767,57,209,11913,35,15,4100,3708,0.15384615384615385
57212428239,57351933900,1,41,0.45054945054945056,9.004045011400597,65,67,4355,11,5,512,196,0.047619047619047616
36899832000,57370310800,1,1,0.022727272727272728,0.2611892565642242,44,1,44,10,8,268,260,0.05714285714285714
57201250923,57216491565,1,8,0.20512820512820512,2.485715626381738,30,17,510,7,3,216,130,0.2857142857142857
23099238800,57203970401,1,19,0.14728682170542637,4.721428563832096,38,110,4180,16,0,949,357,0.20512820512820512
56692922100,8407935900,1,4,0.07547169811320754,1.3785486549490786,7,50,350,7,3,83,67,0.17391304347826086
36898360800,57195237565,1,4,0.16,1.9648304929807,12,17,204,8,2,187,9,0.17647058823529413
23470649300,56124215400,1,2,0.15384615384615385,1.3272716180510837,9,6,54,11,1,200,26,0.5
13008420400,15849625600,1,3,0.04,0.9626033022416978,12,66,792,14,8,766,706,0.3333333333333333
16203173100,56747425000,1,21,0.35,8.312115110317556,41,40,1640,22,0,1797,1273,0.4107142857142857
57205564497,7006466498,1,6,0.06382978723404255,1.992064123796882,14,86,1204,20,16,889,791,0.0625
57205594335,7004074021,1,22,0.24719101123595505,9.36560564447159,27,84,2268,32,8,1762,1094,0.3902439024390244
56239297000,57217224230,1,2,0.5,0.5301299556112975,3,3,9,4,0,83,31,0.3333333333333333
12807827200,58331966900,1,6,0.125,2.054389723854419,40,14,560,23,11,1087,607,0.25
57190817492,57203191886,1,4,0.18181818181818182,1.119891180059076,4,22,88,8,4,129,85,0.19047619047619047
57220639868,57220642258,1,11,1.0,3.9150108778776174,11,11,121,5,1,110,16,0.3333333333333333
54583433300,56703319900,1,19,0.34545454545454546,6.326832591315358,43,31,1333,25,3,983,303,0.3389830508474576
57211292618,8342748400,1,4,0.08,1.4407670307725837,5,49,245,13,9,467,449,0.16216216216216217
57209314233,57211403633,1,11,0.3235294117647059,3.134124043869116,14,31,434,17,5,363,145,0.45
6507616033,7103053518,1,8,0.0547945205479452,2.243247842725665,32,122,3904,21,7,651,453,0.12631578947368421
57208794505,57217661773,1,26,0.28888888888888886,5.7689406243306784,61,55,3355,15,1,2010,256,0.19444444444444445
57211156194,57222622777,1,12,0.48,4.324990430812134,18,19,342,10,4,213,137,0.68
55581041300,57218761267,1,8,0.08888888888888889,2.089399679233502,83,15,1245,32,22,2500,2228,0.13636363636363635
24437971100,57211991325,1,2,0.1111111111111111,0.8745721025919916,18,2,36,12,8,249,147,0.24324324324324326
57200504476,57215683127,1,53,0.4108527131782946,12.222469119575653,64,118,7552,13,5,1007,781,0.2222222222222222
14025574900,57196023105,1,34,0.35789473684210527,7.933973217603902,83,46,3818,11,3,219,31,0.2
56603632300,6603079011,1,7,0.10606060606060606,2.5763034098850164,10,63,630,20,16,1168,1124,0.21428571428571427
6508289518,7003810795,1,1,0.017857142857142856,0.9102392266268373,5,52,260,25,23,2315,2291,0.4845360824742268
57211924975,7005465927,1,9,0.34615384615384615,4.226200424471369,9,26,234,38,22,3519,3109,0.2602739726027397
57192892615,57211056598,1,43,0.35833333333333334,9.556259325023603,84,79,6636,15,1,1501,217,0.12195121951219512
55600616300,57147095500,1,4,0.16,1.2107640595525313,8,21,168,7,3,724,690,0.28
56517792700,57211427050,1,8,0.1702127659574468,2.2772659373887714,14,41,574,10,4,329,17,0.3870967741935484
57201721084,57201726260,1,6,0.1935483870967742,2.110173592815613,31,6,186,21,17,1295,1045,0.5555555555555556
57214178872,57214191037,1,4,0.11428571428571428,1.5017354942783947,22,17,374,11,3,316,232,0.14705882352941177
55667266000,56414901900,1,8,0.34782608695652173,3.0182196086848068,11,20,220,16,4,555,299,0.5
57374553600,58975341700,1,3,0.3,0.913131622092628,10,3,30,9,1,295,73,0.2692307692307692
55936832400,57204854613,1,11,0.4583333333333333,4.109025403544469,22,13,286,17,1,287,1,0.36363636363636365
57203687928,7005401841,1,19,0.12751677852348994,4.401958404213864,138,30,4140,12,6,1000,950,0.2857142857142857
6602713722,7801650202,1,8,0.08602150537634409,3.206775697528144,52,49,2548,49,17,4048,2890,0.3181818181818182
35480634700,7201455990,1,9,0.11392405063291139,2.9354676992435844,57,31,1767,15,1,565,295,0.3442622950819672
57056521300,57215213867,1,3,0.75,1.4418565534177081,4,3,12,1,1,3,3,0.2727272727272727
57204469681,6603729308,1,4,0.14814814814814814,2.3074655203414203,6,25,150,20,10,912,390,0.4375
56061023800,57192073961,1,2,0.4,0.6196654149730135,3,4,12,11,3,307,137,0.3225806451612903
6701557594,7003356559,1,1,0.16666666666666666,0.43429448190325176,5,2,10,7,3,97,65,0.2653061224489796
23101552500,56049004900,1,1,0.08333333333333333,0.48089834696298783,12,1,12,20,16,859,769,0.06060606060606061
57205221064,57208086230,1,4,0.4,1.4786748706285149,7,7,49,5,1,82,6,0.4
57786189900,6505724820,1,0,0.0,0.0,0,17,0,20,16,1349,1333,0.08888888888888889
57215106856,7201854991,1,3,0.15,1.3052873333452615,4,19,76,8,6,99,83,0.10526315789473684
54783056700,6505883465,1,15,0.17045454545454544,3.9896615534710302,18,85,1530,16,8,465,363,0.3170731707317073
56153132100,57193315259,1,5,0.21739130434782608,2.2051417949865364,20,8,160,13,1,609,153,0.23333333333333334
56479115000,57210285712,1,2,0.10526315789473684,0.7258301510395552,15,6,90,7,3,99,67,0.3076923076923077
35476648500,6506541996,1,44,0.3728813559322034,9.855247886149414,70,92,6440,15,3,841,643,0.28169014084507044
57200400301,7003810795,1,24,0.43636363636363634,8.704956412198397,27,52,1404,34,14,2699,1907,0.47435897435897434
24073240300,56518279500,1,7,0.10606060606060606,2.0952728068619937,57,16,912,25,9,955,559,0.41304347826086957
57214189407,57218194363,1,32,0.2857142857142857,7.224664512463704,55,89,4895,11,3,1366,750,0.14285714285714285
57224310969,6603293779,1,0,0.0,0.0,1,8,8,22,18,2928,2866,0.17777777777777778
59158288200,6506736837,1,2,0.034482758620689655,1.0320149877242877,3,57,171,24,18,1420,1368,0.1346153846153846
57212389835,6701922481,1,2,0.13333333333333333,0.6167974331677925,3,14,42,19,15,1154,728,0.20689655172413793
57203863712,57217208569,1,8,0.2222222222222222,2.2417094602353926,34,10,340,10,6,197,115,0.18181818181818182
55882155100,57189253682,1,2,0.2222222222222222,0.5667727344569371,8,3,24,7,3,204,96,0.15384615384615385
57196219628,57217442328,1,8,0.21621621621621623,2.457711708048715,25,20,500,19,7,1449,277,0.325
36665879900,57202917829,1,6,0.6,2.811523734430348,9,7,63,10,4,145,55,0.48
6603127485,7203013613,1,9,0.1875,2.460309817158602,38,19,722,5,1,49,23,0.15625
56830151700,57211024981,1,3,0.3,1.4768950133247354,10,3,30,9,1,151,33,0.48
57215148675,57219169179,1,5,0.09433962264150944,1.217630196976983,13,45,585,12,4,340,208,0.3125
57215148675,6506670264,1,13,0.16455696202531644,4.114911731667073,13,79,1027,16,8,532,400,0.4634146341463415
57191365913,57202441601,1,3,0.10344827586206896,1.1305056623886571,29,3,87,10,8,398,216,0.15151515151515152
57221872165,6506541996,1,32,0.3368421052631579,7.44630290393694,35,92,3220,11,7,851,633,0.2647058823529412
55172863100,57195065379,1,17,0.20481927710843373,4.625735704849875,71,29,2059,28,16,1695,1299,0.375
6508289866,6602808786,1,4,0.0625,1.384293927009551,9,59,531,12,8,394,232,0.21739130434782608
55039209500,57205325248,1,4,0.2857142857142857,1.6324616684534572,6,12,72,14,2,379,37,0.5294117647058824
36952258700,57219227832,1,9,0.25,2.5598920503642404,20,25,500,13,1,286,14,0.2564102564102564
55173582700,57203789639,1,22,0.41509433962264153,5.881515443952321,37,38,1406,13,1,352,68,0.5806451612903226
26634884900,37091409800,1,3,0.031914893617021274,0.9884452421050467,88,9,792,20,8,1508,1320,0.3770491803278688
57214755482,7005543703,1,3,0.10714285714285714,1.024668236310997,9,22,198,11,3,217,153,0.13333333333333333
37110131400,57207489753,1,9,0.36,2.7482487365726636,13,21,273,13,1,411,85,0.25
56716031800,7801413705,1,2,0.13333333333333333,0.5276614351571225,3,14,42,8,6,168,148,0.13953488372093023
57673607400,6508254295,1,12,0.2553191489361702,3.9898356652388403,13,46,598,8,6,117,111,0.12
57210753988,57214192009,1,4,0.26666666666666666,1.2816241813984965,6,13,78,15,9,564,404,0.3548387096774194
37055346900,55770895400,1,4,0.12121212121212122,1.34698717086919,12,25,300,8,6,195,177,0.24489795918367346
58633723500,6701807050,1,5,0.1111111111111111,2.0889283030459924,25,25,625,12,2,233,55,0.3424657534246575
6506645414,7003287875,1,12,0.42857142857142855,5.340789189111304,20,20,400,18,4,456,192,0.3958333333333333
56469309400,57193079613,1,4,0.16666666666666666,1.3979061368283063,5,23,115,7,3,60,44,0.2222222222222222
56427492300,56462886200,1,0,0.0,0.0,5,4,20,7,3,96,72,0.08
57215129481,6602856381,1,4,0.17391304347826086,1.4273789860597377,9,18,162,6,2,40,8,0.2
6506649400,8585119800,1,4,0.025,1.5276000108031136,94,70,6580,32,4,1763,585,0.41304347826086957
57211669282,57286620800,1,17,0.7083333333333334,4.679815208606179,19,22,418,7,1,140,22,0.4
12801111200,56663792300,1,2,0.11764705882352941,0.7193769832498641,14,5,70,10,8,218,190,0.09090909090909091
57195803504,6508352050,1,2,0.06451612903225806,0.8668544662345119,2,31,62,11,9,356,294,0.046511627906976744
22135510100,6602979827,1,1,0.2,0.5138983423697507,4,2,8,11,7,304,274,0.2777777777777778
56100276100,7004549172,1,1,0.09090909090909091,0.7213475204444817,5,7,35,11,3,144,76,0.21951219512195122
57210924789,6602680085,1,6,0.06896551724137931,2.0931503464659142,7,86,602,25,21,2188,2158,0.05454545454545454
23026082700,57224156534,1,4,0.125,1.566091365347763,32,4,128,7,5,89,79,0.06451612903225806
16678820800,57210954530,1,5,0.21739130434782608,2.295734685000027,23,5,115,12,10,381,345,0.1111111111111111
57205106648,57205106684,1,4,0.3333333333333333,1.3088638245057531,6,10,60,8,0,369,245,0.6
6508037327,7003942962,1,4,0.021621621621621623,1.4412293382470098,23,166,3818,33,17,4138,3812,0.26744186046511625
57201288831,57201879993,1,3,0.5,1.252164882674683,5,4,20,7,1,77,47,0.5
57191854299,57194289125,1,17,0.29310344827586204,4.649010968174584,46,29,1334,20,6,1855,79,0.3235294117647059
55332159900,6603780090,1,7,0.4117647058823529,2.8085376912872544,9,15,135,11,3,298,202,0.65625
55963020700,56906498500,1,7,0.2,2.571588233801995,13,29,377,11,5,167,105,0.2
57218192915,57219826253,1,14,0.16666666666666666,3.3420963813171967,75,23,1725,10,4,930,824,0.21428571428571427
25230650200,57190161603,1,8,0.25806451612903225,2.793933183993162,28,11,308,14,6,387,181,0.30303030303030304
56231177500,57201458555,1,36,0.5373134328358209,8.328583246971593,65,38,2470,12,8,359,287,0.21739130434782608
14219526400,57195065379,1,20,0.21739130434782608,5.38109594729622,83,29,2407,31,19,2176,1780,0.3
57190732544,57201026134,1,43,0.24157303370786518,9.545514806658641,65,156,10140,18,4,1377,1129,0.1111111111111111
56539945500,57201998453,1,5,0.23809523809523808,1.6784935544370565,15,11,165,11,3,367,85,0.4230769230769231
57194869340,57203807364,1,9,0.18,2.2403473631617903,48,11,528,13,7,334,286,0.3103448275862069
55618665400,56080452600,1,24,0.1951219512195122,5.571722351732088,112,35,3920,14,4,1222,988,0.15555555555555556
25621529400,55857416000,1,2,0.015384615384615385,0.5236488188483943,122,10,1220,25,17,2029,1935,0.10843373493975904
57201480507,57222401768,1,5,0.17857142857142858,1.4538410166805762,21,12,252,10,2,160,22,0.13636363636363635
57117279100,6701317946,1,8,0.13333333333333333,2.7605767518455497,18,50,900,18,8,621,453,0.1875
57201458555,6506002895,1,35,0.5645161290322581,8.101150924851645,38,59,2242,6,2,101,29,0.19047619047619047
57202887572,57217661773,1,18,0.23376623376623376,4.922238064112668,40,55,2200,14,2,1021,733,0.5172413793103449
36462959600,56688575600,1,2,0.14285714285714285,0.7694373551407805,2,14,28,9,5,125,93,0.30434782608695654
6504280283,7006177272,1,20,0.13333333333333333,4.714581843171493,90,80,7200,28,8,1304,684,0.2823529411764706
56100276100,8353821500,1,2,0.15384615384615385,1.3426824550040934,5,10,50,11,3,281,213,0.32142857142857145
56899043500,56967992400,1,3,0.1,0.6693052495962393,26,7,182,6,2,175,17,0.2962962962962963
57191632365,57194265142,1,3,0.375,1.1570953964619777,5,6,30,7,1,151,45,0.36363636363636365
14029585100,57205287889,1,9,0.1836734693877551,3.1068439485048898,48,10,480,23,13,1136,1010,0.12857142857142856
57201466483,57218686403,1,12,0.32432432432432434,3.3942366982045167,28,21,588,16,6,736,368,0.2558139534883721
37013762500,57212602955,1,8,0.4,2.6158523543805274,20,8,160,9,3,127,79,0.4
55220687000,56526101200,1,6,0.8571428571428571,2.3253483807966004,7,6,42,11,7,688,604,0.5555555555555556
10539970600,17342671000,1,4,0.0784313725490196,1.022547535869343,13,42,546,12,2,292,124,0.2553191489361702
36340568700,57212565921,1,4,0.11428571428571428,1.9409686746061983,34,5,170,28,24,2214,2132,0.06976744186046512
57196022709,7005936077,1,41,0.47674418604651164,9.587630918128653,43,84,3612,9,5,163,71,0.15555555555555556
57943710500,6601978164,1,6,0.08450704225352113,2.2957581109542082,7,70,490,33,23,2875,2701,0.3194444444444444
53463361500,55648098400,1,5,0.078125,1.5515497353363656,64,5,320,26,24,1971,1951,0.3870967741935484
36436940200,57189631142,1,4,0.4,1.5516239054448473,7,7,49,12,2,518,8,0.29411764705882354
57221759064,7801532760,1,2,0.020202020202020204,0.7171340199246594,8,93,744,19,11,785,615,0.07142857142857142
25825489500,57108771800,1,1,0.045454545454545456,0.2473379469500514,6,17,102,16,4,306,84,0.36585365853658536
6505881924,7102666167,1,13,0.17567567567567569,3.339022671775315,68,19,1292,17,7,548,412,0.2558139534883721
56526846400,7006434026,1,10,0.15873015873015872,2.9210602395940546,30,43,1290,17,1,461,15,0.3076923076923077
16643616700,56537108900,1,47,0.31333333333333335,11.310108183295567,110,87,9570,39,9,2791,1555,0.15151515151515152
35478909000,7102795216,1,18,0.07114624505928854,5.96230040045671,231,40,9240,43,25,5258,4572,0.3783783783783784
57197767979,7103061271,1,16,0.1391304347826087,5.295225467645363,19,112,2128,22,16,1281,1121,0.10227272727272728
35460884400,57204040996,1,11,0.10891089108910891,3.1381468004638333,95,17,1615,33,25,2573,2277,0.11290322580645161
16743542100,55850511800,1,16,0.34782608695652173,4.026597138148343,21,41,861,12,4,339,159,0.3424657534246575
55968603400,57224322868,1,3,0.08333333333333333,1.540647403559953,36,3,108,24,18,1581,1141,0.32608695652173914
55110225800,56020397800,1,13,0.14606741573033707,3.970025313853002,79,23,1817,19,7,766,302,0.1625
57193086757,7801624906,1,8,0.07692307692307693,2.3247675497173295,17,95,1615,13,5,291,249,0.044444444444444446
57296603700,7003732915,1,9,0.07563025210084033,3.6635614862251886,9,119,1071,38,30,4782,4636,0.13829787234042554
57201095477,8534471900,1,3,0.03896103896103896,0.7497546967245311,4,76,304,17,13,640,550,0.20930232558139536
23501793900,55835740200,1,2,0.16666666666666666,0.4935823695384911,8,6,48,10,4,483,157,0.25
6603936681,7004941263,1,4,0.043478260869565216,1.5212918677286225,28,68,1904,25,11,1297,981,0.11458333333333333
16643616700,24479726500,1,13,0.11403508771929824,5.7363370863032,110,17,1870,33,15,2380,1966,0.3076923076923077
57216760960,7005364633,1,3,0.2,1.0757221033713662,11,7,77,7,1,136,56,0.47619047619047616
56780215300,57212705551,1,5,0.1111111111111111,3.1892324537937125,5,45,225,20,12,891,605,0.35294117647058826
57219108089,57219592561,1,3,0.3,1.119424255763134,9,4,36,6,2,285,225,0.3333333333333333
57211057969,7005936077,1,42,0.4158415841584158,9.648935637979086,59,84,4956,12,2,196,38,0.2553191489361702
57202284031,57209449016,1,10,0.3225806451612903,3.6621002255792003,13,28,364,19,9,580,424,0.10909090909090909
36104074200,57206032001,1,9,0.45,4.578551813258772,20,9,180,18,6,706,350,0.28205128205128205
57482336600,7201677725,1,2,0.022988505747126436,0.5095034317462759,13,76,988,16,14,619,589,0.03508771929824561
57202612934,7103153424,1,4,0.11764705882352941,1.3313654875122207,5,33,165,17,13,713,691,0.04878048780487805
56080452600,7201545134,1,5,0.1388888888888889,1.460121283304349,35,6,210,7,3,217,17,0.2916666666666667
57982355200,6603079011,1,3,0.046153846153846156,0.9081719633447372,5,63,315,21,15,1169,1123,0.2571428571428571
57210132299,57216002789,1,3,1.0,1.1850391552421988,3,3,9,4,0,100,0,0.5
57202318301,57210183990,1,4,0.36363636363636365,1.8087865672717787,7,8,56,11,3,443,231,0.5909090909090909
6506305946,6506382388,1,3,0.06666666666666667,1.183070219504127,44,4,176,18,12,739,647,0.26666666666666666
37059628800,7005119089,1,4,0.03225806451612903,1.5499553076154449,10,118,1180,36,18,2980,2210,0.15942028985507245
35425219100,57223174150,1,4,0.0784313725490196,1.296764172614083,48,7,336,17,13,726,646,0.1232876712328767
57211494679,57237606700,0,0,0.0,0.0,41,11,451,13,9,404,382,0.03225806451612903
57193882076,57215903709,0,0,0.0,0.0,20,6,120,7,1,68,4,0.125
57217211003,57538517900,0,0,0.0,0.0,4,11,44,6,0,58,0,0.03333333333333333
57208036984,58635462800,0,0,0.0,0.0,13,5,65,4,0,39,1,0.0
57189579649,57191415162,0,0,0.0,0.0,5,6,30,3,1,88,50,0.0
50161231300,57195982562,0,0,0.0,0.0,4,9,36,4,0,71,17,0.08333333333333333
57210841993,6603217119,0,0,0.0,0.0,5,2,10,9,1,85,31,0.0
57132920800,7202489013,0,0,0.0,0.0,9,4,36,8,2,93,39,0.0
55886033100,57200755425,0,0,0.0,0.0,14,86,1204,18,2,1554,824,0.09090909090909091
56271486800,57193486010,0,0,0.0,0.0,2,4,8,3,1,15,9,0.0
37014654000,58514709100,0,0,0.0,0.0,1,11,11,7,3,74,50,0.0
57204144935,57224156152,0,0,0.0,0.0,5,2,10,2,0,31,15,0.0
56140052600,57203678896,0,0,0.0,0.0,2,11,22,7,3,245,41,0.09090909090909091
56718706100,57219253720,0,0,0.0,0.0,4,1,4,6,0,93,19,0.0
34573703700,7801408313,0,0,0.0,0.0,3,13,39,11,1,280,144,0.11764705882352941
55927927000,57209285279,0,0,0.0,0.0,3,4,12,1,1,5,5,0.0
37561044100,57197756333,0,0,0.0,0.0,11,17,187,10,2,397,89,0.023809523809523808
36850997100,55252005600,0,0,0.0,0.0,15,19,285,12,6,251,217,0.021739130434782608
57388968100,6603118183,0,0,0.0,0.0,6,8,48,5,1,33,13,0.04
41160942000,57553885100,0,0,0.0,0.0,11,10,110,2,0,11,7,0.0
54963750300,57214227643,0,0,0.0,0.0,8,8,64,8,4,175,17,0.10810810810810811
53464349300,7004297662,0,0,0.0,0.0,1,10,10,12,2,393,173,0.07017543859649122
57200639987,57204136385,0,0,0.0,0.0,3,6,18,3,1,60,2,0.0
36662021500,57282290400,0,0,0.0,0.0,10,11,110,8,4,189,173,0.09090909090909091
55329077700,57196205393,0,0,0.0,0.0,2,5,10,7,1,159,1,0.05555555555555555
57211403633,57214861984,0,0,0.0,0.0,31,5,155,12,10,258,250,0.0
56479115000,56666993200,0,0,0.0,0.0,15,1,15,7,3,104,62,0.15384615384615385
57194237814,7006750502,0,0,0.0,0.0,1,8,8,10,4,207,147,0.12
57773396100,8840081100,0,0,0.0,0.0,10,17,170,21,9,1294,972,0.03389830508474576
56732311700,56970590600,0,0,0.0,0.0,57,5,285,18,14,872,838,0.0
55362857300,57212083287,0,0,0.0,0.0,4,4,16,4,0,55,13,0.0
56118064000,57201884329,0,0,0.0,0.0,7,22,154,6,2,105,65,0.09523809523809523
55933913700,56613137000,0,0,0.0,0.0,3,10,30,5,1,83,53,0.0
55932927000,57216332968,0,1,0.058823529411764705,0.2473379469500514,8,10,80,4,2,43,17,0.4
57215383401,57223190210,0,0,0.0,0.0,2,19,38,8,4,190,144,0.0
57215572475,6603102572,0,0,0.0,0.0,9,3,27,7,5,196,146,0.0975609756097561
57203484568,57212136924,0,0,0.0,0.0,7,8,56,6,2,99,67,0.0
18041935700,55210006500,0,0,0.0,0.0,1,6,6,7,5,143,129,0.06451612903225806
36480585000,7005981970,0,0,0.0,0.0,5,6,30,10,4,191,125,0.0196078431372549
57210132299,6508089504,0,0,0.0,0.0,3,5,15,5,1,101,1,0.025974025974025976
56530089000,57210841125,0,0,0.0,0.0,22,2,44,7,3,109,55,0.0
57203009601,57221918587,0,0,0.0,0.0,3,12,36,4,0,26,6,0.0
58368009300,7801421883,0,0,0.0,0.0,3,1,3,1,1,18,18,0.0
56615162900,58307618500,0,0,0.0,0.0,5,4,20,5,3,41,35,0.041666666666666664
37093481700,57203457964,0,0,0.0,0.0,3,2,6,7,1,130,58,0.0
6506322220,6603787466,0,0,0.0,0.0,4,6,24,6,2,82,42,0.0
54419946700,57189089750,0,0,0.0,0.0,6,7,42,3,1,56,6,0.2222222222222222
57195572942,7004447092,0,0,0.0,0.0,2,12,24,10,6,447,67,0.0
23096090400,57222061171,0,0,0.0,0.0,1,5,5,5,1,50,30,0.0
58486613000,7006241835,0,0,0.0,0.0,1,22,22,8,4,176,108,0.02127659574468085
55918156500,57195961955,0,0,0.0,0.0,7,6,42,5,1,48,24,0.0
14420864600,6506649400,0,0,0.0,0.0,5,94,470,26,2,1406,228,0.23170731707317074
57192697218,57214188309,0,0,0.0,0.0,24,6,144,10,6,223,109,0.10714285714285714
55981416100,57352592100,0,0,0.0,0.0,8,1,8,5,1,288,252,0.13333333333333333
57216404490,57218689642,0,0,0.0,0.0,6,4,24,4,0,34,22,0.0
55653726100,57221692718,0,0,0.0,0.0,2,1,2,8,2,92,48,0.0
57205307761,8270443200,0,0,0.0,0.0,1,14,14,10,6,303,285,0.08695652173913043
57190380910,58769120700,0,0,0.0,0.0,6,5,30,5,3,42,38,0.0
37050721900,53868248900,0,0,0.0,0.0,27,4,108,17,13,814,666,0.08695652173913043
57204392643,57222000582,0,0,0.0,0.0,5,4,20,4,0,223,189,0.0
55180668900,57211071832,0,0,0.0,0.0,24,19,456,18,4,534,248,0.02631578947368421
57211639191,57218849349,0,0,0.0,0.0,5,13,65,7,1,87,11,0.0
57212239205,7102969029,0,0,0.0,0.0,2,18,36,10,2,331,37,0.013888888888888888
57195136446,57221445700,0,0,0.0,0.0,15,3,45,11,7,266,184,0.10714285714285714
57190126621,57214849529,0,0,0.0,0.0,28,4,112,17,9,655,501,0.08
55976136700,7003866554,0,0,0.0,0.0,2,7,14,15,5,403,215,0.02127659574468085
55694511900,57219674433,0,0,0.0,0.0,2,4,8,4,0,11,1,0.047619047619047616
56919132800,57213692823,0,0,0.0,0.0,0,11,0,6,4,174,154,0.0
56340522700,58824549100,0,0,0.0,0.0,16,1,16,11,7,243,225,0.0625
57215149890,6603729308,0,0,0.0,0.0,11,25,275,22,8,771,531,0.08163265306122448
57212308864,57216009455,0,0,0.0,0.0,3,4,12,4,2,71,25,0.125
36651122600,57212611089,0,0,0.0,0.0,13,17,221,11,3,396,294,0.04
56179227100,57204040996,0,0,0.0,0.0,6,17,102,9,1,324,28,0.06451612903225806
56728521100,57214189215,0,0,0.0,0.0,6,10,60,3,1,94,80,0.0
57192890175,57216776259,0,0,0.0,0.0,1,2,2,5,1,49,1,0.0
55618665400,7003712236,0,1,0.008547008547008548,0.24954251462921184,112,6,672,11,7,1115,1095,0.14634146341463414
54893383900,57201504995,0,0,0.0,0.0,7,61,427,12,10,262,258,0.08571428571428572
57212551636,57222061171,0,0,0.0,0.0,11,5,55,5,1,36,16,0.2
44361325200,57204567083,0,0,0.0,0.0,17,2,34,4,0,62,24,0.0
56587445700,57243831900,0,0,0.0,0.0,62,4,248,11,7,246,202,0.0
56010491300,57202776363,0,0,0.0,0.0,8,10,80,10,6,602,572,0.0
57190183602,57932857700,0,0,0.0,0.0,8,5,40,3,1,19,17,0.0
57194869340,57203162035,0,0,0.0,0.0,48,7,336,12,8,336,284,0.12903225806451613
57694465400,60082572200,0,0,0.0,0.0,3,7,21,5,1,42,22,0.0
57212237824,58693751700,0,0,0.0,0.0,16,3,48,9,7,246,224,0.0
14219526400,6603153404,0,0,0.0,0.0,83,13,1079,34,16,2203,1753,0.0625
57192173601,57222562872,0,0,0.0,0.0,5,5,25,7,1,162,56,0.11764705882352941
57204587848,57222271356,0,0,0.0,0.0,2,11,22,5,1,35,19,0.0
57194853443,57337589100,0,0,0.0,0.0,3,2,6,4,0,52,8,0.15789473684210525
55667266000,57193207695,0,0,0.0,0.0,11,6,66,13,7,481,373,0.0
55981667500,7007149880,0,1,0.027777777777777776,0.4170323914242463,31,6,186,15,7,441,351,0.2
56146474900,57208081275,0,0,0.0,0.0,5,10,50,10,2,274,204,0.0625
10939275100,56328172700,0,0,0.0,0.0,17,5,85,16,12,924,902,0.16
57209827092,7103201405,0,0,0.0,0.0,7,4,28,5,1,125,87,0.08823529411764706
57199848502,57214705609,0,0,0.0,0.0,7,1,7,10,2,402,56,0.0
57193672454,57201681975,0,0,0.0,0.0,5,5,25,9,5,179,79,0.04
37561944900,57221997539,0,0,0.0,0.0,5,13,65,6,2,88,46,0.04081632653061224
57195394779,6603826892,0,0,0.0,0.0,7,14,98,12,8,215,143,0.13636363636363635
57234377700,7004376921,0,0,0.0,0.0,4,29,116,20,14,713,681,0.11290322580645161
55827609000,57581537400,0,0,0.0,0.0,7,3,21,7,3,107,67,0.023255813953488372
35794016300,57222610574,0,0,0.0,0.0,6,7,42,5,1,45,27,0.0
35473838700,57216938503,0,0,0.0,0.0,18,12,216,6,2,54,34,0.0
57203284883,57209746166,0,0,0.0,0.0,7,6,42,4,0,25,1,0.0
56506744300,57205739069,0,0,0.0,0.0,13,27,351,17,3,716,354,0.09090909090909091
57203173663,57222030405,0,0,0.0,0.0,6,9,54,4,0,55,27,0.0
54583433300,57220072646,0,0,0.0,0.0,43,4,172,12,10,344,336,0.029411764705882353
57194104468,57211255039,0,0,0.0,0.0,27,3,81,9,5,136,122,0.0
38662141300,57207455831,0,0,0.0,0.0,4,7,28,7,3,108,34,0.0
57209747356,57214189667,0,0,0.0,0.0,4,3,12,7,3,95,85,0.0
56210785300,57205263489,0,0,0.0,0.0,1,3,3,4,0,74,54,0.0
57214192009,6602436600,0,0,0.0,0.0,13,8,104,15,9,565,403,0.10810810810810811
57225206477,57267262100,0,0,0.0,0.0,12,3,36,7,3,109,11,0.0
57211960952,57225312385,0,0,0.0,0.0,1,10,10,4,0,71,43,0.0
57289236600,6506006903,0,0,0.0,0.0,8,16,128,7,1,97,57,0.0
56790133000,57221949854,0,0,0.0,0.0,4,122,488,27,23,2997,2947,0.11475409836065574
56976864600,57215000256,0,0,0.0,0.0,3,5,15,3,1,16,10,0.0
22733536400,57204428956,0,0,0.0,0.0,3,5,15,4,2,68,28,0.0
57219494022,7102525318,0,0,0.0,0.0,3,1,3,4,2,34,26,0.0
12783094300,9745198000,0,0,0.0,0.0,16,12,192,9,3,204,122,0.03125
56539945500,57041085500,0,0,0.0,0.0,15,13,195,14,0,367,85,0.20754716981132076
35549305800,57216763037,0,0,0.0,0.0,5,1,5,11,5,563,519,0.029411764705882353
56731050800,57222399729,0,0,0.0,0.0,4,6,24,6,2,61,41,0.0
56688575600,7402213724,0,0,0.0,0.0,14,11,154,19,5,528,310,0.08
11440300600,57207844316,0,0,0.0,0.0,7,1,7,8,4,206,182,0.03333333333333333
57206459890,57225217157,0,0,0.0,0.0,9,1,9,4,0,21,9,0.0
56596313400,57209322197,0,0,0.0,0.0,12,6,72,10,2,426,314,0.08
55963020700,56819111900,0,0,0.0,0.0,13,8,104,7,1,89,27,0.038461538461538464
55556296100,57189628889,0,0,0.0,0.0,12,2,24,15,3,427,109,0.3333333333333333
57207112042,8202851100,0,0,0.0,0.0,6,2,12,4,0,50,24,0.0
54400811900,57223051751,0,0,0.0,0.0,4,1,4,2,2,27,27,0.0
57214183738,58093046500,0,0,0.0,0.0,9,7,63,6,2,90,26,0.08695652173913043
57412349400,7006522989,0,0,0.0,0.0,5,5,25,4,0,56,22,0.0
55844394700,57204858767,0,0,0.0,0.0,4,43,172,12,4,488,146,0.041666666666666664
55315642100,57210805930,0,0,0.0,0.0,8,8,64,5,1,154,70,0.0
57199972142,57314462000,0,0,0.0,0.0,12,4,48,7,1,177,15,0.058823529411764705
26031890200,57190026512,0,0,0.0,0.0,14,25,350,18,12,542,414,0.12962962962962962
7005330448,7005846438,0,0,0.0,0.0,80,5,400,27,23,2144,2130,0.09433962264150944
25226734800,57218286932,0,0,0.0,0.0,1,5,5,9,5,189,81,0.03333333333333333
36965913900,7404382052,0,0,0.0,0.0,0,7,0,7,1,173,39,0.08333333333333333
57200889937,57207928417,0,0,0.0,0.0,7,4,28,6,2,56,28,0.125
35338069100,57205325248,0,0,0.0,0.0,15,12,180,10,6,293,123,0.13636363636363635
56835238700,57039798100,0,0,0.0,0.0,11,33,363,25,21,1652,1624,0.01694915254237288
36627561600,8938922300,0,0,0.0,0.0,35,27,945,29,1,1307,151,0.24050632911392406
57201185210,8161184700,0,0,0.0,0.0,6,3,18,7,3,283,75,0.07142857142857142
35609932800,57205938518,0,0,0.0,0.0,7,4,28,9,1,106,48,0.04
57211601222,57217190881,0,0,0.0,0.0,4,15,60,7,3,75,41,0.0
57205150265,57218595708,0,0,0.0,0.0,5,4,20,4,0,72,44,0.0
22954969300,7005088724,0,0,0.0,0.0,6,7,42,9,1,101,15,0.0
56912294300,57218679825,0,0,0.0,0.0,7,28,196,13,3,243,25,0.05
55616120700,57218681546,0,0,0.0,0.0,7,4,28,6,2,52,26,0.0
55918137600,56462470600,0,0,0.0,0.0,16,8,128,5,1,84,74,0.07894736842105263
55990052000,7005619860,0,0,0.0,0.0,11,8,88,6,0,64,2,0.08333333333333333
57195946682,57563552800,0,0,0.0,0.0,3,1,3,4,2,54,0,0.0
36343722700,57214329258,0,0,0.0,0.0,4,8,32,7,1,87,27,0.07142857142857142
36946403400,57202376967,0,0,0.0,0.0,3,12,36,6,2,97,77,0.11764705882352941
23981156000,57211014966,0,0,0.0,0.0,21,3,63,7,3,133,49,0.0
35574475800,57204469224,0,0,0.0,0.0,14,4,56,6,2,102,28,0.07692307692307693
57195974983,57201898788,0,0,0.0,0.0,13,3,39,12,6,384,336,0.23076923076923078
57200189686,7003356559,0,0,0.0,0.0,11,2,22,5,1,94,62,0.058823529411764705
57212418884,6505881924,0,0,0.0,0.0,7,68,476,15,9,528,432,0.0
42062305700,57194470244,0,0,0.0,0.0,10,14,140,19,5,723,21,0.07894736842105263
55351753800,57215530391,0,0,0.0,0.0,13,13,169,11,5,322,240,0.038461538461538464
55361659900,57218583376,0,0,0.0,0.0,19,10,190,9,5,241,93,0.1282051282051282
55252005600,57194740873,0,0,0.0,0.0,19,6,114,14,4,329,139,0.043478260869565216
57206239200,6602884321,0,0,0.0,0.0,5,11,55,3,1,44,12,0.0
57196023539,57771957800,0,0,0.0,0.0,8,15,120,5,1,23,7,0.1
57225173469,7003702845,0,0,0.0,0.0,2,20,40,8,4,195,71,0.014925373134328358
57210928006,57643482500,0,0,0.0,0.0,8,8,64,6,2,108,30,0.1
12807138200,57203750079,0,0,0.0,0.0,7,12,84,10,0,180,56,0.125
55969453600,58282114600,0,0,0.0,0.0,8,2,16,5,3,57,49,0.0
23991894900,25422285200,0,0,0.0,0.0,19,31,589,12,2,228,14,0.13043478260869565
37113578200,57210820864,0,0,0.0,0.0,7,1,7,3,1,54,46,0.0
57204976787,7006614631,0,0,0.0,0.0,14,15,210,8,2,120,28,0.023255813953488372
57147359700,57208788710,0,0,0.0,0.0,3,1,3,7,3,146,96,0.0
57197785807,57812866200,0,0,0.0,0.0,5,18,90,5,1,102,60,0.07692307692307693
19640313400,57190380910,0,0,0.0,0.0,16,6,96,10,2,189,109,0.1111111111111111
57214192009,6603356349,0,0,0.0,0.0,13,15,195,22,2,740,228,0.22580645161290322
55895265500,57199676160,0,0,0.0,0.0,16,37,592,9,3,297,189,0.02
57194347166,57203181593,0,0,0.0,0.0,10,15,150,8,2,100,36,0.041666666666666664
57208923087,9273383800,0,0,0.0,0.0,14,51,714,22,2,901,333,0.08771929824561403
56708122100,57195996825,0,0,0.0,0.0,41,1,41,19,13,668,634,0.0
57028170700,57223434569,0,0,0.0,0.0,4,8,32,6,0,93,31,0.0
22938031400,57221675291,0,0,0.0,0.0,60,17,1020,14,0,317,49,0.07692307692307693
36923965900,9846419000,0,0,0.0,0.0,9,9,81,13,3,314,42,0.11688311688311688
57117892400,57214861520,0,0,0.0,0.0,12,6,72,6,2,71,37,0.0
57192890175,6507917569,0,0,0.0,0.0,1,3,3,6,2,85,35,0.0
57203547083,57218684326,0,0,0.0,0.0,2,2,4,4,0,24,10,0.08
57195626464,57875139500,0,0,0.0,0.0,2,6,12,4,0,70,4,0.13333333333333333
57194194226,7003557544,0,0,0.0,0.0,1,30,30,27,21,3855,3709,0.0
6507063353,7801650202,0,0,0.0,0.0,14,49,686,39,27,3583,3355,0.056179775280898875
57195309972,57219717607,0,0,0.0,0.0,16,5,80,7,1,112,32,0.0625
55546293600,6506694707,0,0,0.0,0.0,11,20,220,8,2,87,53,0.11428571428571428
57219841927,57221109427,0,0,0.0,0.0,8,2,16,6,4,72,64,0.1111111111111111
55624616000,57188766397,0,0,0.0,0.0,10,6,60,10,2,660,528,0.02857142857142857
56948379200,58020316700,0,0,0.0,0.0,39,4,156,11,9,197,193,0.05405405405405406
57204691995,8429526600,0,0,0.0,0.0,8,4,32,13,11,344,210,0.06666666666666667
56804339500,57217208569,0,0,0.0,0.0,8,10,80,6,2,104,22,0.0
57194853443,57219169179,0,0,0.0,0.0,3,45,135,10,6,304,244,0.11538461538461539
23097126700,57198497937,0,0,0.0,0.0,3,3,9,9,7,601,597,0.0
57202955175,57226432809,0,0,0.0,0.0,4,6,24,6,2,169,101,0.11764705882352941
57193566572,57210122317,0,0,0.0,0.0,27,4,108,16,10,694,630,0.06666666666666667
57670913400,7003479249,0,0,0.0,0.0,2,24,48,8,6,133,121,0.014705882352941176
36816468000,57191584418,0,0,0.0,0.0,4,3,12,5,1,89,13,0.0
57211444387,57215303912,0,0,0.0,0.0,9,4,36,6,0,114,18,0.07692307692307693
57194799753,57221684473,0,0,0.0,0.0,4,3,12,6,2,129,107,0.0
57190740486,57296220700,0,0,0.0,0.0,2,6,12,5,3,150,148,0.0
57204930523,57220639868,0,0,0.0,0.0,7,11,77,6,0,117,9,0.0
58139792000,9746680000,0,0,0.0,0.0,3,4,12,4,0,24,16,0.0
57195962879,57222708506,0,0,0.0,0.0,9,8,72,5,1,42,16,0.0
57204012974,6602663937,0,0,0.0,0.0,11,9,99,11,1,256,160,0.2413793103448276
57204461143,8547936900,0,0,0.0,0.0,8,7,56,8,0,192,62,0.14285714285714285
57204469224,57223180480,0,0,0.0,0.0,4,27,108,5,1,69,5,0.07142857142857142
57194191719,57200504476,0,0,0.0,0.0,12,64,768,12,4,332,106,0.058823529411764705
56139889100,57194346703,0,0,0.0,0.0,5,9,45,16,12,791,747,0.11290322580645161
10142248500,57226267364,0,0,0.0,0.0,23,4,92,15,13,466,454,0.1590909090909091
54780334600,57189584205,0,0,0.0,0.0,2,4,8,6,2,45,13,0.0
14322023700,7004675336,0,0,0.0,0.0,4,6,24,7,3,74,30,0.05970149253731343
57218583376,57223051751,0,0,0.0,0.0,10,1,10,2,2,74,74,0.0
36881021500,57147237500,0,0,0.0,0.0,10,18,180,14,2,579,419,0.265625
57192872661,57226399900,0,0,0.0,0.0,5,3,15,5,3,82,20,0.09090909090909091
57220996918,57226335939,0,0,0.0,0.0,8,2,16,7,1,110,20,0.0
57214182680,57216753873,0,0,0.0,0.0,1,2,2,6,0,53,5,0.0
57189251881,57204835697,0,0,0.0,0.0,2,15,30,8,0,380,82,0.030303030303030304
57198497937,57540334900,0,0,0.0,0.0,3,2,6,3,1,24,20,0.0
55927598000,7004548216,0,0,0.0,0.0,23,10,230,7,1,118,76,0.0967741935483871
16064406700,55249712800,0,0,0.0,0.0,3,23,69,5,1,131,47,0.20588235294117646
55561799200,57491116800,0,0,0.0,0.0,12,4,48,4,2,52,44,0.0
35478909000,57199848502,0,0,0.0,0.0,231,7,1617,38,30,5088,4742,0.01904761904761905
57205880194,60082572200,0,0,0.0,0.0,11,7,77,7,1,186,122,0.0
12142068500,55889655600,0,0,0.0,0.0,11,4,44,14,10,827,805,0.32142857142857145
36839858800,56541553400,0,0,0.0,0.0,6,3,18,7,3,187,121,0.0
56421951000,57207732171,0,0,0.0,0.0,16,4,64,11,7,202,126,0.18604651162790697
57198154555,7007018624,0,0,0.0,0.0,19,32,608,19,9,726,610,0.04838709677419355
56047429200,7005355323,0,0,0.0,0.0,17,22,374,12,4,383,253,0.09876543209876543
56469309400,6507525596,0,0,0.0,0.0,5,11,55,6,2,82,66,0.0
25654002300,6701474709,0,0,0.0,0.0,7,10,70,13,3,277,43,0.20952380952380953
53879403200,57223241991,0,0,0.0,0.0,9,9,81,8,6,125,107,0.0
55404271700,57201683846,0,0,0.0,0.0,67,0,0,18,14,806,748,0.01694915254237288
57191089948,57203245070,0,0,0.0,0.0,8,3,24,7,3,89,51,0.0
49061004000,57214861366,0,0,0.0,0.0,8,6,48,5,1,81,47,0.06666666666666667
57004538100,57208142545,0,0,0.0,0.0,17,3,51,15,11,517,417,0.02564102564102564
36550115500,57220109247,0,0,0.0,0.0,4,5,20,5,1,67,23,0.022727272727272728
55882155100,57130935800,0,0,0.0,0.0,8,6,48,4,0,89,19,0.0
24278819400,54797008100,0,0,0.0,0.0,21,4,84,6,2,65,51,0.08823529411764706
57221436999,57457149700,0,0,0.0,0.0,1,1,1,3,1,9,3,0.0
57199731514,7004401732,0,0,0.0,0.0,3,26,78,26,2,1130,230,0.06818181818181818
55868704200,57211980385,0,0,0.0,0.0,26,1,26,10,8,270,262,0.0
57212021422,7007060970,0,0,0.0,0.0,6,17,102,11,7,327,305,0.0
36461041400,56674631200,0,0,0.0,0.0,6,6,36,9,1,157,63,0.10909090909090909
23988400700,57578634600,0,0,0.0,0.0,11,2,22,4,4,106,106,0.0
56441147000,56770826700,0,0,0.0,0.0,7,6,42,11,1,322,142,0.0
57212314332,57497371000,0,0,0.0,0.0,24,2,48,9,9,323,323,0.04
14013330900,57200116102,0,0,0.0,0.0,1,6,6,4,0,43,7,0.0
57219161373,57360507500,0,0,0.0,0.0,6,1,6,4,0,21,11,0.0
56385629000,57278847300,0,0,0.0,0.0,35,18,630,16,8,568,412,0.054945054945054944
57201155862,57219249545,0,0,0.0,0.0,4,14,56,7,5,216,184,0.0
56523519500,57194547700,0,0,0.0,0.0,20,10,200,15,7,684,570,0.02857142857142857
54408304200,57193093623,0,0,0.0,0.0,1,12,12,13,7,421,387,0.03225806451612903
43861246800,6603780090,0,0,0.0,0.0,10,15,150,9,5,301,199,0.03773584905660377
16743542100,57191878940,0,0,0.0,0.0,21,12,252,12,4,371,191,0.11627906976744186
57214932830,59791432300,0,0,0.0,0.0,3,1,3,2,2,6,6,0.0
57226680783,6701901312,0,0,0.0,0.0,8,16,128,13,5,246,120,0.075
57207744163,57208425001,0,0,0.0,0.0,12,7,84,5,1,85,23,0.2
35609379300,56368061500,0,0,0.0,0.0,1,4,4,47,43,6005,5973,0.0
56537108900,57211031880,0,0,0.0,0.0,87,2,174,17,13,631,605,0.047619047619047616
57188683967,57201734615,0,0,0.0,0.0,1,58,58,15,11,796,680,0.04477611940298507
54584961800,57194055042,0,0,0.0,0.0,5,1,5,4,0,96,10,0.0
35602313000,57215145301,0,0,0.0,0.0,35,6,210,11,5,195,137,0.06
55848380500,57192718321,0,0,0.0,0.0,12,4,48,18,4,1230,668,0.13333333333333333
57265162800,7004211122,0,0,0.0,0.0,4,10,40,11,3,390,138,0.16129032258064516
54998634900,57189758876,0,0,0.0,0.0,7,17,119,9,5,200,104,0.22580645161290322
57196706353,8962997000,0,0,0.0,0.0,7,89,623,31,19,2065,1863,0.04395604395604396
36017460300,56527129000,0,0,0.0,0.0,12,31,372,9,5,251,173,0.20930232558139536
57215362609,57219884099,0,0,0.0,0.0,5,12,60,4,0,21,1,0.0
57202939548,57921050600,0,0,0.0,0.0,24,4,96,8,8,124,124,0.07692307692307693
36924429000,8882780600,0,0,0.0,0.0,1,1,1,6,2,49,23,0.029411764705882353
57204524013,57212453508,0,0,0.0,0.0,1,5,5,3,1,30,12,0.0
57202094662,58472101200,0,0,0.0,0.0,1,7,7,5,1,241,191,0.0
56026888300,57193356957,0,0,0.0,0.0,2,1,2,3,1,22,6,0.0
35797450100,56237393300,0,0,0.0,0.0,3,3,9,5,1,41,17,0.0410958904109589
40361627700,57220897367,0,0,0.0,0.0,4,7,28,3,1,15,5,0.0
57216893366,57219672415,0,0,0.0,0.0,3,7,21,4,0,228,206,0.0
55932949800,55986627700,0,0,0.0,0.0,24,20,480,28,18,2677,2425,0.23333333333333334
26647133500,57201990363,0,0,0.0,0.0,14,36,504,9,1,132,4,0.21951219512195122
56151478400,57284114100,0,0,0.0,0.0,41,6,246,11,7,393,315,0.04
55361659900,55567301300,0,0,0.0,0.0,19,13,247,13,1,277,57,0.16666666666666666
57204103404,57205632211,0,0,0.0,0.0,1,2,2,6,0,205,161,0.0
57214861984,6701547321,0,0,0.0,0.0,5,15,75,5,3,62,54,0.0
36898360800,7006196140,0,0,0.0,0.0,12,14,168,10,4,246,50,0.19696969696969696
57206693050,57222395294,0,0,0.0,0.0,8,9,72,5,1,79,31,0.1
57222377612,58082494500,0,0,0.0,0.0,7,6,42,4,0,30,2,0.1111111111111111
57203852441,57208745531,0,0,0.0,0.0,6,3,18,4,0,40,6,0.0
57210569063,57429841700,0,0,0.0,0.0,5,1,5,3,1,65,39,0.12
53663773900,56529093700,0,0,0.0,0.0,2,2,4,6,0,381,273,0.046511627906976744
57203455596,57213814632,0,0,0.0,0.0,2,5,10,6,2,71,31,0.0
24167716600,57216590176,0,0,0.0,0.0,35,6,210,16,4,457,91,0.0
55303432300,57190761644,0,0,0.0,0.0,10,2,20,6,2,99,81,0.0
55325186200,57204478890,0,0,0.0,0.0,2,15,30,5,1,86,68,0.0
57205145236,57217154962,0,0,0.0,0.0,3,5,15,4,0,88,18,0.0
57205073315,6603351261,0,0,0.0,0.0,15,4,60,5,1,46,18,0.0
57221496394,58975341700,0,0,0.0,0.0,3,3,9,10,2,259,37,0.19230769230769232
55344487200,57196297669,0,0,0.0,0.0,16,8,128,9,1,299,77,0.08695652173913043
57190837633,7004573622,0,0,0.0,0.0,2,42,84,27,23,1635,1611,0.14864864864864866
56732974800,6602971364,0,0,0.0,0.0,22,4,88,7,3,112,72,0.18181818181818182
7102064670,8718772800,0,0,0.0,0.0,2,10,20,8,4,203,155,0.02857142857142857
57201573233,57262367600,0,0,0.0,0.0,7,3,21,6,4,149,129,0.05
56593551000,57212610783,0,0,0.0,0.0,7,10,70,7,3,429,407,0.05
57214092801,57219387197,0,0,0.0,0.0,5,20,100,5,1,49,9,0.0
56556871700,57451854100,0,0,0.0,0.0,8,5,40,5,1,25,13,0.14285714285714285
57194646658,57222542321,0,0,0.0,0.0,3,6,18,9,1,491,107,0.0
27067901300,57221606534,0,0,0.0,0.0,8,84,672,6,4,200,170,0.041666666666666664
35410389400,57203845954,0,0,0.0,0.0,3,8,24,4,2,52,18,0.0
58200046600,58667890700,0,0,0.0,0.0,10,4,40,4,2,46,44,0.0
56494277900,57094031700,0,0,0.0,0.0,8,19,152,14,6,275,213,0.375
18434783700,56576608900,0,0,0.0,0.0,8,13,104,14,2,306,78,0.034482758620689655
36151189100,55469668000,0,0,0.0,0.0,13,3,39,5,1,61,3,0.10256410256410256
55510111500,56316545200,0,0,0.0,0.0,1,7,7,10,6,400,346,0.09302325581395349
55266705500,56140052600,0,0,0.0,0.0,5,2,10,8,4,295,91,0.03225806451612903
48860936400,57194232387,0,0,0.0,0.0,5,23,115,14,4,562,340,0.10416666666666667
56716031800,57189254214,0,0,0.0,0.0,3,2,6,3,1,47,27,0.05
54389051200,58582140500,0,0,0.0,0.0,6,4,24,10,4,188,140,0.024390243902439025
24537961100,57221712438,0,0,0.0,0.0,2,17,34,4,2,91,83,0.0
55062282700,57197023682,0,0,0.0,0.0,1,9,9,8,2,335,5,0.0
35619118900,57197139370,0,0,0.0,0.0,25,10,250,11,9,307,291,0.0
15021715600,56999263100,0,0,0.0,0.0,12,1,12,5,3,105,55,0.022727272727272728
55247019400,57222377612,0,0,0.0,0.0,9,7,63,4,0,40,8,0.0
55133761700,57215592478,0,0,0.0,0.0,11,5,55,7,3,300,290,0.0
36598939000,57218177878,0,0,0.0,0.0,14,3,42,8,2,165,95,0.0
57190381783,58071501400,0,0,0.0,0.0,6,1,6,5,1,62,14,0.0
36851295700,7201890059,0,0,0.0,0.0,11,12,132,14,6,304,222,0.1791044776119403
57215151862,6601978164,0,0,0.0,0.0,4,70,280,32,24,2858,2718,0.04225352112676056
56701962100,7003686739,0,0,0.0,0.0,10,23,230,8,2,89,51,0.10810810810810811
57413715900,58253682400,0,0,0.0,0.0,32,7,224,4,0,52,32,0.0
56227341800,57143944000,0,0,0.0,0.0,2,6,12,12,6,749,669,0.20588235294117646
57200121227,57205627840,0,0,0.0,0.0,7,14,98,12,8,277,239,0.07142857142857142
55554576000,56383442400,0,0,0.0,0.0,7,5,35,4,0,75,27,0.0
56308309200,57224117026,0,0,0.0,0.0,11,15,165,7,1,175,35,0.07894736842105263
14049155900,56263403900,0,0,0.0,0.0,1,6,6,3,1,10,0,0.0
57130935800,57200755425,0,0,0.0,0.0,6,86,516,10,6,1224,1154,0.25
35101968300,55770297800,0,0,0.0,0.0,24,4,96,6,4,62,50,0.0
55915590900,58102558100,0,0,0.0,0.0,17,6,102,9,5,141,105,0.10526315789473684
33768086600,9746797800,0,8,0.06896551724137931,1.8305814163120786,33,91,3003,19,9,792,554,0.1956521739130435
56366658300,57195593033,0,0,0.0,0.0,62,3,186,13,7,330,242,0.07142857142857142
57194183386,57194633231,0,0,0.0,0.0,6,5,30,2,0,16,0,0.0
57194348036,57237785000,0,0,0.0,0.0,10,3,30,6,2,104,24,0.05555555555555555
55343310400,57215107389,0,0,0.0,0.0,2,1,2,3,1,48,42,0.0
57195256431,57204108963,0,0,0.0,0.0,10,8,80,7,1,128,16,0.047619047619047616
55754467500,7003557544,0,0,0.0,0.0,4,30,120,27,21,3863,3701,0.0945945945945946
6504285422,7102666167,0,8,0.27586206896551724,1.7724204298956525,18,19,342,12,2,214,78,0.2
54791865700,7004521489,0,0,0.0,0.0,12,35,420,15,3,347,195,0.21666666666666667
55249513200,57219400414,0,0,0.0,0.0,9,7,63,9,3,409,367,0.06451612903225806
56526383300,57190183602,0,0,0.0,0.0,2,8,16,4,0,59,23,0.12
56709549400,57208236682,0,0,0.0,0.0,5,5,25,7,1,138,22,0.0425531914893617
57212227838,57614738900,0,0,0.0,0.0,4,11,44,2,0,12,6,0.0
57194055042,7003544066,0,0,0.0,0.0,1,36,36,11,7,242,136,0.0
53063493500,7007018624,0,0,0.0,0.0,67,32,2144,23,5,851,485,0.09210526315789473
57203021622,57218286932,0,0,0.0,0.0,6,5,30,4,0,102,6,0.0625
57202578790,57226337681,0,0,0.0,0.0,17,11,187,11,1,232,78,0.0
57202585495,57990097600,0,0,0.0,0.0,9,11,99,8,2,221,27,0.0
57200695435,6506156863,0,0,0.0,0.0,23,4,92,8,2,238,78,0.0
26022392400,55329077700,0,0,0.0,0.0,25,2,50,18,12,694,534,0.15873015873015872
55622609300,57203930984,0,0,0.0,0.0,5,13,65,4,0,71,35,0.0
30567549800,56659358100,0,0,0.0,0.0,9,4,36,9,1,121,5,0.10526315789473684
56817814000,57211520883,0,0,0.0,0.0,6,2,12,7,3,91,51,0.07407407407407407
55347958000,57192211666,0,0,0.0,0.0,3,10,30,4,0,26,10,0.21739130434782608
57310887700,57865907500,0,0,0.0,0.0,6,2,12,4,0,30,14,0.0
10939275100,57219791677,0,0,0.0,0.0,17,1,17,16,12,920,906,0.0
36802444100,57894035200,0,0,0.0,0.0,3,13,39,5,1,88,66,0.047619047619047616
57212391108,57226449174,0,0,0.0,0.0,13,11,143,10,4,336,232,0.1
57200078915,57447340800,0,0,0.0,0.0,8,2,16,6,2,110,4,0.13333333333333333
55941225400,57203822525,0,0,0.0,0.0,7,15,105,14,0,482,222,0.046511627906976744
56239297000,57193929795,0,0,0.0,0.0,3,1,3,4,0,38,14,0.0
58828716700,7006505400,0,0,0.0,0.0,2,43,86,12,10,378,376,0.017543859649122806
57209008490,8715712100,0,0,0.0,0.0,8,7,56,8,4,100,30,0.022727272727272728
56857250500,58766061200,0,0,0.0,0.0,4,5,20,7,5,100,98,0.0
57204099075,6506776579,0,0,0.0,0.0,6,209,1254,28,22,3946,3862,0.16901408450704225
57205123119,6505819924,0,0,0.0,0.0,4,11,44,5,3,62,50,0.05714285714285714
36451118600,57215776173,0,0,0.0,0.0,8,12,96,7,3,94,70,0.0
14021049800,54901949900,0,0,0.0,0.0,20,5,100,8,4,103,47,0.07142857142857142
55898255600,57226165089,0,0,0.0,0.0,4,7,28,10,4,324,28,0.2112676056338028
57193877561,7005952973,0,0,0.0,0.0,4,3,12,12,0,318,42,0.07368421052631578
7006611602,7006827604,0,0,0.0,0.0,21,23,483,14,10,891,673,0.3068181818181818
57205342050,57217018455,0,0,0.0,0.0,10,8,80,8,2,224,152,0.0
56901169400,57206039206,0,0,0.0,0.0,2,7,14,5,1,124,76,0.07692307692307693
57031886100,57209364426,0,0,0.0,0.0,11,10,110,8,0,147,61,0.0
35552663800,9273383800,0,0,0.0,0.0,18,51,918,17,3,410,158,0.10679611650485436
57209828320,57215663741,0,0,0.0,0.0,6,5,30,6,4,56,54,0.0
55002971800,55626682400,0,0,0.0,0.0,10,4,40,5,1,104,32,0.027777777777777776
57204093450,57219330311,0,0,0.0,0.0,4,12,48,4,0,77,7,0.0
57103819300,7006200042,0,0,0.0,0.0,9,57,513,22,18,1395,1293,0.0
57214877947,57672073500,0,0,0.0,0.0,7,4,28,5,1,227,209,0.0
57220434860,58986651200,0,0,0.0,0.0,9,5,45,6,2,106,28,0.0
57200422086,57218556770,0,0,0.0,0.0,11,4,44,8,4,181,79,0.07407407407407407
26654926000,57202349525,0,0,0.0,0.0,7,23,161,13,3,300,88,0.06153846153846154
7102210862,8299640100,0,0,0.0,0.0,27,23,621,16,4,488,278,0.016666666666666666
55369035500,57211516339,0,0,0.0,0.0,13,2,26,4,0,22,4,0.022988505747126436
24381651100,57191492900,0,0,0.0,0.0,25,6,150,7,1,79,21,0.05555555555555555
36145399600,57261257200,0,0,0.0,0.0,13,3,39,5,1,34,12,0.13636363636363635
56825146000,57217138390,0,0,0.0,0.0,15,2,30,10,4,205,139,0.08333333333333333
57215043417,57576247800,0,0,0.0,0.0,4,4,16,3,1,44,36,0.0
23096090400,57215151862,0,0,0.0,0.0,1,4,4,7,1,110,30,0.0
55859432100,57214244618,0,0,0.0,0.0,5,4,20,6,2,135,103,0.0
57204638546,57222634123,0,0,0.0,0.0,3,10,30,7,3,107,55,0.03571428571428571
35322830900,56768212800,0,0,0.0,0.0,20,5,100,11,7,302,274,0.0
25947321200,57206032001,0,0,0.0,0.0,23,9,207,16,4,399,43,0.022222222222222223
24476818100,57209182762,0,0,0.0,0.0,10,6,60,8,2,224,100,0.0
57205307761,57215102728,0,0,0.0,0.0,1,36,36,4,0,104,86,0.07692307692307693
55616120700,7006097264,0,0,0.0,0.0,7,27,189,14,6,376,298,0.1388888888888889
56033235800,58635998700,0,0,0.0,0.0,2,2,4,3,1,11,3,0.0
57196236454,57207121382,0,0,0.0,0.0,13,5,65,7,1,100,28,0.08823529411764706
56227341800,57218573553,0,0,0.0,0.0,2,6,12,5,1,58,22,0.0
12776250500,24831558400,0,0,0.0,0.0,5,27,135,9,1,230,10,0.044444444444444446
57202072541,58636377600,0,0,0.0,0.0,18,0,0,6,4,67,57,0.0
57203511535,7201764396,0,0,0.0,0.0,2,11,22,4,0,61,15,0.0
58074396900,6602487131,0,0,0.0,0.0,4,6,24,13,13,781,781,0.03773584905660377
13205307600,57205215527,0,0,0.0,0.0,17,3,51,7,5,172,164,0.020833333333333332
56903779800,57215444648,0,0,0.0,0.0,16,11,176,10,4,618,448,0.07692307692307693
24336430800,6603729308,0,0,0.0,0.0,34,25,850,22,8,813,489,0.21052631578947367
35585451000,7004062333,0,0,0.0,0.0,97,7,679,21,13,914,694,0.11214953271028037
57204783922,57222536963,0,0,0.0,0.0,3,10,30,6,2,140,38,0.0
55589269800,57193452712,0,0,0.0,0.0,2,9,18,4,0,62,10,0.0
57221369272,57429254000,0,0,0.0,0.0,46,4,184,4,4,239,239,0.0
56289557600,57222556832,0,0,0.0,0.0,4,6,24,7,1,76,30,0.2962962962962963
36095740700,36492568500,0,0,0.0,0.0,2,2,4,8,4,291,49,0.2962962962962963
57743985700,8544008900,0,0,0.0,0.0,5,3,15,3,1,50,14,0.0
57200218961,57719990600,0,0,0.0,0.0,9,11,99,3,1,129,113,0.0
57200700773,57216414176,0,0,0.0,0.0,4,8,32,16,2,716,496,0.13333333333333333
57194186623,7005364633,0,0,0.0,0.0,8,7,56,12,4,209,129,0.02857142857142857
57215486453,7202606880,0,0,0.0,0.0,2,22,44,19,15,1079,1055,0.0
12242010500,23987645200,0,0,0.0,0.0,17,1,17,8,6,298,282,0.0
57207826682,57216893366,0,0,0.0,0.0,20,3,60,4,0,240,194,0.03571428571428571
57214187522,59850437200,0,0,0.0,0.0,4,2,8,3,1,74,44,0.0
57194854340,57212025718,0,0,0.0,0.0,1,7,7,4,2,33,9,0.125
57199731514,6506641033,0,0,0.0,0.0,3,23,69,23,1,876,24,0.02702702702702703
54783293900,57189061659,0,0,0.0,0.0,2,2,4,6,2,108,82,0.15
57189253636,57201407965,0,0,0.0,0.0,2,34,68,9,5,192,38,0.13793103448275862
57837199100,7004426962,0,0,0.0,0.0,3,58,174,23,19,1499,1373,0.014925373134328358
57201857610,57210842981,0,0,0.0,0.0,3,12,36,4,2,111,35,0.058823529411764705
56135789200,6506561384,0,0,0.0,0.0,5,6,30,4,0,82,30,0.02857142857142857
55216567600,55538971700,0,0,0.0,0.0,5,7,35,7,1,84,18,0.0
57202785952,7005755002,0,0,0.0,0.0,12,16,192,10,2,209,123,0.044444444444444446
54410372700,57216908760,0,0,0.0,0.0,1,8,8,5,1,106,16,0.0
37102119100,57099808000,0,0,0.0,0.0,34,10,340,16,2,401,159,0.08108108108108109
57200037148,57201096233,0,0,0.0,0.0,7,6,42,10,4,254,212,0.0
6701722261,8225271400,0,0,0.0,0.0,31,7,217,11,7,205,189,0.0
57208691584,57215151862,0,0,0.0,0.0,2,4,8,6,2,83,57,0.0
26530872400,57221688357,0,0,0.0,0.0,5,4,20,4,0,27,5,0.0
26032541600,57205540254,0,0,0.0,0.0,7,13,91,6,2,119,69,0.03225806451612903
55622679800,57190170514,0,0,0.0,0.0,58,8,464,13,9,461,393,0.057971014492753624
57217336947,57894035200,0,0,0.0,0.0,6,13,78,4,0,54,32,0.06666666666666667
57214192444,57221501622,0,0,0.0,0.0,9,1,9,3,1,73,45,0.0
15134994000,56672404300,0,0,0.0,0.0,9,13,117,6,2,157,145,0.07692307692307693
57214183847,57226335939,0,0,0.0,0.0,9,2,18,7,1,81,9,0.0
16022096800,57195903324,0,0,0.0,0.0,7,5,35,5,3,41,37,0.0
56541553400,57259086200,0,0,0.0,0.0,3,1,3,4,0,45,21,0.07692307692307693
57205433716,58317816000,0,0,0.0,0.0,2,9,18,3,1,109,61,0.08333333333333333
56393969400,57189267051,0,0,0.0,0.0,13,27,351,27,3,1601,21,0.30303030303030304
57204575069,7004265737,0,0,0.0,0.0,2,6,12,12,8,336,264,0.041666666666666664
57132480100,57206133412,0,0,0.0,0.0,3,15,45,8,2,186,148,0.017241379310344827
57194031859,57215144273,0,0,0.0,0.0,8,5,40,6,2,90,44,0.0
7004194383,7801598304,0,0,0.0,0.0,3,16,48,14,6,239,169,0.18181818181818182
35745451600,7404277487,0,0,0.0,0.0,1,69,69,8,4,537,461,0.16216216216216217
55319211200,7102733067,0,0,0.0,0.0,1,19,19,14,10,385,365,0.023255813953488372
57118110300,57209008905,0,0,0.0,0.0,1,5,5,6,2,117,75,0.041666666666666664
16643141600,56662790000,0,0,0.0,0.0,9,6,54,8,4,134,92,0.2619047619047619
31667532100,57205247793,0,0,0.0,0.0,32,1,32,19,15,752,688,0.0
36978732600,57197711987,0,0,0.0,0.0,8,4,32,5,1,98,80,0.043478260869565216
35976473700,57193492200,0,0,0.0,0.0,15,5,75,6,4,74,58,0.0
36971878100,56433597800,0,0,0.0,0.0,1,13,13,9,1,396,156,0.0
55538971700,57220509361,0,0,0.0,0.0,7,7,49,8,0,130,28,0.0
56231177500,57208645087,0,0,0.0,0.0,65,8,520,13,7,404,242,0.125
57192378182,57203372876,0,0,0.0,0.0,6,5,30,4,0,43,5,0.0
6506472913,6507638077,0,0,0.0,0.0,5,89,445,13,5,363,281,0.016129032258064516
55941225400,56768152200,0,0,0.0,0.0,7,22,154,17,3,333,73,0.03773584905660377
55325823300,55931005800,0,0,0.0,0.0,2,13,26,13,3,276,28,0.02127659574468085
57218159427,57222474421,0,0,0.0,0.0,18,2,36,6,2,52,34,0.0
55556296100,57221085828,0,0,0.0,0.0,12,5,60,11,7,272,264,0.0
56747438200,57201550536,0,0,0.0,0.0,10,1,10,5,3,161,155,0.0
56834997800,7006637649,0,0,0.0,0.0,20,27,540,25,15,1805,1633,0.028169014084507043
57192700087,7201790171,0,0,0.0,0.0,5,5,25,3,1,49,19,0.0
56963400100,57206032001,0,0,0.0,0.0,2,9,18,8,4,190,166,0.0
54784204200,57191476074,0,0,0.0,0.0,15,1,15,6,0,209,89,0.0
56845515200,57195282664,0,0,0.0,0.0,3,4,12,5,1,142,48,0.0
57221452241,57223307001,0,0,0.0,0.0,2,6,12,4,0,28,6,0.058823529411764705
23981156000,57211010956,0,0,0.0,0.0,21,5,105,7,3,147,35,0.038461538461538464
55332536900,57203823276,0,0,0.0,0.0,18,5,90,8,4,188,112,0.0
55675601900,7202551071,0,0,0.0,0.0,5,13,65,13,1,255,37,0.0425531914893617
56668772700,57208425908,0,0,0.0,0.0,17,3,51,12,8,331,233,0.043478260869565216
56025855800,57203223181,0,0,0.0,0.0,6,3,18,7,3,67,21,0.0625
16062998800,58472101200,0,0,0.0,0.0,1,7,7,5,1,241,191,0.041666666666666664
55778572900,57207841332,0,0,0.0,0.0,3,4,12,6,4,47,43,0.2692307692307692
53979318000,57226149147,0,0,0.0,0.0,9,17,153,9,3,141,39,0.06666666666666667
56122157300,7005386667,0,0,0.0,0.0,55,2,110,19,7,652,310,0.04477611940298507
56584408200,57221393685,0,0,0.0,0.0,44,2,88,21,19,1539,1537,0.022222222222222223
57192650467,57210805930,0,0,0.0,0.0,2,8,16,6,2,254,170,0.0
44461002100,57209746692,0,0,0.0,0.0,5,0,0,2,2,29,29,0.0
57207615640,57217116183,0,0,0.0,0.0,4,35,140,10,6,235,89,0.06451612903225806
56333325300,57204352960,0,0,0.0,0.0,51,4,204,15,13,505,467,0.07142857142857142
57194021664,8551369700,0,0,0.0,0.0,32,19,608,11,3,512,402,0.017857142857142856
57200965730,57788715000,0,0,0.0,0.0,12,6,72,6,4,109,103,0.0
55413928100,7003789671,0,0,0.0,0.0,3,8,24,5,1,42,28,0.08333333333333333
57214862204,59158527300,0,0,0.0,0.0,6,8,48,5,1,148,10,0.2777777777777778
57200070246,57204359651,0,0,0.0,0.0,5,6,30,6,4,62,52,0.0
55867037900,57209292495,0,0,0.0,0.0,3,9,27,5,1,107,7,0.15384615384615385
57212705551,57559982600,0,0,0.0,0.0,45,5,225,18,14,755,741,0.03571428571428571
55089982700,57932056700,0,0,0.0,0.0,1,1,1,4,0,50,36,0.0
57904040900,7102178796,0,0,0.0,0.0,3,9,27,15,13,481,467,0.0
35324039000,6602543045,0,0,0.0,0.0,2,16,32,19,11,765,635,0.041666666666666664
58020431000,6603936681,0,0,0.0,0.0,4,28,112,10,4,236,80,0.1282051282051282
57202590581,57215502619,0,0,0.0,0.0,4,8,32,11,7,243,199,0.022727272727272728
57201740576,57218836033,0,0,0.0,0.0,10,1,10,3,1,18,0,0.0
12771529000,57195429424,0,0,0.0,0.0,4,5,20,5,3,79,53,0.041666666666666664
35619528200,39961645000,0,0,0.0,0.0,9,21,189,11,1,200,10,0.0
18437640800,7403277146,0,0,0.0,0.0,5,2,10,7,5,118,64,0.0
40262544400,57194232387,0,0,0.0,0.0,5,23,115,7,3,178,44,0.16666666666666666
54388326500,57195350761,0,0,0.0,0.0,5,10,50,5,1,26,16,0.0
56992310200,57203789639,0,0,0.0,0.0,5,38,190,10,4,256,164,0.05555555555555555
55241765900,6603354500,0,0,0.0,0.0,5,5,25,9,5,219,149,0.034482758620689655
57207623517,57212308864,0,0,0.0,0.0,2,3,6,6,0,59,13,0.0
35772986700,57223026498,0,0,0.0,0.0,6,11,66,6,0,172,118,0.0
55770297800,55919995400,0,0,0.0,0.0,4,20,80,8,6,174,162,0.0
36652331000,57205677091,0,0,0.0,0.0,12,9,108,10,6,499,425,0.038461538461538464
55469668000,8424235900,0,0,0.0,0.0,3,37,111,8,2,135,71,0.19444444444444445
16025957000,56326376300,0,0,0.0,0.0,30,2,60,9,3,265,107,0.07547169811320754
57195314179,57195573495,0,0,0.0,0.0,6,19,114,8,4,146,120,0.023255813953488372
57195394779,57213566990,0,0,0.0,0.0,7,1,7,4,0,58,14,0.1
57200188106,57222221127,0,0,0.0,0.0,6,4,24,4,0,83,7,0.0
57077922100,57221936035,0,0,0.0,0.0,1,2,2,4,0,23,11,0.0
54382485600,57212389835,0,0,0.0,0.0,39,3,117,9,5,348,78,0.030303030303030304
57194869340,57216009455,0,0,0.0,0.0,48,4,192,11,9,358,262,0.0
57195265762,57215769602,0,0,0.0,0.0,2,2,4,1,1,2,2,0.0
57194547700,57201281807,0,0,0.0,0.0,10,2,20,14,8,656,598,0.031746031746031744
57195504303,7203089161,0,0,0.0,0.0,12,5,60,14,2,294,148,0.10256410256410256
35185387700,6602681536,0,0,0.0,0.0,3,15,45,9,5,229,171,0.17777777777777778
56919341400,57205143340,0,0,0.0,0.0,4,53,212,16,4,589,31,0.0625
57191259498,57213814632,0,0,0.0,0.0,6,5,30,6,2,249,209,0.0
56545194900,57221246668,0,0,0.0,0.0,9,3,27,8,4,107,45,0.10344827586206896
57211849751,57218864767,0,0,0.0,0.0,3,7,21,6,2,70,42,0.0
57189703568,57200561274,0,0,0.0,0.0,7,2,14,9,3,183,157,0.1111111111111111
55532526000,57203284883,0,0,0.0,0.0,4,7,28,4,0,34,8,0.0
56425076100,57200283406,0,0,0.0,0.0,15,2,30,5,1,105,91,0.10526315789473684
56131617800,57214175164,0,0,0.0,0.0,3,4,12,3,1,53,35,0.0
57201725745,57224114773,0,0,0.0,0.0,13,7,91,8,4,219,171,0.02040816326530612
57210132299,8630861900,0,0,0.0,0.0,3,10,30,5,1,116,16,0.0
37037191100,57195473054,0,0,0.0,0.0,1,1,1,7,1,134,40,0.0
57210841125,57268089700,0,0,0.0,0.0,2,5,10,3,1,42,12,0.0
57226577471,57429254000,0,0,0.0,0.0,3,4,12,2,2,37,37,0.0
57204724009,57219706579,0,0,0.0,0.0,4,3,12,7,1,102,50,0.02702702702702703
57195313178,6504395175,0,0,0.0,0.0,5,8,40,7,3,111,99,0.022222222222222223
55445812900,57201456169,0,0,0.0,0.0,5,5,25,5,1,93,75,0.0
27467963800,57218387464,0,0,0.0,0.0,12,6,72,7,3,76,64,0.1
57195593253,7201854991,0,0,0.0,0.0,7,19,133,12,2,198,16,0.047619047619047616
37562228500,57210344965,0,0,0.0,0.0,15,2,30,5,1,143,65,0.0
57206934725,57220859011,0,0,0.0,0.0,16,11,176,9,1,209,83,0.045454545454545456
57218681957,57223051751,0,0,0.0,0.0,5,1,5,1,1,15,15,0.0
56745087900,57201155862,0,0,0.0,0.0,8,4,32,4,2,75,43,0.0
23476510600,57219820552,0,0,0.0,0.0,4,2,8,3,1,242,220,0.0
16634614100,7202594350,0,0,0.0,0.0,40,4,160,15,11,738,654,0.05263157894736842
22985592800,55974158800,0,0,0.0,0.0,5,3,15,7,1,80,10,0.0
56825146000,7003789671,0,0,0.0,0.0,15,8,120,10,4,207,137,0.05128205128205128
57366114000,59797986500,0,0,0.0,0.0,2,2,4,4,0,28,8,0.0
57202513641,57211336525,0,0,0.0,0.0,13,13,169,8,4,104,74,0.0
57210691053,57218251679,0,0,0.0,0.0,29,2,58,6,4,167,159,0.0
57195426504,57218257206,0,0,0.0,0.0,4,5,20,5,1,228,118,0.0
35338069100,55532526000,0,0,0.0,0.0,15,4,60,4,0,106,64,0.043478260869565216
57204291056,7005909070,0,0,0.0,0.0,4,20,80,6,2,91,37,0.0
57190169591,57220044618,0,0,0.0,0.0,8,4,32,10,6,290,198,0.19230769230769232
35567766200,36144437800,0,0,0.0,0.0,30,10,300,14,12,920,908,0.05084745762711865
55508673500,7004578182,0,0,0.0,0.0,6,37,222,16,10,848,726,0.10416666666666667
35950439400,57216361338,0,0,0.0,0.0,4,7,28,7,3,159,117,0.041666666666666664
57226350513,7402213724,0,0,0.0,0.0,0,11,0,14,10,429,409,0.11904761904761904
57195675149,58305032800,0,0,0.0,0.0,0,3,0,4,0,34,20,0.0
57201725745,57201878797,0,0,0.0,0.0,13,1,13,8,4,202,188,0.10416666666666667
28367982900,57208088761,0,0,0.0,0.0,40,3,120,11,7,303,207,0.06896551724137931
23490079100,57212705551,0,0,0.0,0.0,3,45,135,17,15,757,739,0.06896551724137931
36970994100,56603977800,0,0,0.0,0.0,8,7,56,5,1,66,4,0.061224489795918366
57094669700,57215693018,0,0,0.0,0.0,14,2,28,5,3,48,38,0.09523809523809523
56527030000,59454890900,0,0,0.0,0.0,3,3,9,4,2,52,4,0.0
56074017300,57753975100,0,0,0.0,0.0,38,9,342,12,8,515,499,0.08333333333333333
57198154555,57210960198,0,3,0.019867549668874173,0.7590977841439173,19,135,2565,14,4,1288,1172,0.23333333333333334
57202955220,57208081454,0,0,0.0,0.0,3,5,15,4,0,119,41,0.0
45661023000,55344487200,0,0,0.0,0.0,7,16,112,5,3,114,108,0.03225806451612903
35086939400,57195735397,0,0,0.0,0.0,10,9,90,13,5,378,12,0.0
57201434495,6603061539,0,0,0.0,0.0,6,11,66,10,6,268,64,0.022727272727272728
56583543400,57215150045,0,0,0.0,0.0,16,4,64,15,3,397,117,0.02127659574468085
57205548821,57226244654,0,0,0.0,0.0,2,13,26,2,0,13,3,0.09090909090909091
57190662275,57203028938,0,0,0.0,0.0,5,63,315,45,43,6057,6033,0.025
24167716600,57212554434,0,0,0.0,0.0,35,15,525,16,4,404,144,0.08
57295361800,7101975791,0,0,0.0,0.0,6,22,132,24,22,1436,1430,0.027777777777777776
57193451329,57203099111,0,0,0.0,0.0,6,1,6,3,1,89,81,0.0
56656184700,56665426600,0,0,0.0,0.0,5,2,10,4,0,57,11,0.07142857142857142
25031854100,57201864122,0,0,0.0,0.0,3,17,51,7,1,72,20,0.27906976744186046
57201185210,57209542137,0,0,0.0,0.0,6,2,12,6,4,186,172,0.075
55558132100,57194347166,0,0,0.0,0.0,17,10,170,11,5,188,124,0.045454545454545456
57217989463,8533612500,0,0,0.0,0.0,6,3,18,4,0,45,27,0.0
57194439905,57810959300,0,0,0.0,0.0,5,4,20,5,3,158,126,0.0
57120078000,7801424387,0,0,0.0,0.0,1,12,12,6,2,237,1,0.0
57192929383,57454133500,0,0,0.0,0.0,0,5,0,3,1,25,15,0.0
55895199400,57207305344,0,0,0.0,0.0,1,16,16,5,1,166,128,0.06666666666666667
14007750600,57216294315,0,0,0.0,0.0,26,7,182,10,4,187,131,0.07317073170731707
56117747500,57210908574,0,0,0.0,0.0,5,6,30,4,0,65,23,0.0
56625931000,57216432854,0,0,0.0,0.0,9,4,36,8,2,120,74,0.0
57204784098,57226298314,0,0,0.0,0.0,2,14,28,4,0,53,37,0.0
55321897700,57189870236,0,0,0.0,0.0,21,5,105,8,6,119,107,0.0
55546293600,57202071668,0,0,0.0,0.0,11,19,209,7,1,295,261,0.043478260869565216
57200945886,7404382052,0,0,0.0,0.0,2,7,14,6,0,91,43,0.05714285714285714
57200338451,57204764225,0,0,0.0,0.0,6,19,114,20,8,742,588,0.34210526315789475
57078009900,57210924789,0,0,0.0,0.0,9,7,63,6,2,46,16,0.0
57193926781,7003478797,0,0,0.0,0.0,6,72,432,21,13,1280,1074,0.041666666666666664
56505483400,57202395857,0,0,0.0,0.0,7,7,49,27,17,2376,1936,0.15492957746478872
57220554391,7004650022,0,0,0.0,0.0,3,20,60,13,9,279,241,0.0
56253057200,7004518637,0,0,0.0,0.0,21,2,42,5,1,45,17,0.03773584905660377
57220064372,57639111000,0,1,0.021739130434782608,0.25433477814404226,13,34,442,7,1,115,15,0.18518518518518517
58934071000,6506995592,0,0,0.0,0.0,7,10,70,7,1,183,91,0.2619047619047619
57195256431,57195358619,0,0,0.0,0.0,10,3,30,7,1,155,11,0.02631578947368421
57193452712,57193957180,0,0,0.0,0.0,9,15,135,6,2,124,52,0.0
57195261969,57200334285,0,0,0.0,0.0,2,1,2,5,1,38,18,0.0
55859432100,57189391159,0,0,0.0,0.0,5,6,30,6,2,92,60,0.39285714285714285
56388715400,57218509637,0,0,0.0,0.0,3,4,12,4,0,162,70,0.05
24338809600,44361299900,0,0,0.0,0.0,5,16,80,9,1,189,27,0.023809523809523808
57205342050,58101468300,0,0,0.0,0.0,10,4,40,6,4,190,186,0.05263157894736842
57219446796,57220639868,0,0,0.0,0.0,20,11,220,7,1,160,34,0.0
24381811800,57199421474,0,0,0.0,0.0,35,10,350,15,11,430,366,0.10869565217391304
36554763200,7004476045,0,0,0.0,0.0,2,1,2,9,5,116,82,0.04878048780487805
57194560502,57202493835,0,0,0.0,0.0,5,7,35,7,1,69,27,0.0
57194507415,57195962305,0,0,0.0,0.0,14,8,112,7,1,85,23,0.0
57190662275,7801604422,0,0,0.0,0.0,5,10,50,7,5,108,84,0.0
25655622000,56519578400,0,0,0.0,0.0,18,8,144,11,5,309,3,0.075
55345344600,57219204189,0,0,0.0,0.0,4,6,24,2,2,20,20,0.07142857142857142
57203550028,57215821161,0,0,0.0,0.0,6,25,150,5,1,85,11,0.0
55667266000,6506420388,0,0,0.0,0.0,11,66,726,21,1,861,7,0.03571428571428571
56811564300,57218223824,0,0,0.0,0.0,11,10,110,8,2,207,133,0.0
57200212887,57201587268,0,0,0.0,0.0,3,1,3,4,0,126,88,0.0
57204343177,57205690880,0,0,0.0,0.0,9,2,18,6,0,124,96,0.0
57193495004,6603188445,0,0,0.0,0.0,2,33,66,8,4,224,46,0.0
57215969159,57216447728,0,0,0.0,0.0,1,0,0,4,0,110,60,0.0
35213201500,58749461200,0,0,0.0,0.0,5,2,10,7,5,6413,6407,0.009345794392523364
41261303800,7005797030,0,0,0.0,0.0,14,12,168,14,0,440,108,0.4791666666666667
56962704100,57216319401,0,0,0.0,0.0,16,9,144,8,4,125,35,0.0
57202968313,57207844316,0,0,0.0,0.0,13,1,13,10,6,362,338,0.0
57203784627,57212565921,0,0,0.0,0.0,14,5,70,5,1,138,56,0.0
23990618900,57195512502,0,0,0.0,0.0,9,14,126,11,5,483,427,0.0
55130633800,57191614204,0,0,0.0,0.0,7,10,70,3,1,28,24,0.0
36970630800,57202361345,0,0,0.0,0.0,24,1,24,11,7,275,255,0.11538461538461539
55353996100,6603640296,0,0,0.0,0.0,11,8,88,8,2,125,17,0.15789473684210525
57224075170,57313075200,0,0,0.0,0.0,4,4,16,3,1,48,40,0.0
59740856700,6508352050,0,0,0.0,0.0,3,31,93,12,8,336,314,0.0
57194735868,57200284842,0,0,0.0,0.0,18,6,108,8,4,257,125,0.037037037037037035
57194788857,6602109801,0,0,0.0,0.0,4,2,8,5,1,45,21,0.35
37560946400,55252654100,0,0,0.0,0.0,26,4,104,18,14,871,589,0.046875
57203118946,57223174150,0,0,0.0,0.0,9,7,63,8,4,396,316,0.041666666666666664
56381411700,57218376468,0,0,0.0,0.0,5,26,130,14,10,441,423,0.18181818181818182
56405295900,57216371644,0,0,0.0,0.0,21,5,105,8,2,193,125,0.0
56638311500,57193087551,0,0,0.0,0.0,8,10,80,4,2,46,16,0.0
43461171700,55319040900,0,1,0.07692307692307693,0.3459762562611936,11,3,33,11,9,179,165,0.2857142857142857
57211252287,57817621100,0,0,0.0,0.0,1,5,5,4,2,25,23,0.0
57212369504,57218139650,0,0,0.0,0.0,17,5,85,5,3,201,125,0.037037037037037035
56435594400,57195574116,0,0,0.0,0.0,3,6,18,5,3,84,76,0.0
57222537781,6508168817,0,0,0.0,0.0,4,3,12,11,7,317,229,0.02631578947368421
57214171040,57760698700,0,0,0.0,0.0,1,10,10,2,0,7,1,0.0
55984805800,56526101200,0,0,0.0,0.0,5,6,30,5,1,167,83,0.0847457627118644
23488185000,54791348000,0,0,0.0,0.0,4,4,16,2,0,7,1,0.025
25621529400,57845858500,0,0,0.0,0.0,122,3,366,23,19,1986,1978,0.014492753623188406
57201564046,57218854552,0,0,0.0,0.0,2,4,8,4,0,107,43,0.0
55667485000,57211298407,0,0,0.0,0.0,15,9,135,12,6,232,192,0.023809523809523808
16426043400,56209004700,0,0,0.0,0.0,4,14,56,9,1,184,14,0.1
36973301500,57202322317,0,0,0.0,0.0,4,11,44,5,1,30,8,0.04
43461171700,57188728709,0,0,0.0,0.0,11,17,187,17,3,245,99,0.0392156862745098
57218509637,57290939000,0,0,0.0,0.0,4,2,8,4,0,77,15,0.0
57200371411,57981739400,0,0,0.0,0.0,3,5,15,4,0,17,7,0.0
7003327298,7003404516,0,0,0.0,0.0,12,36,432,17,1,1008,564,0.08771929824561403
56020397800,56928409300,0,0,0.0,0.0,23,7,161,9,3,282,182,0.09090909090909091
57195417633,8718772800,0,0,0.0,0.0,30,10,300,11,1,261,97,0.20930232558139536
56505366300,57217224230,0,0,0.0,0.0,32,3,96,10,6,204,90,0.0
57201634282,57202590581,0,0,0.0,0.0,19,4,76,11,7,187,143,0.13043478260869565
55754467500,8355630100,0,0,0.0,0.0,4,1,4,6,0,135,27,0.09433962264150944
57205727302,7005364633,0,0,0.0,0.0,5,7,35,9,1,110,30,0.045454545454545456
23472984600,57219510407,0,0,0.0,0.0,19,3,57,8,2,106,2,0.043478260869565216
57204501045,57221135771,0,0,0.0,0.0,3,1,3,7,3,156,144,0.041666666666666664
22733536400,55388213100,0,0,0.0,0.0,3,2,6,7,5,103,63,0.15625
57220184531,57223851595,0,0,0.0,0.0,9,5,45,6,2,193,29,0.05
57210805930,7004061355,0,0,0.0,0.0,8,47,376,17,13,576,492,0.0
56525306900,57194715865,0,0,0.0,0.0,5,2,10,10,2,406,284,0.13333333333333333
59662811800,7102060198,0,0,0.0,0.0,41,5,205,12,6,853,353,0.08928571428571429
56689342000,57222990908,0,0,0.0,0.0,8,32,256,11,3,161,89,0.0
57195735397,57215103060,0,0,0.0,0.0,9,12,108,8,0,324,42,0.11764705882352941
16238022000,56705418200,0,0,0.0,0.0,39,4,156,14,10,537,421,0.041666666666666664
12042047500,57195100670,0,0,0.0,0.0,22,16,352,14,6,333,209,0.2537313432835821
55274252500,58104798300,0,0,0.0,0.0,3,8,24,5,1,127,61,0.06666666666666667
57205596425,57207244828,0,0,0.0,0.0,12,2,24,8,4,108,66,0.0
35548015700,57207728602,0,0,0.0,0.0,50,11,550,20,16,1615,1215,0.02702702702702703
37099155100,57189361665,0,0,0.0,0.0,22,6,132,10,2,139,63,0.0
57203044423,58575567800,0,0,0.0,0.0,3,5,15,10,6,127,97,0.022727272727272728
36841545200,57221972860,0,0,0.0,0.0,2,10,20,4,2,81,75,0.04081632653061224
55237904100,57203716261,0,0,0.0,0.0,7,3,21,14,8,395,313,0.0
56689517000,6506003725,0,0,0.0,0.0,5,4,20,4,2,22,12,0.0
57219386443,7101835153,0,0,0.0,0.0,4,37,148,9,5,201,143,0.08
56526512000,57207695253,0,0,0.0,0.0,2,9,18,6,4,68,50,0.045454545454545456
57191846864,7102450017,0,0,0.0,0.0,25,24,600,29,7,2430,844,0.12121212121212122
57216727772,7003356409,0,0,0.0,0.0,6,15,90,7,3,132,22,0.06060606060606061
57207489753,57214451580,0,0,0.0,0.0,21,4,84,11,3,237,89,0.0
57200081815,57203028938,0,0,0.0,0.0,4,63,252,46,42,6063,6027,0.0410958904109589
57217853428,57219660583,0,0,0.0,0.0,1,9,9,6,2,208,152,0.0
57219616202,57226030553,0,0,0.0,0.0,9,4,36,4,0,96,4,0.2
54419946700,57217718572,0,0,0.0,0.0,6,4,24,4,2,71,21,0.0
55618669100,57722436200,0,0,0.0,0.0,12,3,36,6,2,84,12,0.045454545454545456
35338069100,57207455147,0,0,0.0,0.0,15,6,90,5,1,134,36,0.0
35081168700,57202322317,0,0,0.0,0.0,12,11,132,5,1,84,62,0.05
36192953700,57221759483,0,0,0.0,0.0,6,7,42,4,2,87,35,0.2
57108771800,57264877700,0,0,0.0,0.0,17,5,85,12,8,212,178,0.02857142857142857
55345344600,57195350761,0,0,0.0,0.0,4,10,40,2,2,5,5,0.058823529411764705
36462959600,57214185808,0,0,0.0,0.0,2,18,36,4,0,25,7,0.05
57193441638,57218378776,0,0,0.0,0.0,1,2,2,4,2,50,36,0.0
57195591112,57213619538,0,0,0.0,0.0,5,5,25,6,4,186,144,0.15789473684210525
36923965900,42062305700,0,0,0.0,0.0,9,10,90,12,2,487,215,0.19047619047619047
56675379200,7003403034,0,0,0.0,0.0,5,28,140,7,3,87,71,0.041666666666666664
57215151862,58027976500,0,0,0.0,0.0,4,5,20,5,3,99,41,0.06666666666666667
57205545749,57211115618,0,0,0.0,0.0,11,5,55,10,4,194,116,0.013157894736842105
35617224000,58170229500,0,0,0.0,0.0,14,2,28,5,3,95,91,0.0
57190231248,57204598234,0,0,0.0,0.0,10,2,20,4,2,29,25,0.0
55839922800,57192805123,0,0,0.0,0.0,36,7,252,7,1,158,16,0.0967741935483871
57210154153,7202241794,0,0,0.0,0.0,10,7,70,5,1,207,131,0.109375
57202850720,6601977808,0,0,0.0,0.0,6,37,222,19,15,2065,1965,0.019230769230769232
54965487500,56825146000,0,0,0.0,0.0,5,15,75,8,6,185,159,0.023809523809523808
56378542800,57193273980,0,0,0.0,0.0,68,17,1156,27,9,1396,886,0.0
57203165474,57219884947,0,0,0.0,0.0,9,7,63,4,0,32,2,0.125
37111391400,55444535500,0,0,0.0,0.0,2,2,4,3,1,35,27,0.0
56320719800,57226734959,0,0,0.0,0.0,25,11,275,16,4,518,190,0.075
57191163832,57207107620,0,0,0.0,0.0,6,3,18,5,3,63,59,0.0
34880368100,57215322835,0,0,0.0,0.0,1,8,8,6,0,286,238,0.047619047619047616
57206187560,57211067905,0,0,0.0,0.0,3,11,33,4,0,54,34,0.0
57202578790,57204802242,0,0,0.0,0.0,17,18,306,14,2,336,26,0.038461538461538464
36739187800,55637497100,0,0,0.0,0.0,22,7,154,10,0,262,30,0.07894736842105263
26867481600,57189361665,0,0,0.0,0.0,7,6,42,10,2,177,101,0.0
57207455147,58481893500,0,0,0.0,0.0,6,2,12,5,1,68,30,0.13043478260869565
26221591900,55378410100,0,0,0.0,0.0,23,1,23,12,8,340,328,0.2289156626506024
57211450084,57218569616,0,0,0.0,0.0,2,1,2,2,0,5,1,0.11764705882352941
57214187811,57823268500,0,0,0.0,0.0,4,5,20,6,2,78,18,0.0
57192426164,57222998015,0,0,0.0,0.0,17,4,68,8,4,150,134,0.0
24503743000,57214185768,0,0,0.0,0.0,9,7,63,13,9,527,403,0.05263157894736842
57213812480,57222809607,0,0,0.0,0.0,8,3,24,4,2,40,10,0.04
57211337705,57220087133,0,0,0.0,0.0,3,4,12,5,1,59,13,0.058823529411764705
57210888537,57218491501,0,0,0.0,0.0,10,13,130,4,0,79,33,0.045454545454545456
56157071700,57192876741,0,0,0.0,0.0,5,4,20,5,3,68,54,0.1111111111111111
55931005800,57219123655,0,0,0.0,0.0,13,4,52,10,6,183,121,0.0
15061070200,26021760100,0,0,0.0,0.0,5,12,60,10,6,265,185,0.18867924528301888
56378542800,57192661896,0,0,0.0,0.0,68,15,1020,31,5,1670,612,0.031746031746031744
57218761000,6602828586,0,0,0.0,0.0,7,6,42,6,2,175,49,0.0
56139998600,57202214798,0,0,0.0,0.0,2,6,12,5,1,81,55,0.058823529411764705
56940459700,57216798630,0,0,0.0,0.0,4,12,48,12,6,339,125,0.17391304347826086
11439250900,36651681100,0,0,0.0,0.0,10,18,180,17,1,740,66,0.038461538461538464
57205731647,58300629700,0,0,0.0,0.0,1,5,5,4,2,97,91,0.0
56145502500,57205354812,0,0,0.0,0.0,12,6,72,4,0,27,13,0.0
56023181200,6603271904,0,0,0.0,0.0,8,47,376,19,7,829,545,0.19672131147540983
56070165000,57255889800,0,0,0.0,0.0,6,8,48,4,0,50,14,0.0
26323078500,57218399556,0,0,0.0,0.0,5,2,10,5,3,66,12,0.0
36669038500,56073934300,0,0,0.0,0.0,19,18,342,8,6,196,192,0.03225806451612903
57193262849,57868312200,0,0,0.0,0.0,10,3,30,6,2,80,62,0.047619047619047616
57209008490,8275704100,0,0,0.0,0.0,8,20,160,10,6,266,196,0.0
57336713600,58345149400,0,0,0.0,0.0,4,10,40,5,1,126,100,0.1
57195476384,7103026228,0,0,0.0,0.0,2,24,48,21,13,848,782,0.05128205128205128
54785510000,57447340800,0,0,0.0,0.0,2,2,4,4,0,182,68,0.0
57191832514,57209449966,0,0,0.0,0.0,18,13,234,7,5,70,50,0.0
57194679642,57213686247,0,0,0.0,0.0,5,2,10,4,2,136,134,0.0
55332536900,57226548735,0,0,0.0,0.0,18,7,126,8,4,171,129,0.02631578947368421
57191445065,57210753988,0,0,0.0,0.0,2,6,12,10,4,283,123,0.11904761904761904
57190517862,57210391108,0,0,0.0,0.0,6,7,42,6,0,81,31,0.1111111111111111
57034684000,57216776259,0,0,0.0,0.0,17,2,34,9,3,175,127,0.0
57195424338,57203716261,0,0,0.0,0.0,2,3,6,5,1,49,33,0.0
56681998900,57201443305,0,0,0.0,0.0,4,5,20,5,3,156,140,0.0
57216826033,6603391847,0,0,0.0,0.0,9,14,126,7,1,125,53,0.038461538461538464
57194381556,59160069300,0,0,0.0,0.0,3,2,6,4,2,53,19,0.0
37013762500,57203394800,0,0,0.0,0.0,20,6,120,7,5,120,86,0.038461538461538464
23982788200,41461314400,0,0,0.0,0.0,2,5,10,17,13,1295,1089,0.5
57194871737,57215590312,0,0,0.0,0.0,18,8,144,7,3,191,143,0.05555555555555555
57226485843,57862176200,0,0,0.0,0.0,7,2,14,4,2,22,20,0.0
55661019500,6603810686,0,0,0.0,0.0,10,21,210,7,3,48,18,0.1111111111111111
27067481500,50462510200,0,0,0.0,0.0,29,2,58,13,5,288,112,0.25925925925925924
57212403889,6602404361,0,0,0.0,0.0,6,95,570,17,7,636,474,0.023255813953488372
55659638800,57195062603,0,0,0.0,0.0,3,4,12,12,6,336,276,0.05084745762711865
57208644872,57216924143,0,0,0.0,0.0,11,25,275,13,7,601,551,0.03333333333333333
56988931300,7004675336,0,0,0.0,0.0,1,6,6,7,3,92,12,0.08955223880597014
57202660685,57214072005,0,0,0.0,0.0,16,6,96,4,0,45,29,0.0
55247269900,56819117900,0,0,0.0,0.0,7,3,21,8,0,88,4,0.0
55314365000,8840081100,0,0,0.0,0.0,8,17,136,20,10,1191,1075,0.03125
35770374200,54791960600,0,0,0.0,0.0,8,6,48,7,3,138,22,0.17857142857142858
22135510100,57194191719,0,0,0.0,0.0,4,12,48,17,1,508,70,0.044444444444444446
26535979500,57204803206,0,0,0.0,0.0,26,7,182,15,7,893,623,0.1346153846153846
14044492300,55941514600,0,0,0.0,0.0,29,4,116,14,0,471,211,0.10526315789473684
57189326030,58257581800,0,0,0.0,0.0,10,5,50,4,2,32,24,0.1724137931034483
57189875946,57220896417,0,0,0.0,0.0,47,6,282,14,12,410,262,0.022727272727272728
56681785000,57215585311,0,0,0.0,0.0,6,9,54,9,3,365,249,0.25
57211010956,57214823832,0,0,0.0,0.0,5,4,20,4,0,88,24,0.058823529411764705
57195429424,57211349180,0,0,0.0,0.0,5,15,75,8,0,126,6,0.038461538461538464
57204308519,57208403478,0,0,0.0,0.0,8,5,40,7,3,95,71,0.058823529411764705
57202612934,57218477328,0,0,0.0,0.0,5,18,90,10,6,147,125,0.0
36561254400,7004481112,0,0,0.0,0.0,7,128,896,18,14,846,776,0.24444444444444444
57201278144,57210390533,0,0,0.0,0.0,2,18,36,12,8,423,257,0.0
16238022000,56928302200,0,0,0.0,0.0,39,12,468,14,10,492,466,0.05
35478909000,56237393300,0,0,0.0,0.0,231,3,693,36,32,4927,4903,0.038461538461538464
23493442400,34573703700,0,0,0.0,0.0,24,3,72,9,3,653,229,0.0
57204618792,57208488188,0,0,0.0,0.0,6,2,12,4,0,99,73,0.0
35306973000,7102525318,0,0,0.0,0.0,17,1,17,12,10,276,268,0.2318840579710145
12809396900,16307277700,0,0,0.0,0.0,9,5,45,9,1,99,7,0.03571428571428571
57208214907,57559535300,0,0,0.0,0.0,8,7,56,7,3,177,73,0.0
56906498500,57197806772,0,0,0.0,0.0,29,3,87,9,7,138,134,0.03125
57209578821,57224180153,0,0,0.0,0.0,5,6,30,3,1,47,45,0.08333333333333333
57204938120,57221418361,0,0,0.0,0.0,15,8,120,7,3,142,42,0.07692307692307693
35321390300,56542795100,0,0,0.0,0.0,1,0,0,9,5,171,121,0.21212121212121213
55252654100,55638899000,0,0,0.0,0.0,4,21,84,10,6,444,162,0.1282051282051282
57203863712,57210344965,0,0,0.0,0.0,34,2,68,10,6,260,52,0.0
57191878940,57932056700,0,0,0.0,0.0,12,1,12,10,6,288,274,0.030303030303030304
15849625600,6602559493,0,0,0.0,0.0,66,5,330,12,10,748,724,0.16363636363636364
56584651800,57214187155,0,0,0.0,0.0,8,50,400,6,0,215,95,0.10344827586206896
35099287000,54405056900,0,0,0.0,0.0,5,11,55,6,2,46,26,0.08333333333333333
24473173200,36057308000,0,0,0.0,0.0,4,8,32,6,2,141,51,0.0
56192402100,57201775200,0,0,0.0,0.0,5,8,40,18,4,895,709,0.05405405405405406
57194854340,57877530600,0,0,0.0,0.0,1,5,5,3,1,73,31,0.0
57061886100,57835514000,0,0,0.0,0.0,8,4,32,3,1,15,7,0.08333333333333333
57094669700,57132065000,0,0,0.0,0.0,14,3,42,7,1,72,14,0.0
23027995000,6508060144,0,0,0.0,0.0,11,8,88,9,5,164,122,0.03225806451612903
50162860100,57219696692,0,0,0.0,0.0,11,5,55,5,3,40,20,0.0
36144437800,54976634500,0,0,0.0,0.0,10,6,60,2,0,10,2,0.0
56229442400,57208592747,0,0,0.0,0.0,7,11,77,8,4,180,74,0.0625
56185997600,57222377213,0,0,0.0,0.0,4,11,44,7,3,158,126,0.0
56878687500,57305805200,0,0,0.0,0.0,7,13,91,9,1,189,63,0.15789473684210525
57224315503,6701405364,0,0,0.0,0.0,4,5,20,8,0,274,182,0.17647058823529413
57226248248,57320372800,0,0,0.0,0.0,11,3,33,3,1,15,11,0.0
56040192300,57213834122,0,0,0.0,0.0,3,5,15,6,2,100,10,0.0
56906498500,57204929759,0,0,0.0,0.0,29,3,87,13,3,203,69,0.029411764705882353
49862080100,57204671752,0,0,0.0,0.0,5,0,0,10,6,232,134,0.0
55615833500,57190793080,0,0,0.0,0.0,0,4,0,7,3,116,66,0.024390243902439025
55320475800,56689342000,0,0,0.0,0.0,3,8,24,5,3,59,13,0.0
24331672700,57203858093,0,0,0.0,0.0,1,4,4,8,2,97,73,0.0
57203948395,58485734000,0,0,0.0,0.0,9,8,72,4,0,452,442,0.0
54392384900,55546002700,0,0,0.0,0.0,17,2,34,4,0,98,38,0.1111111111111111
7201498609,7201559188,0,0,0.0,0.0,10,23,230,14,12,629,621,0.0
57193011405,57204952547,0,0,0.0,0.0,6,6,36,7,5,209,189,0.18181818181818182
57191878940,57204561962,0,0,0.0,0.0,12,5,60,10,6,334,228,0.058823529411764705
56349737900,57204453282,0,0,0.0,0.0,6,3,18,4,0,14,4,0.0
57194184256,57204646396,0,0,0.0,0.0,7,8,56,8,2,144,76,0.07692307692307693
57215537459,57220208183,0,0,0.0,0.0,11,2,22,3,1,25,11,0.0
24073819900,7003952459,0,0,0.0,0.0,12,125,1500,14,12,527,521,0.015151515151515152
56556365300,57216924887,0,0,0.0,0.0,12,13,156,4,0,49,31,0.0
23987156400,55598364800,0,0,0.0,0.0,4,13,52,5,1,71,3,0.0
15056983100,23990618900,0,0,0.0,0.0,19,9,171,15,1,1267,357,0.038461538461538464
57226750833,7005322928,0,0,0.0,0.0,4,13,52,8,4,116,94,0.0
6602904104,8219543000,0,0,0.0,0.0,9,17,153,7,1,78,6,0.07142857142857142
26428514900,57216419648,0,0,0.0,0.0,4,8,32,4,0,100,38,0.1
57195197340,57204844571,0,0,0.0,0.0,5,1,5,5,3,56,42,0.07692307692307693
35306973000,57214529668,0,0,0.0,0.0,17,8,136,12,10,279,265,0.015873015873015872
49561034500,56131381100,0,0,0.0,0.0,3,8,24,11,5,385,335,0.030303030303030304
53063493500,57193716519,0,0,0.0,0.0,67,1,67,12,6,224,142,0.025
56383442400,57837199100,0,0,0.0,0.0,5,3,15,4,0,87,39,0.15384615384615385
57200166732,9743372800,0,0,0.0,0.0,7,2,14,6,2,92,62,0.2647058823529412
56018161900,57222107173,0,0,0.0,0.0,2,5,10,4,0,22,6,0.07692307692307693
57215187039,7005381764,0,0,0.0,0.0,20,15,300,13,9,280,230,0.07142857142857142
55194722700,57201197834,0,0,0.0,0.0,1,4,4,4,0,32,18,0.0
55859488500,57204541607,0,0,0.0,0.0,3,7,21,5,3,340,336,0.0
6603034176,6603155299,0,0,0.0,0.0,2,36,72,20,16,1260,1232,0.14545454545454545
57208370152,57457149700,0,0,0.0,0.0,6,1,6,5,1,49,37,0.20833333333333334
56527030000,57203552338,0,0,0.0,0.0,3,3,9,9,3,124,68,0.034482758620689655
57193280191,57219088940,0,0,0.0,0.0,3,2,6,8,4,175,147,0.0
57193091494,57201436183,0,0,0.0,0.0,3,10,30,7,3,82,68,0.16279069767441862
57190793080,6507791976,0,0,0.0,0.0,4,13,52,10,6,265,215,0.058823529411764705
13808174600,57203728880,0,0,0.0,0.0,5,4,20,4,0,40,8,0.04081632653061224
33368250200,35585451000,0,0,0.0,0.0,5,97,485,19,15,824,784,0.15384615384615385
57195480765,57204038909,0,0,0.0,0.0,5,12,60,10,6,464,24,0.038461538461538464
57210822480,57212526783,0,0,0.0,0.0,1,6,6,4,0,54,24,0.17647058823529413
36816603100,57216848864,0,0,0.0,0.0,2,15,30,8,4,182,164,0.06666666666666667
57218582698,57221436999,0,0,0.0,0.0,5,1,5,2,0,5,1,0.16666666666666666
57210440387,7003702845,0,0,0.0,0.0,5,20,100,7,5,134,132,0.014705882352941176
56801024300,57223231639,0,0,0.0,0.0,4,11,44,4,2,39,1,0.05263157894736842
36550115500,54781176500,0,0,0.0,0.0,4,20,80,6,2,266,176,0.047619047619047616
36739187800,57038894000,0,0,0.0,0.0,22,23,506,16,6,438,206,0.023809523809523808
55829472500,55849415300,0,0,0.0,0.0,8,3,24,8,0,291,165,0.15
57197754933,57904040900,0,0,0.0,0.0,9,3,27,6,4,94,80,0.0625
26024130100,57320372800,0,0,0.0,0.0,5,3,15,2,0,10,6,0.0
57190660749,57214171104,0,0,0.0,0.0,17,2,34,7,5,166,158,0.0
57203279194,57214164280,0,0,0.0,0.0,14,9,126,10,4,155,67,0.11764705882352941
57212197546,58711707300,0,0,0.0,0.0,13,12,156,6,2,61,5,0.0
57189267051,57196019663,0,0,0.0,0.0,27,9,243,18,12,833,789,0.2972972972972973
56355096200,7004361186,0,0,0.0,0.0,5,15,75,9,5,605,527,0.1864406779661017
57208081275,57223264908,0,0,0.0,0.0,10,14,140,10,2,276,202,0.058823529411764705
57200212829,57223093121,0,0,0.0,0.0,3,5,15,6,2,294,224,0.0
56145502500,57201272538,0,0,0.0,0.0,12,5,60,4,0,32,8,0.0
57192928549,7003544066,0,0,0.0,0.0,6,36,216,12,6,259,119,0.029411764705882353
16204004300,45661023000,0,0,0.0,0.0,5,7,35,4,2,78,72,0.15384615384615385
56530788800,6507063353,0,0,0.0,0.0,41,14,574,13,1,249,21,0.06
57208749019,57217797374,0,0,0.0,0.0,7,6,42,4,0,16,4,0.0
35114462700,7202480403,0,0,0.0,0.0,8,12,96,7,5,92,84,0.18181818181818182
56421951000,58822981700,0,0,0.0,0.0,16,9,144,10,8,167,161,0.0
52563804900,57703337400,0,0,0.0,0.0,2,2,4,4,0,192,148,0.058823529411764705
23972243100,57215590312,0,0,0.0,0.0,21,8,168,12,8,347,299,0.047619047619047616
57209860294,57220109247,0,0,0.0,0.0,16,5,80,12,6,261,217,0.23076923076923078
57208224279,57418950700,0,0,0.0,0.0,5,43,215,7,5,168,86,0.0
56333925500,57208596460,0,0,0.0,0.0,11,9,99,10,6,302,258,0.14285714285714285
56990944200,57798912800,0,0,0.0,0.0,28,24,672,8,4,757,701,0.09375
59166000600,6603713879,0,0,0.0,0.0,3,6,18,10,4,122,86,0.1206896551724138
36625829300,57215108895,0,0,0.0,0.0,11,10,110,6,0,68,14,0.047619047619047616
57190166582,57205461433,0,0,0.0,0.0,2,13,26,10,0,364,254,0.0
57212403889,8340039100,0,0,0.0,0.0,6,8,48,9,1,175,13,0.07142857142857142
56506588300,7005233332,0,0,0.0,0.0,10,5,50,12,2,164,44,0.07272727272727272
56416487300,7404277487,0,0,0.0,0.0,4,69,276,11,1,598,400,0.12121212121212122
57204930612,7005091934,0,0,0.0,0.0,7,11,77,4,0,43,3,0.0
37035058100,55358891700,0,0,0.0,0.0,3,21,63,24,8,1520,1144,0.09523809523809523
37861401900,56178466100,0,0,0.0,0.0,22,9,198,10,4,215,157,0.0
57201157989,57205575907,0,0,0.0,0.0,5,5,25,5,1,125,57,0.08333333333333333
57193403076,57202349525,0,0,0.0,0.0,1,23,23,11,5,240,148,0.03571428571428571
57214188590,7006504347,0,0,0.0,0.0,2,11,22,15,3,364,182,0.10416666666666667
56145502500,56747200700,0,0,0.0,0.0,12,7,84,5,1,59,19,0.0
57192073961,7006640091,0,0,0.0,0.0,4,6,24,6,2,118,52,0.05
36017460300,6505758008,0,0,0.0,0.0,12,6,72,17,13,1436,1358,0.046875
56025855800,57425394900,0,0,0.0,0.0,6,3,18,4,0,58,12,0.0
24469054700,57208471055,0,0,0.0,0.0,17,20,340,13,1,310,158,0.15555555555555556
57208488188,57795222800,0,0,0.0,0.0,2,3,6,5,1,120,52,0.0
55842599300,57224783614,0,0,0.0,0.0,50,4,200,34,32,2839,2833,0.07017543859649122
57206511541,7006020996,0,0,0.0,0.0,2,33,66,13,3,351,203,0.1509433962264151
57219838343,8212453900,0,0,0.0,0.0,1,15,15,4,0,40,6,0.21052631578947367
55918065400,57222049354,0,0,0.0,0.0,23,11,253,21,17,1386,1350,0.0
57194798214,7005355323,0,0,0.0,0.0,5,22,110,10,6,360,276,0.16883116883116883
57189659579,57216403979,0,0,0.0,0.0,11,10,110,11,1,208,40,0.0
23984556200,36767009800,0,0,0.0,0.0,17,8,136,11,3,288,210,0.0
57150050300,57211601402,0,0,0.0,0.0,1,5,5,6,0,114,66,0.34782608695652173
55882155100,57211350444,0,0,0.0,0.0,8,12,96,10,6,207,99,0.0
55312463700,56281940700,0,0,0.0,0.0,45,3,135,14,10,328,260,0.0
54583188600,57209714947,0,0,0.0,0.0,8,8,64,5,1,92,54,0.0
13408783400,57203659172,0,0,0.0,0.0,6,7,42,13,5,308,222,0.024390243902439025
55094588600,57211317466,0,0,0.0,0.0,11,1,11,7,1,125,5,0.0
57209449966,57879728600,0,0,0.0,0.0,13,5,65,3,1,25,5,0.0
57214184367,57218569616,0,0,0.0,0.0,3,1,3,2,0,37,31,0.0
35473251400,57200552045,0,0,0.0,0.0,8,13,104,4,2,80,56,0.15384615384615385
57193148546,57516122500,0,0,0.0,0.0,2,47,94,4,0,95,3,0.08695652173913043
56779727500,58157133500,0,0,0.0,0.0,8,2,16,5,1,33,15,0.13333333333333333
57431831400,7007133905,0,0,0.0,0.0,5,17,85,7,5,69,63,0.0
55992177600,56178466100,0,0,0.0,0.0,10,9,90,8,2,147,89,0.0
35497272700,57190260444,0,0,0.0,0.0,39,6,234,19,13,868,646,0.08433734939759036
56010491300,57207623517,0,0,0.0,0.0,8,2,16,5,1,51,21,0.0
41961752000,57193663631,0,0,0.0,0.0,4,2,8,5,1,120,94,0.0
56811564300,7005553803,0,0,0.0,0.0,11,2,22,6,4,243,97,0.09090909090909091
16318838800,57216083610,0,0,0.0,0.0,30,9,270,13,3,227,137,0.10204081632653061
56665426600,57203546432,0,0,0.0,0.0,2,5,10,5,1,71,25,0.0
57211523239,6701711430,0,0,0.0,0.0,15,14,210,7,3,145,39,0.16279069767441862
55999384600,57201074087,0,0,0.0,0.0,8,4,32,10,6,589,537,0.2777777777777778
57222990908,57516122500,0,1,0.01282051282051282,0.2239186238120062,32,47,1504,9,5,171,79,0.04
56529942300,6602510000,0,0,0.0,0.0,5,7,35,4,0,64,38,0.04
55319040900,57217237669,0,0,0.0,0.0,3,4,12,2,0,8,6,0.0
57212783125,7006412165,0,0,0.0,0.0,0,36,0,11,7,256,170,0.03773584905660377
16203173100,35727949600,0,0,0.0,0.0,41,12,492,15,7,319,205,0.08333333333333333
57206658992,57211071832,0,0,0.0,0.0,8,19,152,11,3,301,15,0.13043478260869565
55624616000,57188697738,0,0,0.0,0.0,10,12,120,10,2,659,529,0.0
56113181900,57190841025,0,0,0.0,0.0,6,6,36,8,4,153,69,0.16666666666666666
57003502400,57212428239,0,0,0.0,0.0,10,65,650,6,0,213,103,0.13333333333333333
56401670600,7102474754,0,0,0.0,0.0,9,67,603,21,17,1256,1200,0.06172839506172839
57089853400,57204202845,0,0,0.0,0.0,6,4,24,13,5,235,135,0.03571428571428571
54788472200,7004315011,0,0,0.0,0.0,12,11,132,6,0,151,41,0.012658227848101266
57197805115,57215490665,0,0,0.0,0.0,8,3,24,4,0,58,44,0.05555555555555555
57163497100,6701848441,0,0,0.0,0.0,9,86,774,24,16,1371,1027,0.015873015873015872
57208673746,57216881673,0,0,0.0,0.0,12,3,36,3,1,47,45,0.0
57204897122,57290649500,0,0,0.0,0.0,13,9,117,9,7,342,332,0.034482758620689655
57210428111,58985607000,0,0,0.0,0.0,10,2,20,5,1,105,71,0.0
36763791600,56125857500,0,0,0.0,0.0,13,1,13,4,4,62,62,0.0
24176529600,57205541173,0,0,0.0,0.0,1,7,7,4,0,78,48,0.05263157894736842
37006277900,7402527117,0,0,0.0,0.0,8,16,128,7,3,137,73,0.03278688524590164
16432457600,57224180153,0,0,0.0,0.0,11,6,66,11,9,328,326,0.13333333333333333
57209638038,57211452861,0,0,0.0,0.0,11,8,88,4,0,149,113,0.0
55070036100,57217430038,0,0,0.0,0.0,50,5,250,14,6,533,179,0.0
57189253636,57212369504,0,0,0.0,0.0,2,17,34,6,2,240,86,0.15384615384615385
57209542137,6701801409,0,0,0.0,0.0,2,27,54,21,19,1638,1624,0.1346153846153846
57204952547,57212526783,0,0,0.0,0.0,6,6,36,3,1,49,29,0.06666666666666667
25121531900,57211004693,0,0,0.0,0.0,6,11,66,5,1,103,61,0.05555555555555555
36163291700,49061029800,0,0,0.0,0.0,5,31,155,15,1,528,184,0.03225806451612903
57212021928,57217148812,0,0,0.0,0.0,5,1,5,5,1,47,5,0.058823529411764705
35306973000,57203880602,0,0,0.0,0.0,17,2,34,13,9,299,245,0.13924050632911392
55514754800,57214861984,0,0,0.0,0.0,49,5,245,17,15,839,831,0.0
35762732900,56359247700,0,0,0.0,0.0,15,2,30,9,5,178,140,0.0
57199421474,57216367360,0,0,0.0,0.0,10,1,10,4,0,38,26,0.0
57193684279,57203191886,0,0,0.0,0.0,16,22,352,9,3,148,66,0.21428571428571427
24725355000,57204938120,0,0,0.0,0.0,10,15,150,25,15,1157,1057,0.0196078431372549
56257387400,57200218961,0,0,0.0,0.0,2,9,18,6,4,217,25,0.022727272727272728
57222251209,58313855200,0,0,0.0,0.0,2,6,12,5,1,118,38,0.0
57202856333,7005386667,0,0,0.0,0.0,3,2,6,7,5,179,163,0.0
56938381900,59160069300,0,0,0.0,0.0,6,2,12,3,1,29,5,0.0
57192397039,6506104070,0,0,0.0,0.0,8,3,24,5,3,64,54,0.0
57196084513,57215205857,0,0,0.0,0.0,30,2,60,7,1,63,1,0.08
36651122600,53264886900,0,0,0.0,0.0,13,17,221,11,3,268,166,0.05
14056461000,6507310582,0,0,0.0,0.0,12,113,1356,16,12,690,670,0.01818181818181818
56048202300,57202330234,0,0,0.0,0.0,13,9,117,12,4,463,299,0.04878048780487805
57194273004,57213619699,0,0,0.0,0.0,3,3,9,8,2,508,174,0.05
55664656300,57196460207,0,0,0.0,0.0,2,15,30,7,1,270,100,0.04477611940298507
12804338800,57204517469,0,0,0.0,0.0,14,4,56,7,1,118,42,0.0
57204485962,6701390755,0,0,0.0,0.0,4,38,152,13,9,376,324,0.019230769230769232
57189048036,57211030130,0,0,0.0,0.0,6,14,84,5,1,97,37,0.2222222222222222
57206867017,57214183858,0,0,0.0,0.0,2,18,36,7,3,94,16,0.021739130434782608
55616396400,57196346722,0,0,0.0,0.0,65,2,130,13,3,406,156,0.0
59827720000,7004405540,0,0,0.0,0.0,0,97,0,15,11,560,544,0.08823529411764706
56192402100,59791432300,0,0,0.0,0.0,5,1,5,9,5,99,87,0.0
56940768100,57223323186,0,1,0.034482758620689655,0.23233849357411737,26,4,104,9,1,180,14,0.1794871794871795
36970630800,57300766300,0,0,0.0,0.0,24,6,144,15,3,381,149,0.23255813953488372
57201112275,57220748550,0,0,0.0,0.0,18,6,108,6,2,53,3,0.05263157894736842
57191156712,8418436300,0,0,0.0,0.0,14,32,448,12,2,230,148,0.14634146341463414
57194547700,7005952973,0,0,0.0,0.0,10,3,30,17,5,807,447,0.04861111111111111
56912294300,57189708597,0,0,0.0,0.0,7,8,56,17,1,312,44,0.02631578947368421
16426653000,57384054900,0,0,0.0,0.0,8,3,24,4,2,63,23,0.0
57193315259,57218883509,0,0,0.0,0.0,8,5,40,9,5,318,138,0.0
57193825552,57194419901,0,0,0.0,0.0,1,3,3,4,2,39,15,0.0
16314873300,6603942569,0,0,0.0,0.0,3,16,48,8,4,334,108,0.07692307692307693
57190849611,57347206900,0,0,0.0,0.0,20,9,180,10,10,251,251,0.0
58139792000,8507685700,0,0,0.0,0.0,3,7,21,5,1,92,52,0.09433962264150944
57194033798,57205109115,0,0,0.0,0.0,16,3,48,9,1,363,111,0.11363636363636363
55971047700,56906498500,0,0,0.0,0.0,6,29,174,12,4,202,70,0.08
57197857623,57224116267,0,0,0.0,0.0,9,3,27,10,6,181,89,0.07894736842105263
35389514400,57215216359,0,0,0.0,0.0,10,4,40,8,0,197,23,0.046153846153846156
26040811700,57225351962,0,0,0.0,0.0,8,8,64,5,1,37,15,0.0625
57202953110,57223163012,0,0,0.0,0.0,2,13,26,4,0,29,3,0.0
55976667800,58090740800,0,0,0.0,0.0,7,2,14,5,1,47,35,0.0
56548901900,57201877563,0,0,0.0,0.0,5,8,40,13,1,611,149,0.13636363636363635
37118135700,57204576678,0,0,0.0,0.0,68,4,272,9,3,206,80,0.04878048780487805
57208506306,57216874423,0,0,0.0,0.0,7,5,35,1,1,10,10,0.125
15753813300,57207449471,0,0,0.0,0.0,48,13,624,12,6,248,198,0.023809523809523808
57199676160,58199638600,0,0,0.0,0.0,37,1,37,8,4,255,231,0.19047619047619047
16064360400,6506382388,0,0,0.0,0.0,2,4,8,5,1,65,27,0.06451612903225806
55657575200,57216361338,0,0,0.0,0.0,10,7,70,5,1,49,7,0.06666666666666667
36139031800,56780215300,0,0,0.0,0.0,3,5,15,7,1,170,116,0.0
14822449200,57224576738,0,0,0.0,0.0,5,8,40,10,6,400,308,0.0
57205971214,57408877300,0,0,0.0,0.0,8,11,88,4,0,35,17,0.0
57202779377,57207206869,0,0,0.0,0.0,4,17,68,9,5,114,100,0.19047619047619047
14632576800,57217661773,0,0,0.0,0.0,2,55,110,11,5,924,830,0.0196078431372549
26025948800,55249712800,0,0,0.0,0.0,62,23,1426,28,22,2221,2043,0.1724137931034483
57202291912,57202779441,0,0,0.0,0.0,6,10,60,11,7,673,605,0.0
36437322100,57576395400,0,0,0.0,0.0,2,9,18,5,1,59,17,0.06521739130434782
57201474993,7004297492,0,0,0.0,0.0,5,5,25,7,1,118,24,0.043478260869565216
56019914100,57207261148,0,0,0.0,0.0,22,9,198,6,0,77,17,0.18181818181818182
36139031800,37661803000,0,0,0.0,0.0,3,1,3,14,8,373,319,0.0
57205218245,57357424100,0,0,0.0,0.0,6,3,18,4,2,86,74,0.0
37048606300,57221413381,0,0,0.0,0.0,34,3,102,13,7,360,228,0.0625
57193616375,58633723500,0,0,0.0,0.0,9,25,225,14,0,396,108,0.09523809523809523
11241685400,57578634600,0,0,0.0,0.0,15,2,30,5,5,51,51,0.0
56719193000,57200728212,0,0,0.0,0.0,4,9,36,7,3,107,1,0.029411764705882353
57193846028,57203547083,0,0,0.0,0.0,16,2,32,7,3,121,107,0.0
57190174044,57214861520,0,0,0.0,0.0,8,6,48,11,7,355,321,0.030303030303030304
26636439000,57193093623,0,0,0.0,0.0,3,12,36,12,8,428,380,0.09090909090909091
24376383400,57216403875,0,0,0.0,0.0,10,11,110,9,5,208,120,0.21428571428571427
36627561600,57812866200,0,0,0.0,0.0,35,18,630,17,13,599,557,0.06
13104130100,35308026500,0,0,0.0,0.0,36,4,144,18,2,482,84,0.06451612903225806
57837199100,7102210862,0,0,0.0,0.0,3,27,81,8,4,168,42,0.037037037037037035
55969994800,7202140793,0,0,0.0,0.0,2,74,148,44,36,6360,6026,0.1111111111111111
57204735945,57208004073,0,0,0.0,0.0,10,6,60,5,1,87,43,0.0
24479959000,59289912700,0,1,0.045454545454545456,0.21274421382066935,11,12,132,15,9,1634,1424,0.1111111111111111
14049155900,57226828744,0,0,0.0,0.0,1,3,3,5,1,152,142,0.0
55955245900,57204835697,0,0,0.0,0.0,3,15,45,13,5,621,323,0.18181818181818182
35453890900,57211349180,0,0,0.0,0.0,26,15,390,13,5,332,212,0.08571428571428572
37057681700,57795222800,0,0,0.0,0.0,13,3,39,5,1,65,3,0.025
57205526157,57218854552,0,0,0.0,0.0,5,4,20,4,0,60,4,0.09090909090909091
36192953700,59454890900,0,0,0.0,0.0,6,3,18,4,2,50,2,0.0
57202703855,57366114000,0,0,0.0,0.0,11,2,22,8,4,199,163,0.0
56790073600,57222369971,0,0,0.0,0.0,7,15,105,6,2,108,28,0.0
57202467348,57223344567,0,0,0.0,0.0,2,13,26,4,0,284,166,0.0
57192931040,7202834119,0,0,0.0,0.0,5,8,40,4,0,46,8,0.07792207792207792
57061886100,57218435526,0,0,0.0,0.0,8,8,64,3,1,33,25,0.04
57222990505,60100025400,0,0,0.0,0.0,4,46,184,12,10,286,228,0.034482758620689655
56890903400,57211159662,0,0,0.0,0.0,11,4,44,4,0,42,0,0.0
55778572900,55897622700,0,0,0.0,0.0,3,2,6,3,1,48,44,0.0
57190340003,57201364069,0,0,0.0,0.0,9,12,108,11,5,375,195,0.05714285714285714
57222193631,57235785200,0,0,0.0,0.0,43,8,344,13,11,394,390,0.15625
26647133500,57221086062,0,0,0.0,0.0,14,3,42,8,2,141,13,0.14705882352941177
57199839295,57209741247,0,1,0.045454545454545456,0.36067376022224085,17,6,102,8,2,98,36,0.0
57216615165,7003478797,0,0,0.0,0.0,2,72,144,20,14,1194,1160,0.011111111111111112
57204955592,57398464800,0,0,0.0,0.0,6,2,12,6,2,80,12,0.0
57203142306,57219885785,0,0,0.0,0.0,3,3,9,3,1,42,2,0.16666666666666666
56938103700,59662861800,0,0,0.0,0.0,5,3,15,4,0,92,40,0.16129032258064516
37561902600,57210795365,0,0,0.0,0.0,3,8,24,3,1,45,39,0.0
23013587700,57219547881,0,0,0.0,0.0,18,3,54,5,1,80,26,0.043478260869565216
57205613427,7801408313,0,0,0.0,0.0,3,13,39,10,0,208,72,0.23255813953488372
18436233000,57215094199,0,0,0.0,0.0,6,4,24,4,0,52,20,0.0
57200859147,57222735293,0,0,0.0,0.0,6,8,48,4,0,61,7,0.0
36156175900,57223299337,0,0,0.0,0.0,6,4,24,3,1,84,72,0.0
55574026000,57219384397,0,0,0.0,0.0,31,13,403,13,7,363,287,0.16216216216216217
58157133500,9738985400,0,0,0.0,0.0,2,20,40,9,5,105,87,0.11764705882352941
55321897700,57211345269,0,0,0.0,0.0,21,18,378,15,1,292,66,0.15625
24371217600,58310610200,0,0,0.0,0.0,10,2,20,8,4,151,111,0.07894736842105263
57194031859,57196487492,0,0,0.0,0.0,8,6,48,5,3,112,22,0.0
16402531900,56919132800,0,0,0.0,0.0,2,0,0,6,4,85,65,0.0
37664650300,57221712866,0,0,0.0,0.0,3,27,81,5,3,63,49,0.047619047619047616
57219660583,57223241922,0,0,0.0,0.0,9,11,99,7,1,210,150,0.0625
55895265500,57199422121,0,0,0.0,0.0,16,12,192,7,1,163,55,0.0
36991101500,55323998800,0,0,0.0,0.0,41,35,1435,33,17,2870,2436,0.06976744186046512
57194465718,6602440608,0,0,0.0,0.0,5,7,35,5,1,34,2,0.08108108108108109
56575083300,57193131830,0,0,0.0,0.0,58,11,638,12,2,294,68,0.15789473684210525
53263670000,57202323816,0,0,0.0,0.0,7,4,28,9,3,145,81,0.0
35098561600,57195933421,0,0,0.0,0.0,1,3,3,3,1,26,6,0.0
57193210303,57222562872,0,0,0.0,0.0,14,5,70,8,0,111,5,0.038461538461538464
16199397400,24381811800,0,0,0.0,0.0,36,35,1260,17,9,454,342,0.1774193548387097
10140958400,57219225523,0,0,0.0,0.0,7,12,84,3,1,34,6,0.0
57219671587,57412583900,0,0,0.0,0.0,10,5,50,4,0,43,15,0.3333333333333333
28067543600,56730985600,0,0,0.0,0.0,7,9,63,10,6,317,271,0.10714285714285714
55510111500,57215572475,0,0,0.0,0.0,1,9,9,3,1,52,2,0.02631578947368421
15020462500,56803532000,0,0,0.0,0.0,8,32,256,18,12,868,800,0.1791044776119403
50961404100,57202938171,0,0,0.0,0.0,16,5,80,9,3,213,41,0.0
56004744000,58591565300,0,0,0.0,0.0,6,5,30,6,2,84,16,0.0
57219124507,7003403034,0,0,0.0,0.0,8,28,224,7,3,146,12,0.04081632653061224
57204308519,57933192100,0,0,0.0,0.0,8,5,40,7,3,106,60,0.037037037037037035
57206787157,57213539478,0,0,0.0,0.0,9,1,9,3,1,28,12,0.038461538461538464
57201677202,8613637200,0,0,0.0,0.0,1,2,2,5,3,250,248,0.0
57035379500,58283699600,0,0,0.0,0.0,6,7,42,7,3,168,156,0.0
57195593253,7005605890,0,0,0.0,0.0,7,11,77,9,1,173,41,0.2777777777777778
55830280800,57214719964,0,0,0.0,0.0,2,2,4,4,0,39,23,0.0
57305805200,6507993283,0,0,0.0,0.0,13,39,507,13,3,250,2,0.08450704225352113
57200796602,57207778188,0,0,0.0,0.0,15,4,60,6,0,105,53,0.0
57211980385,57221398814,0,0,0.0,0.0,1,8,8,3,1,13,5,0.0
56938381900,57208898617,0,0,0.0,0.0,6,15,90,12,8,236,212,0.0
57198412705,57554507600,0,0,0.0,0.0,3,5,15,3,1,53,49,0.0
57203372876,7004642148,0,0,0.0,0.0,5,5,25,8,4,102,64,0.058823529411764705
57190258392,57190496107,0,0,0.0,0.0,4,2,8,10,6,262,202,0.0
42761099900,57218419020,0,0,0.0,0.0,17,4,68,9,5,138,108,0.0784313725490196
57194464165,57197831563,0,0,0.0,0.0,5,3,15,10,4,285,197,0.058823529411764705
36899832000,57222221893,0,0,0.0,0.0,44,17,748,12,6,304,224,0.05263157894736842
57216908760,6603835270,0,0,0.0,0.0,8,21,168,8,2,143,53,0.0
57203260803,57222404485,0,0,0.0,0.0,8,8,64,6,4,96,92,0.0
58370749100,8161184700,0,0,0.0,0.0,4,3,12,4,0,135,73,0.25
33267446900,57695986000,0,0,0.0,0.0,5,10,50,4,0,56,36,0.0196078431372549
57357424100,57869350700,0,0,0.0,0.0,3,6,18,4,2,175,163,0.0
12241738600,57224576794,0,0,0.0,0.0,6,4,24,5,3,92,76,0.0
55909692500,6604037091,0,0,0.0,0.0,7,5,35,8,2,87,33,0.0
55665656200,57204520499,0,0,0.0,0.0,66,4,264,12,6,314,206,0.0
57403967600,57808326400,0,0,0.0,0.0,8,1,8,3,1,29,9,0.0
37010994900,56603977800,0,0,0.0,0.0,2,7,14,4,2,34,28,0.025
55789166200,6508289518,0,0,0.0,0.0,3,5,15,3,1,23,1,0.08974358974358974
56841143500,6603018015,0,0,0.0,0.0,4,2,8,4,0,35,15,0.05
57211652467,57223207805,0,0,0.0,0.0,3,5,15,2,0,14,2,0.25
56366658300,57360529800,0,0,0.0,0.0,62,3,186,11,9,288,284,0.0
56131640900,57217121483,0,0,0.0,0.0,2,57,114,12,8,218,174,0.0
35489358300,57209878396,0,0,0.0,0.0,8,7,56,4,0,52,16,0.0
55365894200,57204212138,0,0,0.0,0.0,1,6,6,4,0,37,11,0.0
10143354000,57203527004,0,0,0.0,0.0,144,2,288,24,22,1155,1147,0.009708737864077669
57219387197,57403967600,0,0,0.0,0.0,20,8,160,5,1,48,10,0.1111111111111111
55857416000,57221712866,0,0,0.0,0.0,10,27,270,8,0,103,9,0.06060606060606061
57208927123,6602138253,0,0,0.0,0.0,7,7,49,11,3,275,27,0.07894736842105263
57211403633,59586827600,0,0,0.0,0.0,31,24,744,21,1,533,25,0.018867924528301886
36944857500,57211759862,0,0,0.0,0.0,17,6,102,7,3,103,87,0.0
57201298715,57204799516,0,0,0.0,0.0,8,11,88,7,1,100,66,0.1
57216276073,57220599188,0,0,0.0,0.0,6,4,24,5,1,69,1,0.0
57194172739,58097002900,0,0,0.0,0.0,7,2,14,3,1,25,21,0.0
37006277900,7102828590,0,0,0.0,0.0,8,3,24,5,1,72,8,0.0
57219746232,57965324800,0,0,0.0,0.0,15,10,150,6,2,193,165,0.10526315789473684
56388715400,57201426922,0,0,0.0,0.0,3,2,6,3,1,121,111,0.08695652173913043
35568764200,56462839800,0,0,0.0,0.0,30,2,60,27,23,1940,1912,0.09302325581395349
16026698600,57193210476,0,0,0.0,0.0,8,4,32,6,0,107,35,0.13636363636363635
57200552045,57214183665,0,0,0.0,0.0,13,3,39,5,1,95,41,0.0
56526846400,57197190962,0,0,0.0,0.0,30,22,660,13,3,280,166,0.1896551724137931
57202735929,57203527004,0,0,0.0,0.0,4,2,8,1,1,4,4,0.0
23072832700,7201559188,0,0,0.0,0.0,69,23,1587,39,13,3370,2120,0.3888888888888889
56267296900,57317666400,0,0,0.0,0.0,7,1,7,8,6,304,270,0.15
56715896100,57201855029,0,0,0.0,0.0,3,3,9,3,1,49,19,0.0625
55691083100,57194153124,0,0,0.0,0.0,1,20,20,8,4,410,390,0.05
57283440400,57894035200,0,0,0.0,0.0,2,13,26,4,0,28,6,0.0625
57201426073,57220748550,0,0,0.0,0.0,5,6,30,5,1,133,83,0.06666666666666667
55328939800,57190223204,0,0,0.0,0.0,4,15,60,8,4,189,171,0.07142857142857142
57190425867,57291448600,0,0,0.0,0.0,8,4,32,8,4,315,89,0.02564102564102564
56059152500,58635998700,0,0,0.0,0.0,15,2,30,12,10,407,399,0.0
57204349370,57208691584,0,0,0.0,0.0,15,2,30,9,5,182,156,0.16666666666666666
22979148200,57204513287,0,0,0.0,0.0,3,8,24,6,2,51,17,0.0
57201250923,57207692557,0,0,0.0,0.0,30,5,150,13,3,425,79,0.0
57209292495,7005322928,0,0,0.0,0.0,9,13,117,9,3,155,55,0.05555555555555555
57195976657,57267049700,0,0,0.0,0.0,5,5,25,4,0,34,6,0.0
35098561600,57467343600,0,0,0.0,0.0,1,1,1,2,0,24,4,0.0
57203393699,57211534375,0,0,0.0,0.0,8,6,48,5,3,115,93,0.09523809523809523
57194854340,57217224086,0,0,0.0,0.0,1,2,2,4,2,38,4,0.0
57396461300,7005944724,0,0,0.0,0.0,2,25,50,9,7,349,345,0.04081632653061224
56663792300,57296780900,0,0,0.0,0.0,5,9,45,4,2,69,41,0.0
57200796602,7102509180,0,0,0.0,0.0,15,21,315,9,3,133,25,0.14285714285714285
57194452160,57201474499,0,0,0.0,0.0,4,12,48,5,1,85,11,0.0
57204058713,57477350800,0,0,0.0,0.0,4,14,56,7,1,113,87,0.037037037037037035
56967992400,57203878501,0,0,0.0,0.0,7,2,14,5,3,101,91,0.03125
57191402881,57194592301,0,0,0.0,0.0,15,4,60,7,1,229,129,0.0
56605875600,57212420665,0,0,0.0,0.0,12,9,108,7,3,144,84,0.0
56485432200,57219746232,0,0,0.0,0.0,6,15,90,9,1,319,39,0.1891891891891892
55811114600,57038894000,0,2,0.04,0.4788960287049435,29,23,667,18,4,471,173,0.21951219512195122
57193957180,57948659200,0,0,0.0,0.0,15,9,135,7,1,130,46,0.09090909090909091
57207261148,57224117026,0,0,0.0,0.0,9,15,135,6,0,152,58,0.027777777777777776
56059049400,57206693050,0,0,0.0,0.0,28,8,224,15,9,383,335,0.02631578947368421
57208056106,57454133500,0,0,0.0,0.0,7,5,35,6,2,89,49,0.0
57188711562,58097002900,0,0,0.0,0.0,2,2,4,4,2,59,55,0.0
48361797800,57194172739,0,0,0.0,0.0,4,7,28,6,2,64,18,0.0
56707706900,57314518400,0,0,0.0,0.0,26,3,78,13,9,315,295,0.04878048780487805
22133963900,56895810800,0,0,0.0,0.0,10,2,20,11,7,294,282,0.10416666666666667
56689966300,57192100557,0,0,0.0,0.0,9,2,18,12,4,327,223,0.0392156862745098
57214092801,9841204400,0,0,0.0,0.0,5,14,70,10,6,270,230,0.08333333333333333
57202903305,57212473405,0,0,0.0,0.0,2,8,16,6,2,226,168,0.0
42361850800,57214719964,0,0,0.0,0.0,8,2,16,5,1,40,24,0.0
35613260800,57915143800,0,0,0.0,0.0,3,3,9,6,2,117,19,0.04
57219168835,57238861000,0,0,0.0,0.0,3,5,15,3,1,27,9,0.0
36084007800,57196297669,0,0,0.0,0.0,14,8,112,8,2,292,84,0.08333333333333333
16678820800,57188766397,0,0,0.0,0.0,23,6,138,15,7,429,297,0.029411764705882353
57193148546,57217224086,0,0,0.0,0.0,2,2,4,5,1,66,32,0.09090909090909091
56811564300,57496536900,0,0,0.0,0.0,11,1,11,6,4,177,163,0.0
56928302200,57219092528,0,0,0.0,0.0,12,7,84,3,1,14,12,0.16666666666666666
57203880602,7004578182,0,0,0.0,0.0,2,37,74,15,11,814,760,0.19148936170212766
57202968313,57204671752,0,0,0.0,0.0,13,0,0,10,6,399,301,0.06666666666666667
35095506200,57219437153,0,0,0.0,0.0,74,7,518,24,12,1351,549,0.024390243902439025
36626391900,57217780021,0,0,0.0,0.0,3,5,15,4,0,30,4,0.0
35478909000,57194464165,0,0,0.0,0.0,231,5,1155,41,27,5156,4674,0.03418803418803419
27467682900,57214192681,0,0,0.0,0.0,13,4,52,5,1,75,13,0.03225806451612903
55510111500,57188678648,0,0,0.0,0.0,1,8,8,5,1,42,12,0.025
57202263698,57817084200,0,0,0.0,0.0,19,4,76,7,3,117,85,0.09090909090909091
56819111900,57223156545,0,0,0.0,0.0,8,3,24,5,3,63,53,0.0
18436000300,56389402100,0,0,0.0,0.0,15,9,135,9,5,189,153,0.05555555555555555
15045541200,57191415162,0,0,0.0,0.0,6,6,36,6,4,130,8,0.0
57073063900,6603067218,0,0,0.0,0.0,4,15,60,9,3,133,105,0.038461538461538464
55388213100,56530788800,0,0,0.0,0.0,2,41,82,13,1,218,52,0.022727272727272728
57555079900,7004297492,0,0,0.0,0.0,2,5,10,7,1,80,14,0.041666666666666664
57039005600,57211536782,0,0,0.0,0.0,22,7,154,3,1,31,9,0.13333333333333333
57140590800,57208644872,0,0,0.0,0.0,11,11,121,8,2,101,51,0.058823529411764705
55388149200,55941225400,0,0,0.0,0.0,9,7,63,16,2,311,51,0.0
59221030000,7103153424,0,0,0.0,0.0,4,33,132,16,14,711,693,0.0449438202247191
57193273980,7201545134,0,0,0.0,0.0,17,6,102,11,7,355,155,0.0
55850511800,57211482914,0,0,0.0,0.0,41,17,697,12,4,390,108,0.175
36060393900,57210987876,0,0,0.0,0.0,4,11,44,6,2,196,114,0.0392156862745098
54419946700,57203166008,0,0,0.0,0.0,6,3,18,3,1,39,11,0.0
57219699142,6602663937,0,0,0.0,0.0,1,9,9,6,4,49,47,0.0
57196317229,57214341930,0,0,0.0,0.0,3,13,39,6,2,88,38,0.0
57198890094,57205765158,0,0,0.0,0.0,15,25,375,6,2,98,80,0.07142857142857142
55312463700,6507565457,0,0,0.0,0.0,45,3,135,15,9,325,263,0.06666666666666667
57211004693,57222399729,0,0,0.0,0.0,11,6,66,4,0,31,11,0.07692307692307693
16318838800,57218546108,0,0,0.0,0.0,30,4,120,10,6,233,131,0.10869565217391304
56449354900,57215965148,0,0,0.0,0.0,1,2,2,6,2,78,56,0.0
55888894200,57211252287,0,0,0.0,0.0,8,1,8,5,3,106,104,0.0
37561944900,57679447700,0,0,0.0,0.0,5,1,5,3,1,25,17,0.07692307692307693
57195962305,57201012786,0,0,0.0,0.0,8,6,48,8,2,110,48,0.0
56730985600,57215216359,0,0,0.0,0.0,9,4,36,6,2,133,87,0.12903225806451613
57209219608,57221418361,0,0,0.0,0.0,2,8,16,4,0,105,79,0.0
54383232900,57170411000,0,0,0.0,0.0,150,1,150,18,14,1120,1096,0.0
37050721900,57219232917,0,0,0.0,0.0,27,1,27,16,14,745,735,0.0
13607877300,56768102100,0,0,0.0,0.0,32,4,128,23,7,1017,411,0.06557377049180328
56055096500,57963146900,0,0,0.0,0.0,13,12,156,8,2,158,116,0.14814814814814814
14527406600,57205251746,0,0,0.0,0.0,14,1,14,5,3,55,49,0.0
16203663200,57218573553,0,0,0.0,0.0,13,6,78,6,2,74,38,0.034482758620689655
55654537000,57214183738,0,0,0.0,0.0,3,9,27,7,1,57,7,0.0
57191895726,57224941989,0,0,0.0,0.0,58,2,116,10,6,1022,982,0.0
57221972860,6602510537,0,0,0.0,0.0,10,4,40,5,1,113,43,0.058823529411764705
56257387400,57819287200,0,0,0.0,0.0,2,6,12,7,3,111,81,0.05
16026698600,55967938200,0,1,0.043478260869565216,0.19585011338479313,8,16,128,15,9,531,459,0.19230769230769232
57194464165,59158425100,0,0,0.0,0.0,5,3,15,9,5,272,210,0.0
57210284271,57868661700,0,0,0.0,0.0,18,6,108,5,3,94,88,0.07142857142857142
57191982380,8718772800,0,0,0.0,0.0,13,10,130,13,1,281,77,0.14285714285714285
13408783400,59956517300,0,0,0.0,0.0,6,13,78,15,3,507,23,0.08928571428571429
55366804400,60429549400,0,0,0.0,0.0,8,3,24,3,1,85,65,0.09090909090909091
57215292949,58638569600,0,0,0.0,0.0,11,14,154,7,3,147,119,0.0
57207695231,57214171104,0,0,0.0,0.0,16,2,32,12,10,288,280,0.0
36461041400,6602825456,0,0,0.0,0.0,6,12,72,6,2,133,87,0.43137254901960786
57190974978,7101600451,0,0,0.0,0.0,1,26,26,20,4,1045,159,0.11320754716981132
57200554850,57208081275,0,0,0.0,0.0,5,10,50,9,3,318,160,0.0
55530682500,57201318293,0,0,0.0,0.0,30,5,150,10,8,206,200,0.043478260869565216
57201942692,57208403478,0,0,0.0,0.0,12,5,60,4,0,56,32,0.47368421052631576
55241360300,55421047900,0,0,0.0,0.0,16,9,144,5,1,40,22,0.03571428571428571
57215343686,7004518637,0,0,0.0,0.0,1,2,2,3,1,23,5,0.061224489795918366
56655144300,57205323693,0,0,0.0,0.0,2,2,4,3,1,32,20,0.0
55831614700,7006200042,0,0,0.0,0.0,28,57,1596,35,5,2320,368,0.1686746987951807
57192201395,57202029288,0,0,0.0,0.0,28,8,224,13,9,606,560,0.02857142857142857
57210843347,6602440608,0,0,0.0,0.0,1,7,7,4,2,30,2,0.0
57200227440,6506160194,0,0,0.0,0.0,1,22,22,14,12,546,534,0.0
36699328700,57188697738,0,0,0.0,0.0,20,12,240,12,4,278,148,0.030303030303030304
36704152400,55989994000,0,0,0.0,0.0,86,22,1892,21,7,652,450,0.17142857142857143
35598380000,57217190881,0,0,0.0,0.0,14,15,210,20,10,587,471,0.0125
57223087546,6603956720,0,0,0.0,0.0,9,7,63,12,0,216,4,0.041666666666666664
56806537200,6602436600,0,0,0.0,0.0,6,8,48,5,1,91,71,0.05714285714285714
57211520883,57216437931,0,0,0.0,0.0,2,7,14,7,3,103,63,0.0
55888331900,57207737009,0,0,0.0,0.0,9,10,90,5,1,334,204,0.05555555555555555
57221997539,6504359000,0,0,0.0,0.0,13,7,91,6,2,87,47,0.0
23397640200,57193546923,0,0,0.0,0.0,4,5,20,9,1,156,94,0.0196078431372549
56341961400,57193087551,0,0,0.0,0.0,3,10,30,4,2,77,47,0.0
57217121483,57220050287,0,0,0.0,0.0,57,8,456,13,7,233,159,0.047619047619047616
55247269900,7004941263,0,0,0.0,0.0,7,68,476,22,14,1181,1097,0.13513513513513514
55826044700,57214329258,0,0,0.0,0.0,10,8,80,8,0,70,10,0.09090909090909091
57192383343,57204517469,0,0,0.0,0.0,4,4,16,5,1,58,18,0.0
55558132100,57191043562,0,0,0.0,0.0,17,1,17,13,3,323,11,0.030303030303030304
56236071200,57193667570,0,0,0.0,0.0,12,3,36,9,5,234,20,0.0
56444409700,57201896666,0,0,0.0,0.0,3,2,6,5,1,270,40,0.0
57201464415,57224646930,0,0,0.0,0.0,4,4,16,5,1,101,35,0.09090909090909091
55930520300,57172631000,0,0,0.0,0.0,12,9,108,10,6,251,169,0.0
57203617316,57220642258,0,0,0.0,0.0,5,11,55,4,0,120,26,0.0
57209449573,57214186954,0,0,0.0,0.0,25,7,175,7,1,77,11,0.11538461538461539
7202945091,8666782100,0,0,0.0,0.0,9,43,387,19,13,827,761,0.0625
16040180600,57218883509,0,0,0.0,0.0,21,5,105,9,5,195,15,0.0
57194572637,57201974603,0,0,0.0,0.0,4,1,4,4,2,32,26,0.05714285714285714
56244888300,7004578182,0,0,0.0,0.0,19,37,703,23,3,1107,467,0.21348314606741572
57192803905,57201007272,0,0,0.0,0.0,3,15,45,7,3,165,131,0.043478260869565216
35487065300,57948659200,0,0,0.0,0.0,2,9,18,4,2,44,40,0.0
57192896710,57193647460,0,0,0.0,0.0,17,6,102,5,1,58,38,0.0
57203712003,57211136874,0,0,0.0,0.0,9,10,90,8,2,118,80,0.06666666666666667
57209217870,57216753873,0,0,0.0,0.0,1,2,2,5,1,49,9,0.0
57202512041,57202782702,0,0,0.0,0.0,1,1,1,5,1,65,53,0.0
57214684438,7006135966,0,0,0.0,0.0,1,7,7,11,7,258,222,0.0
57193163824,57193616375,0,0,0.0,0.0,24,9,216,15,1,569,65,0.038461538461538464
35552663800,57200425884,0,0,0.0,0.0,18,9,162,9,5,141,111,0.05405405405405406
11239484000,57219328786,0,0,0.0,0.0,36,3,108,6,2,111,7,0.0
57193528257,57212585521,0,0,0.0,0.0,5,10,50,5,1,110,62,0.0
35731701000,57215460273,0,0,0.0,0.0,2,2,4,5,1,41,23,0.0
56346204600,56954480400,0,0,0.0,0.0,8,1,8,3,1,56,42,0.030303030303030304
57223013992,57253439200,0,0,0.0,0.0,4,4,16,4,0,31,7,0.05
56450278400,57214470968,0,0,0.0,0.0,10,2,20,6,2,86,10,0.0
57210889568,7004357093,0,0,0.0,0.0,10,13,130,6,2,119,35,0.05555555555555555
57194560502,58074396900,0,0,0.0,0.0,5,4,20,4,4,48,48,0.0
57205107800,57219130663,0,0,0.0,0.0,12,8,96,8,2,103,37,0.06666666666666667
57034940200,57195062603,0,0,0.0,0.0,3,4,12,5,1,36,24,0.0
57225173469,57243881500,0,0,0.0,0.0,2,3,6,4,0,84,40,0.0
56926654500,57193452712,0,0,0.0,0.0,1,9,9,4,0,76,4,0.0
57194720075,57557409200,0,0,0.0,0.0,5,2,10,9,7,437,431,0.05555555555555555
57126247000,57203173708,0,0,0.0,0.0,3,9,27,5,1,104,70,0.0
55984752600,56609785800,0,0,0.0,0.0,7,6,42,10,4,270,244,0.023809523809523808
56061023800,57215830373,0,0,0.0,0.0,3,3,9,9,5,251,193,0.02631578947368421
57288044400,58629743700,0,0,0.0,0.0,4,1,4,5,1,48,4,0.13953488372093023
36665912900,57215424913,0,0,0.0,0.0,8,13,104,5,1,40,16,0.0
57195995961,57215829648,0,0,0.0,0.0,8,13,104,9,1,112,34,0.0625
25822049200,44461124100,0,0,0.0,0.0,117,1,117,23,21,1653,1607,0.013888888888888888
16039416600,6603225483,0,0,0.0,0.0,70,2,140,31,21,1980,1888,0.05405405405405406
56287189500,57219706579,0,0,0.0,0.0,7,3,21,7,1,121,31,0.18604651162790697
57118110300,57674157400,0,0,0.0,0.0,1,15,15,3,1,24,18,0.0
58381132700,58629743700,0,0,0.0,0.0,5,1,5,4,0,32,12,0.022222222222222223
57191868030,6506003725,0,0,0.0,0.0,1,4,4,5,1,47,13,0.0
54791942700,57204571525,0,0,0.0,0.0,8,16,128,6,4,74,52,0.047619047619047616
57194033798,6603673097,0,0,0.0,0.0,16,14,224,10,0,315,159,0.1702127659574468
57190029635,57213268547,0,0,0.0,0.0,1,2,2,4,0,42,28,0.05263157894736842
15058927200,8388378000,0,0,0.0,0.0,2,5,10,8,4,166,32,0.0784313725490196
56374254700,57205765158,0,0,0.0,0.0,15,25,375,5,1,134,116,0.2
36816468000,57195314179,0,0,0.0,0.0,4,6,24,4,0,51,25,0.047619047619047616
57195806817,8046818200,0,0,0.0,0.0,3,10,30,8,2,119,47,0.06382978723404255
56166219100,57447340800,0,0,0.0,0.0,9,2,18,6,2,140,26,0.0
56766050900,57210808730,0,0,0.0,0.0,3,8,24,5,1,81,3,0.0
56393969400,6603097867,0,0,0.0,0.0,13,40,520,31,7,2529,949,0.12345679012345678
35794016300,57218210439,0,0,0.0,0.0,6,13,78,5,1,52,20,0.08333333333333333
57207778989,60403668400,0,0,0.0,0.0,2,7,14,8,2,121,73,0.0
57217214525,6603574466,0,0,0.0,0.0,3,12,36,9,3,149,91,0.11428571428571428
57200960817,57555079900,0,0,0.0,0.0,4,2,8,10,2,123,57,0.03636363636363636
57194508181,57893550000,0,0,0.0,0.0,6,12,72,4,0,46,24,0.0625
57202910657,57217546552,0,0,0.0,0.0,17,5,85,12,2,369,55,0.2653061224489796
57212546444,57216938503,0,0,0.0,0.0,5,12,60,4,0,19,1,0.0
36192495600,57212307833,0,0,0.0,0.0,14,1,14,8,4,272,256,0.0
40361398000,57201474499,0,0,0.0,0.0,1,12,12,6,2,197,101,0.05
24073819900,57211444713,0,0,0.0,0.0,12,7,84,3,1,20,14,0.16666666666666666
6603225483,8871368500,0,0,0.0,0.0,2,10,20,9,1,106,14,0.0
55081840800,57193241274,0,0,0.0,0.0,8,15,120,8,4,179,69,0.0
57218454002,57264877700,0,0,0.0,0.0,1,5,5,5,1,82,48,0.0
24537961100,6701867677,0,0,0.0,0.0,2,26,52,13,11,353,345,0.0
57203000098,8962997000,0,0,0.0,0.0,1,89,89,26,24,1982,1946,0.012987012987012988
57211405877,60000009300,0,0,0.0,0.0,3,7,21,9,3,643,519,0.030303030303030304
56331782700,58636377600,0,0,0.0,0.0,19,0,0,3,1,16,6,0.0
26024868000,57105113000,0,0,0.0,0.0,48,1,48,15,13,905,903,0.02702702702702703
55022701000,57209244438,0,0,0.0,0.0,39,6,234,32,22,2295,2017,0.2
57202498565,57202947398,0,0,0.0,0.0,25,7,175,14,8,433,369,0.045454545454545456
55982097300,57193663631,0,0,0.0,0.0,12,2,24,9,5,204,10,0.11764705882352941
54410372700,57208034389,0,0,0.0,0.0,1,10,10,7,3,135,13,0.0
57202291912,57446732400,0,0,0.0,0.0,6,2,12,3,1,46,22,0.0
57204308510,57209298696,0,0,0.0,0.0,4,6,24,9,5,295,259,0.0
57212148890,7003767448,0,0,0.0,0.0,5,7,35,6,4,86,78,0.03225806451612903
54685141100,57004538100,0,0,0.0,0.0,18,17,306,24,2,808,126,0.22807017543859648
35077555400,59842697900,0,1,0.019230769230769232,0.318928988903801,6,47,282,16,10,430,382,0.23943661971830985
37081771200,57557282400,0,0,0.0,0.0,8,2,16,10,6,282,142,0.0
54884280500,7004265737,0,0,0.0,0.0,9,6,54,12,8,331,269,0.024390243902439025
57195289413,57214914115,0,0,0.0,0.0,3,1,3,7,7,402,402,0.023809523809523808
35786735700,58986651200,0,0,0.0,0.0,8,5,40,6,2,86,48,0.0
57205100814,57211469086,0,0,0.0,0.0,3,8,24,6,2,109,91,0.05555555555555555
57215663741,57219845650,0,0,0.0,0.0,5,5,25,3,1,68,66,0.0
16038750100,55606603600,0,0,0.0,0.0,7,5,35,5,1,90,46,0.02702702702702703
57194466483,6506322220,0,0,0.0,0.0,15,4,60,24,16,1415,1291,0.0975609756097561
12762025200,57191632365,0,0,0.0,0.0,24,5,120,13,7,404,298,0.1320754716981132
57220996918,57957696700,0,0,0.0,0.0,8,3,24,4,4,65,65,0.0
57203959069,57778883200,0,0,0.0,0.0,6,6,36,3,1,130,110,0.0
53463361500,7404444957,0,0,0.0,0.0,64,4,256,32,18,2173,1749,0.020833333333333332
36561254400,57143944000,0,0,0.0,0.0,7,6,42,11,7,744,674,0.015625
57200836355,57204832128,0,0,0.0,0.0,1,9,9,4,2,31,29,0.0
57195504303,6602814239,0,0,0.0,0.0,12,11,132,12,0,366,220,0.0625
6602508577,6603214162,0,0,0.0,0.0,5,5,25,6,2,69,35,0.5454545454545454
57203728880,57204470217,0,0,0.0,0.0,4,3,12,4,0,63,15,0.0
56025855800,57202606096,0,0,0.0,0.0,6,3,18,5,1,115,69,0.0
35387319700,57219554292,0,0,0.0,0.0,13,1,13,9,1,139,21,0.2619047619047619
55083474300,57204461143,0,0,0.0,0.0,4,8,32,6,2,139,115,0.07692307692307693
57190183602,57194799753,0,0,0.0,0.0,8,4,32,6,2,136,100,0.23333333333333334
57204172833,57418950700,0,0,0.0,0.0,8,43,344,7,5,140,114,0.038461538461538464
56079371000,57205215527,0,0,0.0,0.0,1,3,3,5,3,91,83,0.0
56487308200,57221398814,0,0,0.0,0.0,3,8,24,5,1,174,156,0.0
56659215200,57235619600,0,0,0.0,0.0,5,12,60,7,1,105,5,0.0
57956252100,6505819924,0,0,0.0,0.0,3,11,33,6,2,70,42,0.05
35308026500,57200603691,0,0,0.0,0.0,4,5,20,13,7,232,166,0.10344827586206896
57215343686,7003557544,0,0,0.0,0.0,1,30,30,25,23,3791,3773,0.016666666666666666
56073934300,57201152643,0,0,0.0,0.0,18,4,72,10,4,285,103,0.0
6602557554,6603089460,0,0,0.0,0.0,4,17,68,5,1,144,106,0.1875
57215129481,57388134900,0,0,0.0,0.0,9,7,63,4,0,37,5,0.05263157894736842
57193213489,6602510537,0,0,0.0,0.0,12,4,48,7,3,142,72,0.05555555555555555
30567549800,57189253682,0,0,0.0,0.0,9,3,27,9,1,208,92,0.08571428571428572
36144437800,8353821500,0,0,0.0,0.0,10,10,100,8,6,253,241,0.029411764705882353
56244888300,57210425479,0,0,0.0,0.0,19,1,19,12,8,333,307,0.14285714285714285
36102163500,57201614824,0,0,0.0,0.0,4,3,12,10,0,275,85,0.05128205128205128
54882813200,57217215485,0,0,0.0,0.0,27,6,162,16,6,372,284,0.025
57200616340,57214827923,0,0,0.0,0.0,3,9,27,4,0,57,11,0.0
56263684300,57221951393,0,0,0.0,0.0,2,5,10,3,1,55,45,0.0
54998634900,7102404745,0,0,0.0,0.0,7,19,133,15,11,740,644,0.19047619047619047
57191708331,6602378345,0,0,0.0,0.0,28,3,84,13,11,719,647,0.15151515151515152
57220087133,57429841700,0,0,0.0,0.0,4,1,4,3,1,36,10,0.0
55258506900,7005668079,0,0,0.0,0.0,13,7,91,12,6,330,168,0.031746031746031744
57203717842,57215103429,0,0,0.0,0.0,1,2,2,4,2,93,69,0.0
55968603400,56063146500,0,0,0.0,0.0,36,0,0,22,20,1364,1358,0.0
56018147400,57195331847,0,0,0.0,0.0,26,6,156,17,1,403,119,0.0
56572487000,6506398380,0,0,0.0,0.0,2,2,4,9,5,209,157,0.23076923076923078
56153132100,57204637412,0,0,0.0,0.0,20,7,140,9,3,699,63,0.029411764705882353
13104402000,27467682900,0,0,0.0,0.0,32,13,416,10,4,198,110,0.0
57215683127,57221398814,0,0,0.0,0.0,118,8,944,11,7,903,885,0.045454545454545456
56400980000,58140925900,0,0,0.0,0.0,16,8,128,16,10,634,304,0.13333333333333333
57194798214,57199972142,0,1,0.0625,0.318928988903801,5,12,60,5,1,123,39,0.1891891891891892
56818653600,56911753200,0,0,0.0,0.0,8,13,104,8,0,297,203,0.038461538461538464
57200045265,57205762541,0,0,0.0,0.0,5,6,30,3,1,22,18,0.0
57226692280,8540875500,0,0,0.0,0.0,5,14,70,7,3,120,40,0.0
57103819300,57217059317,0,0,0.0,0.0,9,10,90,5,1,210,108,0.0
11939831600,57193573999,0,0,0.0,0.0,8,4,32,10,4,230,128,0.022727272727272728
57169746700,57208408260,0,0,0.0,0.0,1,24,24,13,11,360,352,0.03571428571428571
57219327377,57558221300,0,0,0.0,0.0,3,5,15,4,0,76,26,0.0
55856892800,57222541649,0,0,0.0,0.0,10,1,10,3,1,44,12,0.0625
55185349100,56768102100,0,0,0.0,0.0,3,4,12,9,7,306,300,0.2857142857142857
57196198415,57207987084,0,0,0.0,0.0,9,3,27,10,6,286,232,0.0
35583000200,57213686247,0,0,0.0,0.0,1,2,2,3,1,39,37,0.0
55508673500,57200412020,0,0,0.0,0.0,6,10,60,6,0,130,8,0.13333333333333333
47961447600,57195153415,0,0,0.0,0.0,27,8,216,10,4,277,71,0.06521739130434782
57200426447,7003699883,0,0,0.0,0.0,9,61,549,19,13,969,885,0.037037037037037035
26032221100,7004598380,0,0,0.0,0.0,2,6,12,10,6,305,255,0.06521739130434782
54412962900,57207841332,0,0,0.0,0.0,12,4,48,7,3,98,8,0.1
57195437049,57201301532,0,0,0.0,0.0,2,3,6,9,5,286,132,0.0
35563352400,59454890900,0,0,0.0,0.0,9,3,27,5,3,220,172,0.0
6507157339,6603061539,0,0,0.0,0.0,10,11,110,13,3,207,125,0.16363636363636364
23476510600,56515498400,0,0,0.0,0.0,4,2,8,7,3,325,137,0.05555555555555555
55613154000,57218610871,0,0,0.0,0.0,15,13,195,14,2,322,4,0.10344827586206896
23989613800,7004481112,0,0,0.0,0.0,11,128,1408,18,14,822,800,0.06896551724137931
57203728880,8410841300,0,0,0.0,0.0,4,8,32,9,5,173,125,0.029411764705882353
57215093791,57516122500,0,0,0.0,0.0,3,47,141,4,0,201,109,0.04
10143354000,36868256400,0,0,0.0,0.0,144,3,432,24,22,1152,1150,0.047619047619047616
31667532100,37031406300,0,0,0.0,0.0,32,3,96,20,14,748,692,0.10344827586206896
57207877810,6701801409,0,0,0.0,0.0,1,27,27,21,19,1632,1630,0.058823529411764705
11239484000,57204243731,0,0,0.0,0.0,36,8,288,7,1,80,38,0.03225806451612903
56587469400,57215107378,0,0,0.0,0.0,1,3,3,4,0,37,19,0.0
55324365600,7006537200,0,0,0.0,0.0,5,6,30,6,2,75,41,0.023255813953488372
37117779600,57201614901,0,0,0.0,0.0,10,7,70,7,3,246,228,0.03571428571428571
57140052000,57192811895,0,0,0.0,0.0,19,5,95,10,4,174,114,0.17391304347826086
57190140446,8715712100,0,0,0.0,0.0,10,7,70,8,4,98,32,0.043478260869565216
56116845300,56998752500,0,0,0.0,0.0,6,3,18,13,1,745,507,0.08823529411764706
35329490200,58638569600,0,0,0.0,0.0,35,14,490,23,19,1343,1315,0.015873015873015872
57191090520,57198497937,0,0,0.0,0.0,4,3,12,3,1,17,13,0.0
54419946700,57215965148,0,0,0.0,0.0,6,2,12,3,1,36,14,0.0
56707421100,8225271400,0,0,0.0,0.0,18,7,126,7,3,217,201,0.0
57195927787,6601973250,0,0,0.0,0.0,7,19,133,10,4,203,147,0.0
57208427094,6701547321,0,0,0.0,0.0,4,15,60,8,0,95,21,0.019230769230769232
57644106300,8225271400,0,0,0.0,0.0,6,7,42,3,1,33,17,0.0
59170145200,6507790703,0,0,0.0,0.0,3,5,15,3,1,9,7,0.20634920634920634
36128430700,59289912700,0,0,0.0,0.0,10,12,120,4,2,145,65,0.02857142857142857
57193088524,57221469135,0,0,0.0,0.0,4,7,28,5,1,87,53,0.0
56414682100,57219842800,0,0,0.0,0.0,3,2,6,4,2,86,80,0.0
56059049400,57209641836,0,0,0.0,0.0,28,8,224,13,11,361,357,0.0
57218514682,57226446472,0,0,0.0,0.0,5,6,30,6,0,73,15,0.05555555555555555
57204089221,57216500981,0,0,0.0,0.0,1,3,3,5,1,169,143,0.0
57213647258,57221418361,0,0,0.0,0.0,6,8,48,4,0,117,67,0.0
57210582296,57210954530,0,0,0.0,0.0,3,5,15,3,1,75,39,0.0
37561044100,7004492843,0,0,0.0,0.0,11,1,11,5,3,157,151,0.0
55510111500,57214178872,0,0,0.0,0.0,1,22,22,9,5,301,247,0.057692307692307696
57211135609,57322306100,0,0,0.0,0.0,13,3,39,6,2,68,52,0.0
24484085200,58165093600,0,0,0.0,0.0,16,13,208,9,1,91,31,0.23529411764705882
56079371000,57643482500,0,0,0.0,0.0,1,8,8,6,2,126,48,0.0
48361797800,57220069751,0,0,0.0,0.0,4,28,112,10,2,146,64,0.030303030303030304
57576395400,8987609300,0,0,0.0,0.0,9,2,18,4,2,47,29,0.14285714285714285
57216656795,57904702600,0,0,0.0,0.0,8,5,40,7,3,55,31,0.0
55325217200,55600646000,0,0,0.0,0.0,4,5,20,8,4,246,48,0.0967741935483871
56037303500,57223841065,0,0,0.0,0.0,9,2,18,9,5,155,119,0.0
35568764200,57203204973,0,0,0.0,0.0,30,5,150,27,23,1936,1916,0.023809523809523808
57202265696,58117054000,0,0,0.0,0.0,5,6,30,4,0,14,2,0.125
57202855454,57222038917,0,0,0.0,0.0,13,9,117,9,5,183,121,0.06666666666666667
16231013400,56257919200,0,0,0.0,0.0,25,14,350,13,5,290,136,0.04081632653061224
57199710086,57215144112,0,0,0.0,0.0,7,2,14,4,0,29,15,0.04
57212602955,57215903709,0,0,0.0,0.0,8,6,48,7,1,56,8,0.1
57201619181,7102064670,0,0,0.0,0.0,4,2,8,4,0,35,13,0.05555555555555555
55914857200,57201074087,0,0,0.0,0.0,25,4,100,14,2,663,463,0.07936507936507936
56151478400,57192958390,0,0,0.0,0.0,41,2,82,13,5,398,310,0.0
26650457300,57202094662,0,0,0.0,0.0,10,1,10,5,1,67,17,0.0
57218883509,8507685700,0,0,0.0,0.0,5,7,35,5,1,162,18,0.0
36861375100,59454890900,0,0,0.0,0.0,11,3,33,4,2,70,22,0.0
16416659200,57203858093,0,0,0.0,0.0,29,4,116,40,30,5006,4836,0.1111111111111111
57202753279,57202953110,0,0,0.0,0.0,4,2,8,6,2,192,160,0.0
57202707010,57218401533,0,0,0.0,0.0,23,3,69,18,14,800,736,0.04878048780487805
57195935522,57219699142,0,0,0.0,0.0,5,1,5,6,4,166,164,0.0
57032358800,57201157989,0,0,0.0,0.0,2,5,10,8,2,154,28,0.0
57201527512,57228033000,0,0,0.0,0.0,2,2,4,6,2,59,31,0.0
22035903600,23767899400,0,0,0.0,0.0,6,14,84,10,0,237,59,0.03773584905660377
55597926500,8872152600,0,0,0.0,0.0,106,18,1908,22,6,1032,746,0.09433962264150944
57204178529,57212551636,0,0,0.0,0.0,8,11,88,4,2,34,18,0.2
57211536403,57785110600,0,0,0.0,0.0,4,3,12,3,1,39,35,0.06666666666666667
57218594010,57888737100,0,0,0.0,0.0,3,3,9,5,1,17,1,0.0
57221712438,6602993112,0,0,0.0,0.0,17,4,68,5,1,122,52,0.09523809523809523
57189241650,57202054317,0,0,0.0,0.0,25,17,425,15,5,434,64,0.10344827586206896
55827609000,58693751700,0,0,0.0,0.0,7,3,21,6,4,98,76,0.05714285714285714
55606603600,56122157300,0,0,0.0,0.0,5,55,275,16,10,549,413,0.07042253521126761
23981156000,57643482500,0,0,0.0,0.0,21,8,168,7,3,130,52,0.0
57202219556,57315047400,0,0,0.0,0.0,4,6,24,3,1,53,47,0.0
55842711200,56819980000,0,0,0.0,0.0,2,9,18,13,9,380,292,0.16666666666666666
55911024000,59663054900,0,0,0.0,0.0,11,1,11,5,1,40,30,0.058823529411764705
57201153334,57300766300,0,3,0.3,1.2187448632565658,7,6,42,12,0,253,21,0.6285714285714286
56582449700,56890903400,0,0,0.0,0.0,3,11,33,5,1,60,18,0.0625
36669038500,57614738900,0,0,0.0,0.0,19,11,209,2,0,11,7,0.08333333333333333
57125475100,57195476384,0,0,0.0,0.0,2,2,4,6,2,81,15,0.0
54791960600,57210746863,0,0,0.0,0.0,6,4,24,5,1,179,19,0.0625
57202284031,57204561962,0,0,0.0,0.0,13,5,65,7,3,131,25,0.07142857142857142
57212139767,9746680000,0,0,0.0,0.0,2,4,8,7,3,68,60,0.1
55445433300,57216902450,0,0,0.0,0.0,1,3,3,3,1,64,54,0.0
26647133500,57205109869,0,0,0.0,0.0,14,3,42,7,3,77,51,0.225
57194633231,57219227832,0,0,0.0,0.0,5,25,125,7,5,158,142,0.05263157894736842
15044739500,57218603221,0,0,0.0,0.0,3,6,18,4,2,63,29,0.0
16836131500,54383232900,0,3,0.015873015873015872,0.860486625123235,42,150,6300,25,7,1311,905,0.3246753246753247
56430562200,57197499872,0,0,0.0,0.0,8,17,136,17,11,599,523,0.1276595744680851
57216860533,57218612375,0,0,0.0,0.0,6,19,114,11,3,198,92,0.06060606060606061
56530864500,57210284271,0,0,0.0,0.0,4,18,72,9,1,137,45,0.0
57194854340,57200984590,0,0,0.0,0.0,1,7,7,3,1,48,6,0.10526315789473684
25639718900,53983044600,0,0,0.0,0.0,2,10,20,6,2,76,32,0.12
57208142067,57426794900,0,0,0.0,0.0,24,3,72,6,4,149,121,0.05555555555555555
56270025100,57476577900,0,0,0.0,0.0,15,9,135,7,5,109,107,0.0
55087222300,57217798823,0,0,0.0,0.0,19,2,38,8,6,254,208,0.0
35422588700,57218195652,0,0,0.0,0.0,4,11,44,5,1,27,11,0.030303030303030304
57222000582,58492949000,0,0,0.0,0.0,4,4,16,4,0,41,7,0.0
56692922100,57190736386,0,0,0.0,0.0,7,1,7,7,3,58,42,0.043478260869565216
57216401706,57219352443,0,0,0.0,0.0,4,1,4,4,0,31,11,0.0
36615328700,8882780600,0,0,0.0,0.0,5,1,5,8,0,165,93,0.05660377358490566
57191900480,57670913400,0,0,0.0,0.0,9,2,18,4,2,86,74,0.0
57203099111,57217698482,0,0,0.0,0.0,1,2,2,8,6,1164,1156,0.044444444444444446
57211534375,57211920176,0,0,0.0,0.0,6,11,66,2,0,35,13,0.0
57192872661,57202417915,0,0,0.0,0.0,5,15,75,9,1,137,35,0.12
57221866958,57226061739,0,0,0.0,0.0,28,8,224,6,2,92,22,0.07142857142857142
57210593504,6508174172,0,0,0.0,0.0,2,8,16,10,4,197,53,0.16666666666666666
14218935500,8313580700,0,0,0.0,0.0,17,5,85,6,2,91,61,0.09836065573770492
37664650300,57193168500,0,0,0.0,0.0,3,28,84,9,7,1159,1145,0.07407407407407407
56227341800,57195568405,0,0,0.0,0.0,2,8,16,13,7,886,806,0.0
56678362800,57221675291,0,0,0.0,0.0,22,17,374,15,1,297,69,0.02857142857142857
56019914100,7004120983,0,1,0.022222222222222223,0.17637054703334476,22,24,528,8,2,120,60,0.0967741935483871
56010010500,6505963063,0,0,0.0,0.0,4,1,4,5,1,34,14,0.07894736842105263
57117892400,57209175245,0,0,0.0,0.0,12,3,36,5,3,59,49,0.07142857142857142
57209002257,57222481947,0,0,0.0,0.0,8,4,32,3,1,39,31,0.0
57218878899,58638120800,0,0,0.0,0.0,4,14,56,4,0,104,76,0.0
34771840400,55572848300,0,0,0.0,0.0,4,5,20,5,1,52,4,0.09523809523809523
56596808700,57203546432,0,0,0.0,0.0,5,5,25,7,1,183,87,0.0
57210928006,57211943844,0,0,0.0,0.0,8,2,16,8,0,152,14,0.058823529411764705
55122335200,56734378000,0,0,0.0,0.0,8,16,128,4,0,66,0,0.038461538461538464
55937582600,6506006739,0,0,0.0,0.0,8,1,8,9,5,332,298,0.24242424242424243
57190494888,57205354812,0,0,0.0,0.0,4,6,24,4,0,21,7,0.0
57215417733,7005596756,0,0,0.0,0.0,1,11,11,4,0,196,176,0.041666666666666664
55343987900,55607369800,0,0,0.0,0.0,9,2,18,7,1,118,38,0.020833333333333332
25028014800,56210364100,0,0,0.0,0.0,7,8,56,11,3,370,206,0.05263157894736842
55919995400,57189253636,0,0,0.0,0.0,20,2,40,9,5,245,91,0.1
57203066384,7004447092,0,0,0.0,0.0,5,12,60,11,5,363,17,0.06666666666666667
26022779800,57052581100,0,0,0.0,0.0,14,9,126,10,2,169,49,0.045454545454545456
57211679608,57222141841,0,0,0.0,0.0,10,4,40,5,3,58,26,0.047619047619047616
37117779600,60347122100,0,0,0.0,0.0,10,0,0,5,5,237,237,0.0
16554843500,57204930612,0,0,0.0,0.0,51,7,357,11,7,291,245,0.02040816326530612
55770297800,55985149100,0,0,0.0,0.0,4,10,40,10,8,175,163,0.1
55747007400,56486081700,0,0,0.0,0.0,8,5,40,5,1,39,23,0.041666666666666664
16643141600,57214341930,0,0,0.0,0.0,9,13,117,8,4,138,88,0.047619047619047616
57192167055,57740813500,0,0,0.0,0.0,17,3,51,10,4,186,128,0.1724137931034483
55776752900,57203066384,0,0,0.0,0.0,5,5,25,6,0,188,158,0.08823529411764706
55970900600,6506736837,0,0,0.0,0.0,10,57,570,24,18,1445,1343,0.03571428571428571
57197269844,57226805942,0,0,0.0,0.0,10,5,50,4,0,101,5,0.0
55939315300,57967209300,0,0,0.0,0.0,11,8,88,4,0,55,11,0.1111111111111111
36616921900,57203456202,0,0,0.0,0.0,23,4,92,8,6,128,108,0.0
35389968300,57193825729,0,0,0.0,0.0,4,8,32,4,0,34,10,0.05263157894736842
35753650100,57213595044,0,0,0.0,0.0,1,4,4,9,5,180,156,0.029411764705882353
57213829506,57218760330,0,0,0.0,0.0,8,1,8,6,2,67,23,0.16666666666666666
55924979800,57566640800,0,0,0.0,0.0,4,14,56,4,0,56,32,0.047619047619047616
57209821049,7003895942,0,0,0.0,0.0,9,11,99,9,3,132,74,0.025
57196297669,57219272053,0,0,0.0,0.0,8,4,32,10,0,265,111,0.0
57211071832,57214849614,0,0,0.0,0.0,19,2,38,9,5,155,131,0.05263157894736842
57204178529,6507516780,0,0,0.0,0.0,8,25,200,8,6,119,103,0.034482758620689655
56587445700,59584261900,0,0,0.0,0.0,62,5,310,11,7,258,190,0.041666666666666664
57211519146,6506106345,0,0,0.0,0.0,5,16,80,5,1,79,49,0.041666666666666664
57189708597,57921050600,0,0,0.0,0.0,8,4,32,9,9,178,178,0.0
57200661409,57413255500,0,0,0.0,0.0,3,6,18,2,2,47,47,0.0
57170411000,57218272578,0,0,0.0,0.0,1,3,3,5,1,82,58,0.0
55314365000,57209222127,0,0,0.0,0.0,8,4,32,6,4,71,45,0.0
57210593504,57958386600,0,0,0.0,0.0,2,4,8,4,2,73,71,0.043478260869565216
57212486335,57213838684,0,0,0.0,0.0,2,22,44,15,11,370,256,0.175
22135510100,47361218700,0,0,0.0,0.0,4,8,32,12,6,353,225,0.038461538461538464
14822544000,57211010956,0,0,0.0,0.0,2,5,10,3,1,64,48,0.0
56524961100,57196117932,0,0,0.0,0.0,1,4,4,3,1,23,13,0.0
57213999440,57221227724,0,0,0.0,0.0,1,3,3,4,0,113,89,0.0
57194740271,57208919070,0,0,0.0,0.0,9,8,72,4,0,32,12,0.0
57210986527,57214183738,0,0,0.0,0.0,4,9,36,6,2,62,2,0.0
57219342028,8872152600,0,0,0.0,0.0,6,18,108,10,6,160,126,0.0
55334528900,59903159300,0,0,0.0,0.0,12,1,12,19,15,1262,1216,0.07272727272727272
57221393685,57226684680,0,0,0.0,0.0,2,6,12,2,0,5,3,0.0
55341051500,57195457711,0,0,0.0,0.0,12,6,72,9,1,126,8,0.0
57212136231,57337589100,0,0,0.0,0.0,9,2,18,5,1,83,39,0.08
55234979200,6701718828,0,0,0.0,0.0,10,26,260,12,6,421,339,0.02631578947368421
36476939000,57217053664,0,0,0.0,0.0,11,11,121,3,1,51,47,0.05555555555555555
57094160700,57221912435,0,0,0.0,0.0,4,11,44,4,0,29,9,0.0
23567383600,57195100670,0,0,0.0,0.0,33,16,528,28,20,1911,1787,0.07142857142857142
57218325951,57226298314,0,0,0.0,0.0,10,14,140,4,0,104,14,0.05555555555555555
56612660700,57208056106,0,0,0.0,0.0,3,7,21,4,4,69,69,0.23809523809523808
14420864600,57204832348,0,0,0.0,0.0,5,6,30,16,8,852,782,0.0
57194853443,57226375720,0,0,0.0,0.0,3,5,15,4,0,40,20,0.0
57118282100,6602622533,0,0,0.0,0.0,6,4,24,9,5,199,135,0.04081632653061224
35345554700,8718772800,0,0,0.0,0.0,4,10,40,7,5,187,171,0.029411764705882353
24734445000,57219187761,0,0,0.0,0.0,1,8,8,7,3,123,97,0.14705882352941177
57204976812,57205630922,0,0,0.0,0.0,1,8,8,8,2,353,157,0.1111111111111111
57196795591,6506214929,0,0,0.0,0.0,2,28,56,7,3,87,71,0.1111111111111111
54398879700,57221417645,0,0,0.0,0.0,12,12,144,12,2,357,113,0.0
55552961100,7102961338,0,0,0.0,0.0,7,16,112,9,1,130,44,0.024390243902439025
56509520400,57218991631,0,0,0.0,0.0,9,3,27,10,6,308,254,0.09375
55855114300,6507131467,0,0,0.0,0.0,2,13,26,10,6,346,244,0.034482758620689655
56161056700,57195675149,0,0,0.0,0.0,7,0,0,9,5,139,125,0.03125
55636544000,57218195127,0,0,0.0,0.0,18,15,270,7,1,184,144,0.058823529411764705
56835238700,7004074021,0,1,0.010638297872340425,0.23868315209103041,11,84,924,14,10,348,320,0.10810810810810811
57203684508,57204799516,0,0,0.0,0.0,10,11,110,6,0,88,54,0.0
57197856140,57215103143,0,0,0.0,0.0,2,2,4,4,0,45,7,0.0
36813736000,57190223873,0,0,0.0,0.0,2,10,20,7,3,52,44,0.02564102564102564
35721785100,7006279246,0,0,0.0,0.0,9,9,81,6,0,103,69,0.09523809523809523
55320076100,57194774675,0,0,0.0,0.0,1,3,3,5,1,54,24,0.05
12786182200,56593551000,0,1,0.013513513513513514,0.19585011338479313,68,7,476,12,2,689,147,0.125
57201619181,57218594010,0,0,0.0,0.0,4,3,12,4,0,19,3,0.0
57214192009,57451799600,0,0,0.0,0.0,13,2,26,14,10,493,475,0.06451612903225806
56959964500,57201269175,0,0,0.0,0.0,18,0,0,4,2,44,34,0.0
36816603100,57194774675,0,0,0.0,0.0,2,3,6,9,3,212,134,0.058823529411764705
56603632300,56884068700,0,0,0.0,0.0,10,15,150,16,12,505,461,0.025
54789032500,55321338000,0,0,0.0,0.0,10,2,20,3,1,45,33,0.0
57200960007,57695455900,0,0,0.0,0.0,10,6,60,6,0,61,21,0.1
56118064000,58284465800,0,0,0.0,0.0,7,6,42,3,1,24,16,0.05555555555555555
24381811800,56049411000,0,0,0.0,0.0,35,2,70,16,10,455,341,0.016666666666666666
16426192300,37118336200,0,0,0.0,0.0,5,11,55,7,3,147,27,0.0
57144663400,57219452208,0,0,0.0,0.0,15,4,60,11,5,332,126,0.29411764705882354
56016071500,57223381762,0,0,0.0,0.0,18,3,54,11,7,270,188,0.07142857142857142
56809028000,57210285313,0,0,0.0,0.0,5,8,40,10,4,224,156,0.05
55226552800,55743865300,0,0,0.0,0.0,38,13,494,16,4,447,95,0.0196078431372549
56897081100,57202633576,0,0,0.0,0.0,6,42,252,14,4,672,222,0.12903225806451613
55973463500,57201314197,0,0,0.0,0.0,6,24,144,7,1,165,59,0.03571428571428571
54976634500,57223122313,0,0,0.0,0.0,6,3,18,3,1,60,52,0.2702702702702703
57201550536,57482201100,0,0,0.0,0.0,1,26,26,3,1,28,22,0.0
57200045265,57218760330,0,0,0.0,0.0,5,1,5,3,1,24,20,0.0
35099287000,57211507822,0,0,0.0,0.0,5,5,25,8,0,65,7,0.09523809523809523
57196346722,57202729931,0,0,0.0,0.0,2,10,20,6,4,141,109,0.1935483870967742
54386526400,57218511476,0,0,0.0,0.0,4,8,32,5,1,114,56,0.0
16038750100,54782910300,0,0,0.0,0.0,7,2,14,7,3,115,71,0.07692307692307693
57293102200,57762944800,0,0,0.0,0.0,5,1,5,3,1,20,10,0.0
57195976657,58305032800,0,0,0.0,0.0,5,3,15,4,0,41,13,0.08571428571428572
55224067300,57212443709,0,0,0.0,0.0,3,9,27,4,0,56,4,0.0
57205596425,57211004693,0,0,0.0,0.0,12,11,132,8,4,108,66,0.0
57117690500,57202291912,0,0,0.0,0.0,107,6,642,16,12,1582,1514,0.045454545454545456
55242228300,7004481112,0,15,0.08771929824561403,3.3589778008619424,58,128,7424,26,6,1114,508,0.37037037037037035
57188675884,57203687928,0,0,0.0,0.0,5,138,690,14,4,1168,782,0.0
57190193610,57203546432,0,0,0.0,0.0,6,5,30,8,2,109,13,0.0
56940104900,57223236563,0,0,0.0,0.0,6,8,48,10,8,223,197,0.07142857142857142
57201703959,57214183665,0,0,0.0,0.0,2,3,6,6,2,211,157,0.1
37107641900,6504710819,0,0,0.0,0.0,16,12,192,23,5,807,353,0.1375
57205099849,7003949406,0,0,0.0,0.0,10,20,200,11,7,261,227,0.06060606060606061
57218195652,57226715767,0,0,0.0,0.0,11,3,33,4,2,22,16,0.0
57199862372,57219050927,0,0,0.0,0.0,4,9,36,5,3,49,43,0.041666666666666664
55230018700,57208149153,0,0,0.0,0.0,7,2,14,6,2,93,9,0.0
23767899400,57216411532,0,0,0.0,0.0,14,5,70,13,3,652,474,0.04878048780487805
39161826500,55867037900,0,0,0.0,0.0,5,3,15,3,1,71,43,0.08333333333333333
55324365600,55545633500,0,0,0.0,0.0,5,2,10,5,3,59,57,0.0
12780694800,57216743315,0,0,0.0,0.0,10,11,110,13,5,688,512,0.14285714285714285
24472732900,26323096800,0,0,0.0,0.0,15,6,90,8,4,118,86,0.13636363636363635
57204478890,8380852200,0,0,0.0,0.0,15,2,30,7,1,104,50,0.03125
55022701000,57193131830,0,0,0.0,0.0,39,11,429,32,22,2269,2043,0.16216216216216217
57194507234,6603128830,0,0,0.0,0.0,9,37,333,15,1,301,23,0.16666666666666666
57208788710,57214171040,0,0,0.0,0.0,1,1,1,3,1,28,22,0.0
57202578790,57208147782,0,0,0.0,0.0,17,9,153,12,0,238,72,0.0
36965913900,7006200042,0,0,0.0,0.0,0,57,0,24,16,1450,1238,0.029850746268656716
48161853500,55211263300,0,0,0.0,0.0,17,11,187,10,0,107,13,0.0
56401604900,57192890175,0,0,0.0,0.0,7,1,7,7,3,92,42,0.0
56494277900,57202060730,0,0,0.0,0.0,8,8,64,13,5,192,130,0.08
57203924074,57205541173,0,0,0.0,0.0,29,7,203,18,14,829,703,0.10526315789473684
55956159600,57208919070,0,0,0.0,0.0,5,8,40,4,0,28,16,0.0
55361319500,57209244062,0,0,0.0,0.0,7,10,70,15,11,482,446,0.025
57159190500,57218569616,0,0,0.0,0.0,8,1,8,2,0,11,5,0.08695652173913043
57193440795,57314518400,0,0,0.0,0.0,2,3,6,6,2,72,52,0.0
56511751400,57205683162,0,0,0.0,0.0,1,4,4,7,3,271,229,0.09090909090909091
15768120800,55887007300,0,0,0.0,0.0,5,5,25,8,2,206,86,0.07142857142857142
36984061800,55619775400,0,0,0.0,0.0,36,10,360,19,15,797,745,0.03773584905660377
55771551500,56196163700,0,0,0.0,0.0,6,1,6,8,4,335,147,0.075
56790073300,57204052879,0,0,0.0,0.0,24,5,120,6,4,106,32,0.0
25121390100,7102060198,0,0,0.0,0.0,6,5,30,4,2,613,593,0.09090909090909091
57163855400,57202162041,0,0,0.0,0.0,3,3,9,8,2,158,70,0.038461538461538464
57215828952,57216411532,0,0,0.0,0.0,5,5,25,10,6,575,551,0.05263157894736842
57211715117,9338311900,0,0,0.0,0.0,23,3,69,16,0,355,31,0.1276595744680851
57355537400,57567212400,0,0,0.0,0.0,5,4,20,3,1,31,29,0.0
57190166582,57225213890,0,0,0.0,0.0,2,1,2,6,4,57,53,0.0
56329943900,57188759143,0,0,0.0,0.0,5,4,20,9,5,224,160,0.041666666666666664
23102200100,52364875700,0,0,0.0,0.0,13,0,0,7,3,134,46,0.0
57194742238,57201422179,0,0,0.0,0.0,5,2,10,4,2,84,68,0.2631578947368421
53263670000,57196544254,0,0,0.0,0.0,7,9,63,10,2,200,26,0.05555555555555555
56344208100,57209291916,0,0,0.0,0.0,1,12,12,9,3,196,116,0.0
55481190200,57211652467,0,0,0.0,0.0,5,3,15,5,3,37,21,0.0
56955704200,60078300100,0,0,0.0,0.0,6,3,18,5,1,74,48,0.0
57215490665,57296780900,0,0,0.0,0.0,3,9,27,5,1,106,4,0.13043478260869565
57211136874,57224179574,0,0,0.0,0.0,10,8,80,11,1,261,63,0.0
55427624900,57195274382,0,0,0.0,0.0,2,16,32,10,8,457,367,0.0
18437640800,57208893425,0,0,0.0,0.0,5,6,30,12,0,761,579,0.07142857142857142
55630517700,57218449304,0,0,0.0,0.0,10,8,80,11,1,198,30,0.020833333333333332
57224156534,58629743700,0,0,0.0,0.0,4,1,4,3,1,27,17,0.041666666666666664
54890719200,57217278003,0,0,0.0,0.0,11,2,22,5,3,177,103,0.0
55761553600,58118595500,0,0,0.0,0.0,5,5,25,7,3,161,57,0.08333333333333333
56609785800,57211364480,0,0,0.0,0.0,6,3,18,4,2,19,7,0.1
25121531900,57195760105,0,0,0.0,0.0,6,63,378,7,1,1032,868,0.0
56231177500,56530383700,0,0,0.0,0.0,65,7,455,14,6,421,225,0.0
56539498000,57217116183,0,0,0.0,0.0,3,35,105,10,6,174,150,0.0
57193645493,57194029067,0,0,0.0,0.0,2,48,96,19,15,835,813,0.0
55411452400,55892544700,0,0,0.0,0.0,10,9,90,9,5,304,290,0.0
55509191600,57216777429,0,0,0.0,0.0,2,7,14,5,1,52,16,0.2
57188676353,7202834119,0,0,0.0,0.0,4,8,32,5,1,186,132,0.041666666666666664
16308664700,57215148164,0,0,0.0,0.0,20,12,240,9,5,264,84,0.15
56587445700,59956517300,0,0,0.0,0.0,62,13,806,15,3,466,18,0.06451612903225806
56640740200,57195904455,0,0,0.0,0.0,1,8,8,4,0,36,22,0.0
55923867100,57218573553,0,0,0.0,0.0,3,6,18,8,4,105,69,0.0
57201406627,57205511747,0,0,0.0,0.0,14,28,392,8,0,114,18,0.08333333333333333
57204515495,57222141841,0,0,0.0,0.0,3,4,12,2,0,25,7,0.23529411764705882
42962909600,57217148219,0,0,0.0,0.0,9,7,63,5,1,40,2,0.07142857142857142
37050528600,57199986491,0,0,0.0,0.0,8,11,88,9,5,140,130,0.1111111111111111
35880914800,57214179230,0,0,0.0,0.0,18,3,54,11,7,190,150,0.11538461538461539
57234377700,6603912395,0,0,0.0,0.0,4,11,44,8,2,179,147,0.05084745762711865
23472984600,57224123277,0,0,0.0,0.0,19,5,95,8,2,85,23,0.03571428571428571
57190258392,57672505000,0,0,0.0,0.0,4,13,52,3,1,33,27,0.09090909090909091
57143765400,57209215404,0,0,0.0,0.0,9,3,27,9,1,267,131,0.125
57218827763,57221086062,0,0,0.0,0.0,7,3,21,6,0,217,63,0.0
57188970615,57193076284,0,0,0.0,0.0,5,21,105,12,4,351,21,0.0
55845591500,57188758198,0,0,0.0,0.0,4,3,12,11,3,150,90,0.3333333333333333
16315359100,7004357973,0,0,0.0,0.0,49,54,2646,29,3,1174,262,0.24489795918367346
57206839368,57214795771,0,0,0.0,0.0,5,3,15,5,1,43,35,0.0
22834387100,54398460700,0,0,0.0,0.0,26,3,78,14,10,532,490,0.0
57212551199,7004357973,0,0,0.0,0.0,5,54,270,18,14,746,690,0.05
57201457162,57201529189,0,0,0.0,0.0,5,3,15,5,1,76,56,0.0
57204182284,57204500053,0,0,0.0,0.0,3,16,48,6,2,40,26,0.0
57202735795,57286620800,0,1,0.037037037037037035,0.19155782354835868,6,22,132,6,2,105,57,0.07142857142857142
57189627815,57223231639,0,0,0.0,0.0,20,11,220,7,1,82,44,0.05263157894736842
57758232100,7003952459,0,0,0.0,0.0,6,125,750,14,12,527,521,0.05970149253731343
56406110100,57213619538,0,0,0.0,0.0,2,5,10,8,2,191,139,0.0625
50262384000,6701700454,0,0,0.0,0.0,13,8,104,8,0,107,33,0.0
56734378000,57207615640,0,0,0.0,0.0,16,4,64,4,0,106,40,0.034482758620689655
57205106684,7004675336,0,0,0.0,0.0,10,6,60,9,1,359,255,0.0625
56271486800,56910192400,0,0,0.0,0.0,2,6,12,3,1,35,29,0.0
56946693800,57201316851,0,0,0.0,0.0,40,5,200,12,4,509,315,0.14634146341463414
55364087500,57201998453,0,0,0.0,0.0,1,11,11,7,1,284,168,0.05
57205120373,57221953193,0,0,0.0,0.0,1,2,2,5,1,64,12,0.05
16640437000,56803930400,0,0,0.0,0.0,9,3,27,7,3,108,38,0.08333333333333333
12786182200,59956618700,0,0,0.0,0.0,68,20,1360,16,2,514,28,0.22033898305084745
36946403400,57454133500,0,0,0.0,0.0,3,5,15,4,0,30,10,0.0
56689966300,57349166900,0,0,0.0,0.0,9,14,126,5,3,65,39,0.0
55750277800,57206144971,0,0,0.0,0.0,12,6,72,7,1,134,56,0.016666666666666666
56229476100,57213195597,0,0,0.0,0.0,2,2,4,3,1,6,2,0.0
57214189407,58694275200,0,0,0.0,0.0,55,3,165,5,3,319,297,0.25
57200641844,57424025400,0,0,0.0,0.0,9,4,36,6,2,156,132,0.0
56677243600,57214099401,0,0,0.0,0.0,13,2,26,8,4,135,123,0.0
36739221800,6603267575,0,0,0.0,0.0,5,62,310,10,8,322,296,0.0
55992197100,57200227440,0,0,0.0,0.0,6,1,6,3,1,74,62,0.09090909090909091
55976765600,57223380266,0,0,0.0,0.0,3,16,48,7,1,97,73,0.10344827586206896
57201074087,7003949406,0,0,0.0,0.0,4,20,80,17,1,807,319,0.3181818181818182
57204149623,57222865853,0,0,0.0,0.0,6,3,18,4,0,63,15,0.0625
24734445000,57221094616,0,0,0.0,0.0,1,4,4,3,1,21,5,0.06060606060606061
57207121382,57225106601,0,0,0.0,0.0,5,1,5,5,1,67,5,0.08333333333333333
57195592867,57202284031,0,0,0.0,0.0,11,13,143,11,1,227,71,0.07142857142857142
57210195604,6508352050,0,0,0.0,0.0,9,31,279,14,6,356,294,0.0
14218849700,57219584344,0,0,0.0,0.0,2,2,4,7,1,323,97,0.05714285714285714
56954480400,57214186713,0,0,0.0,0.0,1,5,5,4,0,108,10,0.09523809523809523
57222401768,6505883465,0,0,0.0,0.0,12,85,1020,16,8,483,345,0.018867924528301886
57288044400,57835487300,0,0,0.0,0.0,4,6,24,4,2,30,22,0.1111111111111111
56649607000,57190126621,0,0,0.0,0.0,5,28,140,18,8,675,481,0.04878048780487805
55530682500,57190517862,0,0,0.0,0.0,30,6,180,12,6,259,147,0.0
57191415170,57204664607,0,0,0.0,0.0,5,5,25,7,5,169,85,0.12121212121212122
55206360800,57914525400,0,0,0.0,0.0,14,2,28,8,6,204,198,0.02040816326530612
55606603600,57349166900,0,0,0.0,0.0,5,14,70,4,2,81,55,0.029411764705882353
53464349300,57225217157,0,0,0.0,0.0,1,1,1,7,3,125,95,0.043478260869565216
57191584418,57194633231,0,0,0.0,0.0,3,5,15,4,2,59,43,0.0
55861249700,57200881811,0,0,0.0,0.0,6,4,24,6,0,112,42,0.0
33368250200,35955821200,0,0,0.0,0.0,5,9,45,5,1,42,2,0.09090909090909091
57203745745,57204658698,0,0,0.0,0.0,5,69,345,6,4,100,98,0.0
35179056300,36473857600,0,0,0.0,0.0,32,3,96,6,2,121,89,0.0
57201686333,57205107800,0,0,0.0,0.0,1,12,12,7,3,62,4,0.0
15765091600,57215554729,0,0,0.0,0.0,4,3,12,5,1,97,81,0.0
14041302800,57214862204,0,0,0.0,0.0,11,6,66,16,10,641,503,0.06944444444444445
57209683121,57210692502,0,0,0.0,0.0,1,5,5,3,1,10,0,0.0
56003074900,57192686429,0,0,0.0,0.0,17,0,0,5,1,56,4,0.08695652173913043
55596434400,57215693235,0,0,0.0,0.0,7,2,14,7,3,58,44,0.08333333333333333
26323078500,57205305981,0,0,0.0,0.0,5,4,20,6,2,67,11,0.047619047619047616
57192872816,6506485066,0,0,0.0,0.0,3,22,66,15,5,418,224,0.04
56471187100,6602751821,0,0,0.0,0.0,5,26,130,7,5,104,66,0.03125
35583000200,56287189500,0,0,0.0,0.0,1,7,7,5,1,83,7,0.0
6507790545,7006412165,0,0,0.0,0.0,10,36,360,11,7,257,169,0.1935483870967742
57189049081,57204532732,0,0,0.0,0.0,11,6,66,8,4,224,74,0.08333333333333333
57069622400,57190797190,0,0,0.0,0.0,21,32,672,15,5,392,294,0.029411764705882353
57216083610,57316553000,0,0,0.0,0.0,9,9,81,7,3,67,23,0.11764705882352941
55328025000,57201426922,0,0,0.0,0.0,9,2,18,7,5,104,94,0.0
58283699600,59276188200,0,0,0.0,0.0,7,11,77,11,7,196,184,0.030303030303030304
57219790908,57220195292,0,0,0.0,0.0,1,11,11,5,1,80,58,0.0
56308309200,57218940092,0,0,0.0,0.0,11,8,88,10,2,390,250,0.1
55180668900,56018161900,0,0,0.0,0.0,24,2,48,13,9,399,383,0.018867924528301886
25932177400,54996034100,0,0,0.0,0.0,29,14,406,22,12,1550,1414,0.20930232558139536
55083474300,57457149700,0,0,0.0,0.0,4,1,4,4,0,18,6,0.07692307692307693
56179227100,58166544500,0,0,0.0,0.0,6,10,60,8,2,212,140,0.12121212121212122
38361199900,57220921306,0,0,0.0,0.0,2,1,2,7,3,97,69,0.041666666666666664
35191604400,56026838800,0,0,0.0,0.0,15,2,30,14,10,956,356,0.23636363636363636
36651681100,57189709233,0,0,0.0,0.0,18,3,54,10,6,410,396,0.0
56506744300,57034025700,0,0,0.0,0.0,13,0,0,10,4,571,499,0.043478260869565216
57206839368,57221109427,0,0,0.0,0.0,5,2,10,4,2,43,35,0.0967741935483871
6603293779,7005846438,0,0,0.0,0.0,8,5,40,22,18,2904,2890,0.0
55446662500,56740449800,0,0,0.0,0.0,5,1,5,4,0,54,20,0.06666666666666667
56020397800,57222990908,0,0,0.0,0.0,23,32,736,13,1,357,107,0.08333333333333333
40162386100,57194650805,0,0,0.0,0.0,7,24,168,12,8,348,290,0.06976744186046512
56308309200,57214183690,0,0,0.0,0.0,11,1,11,6,2,119,21,0.0
57215509002,59158364300,0,0,0.0,0.0,7,3,21,7,3,95,13,0.12
24278819400,57208281260,0,0,0.0,0.0,21,6,126,8,0,102,14,0.1724137931034483
36941888300,57194482614,0,0,0.0,0.0,0,16,0,5,1,91,67,0.11538461538461539
57289236600,7102795216,0,0,0.0,0.0,8,40,320,12,6,363,323,0.0
55575264500,55960567100,0,0,0.0,0.0,2,6,12,3,1,79,73,0.3333333333333333
55048002400,7006792253,0,0,0.0,0.0,1,5,5,3,1,61,53,0.023255813953488372
22991301300,36967865500,0,0,0.0,0.0,19,7,133,23,13,1074,776,0.04081632653061224
57218126879,57362885900,0,0,0.0,0.0,7,1,7,4,0,77,35,0.0
35772986700,57217430038,0,0,0.0,0.0,6,5,30,7,1,204,150,0.0
49863051000,57196117932,0,0,0.0,0.0,5,4,20,4,0,84,48,0.045454545454545456
35098534100,57189363992,0,0,0.0,0.0,3,2,6,5,1,84,10,0.0
55831761600,56494277900,0,0,0.0,0.0,12,8,96,16,8,511,449,0.041666666666666664
57196219628,7102060198,0,0,0.0,0.0,25,5,125,16,10,1189,17,0.07547169811320754
55421338900,57211874104,0,0,0.0,0.0,2,8,16,4,0,58,10,0.0
37050528600,55842711200,0,0,0.0,0.0,8,2,16,9,5,179,91,0.03571428571428571
57150050300,7402213724,0,0,0.0,0.0,1,11,11,15,9,509,329,0.3333333333333333
55185349100,57215907602,0,0,0.0,0.0,3,4,12,3,1,53,47,0.0
57069622400,57220989806,0,0,0.0,0.0,21,8,168,10,0,128,30,0.058823529411764705
16318838800,58283699600,0,0,0.0,0.0,30,7,210,10,6,188,176,0.023255813953488372
54400811900,57328904500,0,0,0.0,0.0,4,2,8,4,0,56,2,0.1
54791942700,57195314179,0,0,0.0,0.0,8,6,48,3,1,24,2,0.0625
57350976100,58659151000,0,0,0.0,0.0,1,3,3,2,0,8,6,0.0
57200376897,57210843347,0,0,0.0,0.0,17,1,17,5,3,66,38,0.02702702702702703
57219384397,7202566988,0,0,0.0,0.0,13,6,78,4,2,47,29,0.0
55632342000,7202945091,0,0,0.0,0.0,2,9,18,7,1,99,33,0.03389830508474576
57204820435,57220899192,0,0,0.0,0.0,3,23,69,6,2,62,44,0.0
55931753000,57408877300,0,0,0.0,0.0,12,11,132,8,4,213,161,0.03333333333333333
56998752500,57210969834,0,0,0.0,0.0,3,3,9,9,5,149,89,0.0
56084446200,57215410734,0,0,0.0,0.0,4,3,12,2,0,22,0,0.0
23971662700,9743411300,0,0,0.0,0.0,5,8,40,9,5,152,86,0.0
55367728700,55533735200,0,0,0.0,0.0,1,2,2,8,2,124,66,0.05405405405405406
36850997100,57215771023,0,0,0.0,0.0,15,1,15,5,1,33,1,0.1
57203814878,6504280283,0,0,0.0,0.0,9,90,810,16,4,606,14,0.03333333333333333
55648098400,57193742768,0,0,0.0,0.0,5,15,75,8,6,146,126,0.10256410256410256
56942248500,57192872816,0,0,0.0,0.0,3,3,9,6,4,98,96,0.0
55555939700,57193913494,0,0,0.0,0.0,7,16,112,16,12,682,646,0.0
56244888300,57216413958,0,0,0.0,0.0,19,6,114,16,4,748,108,0.18421052631578946
36489087800,58183770900,0,0,0.0,0.0,5,5,25,4,0,64,36,0.15384615384615385
57208875935,8410841300,0,0,0.0,0.0,2,8,16,11,3,221,77,0.05405405405405406
55683866600,57904040900,0,0,0.0,0.0,5,3,15,6,4,60,46,0.05128205128205128
35476828500,57202953110,0,0,0.0,0.0,10,2,20,11,7,222,190,0.0
55122335200,57212142431,0,0,0.0,0.0,8,6,48,6,2,150,84,0.0
57202322317,6603193612,0,0,0.0,0.0,11,6,66,7,3,78,56,0.05405405405405406
17342671000,56046985600,0,0,0.0,0.0,42,8,336,13,3,788,620,0.10416666666666667
57191866398,57215277461,0,0,0.0,0.0,19,9,171,8,2,171,35,0.0
14010734200,57200227440,0,0,0.0,0.0,4,1,4,6,4,106,94,0.0
56895810800,57211520883,0,0,0.0,0.0,2,2,4,4,0,26,14,0.029411764705882353
56371151800,57211085493,0,0,0.0,0.0,13,3,39,6,4,68,56,0.0
57204089221,57211209210,0,0,0.0,0.0,1,21,21,11,7,342,316,0.0
55253529800,57969643100,0,0,0.0,0.0,48,1,48,27,23,1563,1545,0.02631578947368421
57194323286,57195414864,0,0,0.0,0.0,7,18,126,11,3,191,77,0.05555555555555555
15844865900,57215683127,0,0,0.0,0.0,15,118,1770,18,0,1458,330,0.0625
57217858843,7003952459,0,0,0.0,0.0,7,125,875,15,11,543,505,0.09090909090909091
56818486400,57205298384,0,0,0.0,0.0,1,5,5,2,0,43,29,0.0
57194158209,7102913880,0,0,0.0,0.0,2,4,8,5,1,181,19,0.08620689655172414
57371100700,57672505000,0,0,0.0,0.0,3,13,39,3,1,10,4,0.0
57214333012,57221759483,0,0,0.0,0.0,16,7,112,4,2,134,12,0.125
55499158100,8161184700,0,0,0.0,0.0,8,3,24,8,4,190,18,0.1935483870967742
57205106684,57208320368,0,0,0.0,0.0,10,3,30,8,0,390,224,0.0
22954969300,57221393685,0,0,0.0,0.0,6,2,12,6,4,59,57,0.0
55329220800,57224157295,0,0,0.0,0.0,2,1,2,9,3,121,65,0.038461538461538464
12241738600,24558599900,0,0,0.0,0.0,6,2,12,5,3,87,81,0.0
55882155100,57219674433,0,0,0.0,0.0,8,4,32,4,0,60,48,0.0
55623543800,58711707300,0,0,0.0,0.0,9,12,108,6,2,103,47,0.1
56999263100,57216747690,0,0,0.0,0.0,1,4,4,3,1,34,16,0.03571428571428571
55776752900,57192686429,0,0,0.0,0.0,5,0,0,5,1,45,15,0.02631578947368421
54685141100,56183251000,0,0,0.0,0.0,18,18,324,16,6,404,278,0.02127659574468085
16635637300,57226022241,0,0,0.0,0.0,16,6,96,9,5,232,180,0.07407407407407407
57217148812,57223862253,0,0,0.0,0.0,1,5,5,4,0,35,7,0.09523809523809523
25825541000,57463289600,0,0,0.0,0.0,5,13,65,5,1,134,84,0.09090909090909091
38661114200,55519829000,0,0,0.0,0.0,25,9,225,7,1,124,26,0.02702702702702703
58170229500,6602571895,0,0,0.0,0.0,2,6,12,4,2,60,56,0.2
56533315000,6701691981,0,0,0.0,0.0,2,15,30,21,17,1276,1188,0.16666666666666666
56707706900,57221086605,0,0,0.0,0.0,26,6,156,13,9,325,285,0.11627906976744186
19639770400,56903779800,0,0,0.0,0.0,6,16,96,13,1,664,402,0.13513513513513514
57209806295,57213195597,0,0,0.0,0.0,5,2,10,3,1,42,38,0.0
23099238800,57217054548,0,0,0.0,0.0,38,10,380,9,7,298,294,0.03125
57132480100,57190223883,0,0,0.0,0.0,3,3,9,7,3,230,104,0.0
55940858000,57215108230,0,0,0.0,0.0,8,1,8,4,0,24,10,0.0
35410389400,6603673097,0,0,0.0,0.0,3,14,42,6,4,95,61,0.0
57189875946,57210969018,0,0,0.0,0.0,47,2,94,14,12,341,331,0.0
57188965609,57249069300,0,0,0.0,0.0,20,11,220,13,7,323,257,0.05263157894736842
57202855454,57216760960,0,0,0.0,0.0,13,11,143,10,4,248,56,0.05263157894736842
24721433600,6603193612,0,0,0.0,0.0,5,6,30,7,3,118,16,0.39473684210526316
54782477100,57198345630,0,0,0.0,0.0,4,3,12,7,3,164,66,0.25
56818486400,57200070246,0,0,0.0,0.0,1,5,5,2,0,41,31,0.0
57223380573,6507310582,0,0,0.0,0.0,7,113,791,18,10,725,635,0.07142857142857142
57208427094,57214182134,0,0,0.0,0.0,4,24,96,8,0,81,7,0.034482758620689655
6603256601,6603785139,0,0,0.0,0.0,5,39,195,14,8,432,384,0.23076923076923078
57207449471,7102475868,0,0,0.0,0.0,13,4,52,6,0,74,24,0.0
57223435605,59166000600,0,0,0.0,0.0,15,3,45,4,2,44,8,0.0
57188861877,57214755482,0,0,0.0,0.0,22,9,198,11,3,172,108,0.046875
55917698800,56720078700,0,0,0.0,0.0,1,7,7,12,8,241,183,0.02040816326530612
57192101947,57218568822,0,0,0.0,0.0,2,5,10,2,0,32,22,0.26666666666666666
57214188536,57216763037,0,0,0.0,0.0,12,1,12,5,1,52,8,0.08
56241060700,57201801374,0,0,0.0,0.0,28,1,28,15,11,514,448,0.05555555555555555
56533315000,7102509180,0,0,0.0,0.0,2,21,42,8,4,98,10,0.05714285714285714
57817037700,7202241794,0,0,0.0,0.0,1,7,7,3,1,174,164,0.037037037037037035
56678362800,57211901680,0,0,0.0,0.0,22,4,88,13,3,203,25,0.06818181818181818
57210452432,58308831700,0,0,0.0,0.0,10,3,30,7,5,81,75,0.05555555555555555
56986760700,57191106963,0,0,0.0,0.0,38,2,76,17,13,518,494,0.0
57203948395,57222141841,0,0,0.0,0.0,9,4,36,3,1,463,431,0.0
57204459377,6603496317,0,0,0.0,0.0,3,33,99,20,6,545,295,0.17721518987341772
57193600702,57211142396,0,0,0.0,0.0,2,1,2,6,2,99,33,0.0
11438764100,57200535204,0,0,0.0,0.0,3,5,15,7,1,286,184,0.045454545454545456
57207246029,57218564883,0,0,0.0,0.0,4,2,8,5,1,61,3,0.0
55220196200,57208056106,0,0,0.0,0.0,17,7,119,11,3,169,31,0.05555555555555555
57217686509,57222193631,0,0,0.0,0.0,2,43,86,14,10,412,372,0.0
56921676700,57190817492,0,0,0.0,0.0,8,4,32,8,4,288,244,0.02857142857142857
35322954900,57218300529,0,1,0.016666666666666666,0.19361886534096467,25,36,900,6,0,130,10,0.11538461538461539
55358891700,57195065455,0,0,0.0,0.0,21,28,588,28,4,1899,765,0.2926829268292683
55328810400,57193757569,0,0,0.0,0.0,17,2,34,6,2,156,136,0.04
57193082107,57218484407,0,0,0.0,0.0,5,5,25,3,1,41,33,0.034482758620689655
57201686333,7801604422,0,0,0.0,0.0,1,10,10,8,4,125,67,0.0
57190223873,7102671215,0,0,0.0,0.0,10,8,80,26,16,1295,1199,0.01639344262295082
54791365300,57787059700,0,0,0.0,0.0,4,1,4,11,3,301,187,0.13636363636363635
57205145236,57214182754,0,0,0.0,0.0,3,2,6,5,1,127,21,0.08333333333333333
36468959100,6701623022,0,0,0.0,0.0,4,67,268,17,5,784,64,0.08333333333333333
57196088987,57349073900,0,0,0.0,0.0,6,5,30,7,5,220,216,0.029411764705882353
57214188556,6506995592,0,0,0.0,0.0,42,10,420,7,1,341,67,0.0
38660925700,57193645493,0,0,0.0,0.0,30,2,60,12,8,306,284,0.0
57214099401,6701595637,0,0,0.0,0.0,2,1,2,5,1,94,82,0.0
12783094300,54584961800,0,0,0.0,0.0,16,5,80,5,1,84,2,0.0
57196045519,57208320368,0,0,0.0,0.0,5,3,15,10,2,217,51,0.24
57196298635,57222125145,0,0,0.0,0.0,7,10,70,6,0,189,71,0.0
57201722633,9338311900,0,0,0.0,0.0,13,3,39,17,1,414,90,0.09523809523809523
55007549700,57214188590,0,0,0.0,0.0,5,2,10,9,3,131,51,0.058823529411764705
55085535700,57218329835,0,0,0.0,0.0,1,4,4,5,3,183,161,0.06896551724137931
56367444600,57892996200,0,0,0.0,0.0,7,7,49,9,5,157,99,0.0
57201301532,57202792218,0,0,0.0,0.0,3,1,3,3,1,80,74,0.0
57204832128,57384054900,0,0,0.0,0.0,9,3,27,4,2,50,10,0.0
57199404829,57212123895,0,0,0.0,0.0,13,3,39,11,7,193,139,0.041666666666666664
57209882568,7102474754,0,0,0.0,0.0,7,67,469,25,13,1309,1147,0.0
36197442000,57197756333,0,0,0.0,0.0,6,17,102,8,4,253,233,0.0967741935483871
57197858027,59312128300,0,0,0.0,0.0,10,4,40,7,7,171,171,0.0
54390755100,57215683523,0,0,0.0,0.0,11,11,121,15,7,573,165,0.17391304347826086
57221933008,6505724820,0,0,0.0,0.0,8,17,136,22,14,1393,1289,0.12962962962962962
56236071200,57200580344,0,0,0.0,0.0,12,7,84,9,5,188,66,0.0
57214601141,58245835700,0,0,0.0,0.0,3,1,3,3,1,17,15,0.0
14522699800,26323078500,0,0,0.0,0.0,48,5,240,17,9,646,568,0.057692307692307696
55989994000,7801424387,0,0,0.0,0.0,22,12,264,11,3,220,18,0.14285714285714285
55749596900,57956252100,0,0,0.0,0.0,21,3,63,22,18,910,882,0.1
55861003600,57209198882,0,0,0.0,0.0,5,3,15,5,1,44,0,0.0
50262760900,57194482614,0,0,0.0,0.0,4,16,64,7,1,240,82,0.0
24474341000,7004839394,0,0,0.0,0.0,1,2,2,6,2,71,23,0.09183673469387756
13103004700,57212005993,0,0,0.0,0.0,3,6,18,11,7,277,167,0.029411764705882353
57195722234,57215144279,0,0,0.0,0.0,5,4,20,4,0,32,14,0.045454545454545456
57194734970,57214601141,0,0,0.0,0.0,2,3,6,4,0,30,2,0.06666666666666667
57193011405,57794115600,0,0,0.0,0.0,6,7,42,8,4,229,169,0.13636363636363635
57220897367,7201545134,0,0,0.0,0.0,7,6,42,4,0,110,90,0.23076923076923078
26432175700,6603780090,0,0,0.0,0.0,12,15,180,10,4,373,127,0.036585365853658534
57197767979,7003356559,0,0,0.0,0.0,19,2,38,5,1,96,64,0.15789473684210525
58340753800,8270443200,0,0,0.0,0.0,2,14,28,9,7,297,291,0.05660377358490566
55389773300,57215383401,0,0,0.0,0.0,5,2,10,4,0,49,3,0.0
57200427588,57211348936,0,0,0.0,0.0,2,3,6,3,1,13,9,0.0
57226803668,7404444957,0,0,0.0,0.0,2,4,8,9,5,230,194,0.0
57204586575,58919213900,0,0,0.0,0.0,9,1,9,5,3,114,110,0.08333333333333333
55427624900,57196370330,0,0,0.0,0.0,2,33,66,12,10,438,348,0.02702702702702703
53983027600,57222064066,0,0,0.0,0.0,3,3,9,4,0,38,10,0.0
57208423429,59454864300,0,0,0.0,0.0,11,3,33,6,0,47,19,0.0
57188866318,57219767607,0,0,0.0,0.0,3,3,9,8,6,495,479,0.15384615384615385
55889655600,56455210900,0,0,0.0,0.0,4,4,16,7,3,222,200,0.15151515151515152
33667772300,57204835697,0,0,0.0,0.0,6,15,90,5,3,157,141,0.14705882352941177
42062166200,57225881000,0,0,0.0,0.0,8,4,32,5,1,49,31,0.0
57204879604,57209914610,0,0,0.0,0.0,2,9,18,7,3,104,46,0.0
56118064000,57211993311,0,0,0.0,0.0,7,1,7,3,1,34,6,0.0
57207883215,57224577912,0,0,0.0,0.0,8,6,48,7,5,170,162,0.04
57193713456,57214182065,0,0,0.0,0.0,8,6,48,4,2,55,31,0.0
24381886000,56919341400,0,0,0.0,0.0,13,4,52,9,3,306,252,0.07407407407407407
35480634700,57226149147,0,0,0.0,0.0,57,17,969,13,1,225,45,0.09722222222222222
56946693800,57203527004,0,0,0.0,0.0,40,2,80,9,7,416,408,0.0
57196117932,58822140400,0,0,0.0,0.0,4,8,32,3,1,21,15,0.0
58083458800,8547936900,0,0,0.0,0.0,6,7,42,7,1,89,41,0.05263157894736842
57203902293,57218127282,0,0,0.0,0.0,2,17,34,6,2,137,67,0.0
55070036100,57192725275,0,0,0.0,0.0,50,8,400,20,0,689,23,0.0
57218509637,6602428368,0,0,0.0,0.0,4,3,12,13,9,512,420,0.0967741935483871
57193076284,57201198471,0,0,0.0,0.0,21,33,693,14,2,247,125,0.08333333333333333
56381148600,7202369003,0,1,0.03333333333333333,0.7213475204444817,2,29,58,11,9,335,325,0.20454545454545456
36706127300,57200571178,0,0,0.0,0.0,43,13,559,20,14,1171,243,0.045454545454545456
57220576877,57347901100,0,0,0.0,0.0,5,3,15,4,0,56,24,0.0
56236850000,57209828320,0,0,0.0,0.0,3,6,18,8,2,74,36,0.0
23101781200,56970590600,0,0,0.0,0.0,13,5,65,6,2,94,60,0.0
57194868042,57211861964,0,0,0.0,0.0,78,4,312,16,14,565,561,0.0967741935483871
57213767003,7004978561,0,0,0.0,0.0,4,23,92,14,10,419,395,0.16363636363636364
56053126600,57225207483,0,0,0.0,0.0,9,1,9,4,0,98,56,0.0
56308418600,57209087187,0,0,0.0,0.0,2,3,6,6,0,128,18,0.175
57215103068,6504345622,0,0,0.0,0.0,4,4,16,4,0,31,5,0.0
35772986700,6602619791,0,0,0.0,0.0,6,14,84,13,7,217,163,0.03389830508474576
16301272000,57201120639,0,0,0.0,0.0,24,2,48,18,16,707,695,0.0
11142276800,57196219628,0,0,0.0,0.0,8,25,200,16,10,631,541,0.22807017543859648
37003768700,57216566854,0,0,0.0,0.0,9,22,198,6,2,179,105,0.09523809523809523
55329077700,57193241274,0,0,0.0,0.0,2,15,30,5,1,135,25,0.08333333333333333
55885670800,57218991639,0,0,0.0,0.0,4,4,16,9,5,207,69,0.0
57202606096,58191426800,0,0,0.0,0.0,3,3,9,4,2,107,77,0.057971014492753624
55339506500,7103307130,0,0,0.0,0.0,3,4,12,6,2,147,103,0.08695652173913043
57194740873,57195197340,0,0,0.0,0.0,6,5,30,9,1,144,46,0.037037037037037035
58450729400,7202480403,0,0,0.0,0.0,2,12,24,7,5,91,85,0.058823529411764705
36639370700,57213566990,0,0,0.0,0.0,8,1,8,11,7,678,634,0.03333333333333333
57202054317,57211883988,0,0,0.0,0.0,17,3,51,9,1,255,115,0.07692307692307693
51665647500,56388715400,0,0,0.0,0.0,12,3,36,5,1,174,58,0.023255813953488372
36822962900,57217430038,0,0,0.0,0.0,7,5,35,6,2,187,167,0.07407407407407407
56183251000,57210185999,0,0,0.0,0.0,18,5,90,7,3,74,52,0.0
6505883012,7102957757,0,0,0.0,0.0,2,8,16,9,5,271,161,0.031746031746031744
24759095300,36650382400,0,0,0.0,0.0,2,12,24,10,4,182,58,0.05660377358490566
23968333600,57212308864,0,0,0.0,0.0,2,3,6,6,0,39,7,0.03225806451612903
57211122245,57219564979,0,0,0.0,0.0,5,7,35,4,0,61,7,0.2857142857142857
57214332314,57217472308,0,0,0.0,0.0,16,12,192,8,0,198,136,0.0
57204178529,6507713753,0,0,0.0,0.0,8,7,56,4,2,41,25,0.034482758620689655
57204567083,8544008900,0,0,0.0,0.0,2,3,6,4,0,51,13,0.0
57196328853,57207847450,0,0,0.0,0.0,25,4,100,13,1,307,139,0.03571428571428571
57205583730,57220550983,0,0,0.0,0.0,6,3,18,6,2,80,66,0.0
57225199843,6601964582,0,0,0.0,0.0,8,25,200,12,8,420,362,0.0967741935483871
36128430700,56006305200,0,0,0.0,0.0,10,3,30,3,1,65,15,0.0625
56610376800,57202012217,0,0,0.0,0.0,14,47,658,15,5,712,506,0.0851063829787234
59112752400,6505883012,0,0,0.0,0.0,10,2,20,5,1,84,26,0.12
57201335426,57208936945,0,0,0.0,0.0,10,12,120,21,1,648,160,0.0
57195197945,57218177878,0,0,0.0,0.0,3,3,9,6,0,65,5,0.21428571428571427
56029506300,58144715700,0,0,0.0,0.0,8,6,48,10,0,277,87,0.02564102564102564
55499300300,56041416200,0,0,0.0,0.0,13,16,208,7,1,133,1,0.10344827586206896
57201057880,57203264738,0,0,0.0,0.0,11,2,22,5,1,76,0,0.05
24477003700,24504319000,0,0,0.0,0.0,4,9,36,20,4,640,136,0.125
57215108230,57217293200,0,0,0.0,0.0,1,9,9,4,0,36,2,0.0
55499158100,57215592478,0,0,0.0,0.0,8,5,40,8,4,91,81,0.0
57221684607,7003438159,0,0,0.0,0.0,3,51,153,13,5,294,212,0.0
41961590900,57214861520,0,0,0.0,0.0,2,6,12,4,0,50,16,0.0
50162339500,57450321900,0,0,0.0,0.0,11,1,11,6,2,62,40,0.05
57218684326,57221337264,0,0,0.0,0.0,2,6,12,4,0,38,4,0.05555555555555555
57217533046,58101468300,0,0,0.0,0.0,2,4,8,3,1,11,7,0.0
55323998800,57209661663,0,0,0.0,0.0,35,7,245,8,8,217,217,0.0
34267487200,57728765800,0,0,0.0,0.0,1,6,6,3,1,20,12,0.0
57218195032,7007060970,0,0,0.0,0.0,60,17,1020,12,6,1043,411,0.23076923076923078
57189659579,57216368717,0,0,0.0,0.0,11,3,33,6,4,104,64,0.047619047619047616
57202792218,57215103143,0,0,0.0,0.0,1,2,2,3,1,22,16,0.0
57201691055,57204172833,0,0,0.0,0.0,6,8,48,2,0,29,3,0.0
57216319401,6701542182,0,0,0.0,0.0,9,6,54,9,3,123,37,0.09836065573770492
25229539400,35480634700,0,0,0.0,0.0,6,57,342,10,4,186,84,0.1326530612244898
55646353000,57211573618,0,0,0.0,0.0,13,3,39,6,2,56,34,0.038461538461538464
57201436183,6508168817,0,0,0.0,0.0,10,3,30,14,4,348,198,0.18181818181818182
57212842237,57226248248,0,0,0.0,0.0,5,11,55,3,1,64,38,0.0
56919341400,57221682183,0,0,0.0,0.0,4,6,24,7,5,283,275,0.0625
57195274382,57205369615,0,0,0.0,0.0,16,7,112,11,7,422,402,0.0
6506298338,6602551667,0,0,0.0,0.0,4,1,4,3,1,31,23,0.029411764705882353
57215152062,57217782102,0,0,0.0,0.0,3,1,3,3,1,69,61,0.0
57215104336,57282378500,0,0,0.0,0.0,11,3,33,5,1,39,1,0.0
35975558700,57210174703,0,0,0.0,0.0,11,9,99,19,5,457,215,0.38235294117647056
55743865300,57188563654,0,0,0.0,0.0,13,5,65,8,4,192,160,0.0392156862745098
56664043200,58532469400,0,0,0.0,0.0,37,6,222,9,5,198,166,0.21739130434782608
55671510900,57554621700,0,0,0.0,0.0,10,10,100,8,4,133,91,0.2
55202981400,57221165763,0,0,0.0,0.0,1,5,5,8,2,131,11,0.25
57215104982,57215145200,0,0,0.0,0.0,12,1,12,4,2,29,9,0.0
56066528600,57216132287,0,0,0.0,0.0,17,12,204,20,12,1116,980,0.16129032258064516
56271571800,57255889800,0,0,0.0,0.0,4,8,32,3,1,37,1,0.16666666666666666
55960802600,58919213900,0,0,0.0,0.0,4,1,4,3,1,24,20,0.0
54782910300,57195526609,0,0,0.0,0.0,2,5,10,8,2,137,49,0.04878048780487805
23484917300,55974158800,0,0,0.0,0.0,11,3,33,7,1,105,35,0.125
57210293047,57224483723,0,0,0.0,0.0,6,2,12,4,2,33,3,0.0
57193623498,57218493522,0,0,0.0,0.0,2,17,34,13,9,537,487,0.0
57202640262,57208645087,0,0,0.0,0.0,16,8,128,7,1,160,2,0.16666666666666666
57197768182,57201775007,0,0,0.0,0.0,11,3,33,3,3,82,82,0.0
57202703855,57218624821,0,0,0.0,0.0,11,6,66,8,4,247,115,0.14285714285714285
57201898788,7004120983,0,0,0.0,0.0,3,24,72,8,2,114,66,0.14814814814814814
25639439500,56582449700,0,0,0.0,0.0,13,3,39,5,1,57,21,0.041666666666666664
35762732900,57817084200,0,0,0.0,0.0,15,4,60,9,5,175,143,0.05172413793103448
55788057200,7005553803,0,0,0.0,0.0,18,2,36,14,12,613,467,0.021739130434782608
57203410474,57205106684,0,0,0.0,0.0,8,10,80,7,1,354,260,0.0
57204783922,57224833308,0,2,0.5,0.6469702276599671,3,3,9,4,0,77,25,0.25
57188714069,57247124600,0,0,0.0,0.0,22,7,154,10,2,221,7,0.038461538461538464
36469725300,57218214540,0,0,0.0,0.0,27,11,297,15,5,387,145,0.1111111111111111
57209889542,57835514000,0,0,0.0,0.0,0,4,0,2,0,54,32,0.0
56732974800,57212590380,0,0,0.0,0.0,22,2,44,6,4,99,85,0.0
24483001900,24832378300,0,0,0.0,0.0,20,12,240,7,3,124,100,0.03773584905660377
56605966900,57216693787,0,0,0.0,0.0,13,6,78,7,1,106,12,0.07692307692307693
56674598600,57216608788,0,0,0.0,0.0,28,6,168,8,6,113,105,0.15384615384615385
53866828200,57200376897,0,0,0.0,0.0,10,17,170,8,0,250,146,0.13333333333333333
24776424000,55970678100,0,0,0.0,0.0,1,5,5,6,2,95,57,0.06666666666666667
54788472200,57204879604,0,0,0.0,0.0,12,2,24,5,1,84,26,0.0
57193743014,7005758098,0,4,0.04938271604938271,0.7893092050910996,42,43,1806,11,5,453,5,0.07692307692307693
11041471000,54791865700,0,0,0.0,0.0,6,12,72,10,2,159,7,0.04081632653061224
54945032000,58450729400,0,0,0.0,0.0,25,2,50,5,3,50,44,0.0
56271571800,57202093490,0,0,0.0,0.0,4,11,44,8,6,315,277,0.0
54790586800,56901271600,0,0,0.0,0.0,12,5,60,17,11,469,383,0.0851063829787234
57195995961,57215144273,0,0,0.0,0.0,8,5,40,7,3,96,50,0.0
55968603400,56668484900,0,0,0.0,0.0,36,4,144,24,18,1391,1331,0.06896551724137931
57214737063,57566651600,0,0,0.0,0.0,2,5,10,5,3,138,116,0.0
37029926100,57205690283,0,0,0.0,0.0,8,5,40,6,2,148,16,0.0
24472732900,57144620500,0,0,0.0,0.0,15,4,60,7,5,104,100,0.043478260869565216
24176529600,57218325471,0,0,0.0,0.0,1,3,3,5,1,35,5,0.14285714285714285
36822962900,58919213900,0,0,0.0,0.0,7,1,7,3,1,12,8,0.0
57200412020,57226548735,0,0,0.0,0.0,10,7,70,5,1,90,48,0.04
56536258000,60429549400,0,0,0.0,0.0,2,3,6,3,1,37,17,0.0
57192200492,57209878396,0,0,0.0,0.0,14,7,98,7,3,221,153,0.047619047619047616
57192430080,57208079451,0,0,0.0,0.0,2,7,14,4,0,124,20,0.09375
55941314800,57188758198,0,0,0.0,0.0,9,3,27,6,2,49,11,0.0
55312463700,57202642940,0,0,0.0,0.0,45,9,405,20,4,461,127,0.09523809523809523
57219232067,57723092100,0,0,0.0,0.0,10,3,30,4,2,97,67,0.0
56449354900,57216934454,0,0,0.0,0.0,1,20,20,7,1,135,1,0.041666666666666664
56010491300,59289912700,0,0,0.0,0.0,8,12,96,5,1,120,90,0.03225806451612903
57211135609,58192215200,0,0,0.0,0.0,13,2,26,6,2,71,49,0.03225806451612903
57201127458,59850437200,0,0,0.0,0.0,37,2,74,6,4,74,44,0.0
57205197486,57218509755,0,0,0.0,0.0,10,5,50,11,7,272,176,0.0
57131132900,57192718321,0,0,0.0,0.0,11,4,44,13,1,1071,827,0.03225806451612903
57189713730,6602808786,0,0,0.0,0.0,5,59,295,12,8,377,249,0.09090909090909091
57194774675,57222193631,0,0,0.0,0.0,3,43,129,15,9,431,353,0.09302325581395349
57201550536,57211960952,0,0,0.0,0.0,1,1,1,3,1,60,54,0.0
55085594200,55918156500,0,0,0.0,0.0,1,7,7,7,1,93,21,0.06
55844549500,57209314505,0,0,0.0,0.0,5,50,250,15,9,541,485,0.16666666666666666
36975212900,57190030886,0,0,0.0,0.0,10,1,10,6,2,112,84,0.2727272727272727
57209022661,57222610574,0,0,0.0,0.0,5,7,35,4,0,15,3,0.058823529411764705
57188985666,57190062691,0,0,0.0,0.0,2,10,20,12,4,251,29,0.05555555555555555
57197865665,6602452399,0,0,0.0,0.0,3,18,54,10,4,236,140,0.08695652173913043
57201634282,57216842638,0,0,0.0,0.0,19,12,228,13,5,194,136,0.03571428571428571
55571429900,57226125260,0,0,0.0,0.0,5,4,20,3,1,51,39,0.0
56139998600,57164833400,0,0,0.0,0.0,2,6,12,7,3,79,53,0.13636363636363635
56674725400,56958400900,0,0,0.0,0.0,4,15,60,8,2,174,42,0.05555555555555555
57218685839,6603155299,0,0,0.0,0.0,1,36,36,20,16,1292,1200,0.04878048780487805
54985692200,57222221127,0,0,0.0,0.0,8,4,32,4,0,211,135,0.0
22991301300,35387954000,0,0,0.0,0.0,19,8,152,25,11,1149,701,0.050505050505050504
56927848700,57214179230,0,0,0.0,0.0,12,3,36,7,3,95,55,0.0
16305587500,57219558202,0,0,0.0,0.0,14,3,42,5,1,63,11,0.037037037037037035
57205739069,57869350700,0,0,0.0,0.0,27,6,162,13,7,350,12,0.06896551724137931
57203413251,57256466800,0,0,0.0,0.0,4,6,24,5,1,56,8,0.0
57222178455,59827720000,0,0,0.0,0.0,12,0,0,4,0,56,40,0.0
35319586400,57041085500,0,0,0.0,0.0,41,13,533,20,6,736,284,0.25675675675675674
57394538700,58445911900,0,0,0.0,0.0,2,6,12,5,1,116,8,0.04
57320372800,7003921536,0,0,0.0,0.0,3,25,75,9,7,337,333,0.0
57204093450,58869453300,0,0,0.0,0.0,4,13,52,9,5,146,76,0.0
54391112800,57209097511,0,0,0.0,0.0,2,4,8,5,1,74,30,0.21052631578947367
57193737463,57218341338,0,0,0.0,0.0,4,4,16,3,1,63,55,0.0
35563291000,57215106726,0,0,0.0,0.0,7,3,21,5,1,71,27,0.0
56640740200,57193628522,0,0,0.0,0.0,1,3,3,13,9,382,324,0.3469387755102041
57221683008,7003407328,0,0,0.0,0.0,8,1,8,5,1,27,5,0.0
55622609300,57214179663,0,0,0.0,0.0,5,2,10,5,1,82,24,0.0
57210725877,57224203439,0,0,0.0,0.0,3,2,6,3,1,9,1,0.0
57169746700,6507656894,0,0,0.0,0.0,1,5,5,5,3,89,81,0.046511627906976744
57210888537,7004087255,0,0,0.0,0.0,10,13,130,16,12,770,724,0.023809523809523808
23096090400,56533630800,0,0,0.0,0.0,1,3,3,5,1,65,15,0.038461538461538464
57211116981,57798686400,0,0,0.0,0.0,1,15,15,6,4,70,54,0.0
15827156300,56241060700,0,0,0.0,0.0,20,28,560,16,10,502,460,0.02564102564102564
57188818704,57215281063,0,0,0.0,0.0,10,8,80,8,4,172,144,0.0
16305587500,55846106800,0,0,0.0,0.0,14,3,42,5,1,88,14,0.30303030303030304
57211292618,57695986000,0,0,0.0,0.0,5,10,50,4,0,19,1,0.0
57193091494,57202267045,0,0,0.0,0.0,3,3,9,3,1,9,5,0.0
41461314400,57189096251,0,0,0.0,0.0,5,9,45,17,13,1236,1148,0.03125
56300583300,57191403346,0,0,0.0,0.0,2,6,12,5,1,143,9,0.0
25630218400,59158288200,0,0,0.0,0.0,3,3,9,6,0,51,1,0.05
57150050300,57194183386,0,0,0.0,0.0,1,6,6,4,2,98,82,0.0
54419500600,57221089604,0,0,0.0,0.0,3,2,6,5,3,72,20,0.0
55556296100,56368061500,0,0,0.0,0.0,12,4,48,11,7,284,252,0.047619047619047616
46661608200,57127886100,0,0,0.0,0.0,8,4,32,4,0,69,53,0.04
24176529600,57213707703,0,0,0.0,0.0,1,6,6,5,1,89,59,0.04
36720453500,56533987800,0,0,0.0,0.0,1,12,12,8,4,9234,9216,0.0
37664726500,56938103700,0,0,0.0,0.0,89,5,445,12,8,1168,1116,0.11764705882352941
35387954000,57203416958,0,0,0.0,0.0,8,3,24,10,4,320,128,0.02857142857142857
55969453600,57220085442,0,0,0.0,0.0,8,5,40,9,1,141,35,0.125
54682077400,55975324900,0,0,0.0,0.0,4,3,12,5,1,74,40,0.11904761904761904
37025944200,57201464361,0,0,0.0,0.0,17,3,51,8,2,111,49,0.0
50760945800,57215102117,0,0,0.0,0.0,21,2,42,17,11,633,603,0.0
56650874500,57209447843,0,0,0.0,0.0,8,3,24,5,1,79,5,0.10714285714285714
56814366700,57218679133,0,0,0.0,0.0,5,14,70,5,1,62,12,0.07142857142857142
58145364900,7003403034,0,0,0.0,0.0,3,28,84,7,3,93,65,0.020833333333333332
59542585400,9239516400,0,0,0.0,0.0,6,12,72,7,3,122,24,0.0
57190425867,57200822092,0,0,0.0,0.0,8,5,40,10,2,341,63,0.08333333333333333
35324039000,41261303800,0,0,0.0,0.0,2,14,28,11,3,231,101,0.0
25229539400,55918156500,0,0,0.0,0.0,6,7,42,6,0,87,15,0.07142857142857142
56448473600,57207778989,0,0,0.0,0.0,9,2,18,9,3,113,65,0.038461538461538464
57188563654,57210578491,0,0,0.0,0.0,5,7,35,4,0,27,5,0.0
57213605510,58381132700,0,0,0.0,0.0,1,5,5,4,0,46,26,0.23076923076923078
57207732171,6603729308,0,0,0.0,0.0,4,25,100,17,13,689,613,0.08333333333333333
57193423579,57224158112,0,0,0.0,0.0,2,6,12,5,3,63,47,0.0
22035903600,57349166900,0,0,0.0,0.0,6,14,84,6,4,161,135,0.027777777777777776
56927848700,57921050600,0,0,0.0,0.0,12,4,48,5,5,75,75,0.0
57200206882,8948536400,0,0,0.0,0.0,6,13,78,12,2,234,44,0.08928571428571429
55253743700,55992197100,0,0,0.0,0.0,8,6,48,7,3,149,13,0.07317073170731707
57201723003,57212259738,0,0,0.0,0.0,8,19,152,8,2,121,69,0.05263157894736842
57212139767,57249069300,0,0,0.0,0.0,2,11,22,8,2,97,31,0.17391304347826086
57147237500,57207623125,0,0,0.0,0.0,18,8,144,11,5,525,473,0.07407407407407407
56516359700,57215094997,0,0,0.0,0.0,2,6,12,3,1,81,5,0.058823529411764705
57220897367,59289912700,0,0,0.0,0.0,7,12,84,5,1,115,95,0.0
57214332314,57218210439,0,0,0.0,0.0,16,13,208,6,2,183,151,0.0
57190167355,57214849928,0,0,0.0,0.0,16,17,272,8,2,158,32,0.08333333333333333
33667611100,57217210168,0,0,0.0,0.0,20,5,100,14,4,413,309,0.07142857142857142
55646150900,57194042924,0,0,0.0,0.0,12,5,60,7,3,96,76,0.0
35423064700,56122157300,0,1,0.015384615384615385,0.20355592307196482,11,55,605,17,9,534,428,0.16129032258064516
57217043875,6601905996,0,0,0.0,0.0,4,9,36,7,3,91,41,0.017857142857142856
44061113300,59158249000,0,0,0.0,0.0,7,13,91,6,0,489,375,0.16
57210957893,57216583353,0,0,0.0,0.0,4,2,8,5,1,43,35,0.0
57212218661,7004357093,0,0,0.0,0.0,8,13,104,13,5,245,91,0.0
56076362200,57219728368,0,0,0.0,0.0,4,2,8,4,2,54,34,0.05555555555555555
57201989588,57210790053,0,0,0.0,0.0,2,3,6,4,0,53,7,0.0
37091409800,54892907100,0,0,0.0,0.0,9,27,243,13,1,229,41,0.22448979591836735
56248778900,57191965690,0,0,0.0,0.0,3,3,9,5,1,32,18,0.09090909090909091
55555939700,58199638600,0,0,0.0,0.0,7,1,7,4,0,30,6,0.0
56533630800,57218164265,0,0,0.0,0.0,3,2,6,5,1,45,5,0.0625
56942512700,57219225523,0,0,0.0,0.0,4,12,48,3,1,37,9,0.0
35229105100,36965913900,0,0,0.0,0.0,6,0,0,7,1,126,86,0.16666666666666666
22033565300,57954564100,0,0,0.0,0.0,6,8,48,10,4,232,62,0.03125
38660925700,57193163932,0,0,0.0,0.0,30,8,240,13,7,368,222,0.13333333333333333
56556707000,58694275200,0,0,0.0,0.0,10,3,30,6,4,85,63,0.16666666666666666
23485751700,56257919200,0,0,0.0,0.0,9,14,126,8,0,121,33,0.037037037037037035
57194788857,57221391810,0,0,0.0,0.0,4,5,20,6,0,55,11,0.0
56739975200,57200270272,0,0,0.0,0.0,7,7,49,10,4,664,370,0.023255813953488372
57207780549,8382434800,0,0,0.0,0.0,17,22,374,11,1,189,13,0.15384615384615385
35148438600,57576247800,0,0,0.0,0.0,14,4,56,5,3,39,31,0.0
14823069800,56668479100,0,0,0.0,0.0,22,7,154,12,6,305,239,0.10810810810810811
23987119600,57188589539,0,0,0.0,0.0,21,5,105,8,2,118,26,0.075
55332536900,8375918900,0,0,0.0,0.0,18,15,270,11,1,219,81,0.07894736842105263
57203215683,6506296754,0,0,0.0,0.0,8,15,120,10,6,184,156,0.09090909090909091
16067892900,57209222127,0,0,0.0,0.0,21,4,84,8,6,155,129,0.0
41160942000,57189089750,0,0,0.0,0.0,11,7,77,3,1,40,22,0.0625
57194520838,7203013613,0,0,0.0,0.0,3,19,57,5,1,53,19,0.0
57185295400,6506398380,0,0,0.0,0.0,32,2,64,12,8,389,337,0.1323529411764706
55555939700,6603147366,0,0,0.0,0.0,7,6,42,5,1,55,19,0.0
41861097500,7101973932,0,0,0.0,0.0,12,3,36,12,0,280,112,0.1956521739130435
35770374200,57208936945,0,0,0.0,0.0,8,12,96,16,6,462,346,0.023255813953488372
24376383400,24477003700,0,0,0.0,0.0,10,4,40,14,10,432,344,0.05555555555555555
57218387464,57226244654,0,0,0.0,0.0,6,13,78,6,4,78,62,0.1111111111111111
57193672454,57214184119,0,0,0.0,0.0,5,4,20,4,0,90,10,0.0
55388213100,57194774675,0,0,0.0,0.0,2,3,6,9,3,122,44,0.06
57193168500,6603354500,0,0,0.0,0.0,28,5,140,15,1,1336,968,0.3235294117647059
35112646100,55546002700,0,0,0.0,0.0,4,2,8,6,2,134,2,0.09433962264150944
57218195127,57218568200,0,0,0.0,0.0,15,4,60,5,1,40,0,0.0
25032280000,7801407600,0,0,0.0,0.0,6,4,24,7,3,83,65,0.05454545454545454
55211469500,6504359000,0,0,0.0,0.0,5,7,35,4,0,65,25,0.05263157894736842
36451118600,57206481447,0,0,0.0,0.0,8,3,24,7,3,112,52,0.09090909090909091
56018517400,57204541607,0,0,0.0,0.0,13,7,91,6,2,501,175,0.0
57204759847,57204929759,0,0,0.0,0.0,5,3,15,7,3,77,57,0.0
57212021928,58822965100,0,0,0.0,0.0,5,9,45,5,1,32,20,0.16
35321390300,57217216201,0,0,0.0,0.0,1,19,19,5,1,44,6,0.0
54419500600,57201895156,0,0,0.0,0.0,3,6,18,9,1,136,44,0.0
33267446900,57208224279,0,0,0.0,0.0,5,5,25,3,1,87,5,0.03125
56151754500,57191692420,0,0,0.0,0.0,16,22,352,22,8,816,490,0.041666666666666664
37761053000,7006415263,0,0,0.0,0.0,26,6,156,9,1,134,78,0.05263157894736842
35092058800,57205323693,0,0,0.0,0.0,2,2,4,7,3,153,101,0.12121212121212122
57205511747,57210452432,0,0,0.0,0.0,28,10,280,10,2,144,12,0.05714285714285714
35101283100,57201198471,0,0,0.0,0.0,21,33,693,10,2,110,12,0.08
55671365500,57201301532,0,0,0.0,0.0,10,3,30,10,6,372,218,0.0
36104074200,57223093121,0,0,0.0,0.0,20,5,100,14,10,563,493,0.06818181818181818
57214030833,8616406100,0,0,0.0,0.0,5,91,455,14,12,1226,1134,0.0
36838460400,57190029635,0,0,0.0,0.0,5,1,5,4,0,76,6,0.0
57092726700,57222494810,0,0,0.0,0.0,6,4,24,5,1,171,125,0.09090909090909091
57117279100,57202745618,0,0,0.0,0.0,18,6,108,10,0,289,121,0.043478260869565216
57206239200,57212019152,0,0,0.0,0.0,5,7,35,3,1,28,4,0.0
14029585100,57217018455,0,0,0.0,0.0,48,8,384,21,15,1109,1037,0.0410958904109589
36612500400,6701405364,0,0,0.0,0.0,7,5,35,8,0,155,63,0.109375
57194382730,57216462455,0,0,0.0,0.0,1,2,2,3,1,144,140,0.07142857142857142
57223435605,57869772300,0,0,0.0,0.0,15,8,120,4,2,57,5,0.1
57203066384,58313855200,0,0,0.0,0.0,5,6,30,6,0,251,95,0.1
57410030100,57483438000,0,0,0.0,0.0,7,1,7,2,0,15,1,0.0
57201074087,8721928400,0,0,0.0,0.0,4,6,24,11,5,619,507,0.037037037037037035
34570748500,57196483542,0,0,0.0,0.0,22,6,132,20,12,702,578,0.04
35497272700,55627752400,0,0,0.0,0.0,39,16,624,21,11,788,726,0.1134020618556701
25822598300,37080314200,0,0,0.0,0.0,20,11,220,16,6,417,305,0.05263157894736842
57214861908,57223808599,0,0,0.0,0.0,16,9,144,4,0,70,28,0.0
36085315900,8202851100,0,0,0.0,0.0,7,2,14,21,17,1329,1255,0.0
57215814237,57223858883,0,0,0.0,0.0,7,4,28,4,0,80,30,0.2
23987741800,57212148890,0,0,0.0,0.0,12,5,60,14,4,582,418,0.09090909090909091
55679310300,57214072005,0,0,0.0,0.0,14,6,84,16,12,867,851,0.0
56099793900,57130385900,0,0,0.0,0.0,11,3,33,9,3,139,73,0.02857142857142857
55621132400,57204475814,0,0,0.0,0.0,3,12,36,4,0,160,124,0.0
57208323503,8718772800,0,0,0.0,0.0,1,10,10,10,2,232,126,0.17142857142857143
35462639300,57188924761,0,0,0.0,0.0,18,9,162,4,0,104,46,0.06060606060606061
57214823832,9239516400,0,0,0.0,0.0,4,12,48,7,3,105,41,0.08
57218120589,57224181362,0,0,0.0,0.0,4,3,12,2,0,5,1,0.05263157894736842
35410389400,56526101200,0,0,0.0,0.0,3,6,18,3,1,59,25,0.06382978723404255
56035968900,57215417733,0,0,0.0,0.0,11,1,11,5,1,239,133,0.06666666666666667
57193345637,57224646930,0,0,0.0,0.0,30,4,120,16,12,531,465,0.05
57205120607,57216414176,0,0,0.0,0.0,11,8,88,13,5,677,535,0.03333333333333333
57205221064,57211292618,0,0,0.0,0.0,7,5,35,4,0,47,29,0.0
57188714069,57210150969,0,0,0.0,0.0,22,5,110,8,4,281,53,0.05263157894736842
35175388700,57203551659,0,0,0.0,0.0,63,3,189,10,4,303,117,0.016666666666666666
56520358300,59289912700,0,0,0.0,0.0,2,12,24,11,5,258,48,0.04
57201319366,57205526157,0,0,0.0,0.0,8,5,40,4,0,66,10,0.09090909090909091
57197845197,7801421883,0,0,0.0,0.0,11,1,11,8,6,243,207,0.0
36245952100,57202286637,0,0,0.0,0.0,9,8,72,6,0,221,173,0.0
57202600498,58164078600,0,0,0.0,0.0,5,3,15,3,1,45,7,0.07142857142857142
57193441638,57194774675,0,0,0.0,0.0,1,3,3,6,0,82,4,0.043478260869565216
57218127514,57777372300,0,0,0.0,0.0,6,1,6,1,1,5,5,0.058823529411764705
11239484000,56271571800,0,0,0.0,0.0,36,4,144,5,3,78,40,0.03571428571428571
57190849611,57211669462,0,0,0.0,0.0,20,13,260,14,6,310,192,0.038461538461538464
56505483400,57894035200,0,0,0.0,0.0,7,13,91,24,20,2167,2145,0.08
57210151909,57218584481,0,0,0.0,0.0,11,4,44,4,0,30,10,0.0
56050718400,57205109115,0,0,0.0,0.0,8,3,24,10,2,368,116,0.14705882352941177
55886033100,56998752500,0,0,0.0,0.0,14,3,42,17,3,484,246,0.043478260869565216
36489087800,57214183429,0,0,0.0,0.0,5,2,10,5,1,68,32,0.0
57190797190,57218801846,0,0,0.0,0.0,32,9,288,11,9,349,337,0.030303030303030304
24381811800,57218849088,0,0,0.0,0.0,35,10,350,15,11,415,381,0.0
24831735200,57418950700,0,2,0.029850746268656716,0.4428063132344702,26,43,1118,10,2,159,95,0.38235294117647056
57203965820,6701462572,0,0,0.0,0.0,4,10,40,13,5,314,168,0.1
16242557400,57191632365,0,0,0.0,0.0,22,5,110,10,4,360,254,0.0
57205120607,58167149200,0,0,0.0,0.0,11,5,55,6,2,91,51,0.0
57188685395,57215322835,0,0,0.0,0.0,11,8,88,9,3,207,159,0.10204081632653061
57219232067,57225804358,0,0,0.0,0.0,10,23,230,9,3,227,63,0.10526315789473684
35588917000,57211993311,0,0,0.0,0.0,12,1,12,8,6,216,188,0.0
57216902450,57296603700,0,0,0.0,0.0,3,9,27,6,2,132,14,0.07142857142857142
57219584344,57666277200,0,0,0.0,0.0,2,0,0,6,2,196,30,0.0
57194647407,57200644240,0,0,0.0,0.0,29,76,2204,24,10,1193,611,0.06060606060606061
35574263900,57200822092,0,0,0.0,0.0,4,5,20,13,5,430,152,0.05714285714285714
57214988901,57463416000,0,0,0.0,0.0,6,4,24,5,1,35,1,0.18181818181818182
23097126700,35493849600,0,0,0.0,0.0,3,8,24,19,3,941,257,0.3181818181818182
16025957000,57194833881,0,0,0.0,0.0,30,6,180,9,3,213,159,0.06382978723404255
57199676160,57212025718,0,0,0.0,0.0,37,7,259,9,3,255,231,0.0
36629917200,57210440387,0,0,0.0,0.0,2,5,10,6,4,45,43,0.1111111111111111
57208678786,57209449016,0,0,0.0,0.0,3,28,84,16,12,545,459,0.09375
57194869340,57221684607,0,0,0.0,0.0,48,3,144,14,6,351,269,0.0
16432753100,57192173601,0,0,0.0,0.0,3,5,15,4,2,117,101,0.08333333333333333
22938031400,6701602182,0,0,0.0,0.0,60,18,1080,16,2,491,223,0.031746031746031744
57215145200,57264877700,0,0,0.0,0.0,1,5,5,5,1,36,2,0.0
15739907700,8551369700,0,0,0.0,0.0,4,19,76,9,5,464,450,0.0196078431372549
57196185087,6508037327,0,0,0.0,0.0,16,23,368,13,3,278,48,0.05714285714285714
50161231300,55628432900,0,0,0.0,0.0,4,3,12,3,1,52,36,0.0625
35434643100,57191220763,0,0,0.0,0.0,3,2,6,6,4,99,85,0.08333333333333333
56966260500,57191846864,0,0,0.0,0.0,14,25,350,15,7,836,750,0.08888888888888889
55343987900,55597926500,0,0,0.0,0.0,9,106,954,17,11,929,849,0.17647058823529413
57203068143,57310745900,0,0,0.0,0.0,7,3,21,1,1,10,10,0.0
24073240300,57219554292,0,0,0.0,0.0,57,1,57,22,12,816,698,0.034482758620689655
56346204600,57217436523,0,0,0.0,0.0,8,5,40,4,2,70,56,0.07692307692307693
55532526000,6506602604,0,0,0.0,0.0,4,13,52,6,2,125,83,0.043478260869565216
15020462500,54400811900,0,0,0.0,0.0,8,4,32,5,1,61,7,0.024390243902439025
57216874423,57218402398,0,0,0.0,0.0,5,3,15,2,2,26,26,0.0
57200965730,57381354400,0,0,0.0,0.0,12,3,36,7,3,241,29,0.25
57190489365,57315047400,0,0,0.0,0.0,7,6,42,4,2,74,68,0.16
36911445600,56689232700,0,0,0.0,0.0,10,7,70,5,1,62,24,0.05263157894736842
57196297669,8985745300,0,0,0.0,0.0,8,11,88,15,5,488,112,0.05172413793103448
57203162035,57222399096,0,0,0.0,0.0,7,7,49,6,2,149,97,0.09090909090909091
57216857778,57222359921,0,0,0.0,0.0,4,5,20,8,4,370,174,0.4
57190660749,57193066035,0,0,0.0,0.0,17,4,68,8,4,202,122,0.08333333333333333
57193730238,57673607400,0,0,0.0,0.0,7,13,91,5,3,224,218,0.015873015873015872
56527030000,57217869851,0,0,0.0,0.0,3,8,24,5,1,56,0,0.0
12804338800,57211067905,0,0,0.0,0.0,14,11,154,6,2,124,36,0.041666666666666664
24464916700,57196045519,0,0,0.0,0.0,9,5,45,8,4,149,119,0.0
37113578200,57214190714,0,0,0.0,0.0,7,16,112,7,3,230,130,0.034482758620689655
23485751700,54583539500,0,0,0.0,0.0,9,6,54,6,2,137,49,0.030303030303030304
57217186654,7004870189,0,0,0.0,0.0,7,6,42,4,0,77,41,0.028985507246376812
11939831600,57214180232,0,0,0.0,0.0,8,7,56,5,1,88,14,0.047619047619047616
35622518000,57203191464,0,0,0.0,0.0,15,2,30,6,2,276,260,0.07142857142857142
37038193900,56779688100,0,0,0.0,0.0,4,7,28,3,1,39,33,0.058823529411764705
57193315259,57827416400,0,0,0.0,0.0,8,4,32,8,6,243,213,0.0
57190799130,57208279498,0,0,0.0,0.0,40,4,160,11,5,248,116,0.038461538461538464
15926246800,43762251000,0,0,0.0,0.0,128,20,2560,28,14,1620,1206,0.16417910447761194
55350871900,57219587097,0,0,0.0,0.0,2,2,4,3,1,21,5,0.0
57206260044,57209002257,0,0,0.0,0.0,9,8,72,11,7,414,344,0.0
50161231300,56970590600,0,0,0.0,0.0,4,5,20,4,0,61,27,0.0
57190389790,57204515219,0,0,0.0,0.0,2,5,10,4,0,115,85,0.16666666666666666
56747200700,7004194383,0,0,0.0,0.0,7,3,21,7,1,74,4,0.07692307692307693
53982777700,55320336300,0,0,0.0,0.0,10,15,150,11,1,278,130,0.01818181818181818
56257387400,56974539100,0,0,0.0,0.0,2,3,6,7,3,122,70,0.045454545454545456
55087218800,57204178529,0,0,0.0,0.0,16,8,128,5,3,98,82,0.03125
55158649200,57469952900,0,0,0.0,0.0,9,6,54,5,3,68,50,0.45454545454545453
56533987800,57221720549,0,0,0.0,0.0,12,14,168,8,4,9261,9189,0.047619047619047616
12807819800,56012725500,0,0,0.0,0.0,15,2,30,7,1,119,21,0.05714285714285714
57204063924,57213172991,0,0,0.0,0.0,1,10,10,4,0,144,56,0.0
57210956628,57219556250,0,0,0.0,0.0,9,3,27,4,0,63,3,0.09090909090909091
22835701100,55616396400,0,0,0.0,0.0,3,65,195,10,6,298,264,0.05714285714285714
55262959400,56650874500,0,0,0.0,0.0,4,8,32,5,1,55,19,0.041666666666666664
27067481500,57197856140,0,0,0.0,0.0,29,2,58,11,7,226,174,0.0
35323810600,56748079300,0,0,0.0,0.0,8,5,40,5,1,76,30,0.0
27367533300,57219128890,0,0,0.0,0.0,7,9,63,5,1,112,54,0.125
57195973683,57209806295,0,0,0.0,0.0,7,5,35,4,0,48,32,0.0
26026264500,57208596694,0,0,0.0,0.0,7,6,42,7,1,108,24,0.0967741935483871
52563804900,55321897700,0,0,0.0,0.0,2,21,42,9,5,283,57,0.1724137931034483
57194789300,57222501287,0,0,0.0,0.0,5,12,60,7,1,317,263,0.06896551724137931
56970595000,57140052000,0,0,0.0,0.0,3,19,57,9,5,229,59,0.03773584905660377
57196040224,6603912395,0,0,0.0,0.0,4,11,44,10,0,230,96,0.21739130434782608
54389051200,57220357430,0,0,0.0,0.0,6,1,6,10,4,196,132,0.08620689655172414
57208673746,58145364900,0,0,0.0,0.0,12,3,36,3,1,15,13,0.07692307692307693
57200283406,57202199079,0,0,0.0,0.0,2,26,52,11,7,547,533,0.0
56236071200,57192679655,0,0,0.0,0.0,12,54,648,14,0,405,151,0.2903225806451613
57205464770,57213767003,0,0,0.0,0.0,5,4,20,5,1,70,46,0.15
57188581536,6701501754,0,0,0.0,0.0,7,21,147,14,10,613,519,0.021739130434782608
57222248811,57371016000,0,0,0.0,0.0,1,7,7,5,1,26,10,0.09090909090909091
56596808700,57212019152,0,0,0.0,0.0,5,7,35,6,2,147,123,0.08333333333333333
36151206500,57218491923,0,0,0.0,0.0,5,6,30,4,0,86,34,0.0
57210185493,57210577815,0,0,0.0,0.0,23,8,184,6,0,43,17,0.0
57208147782,57775927400,0,0,0.0,0.0,9,3,27,7,5,90,76,0.030303030303030304
55826044700,57218223534,0,0,0.0,0.0,10,13,130,9,1,140,60,0.1282051282051282
57222422731,57958386600,0,0,0.0,0.0,16,4,64,3,1,19,17,0.0
57200031410,57200881811,0,0,0.0,0.0,10,4,40,10,4,585,515,0.07142857142857142
57224577912,58251274400,0,0,0.0,0.0,6,2,12,1,1,4,4,0.0
55339955200,57221086062,0,0,0.0,0.0,9,3,27,6,0,116,38,0.0
57217484884,6505883012,0,0,0.0,0.0,2,2,4,5,1,97,13,0.0
36144437800,57204459377,0,0,0.0,0.0,10,3,30,8,6,131,119,0.045454545454545456
57204571525,6603267575,0,0,0.0,0.0,16,62,992,14,4,372,246,0.1
57211403633,6508101025,0,0,0.0,0.0,31,16,496,13,9,285,223,0.041666666666666664
56155278900,57871155400,0,0,0.0,0.0,6,5,30,7,3,77,63,0.2
34570748500,40361194400,0,0,0.0,0.0,22,5,110,19,13,657,623,0.1568627450980392
22033698600,57218214540,0,0,0.0,0.0,5,11,55,8,2,219,23,0.03508771929824561
57212135371,57228033000,0,0,0.0,0.0,7,2,14,5,1,57,29,0.0
56231177500,56422544900,0,0,0.0,0.0,65,2,130,13,7,347,299,0.030303030303030304
55372499800,8342748400,0,0,0.0,0.0,11,49,539,15,7,484,432,0.0
55664937300,57218246541,0,0,0.0,0.0,2,5,10,4,2,39,31,0.043478260869565216
57191440019,57218434377,0,0,0.0,0.0,31,2,62,17,15,623,613,0.125
12782630800,57213619538,0,0,0.0,0.0,106,5,530,20,10,944,614,0.058823529411764705
57201273749,57214230102,0,0,0.0,0.0,5,5,25,10,6,463,439,0.0
57210593504,57218223534,0,0,0.0,0.0,2,13,26,8,2,172,28,0.19047619047619047
36782032100,60082572200,0,0,0.0,0.0,10,7,70,10,4,233,169,0.07272727272727272
14041302800,57195229698,0,0,0.0,0.0,11,16,176,17,9,631,513,0.09722222222222222
57201494217,57214861606,0,0,0.0,0.0,4,2,8,4,0,75,27,0.043478260869565216
35415485100,57211638107,0,0,0.0,0.0,11,3,33,6,2,155,65,0.0
55901968900,57274627100,0,0,0.0,0.0,18,2,36,9,5,172,152,0.09803921568627451
56204610200,57193486010,0,0,0.0,0.0,4,4,16,5,1,31,7,0.0
57639111000,7003435386,0,0,0.0,0.0,34,51,1734,15,9,599,469,0.034482758620689655
56303931700,57203924074,0,0,0.0,0.0,14,29,406,20,12,817,715,0.034482758620689655
54976634500,57196317229,0,0,0.0,0.0,6,3,18,5,3,67,59,0.10416666666666667
56942512700,57189215849,0,0,0.0,0.0,4,6,24,8,4,156,110,0.046511627906976744
55691083100,56790073300,0,0,0.0,0.0,1,24,24,7,3,79,59,0.0
55942071800,57224941989,0,0,0.0,0.0,12,2,24,13,9,741,701,0.0392156862745098
7003467120,7007175125,0,0,0.0,0.0,79,6,474,17,5,394,240,0.07246376811594203
57211924975,57719990600,0,0,0.0,0.0,9,11,99,10,6,213,197,0.041666666666666664
57194774675,57222401768,0,0,0.0,0.0,3,12,36,7,1,108,30,0.3125
55704795900,58069070600,0,0,0.0,0.0,7,1,7,5,1,61,49,0.0
54886372200,57194464165,0,0,0.0,0.0,4,5,20,10,4,261,221,0.0
16426043400,57202985269,0,0,0.0,0.0,4,1,4,7,3,158,40,0.0
23470649300,55810100600,0,0,0.0,0.0,9,9,81,9,3,106,68,0.0
57216401706,57221582133,0,0,0.0,0.0,4,5,20,5,1,29,9,0.08333333333333333
57211169861,7004870189,0,0,0.0,0.0,12,6,72,5,1,89,29,0.07317073170731707
23102200100,57207511100,0,0,0.0,0.0,13,7,91,11,1,199,19,0.0425531914893617
57218194340,57408805500,0,0,0.0,0.0,75,2,150,10,8,965,945,0.0
54791348000,56414241800,0,0,0.0,0.0,4,17,68,7,5,123,117,0.0
24801934800,57218583376,0,0,0.0,0.0,2,10,20,8,4,173,25,0.07142857142857142
57193737463,57214742652,0,0,0.0,0.0,4,5,20,4,2,40,32,0.04
57203923646,57207261148,0,0,0.0,0.0,8,9,72,5,1,74,20,0.0625
56906903200,57224483723,0,0,0.0,0.0,3,2,6,5,1,31,5,0.15151515151515152
55588451200,57197754933,0,0,0.0,0.0,7,9,63,10,0,331,157,0.024390243902439025
55339729900,57191708331,0,0,0.0,0.0,6,28,168,18,6,785,581,0.13043478260869565
56440229500,57197711987,0,0,0.0,0.0,10,4,40,9,3,174,4,0.06666666666666667
56396961500,6602179402,0,0,0.0,0.0,1,15,15,7,3,115,87,0.022222222222222223
55810100600,57204856560,0,0,0.0,0.0,9,1,9,7,1,116,78,0.0
57203832935,57208054392,0,1,0.047619047619047616,0.2835784920513334,8,14,112,9,1,301,123,0.25
55075768000,7005465927,0,0,0.0,0.0,3,26,78,32,28,3325,3303,0.0963855421686747
54894520000,56158073100,0,0,0.0,0.0,8,2,16,8,0,118,6,0.08571428571428572
57202955220,57210889568,0,0,0.0,0.0,3,10,30,4,0,122,38,0.0
35613974100,57551310000,0,0,0.0,0.0,5,1,5,7,3,178,136,0.19047619047619047
56957827000,57558221300,0,0,0.0,0.0,16,5,80,14,10,364,314,0.021739130434782608
57203789639,57207861606,0,0,0.0,0.0,38,6,228,10,4,227,193,0.09375
56790073600,7801374608,0,0,0.0,0.0,7,7,49,4,0,115,21,0.1388888888888889
57209641836,57837726300,0,0,0.0,0.0,8,11,88,3,1,11,7,0.0
57197023682,58190035900,0,0,0.0,0.0,9,3,27,6,4,167,163,0.05
57205297181,58766505500,0,0,0.0,0.0,16,2,32,9,1,103,55,0.225
57192378546,57207449471,0,0,0.0,0.0,2,13,26,9,3,244,194,0.03333333333333333
57204095303,57483438000,0,0,0.0,0.0,13,1,13,10,8,234,218,0.08108108108108109
57480473100,6602711642,0,0,0.0,0.0,6,9,54,5,1,48,38,0.0
57203208004,57218761267,0,0,0.0,0.0,3,15,45,7,3,191,81,0.1
57218689642,6603317232,0,0,0.0,0.0,4,16,64,11,7,248,192,0.21951219512195122
35609932800,57219387197,0,0,0.0,0.0,7,20,140,8,2,106,48,0.09090909090909091
57193195869,57208488188,0,0,0.0,0.0,1,2,2,4,0,95,77,0.0
57204076767,57215907509,0,0,0.0,0.0,6,5,30,5,3,51,45,0.043478260869565216
56927916000,6508364691,0,0,0.0,0.0,7,10,70,7,1,275,67,0.2
57211030130,57219358729,0,0,0.0,0.0,14,2,28,6,0,89,45,0.1111111111111111
56576608900,57284997600,0,0,0.0,0.0,13,8,104,10,6,231,153,0.0
56385629000,57209638038,0,0,0.0,0.0,35,11,385,14,10,508,472,0.0
56414901900,56966260500,0,0,0.0,0.0,20,14,280,10,2,171,85,0.0
58089326200,58492949000,0,0,0.0,0.0,3,4,12,4,0,33,15,0.0
57192892615,57211759862,0,1,0.011235955056179775,0.3284587387530511,84,6,504,10,6,867,851,0.0
57211071832,59157726400,0,0,0.0,0.0,19,26,494,19,5,428,142,0.11627906976744186
55830280800,59158288200,0,0,0.0,0.0,2,3,6,5,1,57,5,0.0
57190260444,57193213089,0,0,0.0,0.0,6,3,18,5,1,383,161,0.0
55202981400,56069458700,0,0,0.0,0.0,1,5,5,6,0,84,36,0.047619047619047616
57205307761,57207457530,0,0,0.0,0.0,1,15,15,8,4,170,152,0.0
56742830300,6701722261,0,0,0.0,0.0,14,31,434,15,3,316,78,0.14285714285714285
55413466200,58109357600,0,0,0.0,0.0,11,1,11,4,2,52,24,0.09523809523809523
51864239500,57214187811,0,0,0.0,0.0,8,4,32,8,4,135,75,0.0
57695455900,58020999900,0,0,0.0,0.0,6,2,12,5,1,72,10,0.047619047619047616
14831676900,57221684607,0,0,0.0,0.0,61,3,183,23,15,1044,962,0.05454545454545454
56146474900,57217442328,0,0,0.0,0.0,5,20,100,10,2,898,828,0.041666666666666664
56656184700,56801024300,0,0,0.0,0.0,5,4,20,3,1,54,14,0.0625
57209821049,57224322868,0,0,0.0,0.0,9,3,27,6,0,249,191,0.0
55320352000,57215146771,0,0,0.0,0.0,3,6,18,4,0,89,29,0.047619047619047616
36480585000,58694275200,0,0,0.0,0.0,5,3,15,4,2,44,22,0.04
55220196200,7801421883,0,0,0.0,0.0,17,1,17,8,6,118,82,0.125
57202899987,57218681957,0,0,0.0,0.0,7,5,35,3,1,23,7,0.0
57216132287,57219176706,0,0,0.0,0.0,12,9,108,8,0,132,4,0.13333333333333333
57218581406,57614738900,0,0,0.0,0.0,5,11,55,2,0,11,7,0.0
26532350200,57211603186,0,0,0.0,0.0,2,4,8,4,0,83,49,0.041666666666666664
56605966900,57193379060,0,0,0.0,0.0,13,2,26,7,1,144,26,0.0
57201074087,57226446472,0,0,0.0,0.0,4,6,24,11,5,607,519,0.029411764705882353
6504786804,6603385896,0,0,0.0,0.0,42,2,84,4,4,181,181,0.025
56745087900,57200935294,0,0,0.0,0.0,8,11,88,12,6,314,196,0.13513513513513514
57221393685,7003473187,0,0,0.0,0.0,2,54,108,16,14,622,620,0.014084507042253521
56308309200,57210285313,0,0,0.0,0.0,11,8,88,11,3,260,120,0.07692307692307693
55909692500,57189703568,0,0,0.0,0.0,7,7,49,6,0,40,14,0.125
57076839000,57195995113,0,0,0.0,0.0,20,7,140,5,1,137,13,0.06666666666666667
57221684607,57222474421,0,0,0.0,0.0,3,2,6,6,2,50,32,0.043478260869565216
56192169600,58102558100,0,0,0.0,0.0,7,6,42,4,0,29,7,0.1111111111111111
21734175700,56308309200,0,0,0.0,0.0,3,11,33,6,2,106,34,0.2
57203511535,57203639399,0,0,0.0,0.0,2,4,8,4,0,134,88,0.0
57195903324,57207966256,0,0,0.0,0.0,5,5,25,4,2,56,52,0.0
57221953193,57315047400,0,0,0.0,0.0,2,6,12,4,2,41,35,0.058823529411764705
57191878940,57204929759,0,0,0.0,0.0,12,3,36,13,3,348,214,0.07142857142857142
57218603221,57396253900,0,0,0.0,0.0,6,13,78,12,10,462,428,0.03333333333333333
57189579649,57195307508,0,0,0.0,0.0,5,25,125,6,2,44,6,0.17647058823529413
24464916700,8223664400,0,0,0.0,0.0,9,35,315,13,9,381,351,0.26666666666666666
57190137206,57224576794,0,0,0.0,0.0,7,4,28,3,1,18,2,0.07142857142857142
24381651100,57362983700,0,0,0.0,0.0,25,18,450,6,2,61,39,0.037037037037037035
53879403200,57113291300,0,0,0.0,0.0,9,3,27,12,2,237,5,0.1951219512195122
57203923646,57204241954,0,0,0.0,0.0,8,12,96,7,3,76,22,0.06666666666666667
57221720549,6602076702,0,0,0.0,0.0,14,17,238,11,7,361,289,0.01694915254237288
12809396900,57206032001,0,0,0.0,0.0,9,9,81,10,2,224,132,0.14285714285714285
57209292495,58044116500,0,0,0.0,0.0,9,7,63,6,0,111,11,0.15789473684210525
57205287889,57723092100,0,0,0.0,0.0,10,3,30,6,4,78,48,0.0
57219176706,57336713600,0,0,0.0,0.0,9,4,36,6,2,177,49,0.5
57912866100,9278040100,0,0,0.0,0.0,5,19,95,6,4,50,36,0.0
56689966300,57214183858,0,0,0.0,0.0,9,18,162,6,2,91,13,0.0
57191090520,57218551907,0,0,0.0,0.0,4,5,20,5,1,59,29,0.0
55437936800,57220077843,0,0,0.0,0.0,4,6,24,3,1,31,9,0.05555555555555555
32668058700,56049411000,0,0,0.0,0.0,34,2,68,10,4,220,106,0.022727272727272728
56652016600,57209750686,0,0,0.0,0.0,9,6,54,8,4,236,196,0.1
35797450100,37050528600,0,0,0.0,0.0,3,8,24,10,4,164,106,0.0
55443918000,57216924143,0,0,0.0,0.0,3,25,75,11,9,582,570,0.04878048780487805
56424971900,57211534375,0,0,0.0,0.0,4,6,24,3,1,23,1,0.09090909090909091
57266105400,7006196140,0,0,0.0,0.0,11,14,154,9,5,179,117,0.057692307692307696
35734884600,57268089700,0,0,0.0,0.0,50,5,250,11,9,395,365,0.06896551724137931
57201009963,58000043100,0,0,0.0,0.0,10,11,110,5,1,78,36,0.1875
57193087446,7004427430,0,0,0.0,0.0,7,12,84,5,3,46,44,0.03225806451612903
54584961800,56494751200,0,0,0.0,0.0,5,3,15,4,0,66,20,0.0
57222538412,6701814599,0,0,0.0,0.0,5,2,10,12,8,436,278,0.06521739130434782
57195806817,58164078600,0,0,0.0,0.0,3,3,9,4,2,55,17,0.045454545454545456
57200422086,57200728822,0,0,0.0,0.0,11,5,55,14,2,261,1,0.045454545454545456
35085431000,57785110600,0,0,0.0,0.0,3,3,9,4,2,52,48,0.041666666666666664
57200081815,7102666167,0,0,0.0,0.0,4,19,76,7,3,86,50,0.0
58282114600,7201455990,0,0,0.0,0.0,2,31,62,9,7,434,426,0.04
23988400700,55941514600,0,0,0.0,0.0,11,4,44,11,3,236,24,0.10869565217391304
56539498000,57211602931,0,0,0.0,0.0,3,4,12,4,0,51,27,0.08333333333333333
37261601200,55646317900,0,0,0.0,0.0,9,17,153,7,1,103,47,0.1
57193926781,57215322835,0,0,0.0,0.0,6,8,48,7,1,127,79,0.025
57208440295,59851417600,0,0,0.0,0.0,12,6,72,6,2,128,8,0.14285714285714285
26655075400,57216491565,0,0,0.0,0.0,33,17,561,13,9,295,209,0.027777777777777776
57200935667,58491552400,0,0,0.0,0.0,2,3,6,2,2,14,14,0.08695652173913043
55317765400,57195735368,0,0,0.0,0.0,1,16,16,11,7,289,277,0.23333333333333334
57195265762,57237785000,0,0,0.0,0.0,2,3,6,2,2,40,40,0.0
35584031200,55110225800,0,1,0.011627906976744186,0.25433477814404226,8,79,632,17,9,570,498,0.3563218390804598
57190171149,57190864083,0,0,0.0,0.0,7,4,28,8,0,144,38,0.03225806451612903
14015348600,57211920176,0,0,0.0,0.0,3,11,33,4,2,140,92,0.0
56462316000,57214192451,0,0,0.0,0.0,6,2,12,6,2,160,68,0.0
55781722000,55910051900,0,0,0.0,0.0,6,1,6,9,1,122,30,0.10256410256410256
55503270600,6602441507,0,0,0.0,0.0,5,4,20,6,0,43,1,0.16
57189236111,57200031410,0,0,0.0,0.0,6,10,60,8,6,555,545,0.0
57899473800,6507157339,0,0,0.0,0.0,3,10,30,6,4,46,36,0.03333333333333333
57188698209,57224101410,0,0,0.0,0.0,1,3,3,5,1,81,27,0.05
57212418884,7402527117,0,0,0.0,0.0,7,16,112,8,2,153,57,0.02
23478076600,57216419607,0,0,0.0,0.0,7,5,35,4,0,46,30,0.0
25825489500,57210293047,0,0,0.0,0.0,6,6,36,7,5,126,96,0.0
57189703568,57296819700,0,0,0.0,0.0,7,4,28,4,2,15,11,0.05
36621377400,57215419320,0,0,0.0,0.0,10,8,80,17,9,770,676,0.14285714285714285
57203191464,57211888244,0,0,0.0,0.0,2,3,6,4,0,22,6,0.0
56192840600,57192378546,0,0,0.0,0.0,3,2,6,8,4,231,207,0.07407407407407407
57211081040,57222101401,0,0,0.0,0.0,22,9,198,6,0,98,60,0.0
57215492173,6701807050,0,0,0.0,0.0,6,25,150,7,3,102,76,0.03125
16067892900,55621051200,0,0,0.0,0.0,21,4,84,9,5,160,124,0.04
57189709233,57218329111,0,0,0.0,0.0,3,6,18,5,1,86,72,0.0
57215538915,57223929188,0,0,0.0,0.0,11,7,77,5,3,58,44,0.0
57191632365,7004315011,0,0,0.0,0.0,5,11,55,6,0,149,43,0.045454545454545456
56084970400,57204507199,0,0,0.0,0.0,10,2,20,8,0,122,38,0.03571428571428571
55221002700,57189459314,0,0,0.0,0.0,3,9,27,11,1,363,11,0.07142857142857142
23072832700,57329860400,0,0,0.0,0.0,69,13,897,28,24,2780,2710,0.06611570247933884
57208893425,7102633221,0,0,0.0,0.0,6,175,1050,21,9,2442,1102,0.015151515151515152
55587974700,57214711058,0,0,0.0,0.0,17,2,34,11,7,263,243,0.05405405405405406
53983027600,57202513641,0,0,0.0,0.0,3,13,39,4,0,29,1,0.0
56992895800,57203457812,0,0,0.0,0.0,9,0,0,4,2,32,22,0.0
55344635300,57207687413,0,0,0.0,0.0,7,1,7,10,6,146,136,0.034482758620689655
57216401706,6507323221,0,0,0.0,0.0,4,2,8,5,1,116,96,0.08108108108108109
56333925500,57211404233,0,1,0.07692307692307693,0.2422988705246811,11,3,33,11,5,352,208,0.07692307692307693
56681998900,57211405877,0,0,0.0,0.0,4,3,12,7,1,210,86,0.0
35074139100,56085612400,0,0,0.0,0.0,2,12,24,5,1,94,64,0.0
53868248900,6603097867,0,0,0.0,0.0,4,40,160,21,17,1813,1665,0.18604651162790697
56527030000,6506897113,0,0,0.0,0.0,3,5,15,6,0,70,14,0.0
57214861976,57255889800,0,0,0.0,0.0,6,8,48,4,0,45,9,0.125
57192588365,57222402952,0,0,0.0,0.0,2,2,4,4,4,38,38,0.0
56584651800,6603865548,0,0,0.0,0.0,8,20,160,13,7,723,413,0.23076923076923078
28567789500,57261608300,0,0,0.0,0.0,29,3,87,8,6,154,150,0.0
57202437390,59662887900,0,0,0.0,0.0,9,1,9,4,0,26,12,0.0
57204461143,6506649400,0,0,0.0,0.0,8,94,752,18,10,716,462,0.04411764705882353
55365894200,57195946682,0,0,0.0,0.0,1,3,3,3,1,51,3,0.0
57215585311,57218195565,0,0,0.0,0.0,9,54,486,7,1,850,734,0.05555555555555555
50960925600,55827026000,0,0,0.0,0.0,24,1,24,7,3,184,94,0.0
12645700300,57211136874,0,0,0.0,0.0,4,10,40,5,5,99,99,0.0
57209736376,57226399900,0,0,0.0,0.0,4,3,12,3,1,58,4,0.0
56728918000,57201298944,0,0,0.0,0.0,7,14,98,10,0,225,95,0.0
57189331236,57204979566,0,0,0.0,0.0,7,9,63,12,2,277,71,0.02631578947368421
54884280500,56998223600,0,0,0.0,0.0,9,9,81,6,2,176,114,0.05
13605127900,57198357708,0,0,0.0,0.0,10,9,90,13,7,278,210,0.08333333333333333
57193934157,8533612500,0,0,0.0,0.0,3,3,9,5,1,52,34,0.023255813953488372
16432753100,57956262000,0,0,0.0,0.0,3,1,3,3,1,28,12,0.0
55344487200,57225400428,0,0,0.0,0.0,16,4,64,6,2,122,100,0.0
57203489818,57215107018,0,0,0.0,0.0,6,3,18,5,1,52,18,0.0
37014654000,56650773000,0,0,0.0,0.0,1,3,3,4,0,27,3,0.0
57220357430,6603351261,0,0,0.0,0.0,1,4,4,6,0,64,0,0.0
57200415960,59842697900,0,0,0.0,0.0,4,47,188,19,7,571,241,0.1044776119402985
54390925400,57222000582,0,0,0.0,0.0,19,4,76,10,6,320,286,0.0
57210979128,57222112884,0,0,0.0,0.0,9,2,18,5,1,41,9,0.0
56817906900,57222377612,0,0,0.0,0.0,4,7,28,6,2,149,117,0.025
57199848878,7003602579,0,0,0.0,0.0,3,5,15,3,1,23,19,0.0
36626076000,55366804400,0,0,0.0,0.0,5,8,40,6,2,173,23,0.35
56211110600,56912294300,0,0,0.0,0.0,3,7,21,11,5,179,89,0.06382978723404255
57188482200,57211980770,0,0,0.0,0.0,7,1,7,4,0,111,51,0.17857142857142858
56030924100,7402170845,0,0,0.0,0.0,10,19,190,10,4,146,100,0.0
36669038500,57195987896,0,0,0.0,0.0,19,5,95,4,2,70,66,0.09090909090909091
35337121100,55589269800,0,0,0.0,0.0,6,2,12,6,2,123,71,0.0
54965487500,57215486453,0,0,0.0,0.0,5,2,10,3,1,25,1,0.0
57205354812,57224322868,0,0,0.0,0.0,6,3,18,5,1,227,213,0.05555555555555555
57209267807,7201890059,0,0,0.0,0.0,25,12,300,38,18,2350,1824,0.2376237623762376
35112646100,58822965000,0,0,0.0,0.0,4,11,44,7,1,77,55,0.10204081632653061
57015261100,58086697000,0,0,0.0,0.0,4,1,4,4,2,59,55,0.0
57191205328,57211920176,0,0,0.0,0.0,8,11,88,5,3,101,53,0.0
58124207600,59802529000,0,0,0.0,0.0,5,9,45,5,1,44,8,0.0
56819286200,57191898518,0,0,0.0,0.0,10,17,170,16,0,1431,691,0.16279069767441862
57210822480,7102666167,0,0,0.0,0.0,1,19,19,7,3,83,53,0.0
57218325951,57278847300,0,0,0.0,0.0,10,18,180,6,2,137,19,0.25
57217154962,57772698400,0,0,0.0,0.0,5,9,45,4,0,51,19,0.0
12780694800,55833066700,0,0,0.0,0.0,10,8,80,11,7,609,591,0.03125
57209291916,8616406100,0,0,0.0,0.0,12,91,1092,16,10,1220,1140,0.0
57360529800,6701867677,0,0,0.0,0.0,3,26,78,13,11,351,347,0.0
57221570663,57222610574,0,0,0.0,0.0,14,7,98,4,0,44,26,0.0
55787164700,59797986500,0,0,0.0,0.0,3,2,6,4,0,48,28,0.0
57094616900,57223014620,0,0,0.0,0.0,7,10,70,3,1,22,20,0.06666666666666667
55665456000,57202779377,0,0,0.0,0.0,81,4,324,16,12,536,522,0.07936507936507936
57202745618,7101975791,0,0,0.0,0.0,6,22,132,28,18,1638,1228,0.1388888888888889
57189074292,57388134900,0,0,0.0,0.0,5,7,35,5,1,140,98,0.11904761904761904
57212266720,6603234996,0,0,0.0,0.0,2,15,30,16,14,636,628,0.0
36650382400,58102558100,0,0,0.0,0.0,12,6,72,9,5,138,102,0.0784313725490196
55324294400,57212554434,0,0,0.0,0.0,4,15,60,8,4,207,53,0.1875
57225199843,8540875500,0,0,0.0,0.0,8,14,112,7,3,109,51,0.047619047619047616
55746940300,57206893445,0,0,0.0,0.0,1,11,11,9,3,139,29,0.0
57222730994,57224218461,0,0,0.0,0.0,10,3,30,6,2,278,238,0.0
35092058800,6701745767,0,0,0.0,0.0,2,7,14,13,3,313,59,0.2
57225217157,57788715000,0,0,0.0,0.0,1,6,6,3,1,18,12,0.0
57200410908,57218766337,0,0,0.0,0.0,7,3,21,7,3,140,58,0.0
57215102752,57362983700,0,1,0.022727272727272728,0.17637054703334476,27,18,486,6,2,140,118,0.25
57204174728,57219277990,0,0,0.0,0.0,2,11,22,6,2,135,93,0.06666666666666667
36721779500,57554507600,0,0,0.0,0.0,3,5,15,4,0,62,40,0.07692307692307693
35095636300,57904702600,0,0,0.0,0.0,13,5,65,6,2,146,122,0.027777777777777776
57220748550,6602277744,0,0,0.0,0.0,6,133,798,24,20,1990,1940,0.027777777777777776
7005683131,8871368500,0,0,0.0,0.0,12,10,120,8,0,118,2,0.058823529411764705
36468959100,57208596694,0,0,0.0,0.0,4,6,24,10,2,426,294,0.11538461538461539
56100276100,57200965730,0,0,0.0,0.0,5,12,60,9,1,140,72,0.038461538461538464
57220950721,6603509762,0,0,0.0,0.0,1,6,6,3,1,48,42,0.0
57202379800,57278289000,0,0,0.0,0.0,7,6,42,5,1,38,2,0.07692307692307693
56050389900,57195279135,0,0,0.0,0.0,2,1,2,6,2,145,105,0.058823529411764705
54583539500,57217170008,0,0,0.0,0.0,6,9,54,5,1,143,43,0.13043478260869565
57201316851,8202851100,0,0,0.0,0.0,5,2,10,6,2,134,60,0.058823529411764705
24278419000,55911024000,0,0,0.0,0.0,4,11,44,6,0,69,1,0.075
56017313400,6602814239,0,0,0.0,0.0,2,11,22,7,5,295,291,0.0
24278419000,56157717000,0,0,0.0,0.0,4,3,12,6,0,111,43,0.05
56926696600,6508363068,0,0,0.0,0.0,2,3,6,10,6,236,198,0.05128205128205128
15741157800,55307484200,0,0,0.0,0.0,3,5,15,5,1,78,46,0.046511627906976744
55228787000,57198890094,0,0,0.0,0.0,30,15,450,18,10,478,300,0.05172413793103448
35475009900,57193423111,0,0,0.0,0.0,24,3,72,17,13,1141,1125,0.015384615384615385
55665226800,57207766930,0,0,0.0,0.0,22,25,550,8,0,124,12,0.05263157894736842
56556565800,57914525400,0,0,0.0,0.0,51,2,102,5,3,74,68,0.0
55545633500,58200046600,0,0,0.0,0.0,2,10,20,4,2,46,44,0.0
35786735700,57202787234,0,0,0.0,0.0,8,2,16,6,2,44,6,0.0
56025884600,57224831324,0,0,0.0,0.0,11,0,0,6,2,78,28,0.041666666666666664
35619118900,58108233000,0,0,0.0,0.0,25,6,150,12,8,383,215,0.0
24462686100,57215145200,0,0,0.0,0.0,5,1,5,5,1,60,22,0.0136986301369863
55378410100,57196036128,0,0,0.0,0.0,1,10,10,5,1,67,55,0.13580246913580246
57191708331,8842034500,0,0,0.0,0.0,28,40,1120,22,2,912,454,0.0967741935483871
57221552670,9746797800,0,0,0.0,0.0,18,91,1638,20,8,847,499,0.11904761904761904
54781300600,57191633013,0,0,0.0,0.0,8,6,48,5,1,47,9,0.041666666666666664
55788564000,57218568822,0,0,0.0,0.0,21,5,105,7,5,330,276,0.047619047619047616
55471327500,57772698400,0,0,0.0,0.0,5,9,45,3,1,18,14,0.08333333333333333
57203531204,57205063868,0,0,0.0,0.0,20,6,120,8,4,168,128,0.0
22991301300,57210894280,0,0,0.0,0.0,19,9,171,24,12,1004,846,0.024096385542168676
57194104468,57203454123,0,2,0.06451612903225806,0.6298940172736185,27,6,162,8,6,173,85,0.5833333333333334
16229748800,57673607400,0,0,0.0,0.0,13,13,169,3,1,37,31,0.06896551724137931
56709640900,57193268552,0,0,0.0,0.0,4,11,44,9,3,190,90,0.0
57195568405,57213689998,0,0,0.0,0.0,8,2,16,12,8,858,834,0.07142857142857142
55619738000,57224576794,0,0,0.0,0.0,0,4,0,3,1,25,9,0.029411764705882353
26032541600,57221582056,0,0,0.0,0.0,7,9,63,4,0,42,8,0.14285714285714285
56081399500,57215769602,0,0,0.0,0.0,7,2,14,5,3,217,213,0.07017543859649122
57202424701,57217718572,0,0,0.0,0.0,0,4,0,5,1,77,15,0.0
55523859600,57150050300,0,0,0.0,0.0,8,1,8,5,1,129,51,0.0
57194026780,59988731200,0,0,0.0,0.0,2,17,34,9,3,152,44,0.11428571428571428
57200984590,57322306100,0,0,0.0,0.0,7,3,21,4,0,35,19,0.05555555555555555
57204832524,57207619810,0,0,0.0,0.0,9,5,45,9,5,254,244,0.0
55619775400,57289768100,0,0,0.0,0.0,10,6,60,6,2,61,9,0.07692307692307693
55992177600,57198345630,0,0,0.0,0.0,10,3,30,10,0,233,3,0.0
14021049800,57208033946,0,0,0.0,0.0,20,3,60,13,1,230,80,0.0
55087222300,57208088761,0,0,0.0,0.0,19,3,57,9,5,279,183,0.02631578947368421
57192303346,57194622625,0,0,0.0,0.0,1,10,10,10,2,174,80,0.17647058823529413
55981667500,57201691055,0,0,0.0,0.0,31,6,186,12,10,412,380,0.0
56959964500,57217336969,0,0,0.0,0.0,18,7,126,6,0,112,34,0.058823529411764705
57200045265,57203044423,0,0,0.0,0.0,5,3,15,9,7,114,110,0.10256410256410256
13605127900,57194715865,0,0,0.0,0.0,10,2,20,9,3,379,311,0.07272727272727272
35615066800,6603551893,0,0,0.0,0.0,52,4,208,27,21,2347,1053,0.08064516129032258
37025944200,54924322100,0,0,0.0,0.0,17,4,68,7,3,120,40,0.08695652173913043
57209746166,6507213163,0,0,0.0,0.0,6,5,30,3,1,20,4,0.0
35546900100,57201546952,0,0,0.0,0.0,26,7,182,14,10,459,429,0.0
57218401533,57226376713,0,0,0.0,0.0,3,21,63,14,10,404,340,0.0
57207967241,57216539523,0,0,0.0,0.0,3,16,48,8,2,74,36,0.0
57191854299,57203413251,0,0,0.0,0.0,46,4,184,15,11,912,864,0.0
57558221300,7004120983,0,0,0.0,0.0,5,24,120,7,3,115,65,0.038461538461538464
56779692100,57749939300,0,0,0.0,0.0,87,1,87,12,10,331,327,0.0
57193486010,57223435605,0,0,0.0,0.0,4,15,60,3,1,38,14,0.25
36651681100,57202448929,0,0,0.0,0.0,18,5,90,10,6,435,371,0.0
26027149800,56674725400,0,0,0.0,0.0,14,4,56,5,1,121,11,0.0
24479959000,6508363068,0,0,0.0,0.0,11,3,33,20,4,1746,1312,0.07142857142857142
10140958400,57219903858,0,0,0.0,0.0,7,4,28,4,0,39,1,0.047619047619047616
56073800000,57189623051,0,0,0.0,0.0,7,20,140,10,6,152,134,0.0
56541553400,57195067107,0,0,0.0,0.0,3,2,6,4,0,61,5,0.2
56663792300,59313752200,0,0,0.0,0.0,5,40,200,17,15,840,812,0.0
57223885183,57413715900,0,0,0.0,0.0,2,32,64,4,0,56,28,0.25
57105113000,57205762541,0,0,0.0,0.0,1,6,6,3,1,21,19,0.0
57212200598,57226236823,0,0,0.0,0.0,4,5,20,4,0,24,2,0.06666666666666667
55568186000,56674832400,0,0,0.0,0.0,5,5,25,7,3,69,39,0.0
57200426447,57213546459,0,0,0.0,0.0,9,14,126,6,0,80,4,0.05555555555555555
57195289413,57211350444,0,0,0.0,0.0,3,12,36,15,1,555,249,0.0
57200114017,7201677725,0,0,0.0,0.0,7,76,532,17,13,641,567,0.08333333333333333
24339158000,56227341800,0,0,0.0,0.0,5,2,10,9,3,169,89,0.023809523809523808
56811564300,57204598234,0,0,0.0,0.0,11,2,22,6,4,172,168,0.0
57188656367,6603904264,0,0,0.0,0.0,5,14,70,18,16,974,946,0.27586206896551724
56594276600,57206787157,0,0,0.0,0.0,1,9,9,3,1,23,17,0.0
55969453600,57215829648,0,0,0.0,0.0,8,13,104,8,0,92,14,0.03333333333333333
54986324600,57203021635,0,0,0.0,0.0,10,11,110,10,4,203,109,0.0
35473032800,58081982900,0,0,0.0,0.0,1,6,6,5,1,35,5,0.0
24330030100,57201096233,0,0,0.0,0.0,73,6,438,12,6,346,304,0.023255813953488372
38661394900,6603801818,0,0,0.0,0.0,11,31,341,8,2,170,130,0.0625
55428927600,57223236563,0,0,0.0,0.0,3,8,24,3,1,57,31,0.35294117647058826
57189074292,57956252100,0,0,0.0,0.0,5,3,15,5,1,133,105,0.11428571428571428
15055910800,57200563102,0,0,0.0,0.0,8,12,96,8,2,89,1,0.0
57195354580,7202480403,0,0,0.0,0.0,6,12,72,12,0,257,81,0.046511627906976744
57208722115,58492949000,0,0,0.0,0.0,6,4,24,4,0,51,3,0.0
12771097000,57195671153,0,0,0.0,0.0,1,16,16,9,5,254,210,0.06382978723404255
55923221700,57208425908,0,0,0.0,0.0,2,3,6,3,1,52,46,0.041666666666666664
57205124320,6603128830,0,0,0.0,0.0,6,37,222,12,4,218,106,0.0
56237393300,57535718100,0,0,0.0,0.0,3,1,3,4,0,27,3,0.125
36496371500,57215185646,0,0,0.0,0.0,8,4,32,12,2,320,202,0.0
55266437700,7101828726,0,0,0.0,0.0,24,9,216,14,8,489,449,0.08771929824561403
35179056300,58586227900,0,0,0.0,0.0,32,10,320,6,2,114,96,0.08
23987119600,25422285200,0,0,0.0,0.0,21,31,651,12,2,193,49,0.2962962962962963
36816468000,57221732069,0,0,0.0,0.0,4,6,24,4,0,66,10,0.1111111111111111
57211601878,57221339125,0,0,0.0,0.0,1,0,0,6,2,137,123,0.047619047619047616
55320475800,57191900480,0,0,0.0,0.0,3,9,27,4,2,103,57,0.25
55512466300,57224728450,0,0,0.0,0.0,5,2,10,4,0,58,40,0.04
57193665886,8533612500,0,0,0.0,0.0,2,3,6,5,1,91,73,0.030303030303030304
57194705410,7006640091,0,0,0.0,0.0,9,6,54,11,7,378,312,0.08333333333333333
55376455200,57212551199,0,0,0.0,0.0,8,5,40,8,4,193,137,0.0
56245395300,57224156152,0,0,0.0,0.0,4,2,8,7,5,85,69,0.07407407407407407
56043142500,57203393699,0,0,0.0,0.0,3,8,24,6,2,114,94,0.2222222222222222
16554843500,57218120589,0,0,0.0,0.0,51,4,204,10,8,271,265,0.06818181818181818
57143944000,57188961553,0,0,0.0,0.0,6,7,42,12,6,843,575,0.0
55356861900,57223323186,0,0,0.0,0.0,13,4,52,6,2,172,22,0.03773584905660377
57192872816,57219746232,0,0,0.0,0.0,3,15,45,9,1,276,82,0.07407407407407407
36839858800,57201449098,0,0,0.0,0.0,6,6,36,7,3,176,132,0.0
12242010500,56530358600,0,0,0.0,0.0,17,16,272,11,3,350,230,0.0
35434643100,56819117900,0,0,0.0,0.0,3,3,9,5,3,53,39,0.0
57015261100,57214183996,0,0,0.0,0.0,4,3,12,7,1,97,17,0.0
57221862956,7003359246,0,0,0.0,0.0,8,13,104,14,10,332,290,0.0
14049155900,7004062139,0,0,0.0,0.0,1,41,41,12,8,270,260,0.0
57202402895,57216401706,0,0,0.0,0.0,10,4,40,6,2,101,81,0.043478260869565216
59662811800,8882780600,0,0,0.0,0.0,41,1,41,13,5,286,214,0.03076923076923077
57247984700,57266562600,0,0,0.0,0.0,2,13,26,8,4,93,29,0.23529411764705882
16199397400,57208926150,0,0,0.0,0.0,36,10,360,6,2,100,12,0.07142857142857142
36624165900,57214190714,0,0,0.0,0.0,6,16,96,9,1,235,125,0.024390243902439025
57202903305,57211960952,0,0,0.0,0.0,2,1,2,4,0,86,28,0.07692307692307693
57208673746,57209638038,0,0,0.0,0.0,12,11,132,3,1,19,17,0.0
57200422818,57217351339,0,0,0.0,0.0,9,6,54,10,2,665,611,0.14285714285714285
57210636908,57219790908,0,0,0.0,0.0,3,1,3,3,1,16,6,0.0
57194507234,57225182251,0,0,0.0,0.0,9,12,108,11,3,197,81,0.06896551724137931
43961125800,57201196015,0,0,0.0,0.0,13,5,65,11,1,259,41,0.14285714285714285
56602798100,57202137592,0,0,0.0,0.0,8,29,232,7,3,266,164,0.42857142857142855
56727870200,56808778000,0,0,0.0,0.0,10,5,50,7,1,206,118,0.13793103448275862
24824188400,57194041971,0,0,0.0,0.0,24,29,696,16,0,452,24,0.17647058823529413
57194469942,9635329200,0,0,0.0,0.0,9,9,81,9,3,362,142,0.24
57214189215,57216755559,0,0,0.0,0.0,10,10,100,3,1,66,52,0.0
57215149048,6504067845,0,0,0.0,0.0,17,2,34,5,1,66,4,0.07692307692307693
57218119689,58975341700,0,0,0.0,0.0,10,3,30,7,1,233,11,0.043478260869565216
55831761600,8944481500,0,0,0.0,0.0,12,13,156,19,5,661,299,0.11290322580645161
12786182200,57189598280,0,0,0.0,0.0,68,3,204,8,6,276,266,0.0
57223014620,57915534600,0,0,0.0,0.0,10,7,70,3,1,29,13,0.16666666666666666
57216881349,57219470192,0,0,0.0,0.0,12,3,36,6,2,85,65,0.038461538461538464
57189253895,7005322928,0,0,0.0,0.0,12,13,156,11,1,191,19,0.04
56542795100,58298376900,0,0,0.0,0.0,0,6,0,9,5,176,116,0.037037037037037035
54934537600,56401604900,0,0,0.0,0.0,11,7,77,11,1,161,27,0.0
58165093600,6701608636,0,0,0.0,0.0,13,41,533,15,5,282,160,0.16363636363636364
57200889937,57209345549,0,0,0.0,0.0,7,6,42,7,3,135,107,0.0
55878047800,57225804358,0,2,0.03636363636363636,0.41585048695677507,34,23,782,12,0,225,65,0.06896551724137931
55878518900,57963146900,0,0,0.0,0.0,13,12,156,5,1,31,11,0.03333333333333333
55814885800,57200806732,0,0,0.0,0.0,10,11,110,14,8,417,205,0.16666666666666666
57132920800,57210559078,0,0,0.0,0.0,9,7,63,6,4,70,62,0.0
35721785100,57203531204,0,0,0.0,0.0,9,20,180,9,3,234,62,0.03125
36994478600,57211427050,0,0,0.0,0.0,6,41,246,10,4,234,78,0.08333333333333333
57211317466,57220077843,0,0,0.0,0.0,1,6,6,6,2,80,40,0.0
55615833500,7005543703,0,0,0.0,0.0,0,22,0,12,2,276,94,0.1095890410958904
55646353000,57225957056,0,0,0.0,0.0,13,8,104,6,2,175,85,0.08695652173913043
57105113000,57205287889,0,0,0.0,0.0,1,10,10,6,4,64,62,0.0
55226136900,57875139500,0,0,0.0,0.0,14,6,84,5,1,77,11,0.05714285714285714
56699699900,7004265737,0,0,0.0,0.0,14,6,84,22,2,624,24,0.26666666666666666
56790073600,6505758008,0,0,0.0,0.0,7,6,42,17,13,1465,1329,0.02040816326530612
43861246800,56231177500,0,1,0.013513513513513514,0.17637054703334476,10,65,650,12,8,374,272,0.1794871794871795
57214492532,57219961964,0,0,0.0,0.0,12,1,12,6,0,90,24,0.0
51665689800,57218290192,0,0,0.0,0.0,1,4,4,4,0,60,30,0.0
57195932397,57213767003,0,0,0.0,0.0,3,4,12,6,2,40,16,0.0
57193613314,57194273004,0,0,0.0,0.0,2,3,6,5,1,463,219,0.1
57201818321,57219877582,0,0,0.0,0.0,7,20,140,9,3,295,37,0.11538461538461539
37087037000,57216776259,0,0,0.0,0.0,4,2,8,5,1,52,4,0.046511627906976744
57208885848,58074396900,0,0,0.0,0.0,3,4,12,16,16,588,588,0.0
12780694800,57355537400,0,0,0.0,0.0,10,5,50,11,7,630,570,0.10909090909090909
16062991900,57217595641,0,0,0.0,0.0,4,6,24,10,6,364,316,0.03571428571428571
57212462957,57651822100,0,0,0.0,0.0,8,3,24,10,0,106,6,0.1111111111111111
35476828500,57374760400,0,0,0.0,0.0,10,1,10,11,7,435,23,0.08823529411764706
57194195107,57205195001,0,0,0.0,0.0,3,23,69,4,0,96,38,0.0
55115920800,60152072400,0,0,0.0,0.0,3,4,12,2,2,14,14,0.0
57192870008,57214849928,0,0,0.0,0.0,1,17,17,7,3,94,32,0.15
57214181552,57271034700,0,0,0.0,0.0,5,6,30,6,0,254,116,0.06666666666666667
55081840800,57203281987,0,1,0.1111111111111111,0.3898712452512801,8,2,16,10,2,170,78,0.041666666666666664
55616120700,57194349796,0,0,0.0,0.0,7,6,42,6,2,142,64,0.13333333333333333
56918651600,57970655200,0,0,0.0,0.0,4,4,16,6,4,180,168,0.0
57195904455,6508375138,0,0,0.0,0.0,8,3,24,4,0,46,32,0.0
26655075400,57103819300,0,0,0.0,0.0,33,9,297,13,9,303,201,0.0
57194279893,57218679602,0,0,0.0,0.0,7,6,42,3,1,121,91,0.0
18041935700,56432590300,0,0,0.0,0.0,1,9,9,5,3,63,49,0.0
25223549400,55665656200,0,0,0.0,0.0,16,66,1056,17,1,400,120,0.038461538461538464
57193832250,57214322337,0,0,0.0,0.0,65,2,130,9,7,469,449,0.04878048780487805
57205307761,57214861771,0,0,0.0,0.0,1,2,2,4,0,51,33,0.0
57946903700,58175870700,0,0,0.0,0.0,5,15,75,3,1,10,4,0.05
24376383400,57223309138,0,0,0.0,0.0,10,12,120,4,0,76,12,0.03225806451612903
55641695400,57218849088,0,0,0.0,0.0,7,10,70,9,5,110,76,0.0
12779013400,57211901417,0,0,0.0,0.0,23,6,138,24,10,939,687,0.04411764705882353
57200400301,57205162626,0,0,0.0,0.0,27,9,243,16,4,548,244,0.09803921568627451
14818985800,57207939956,0,0,0.0,0.0,1,12,12,7,3,100,68,0.023809523809523808
56449354900,57222810020,0,0,0.0,0.0,1,3,3,7,1,92,42,0.2692307692307692
57208236682,57223435605,0,0,0.0,0.0,5,15,75,4,2,106,54,0.041666666666666664
55885881500,57218630755,0,0,0.0,0.0,15,1,15,9,5,148,134,0.041666666666666664
57205630922,7102205549,0,0,0.0,0.0,8,12,96,14,4,516,6,0.058823529411764705
16199397400,6701474709,0,0,0.0,0.0,36,10,360,12,4,216,104,0.16981132075471697
6602723443,6602823371,0,0,0.0,0.0,4,18,72,11,1,676,84,0.11764705882352941
57223929188,57956262000,0,0,0.0,0.0,7,1,7,6,2,71,31,0.0
12646175000,41861097500,0,0,0.0,0.0,13,12,156,15,3,563,171,0.17391304347826086
57061886100,57323175600,0,0,0.0,0.0,8,4,32,4,0,42,34,0.08
57221531300,6602101968,0,0,0.0,0.0,8,75,600,28,24,2042,1974,0.04878048780487805
57200960817,57750849600,0,0,0.0,0.0,4,5,20,7,5,95,85,0.018518518518518517
55334528900,57201012572,0,0,0.0,0.0,12,6,72,27,7,1883,595,0.28
37118336200,57190161603,0,0,0.0,0.0,11,11,121,6,2,163,43,0.13636363636363635
55440589400,55882827100,0,0,0.0,0.0,7,5,35,5,1,37,11,0.02702702702702703
35559665600,55976667800,0,0,0.0,0.0,15,7,105,5,1,55,27,0.03125
11439250900,57226316838,0,0,0.0,0.0,10,3,30,11,7,456,218,0.0392156862745098
56768831300,57188628987,0,0,0.0,0.0,11,1,11,17,11,1024,952,0.017543859649122806
56747961300,57193427408,0,0,0.0,0.0,1,5,5,5,1,211,163,0.0
29767703100,7102178796,0,0,0.0,0.0,17,9,153,33,5,1767,819,0.024390243902439025
57201580887,57211342197,0,0,0.0,0.0,7,7,49,5,1,35,15,0.08333333333333333
24176157900,57193210476,0,0,0.0,0.0,9,4,36,4,2,74,68,0.058823529411764705
57194742238,57202398279,0,0,0.0,0.0,5,5,25,6,0,152,0,0.06666666666666667
57212218856,57218387464,0,0,0.0,0.0,6,6,36,10,0,140,0,0.043478260869565216
57200619062,57210888538,0,0,0.0,0.0,13,9,117,3,1,34,6,0.0
49862903000,56739975200,0,0,0.0,0.0,4,7,28,24,10,1549,515,0.2222222222222222
14522699800,57454578500,0,0,0.0,0.0,48,3,144,15,11,612,602,0.023809523809523808
57215497382,57558221300,0,0,0.0,0.0,5,5,25,6,2,80,30,0.0
52663129000,8544008900,0,0,0.0,0.0,77,3,231,9,5,1061,997,0.2
57202437390,57266335300,0,0,0.0,0.0,9,13,117,5,1,71,33,0.15384615384615385
56850461100,57221582056,0,0,0.0,0.0,51,9,459,9,5,231,197,0.15384615384615385
57220509361,57435766000,0,0,0.0,0.0,7,7,49,6,2,108,50,0.0625
56450278400,57208004073,0,0,0.0,0.0,10,6,60,6,2,60,16,0.0
53983638600,57218871316,0,0,0.0,0.0,2,3,6,3,1,18,2,0.0
55421047900,57188675884,0,0,0.0,0.0,9,5,45,7,3,202,184,0.0
42361850800,57226236823,0,0,0.0,0.0,8,5,40,5,1,45,19,0.13333333333333333
37020703900,55578807642,0,0,0.0,0.0,8,11,88,17,5,1336,1026,0.0
57197092087,57205711887,0,0,0.0,0.0,5,1,5,7,3,70,40,0.07692307692307693
56004722300,57200334285,0,0,0.0,0.0,6,1,6,5,1,26,6,0.0
57219356720,7801614854,0,0,0.0,0.0,5,18,90,6,0,73,29,0.06666666666666667
57212228481,57226165264,0,0,0.0,0.0,2,9,18,5,3,99,89,0.0
36838460400,57195946682,0,0,0.0,0.0,5,3,15,3,1,68,14,0.08333333333333333
57211437638,6602789090,0,0,0.0,0.0,2,2,4,4,0,58,44,0.0
57351933900,6603147366,0,0,0.0,0.0,67,6,402,11,5,391,317,0.10344827586206896
57203547083,57215934737,0,0,0.0,0.0,2,8,16,7,3,155,141,0.07142857142857142
56227341800,59662861800,0,0,0.0,0.0,2,3,6,5,1,106,26,0.0
57215150045,7003395367,0,0,0.0,0.0,4,26,104,20,8,594,314,0.13636363636363635
57210888537,57211231697,0,0,0.0,0.0,10,1,10,7,3,99,53,0.0
54400811900,57722436200,0,0,0.0,0.0,4,3,12,4,0,75,21,0.08333333333333333
56382377200,57215364360,0,0,0.0,0.0,4,4,16,4,2,43,35,0.0
57208164122,57214556569,0,0,0.0,0.0,14,1,14,11,7,909,181,0.034482758620689655
55810848300,57195314179,0,0,0.0,0.0,3,6,18,6,2,76,50,0.125
7006612363,9278040100,0,0,0.0,0.0,24,19,456,17,7,486,400,0.03333333333333333
6701462572,8707619100,0,0,0.0,0.0,10,3,30,15,3,301,181,0.038461538461538464
57193929795,57195261969,0,0,0.0,0.0,1,2,2,5,1,40,16,0.0
15136671100,17342671000,0,0,0.0,0.0,24,42,1008,17,7,619,451,0.14285714285714285
23102200100,36652922300,0,0,0.0,0.0,13,7,91,14,4,335,155,0.0
22979129700,56437217100,0,0,0.0,0.0,7,11,77,6,2,112,18,0.03636363636363636
55757203600,56857250500,0,0,0.0,0.0,8,4,32,10,2,139,59,0.1875
26635822900,57197858027,0,0,0.0,0.0,25,10,250,22,8,740,398,0.19607843137254902
57195314179,7005623741,0,0,0.0,0.0,6,43,258,8,4,107,81,0.07692307692307693
37068006200,57194854340,0,0,0.0,0.0,12,1,12,3,1,35,7,0.0
55413466200,57202437390,0,0,0.0,0.0,11,9,99,5,1,57,19,0.06666666666666667
57214186713,6506645414,0,0,0.0,0.0,5,20,100,9,5,191,73,0.022727272727272728
36838460400,55574403700,0,0,0.0,0.0,5,5,25,4,0,67,15,0.0
7006827604,8509006100,0,0,0.0,0.0,23,11,253,5,1,174,44,0.30985915492957744
14522699800,57188866581,0,0,0.0,0.0,48,12,576,18,8,653,561,0.08928571428571429
55249513200,57217798823,0,0,0.0,0.0,9,2,18,7,5,411,365,0.07407407407407407
57094616900,57200270272,0,0,0.0,0.0,7,7,49,4,2,148,146,0.0
56747264300,57653902100,0,0,0.0,0.0,12,8,96,7,3,166,78,0.0
57208820563,57215026290,0,0,0.0,0.0,10,4,40,6,4,256,224,0.038461538461538464
56239725600,57218341338,0,0,0.0,0.0,18,4,72,9,5,238,120,0.0
6603147366,6701448651,0,0,0.0,0.0,6,20,120,11,5,367,293,0.0967741935483871
30567549800,57209827092,0,0,0.0,0.0,9,7,63,6,2,77,39,0.08108108108108109
57210636908,57212136231,0,0,0.0,0.0,3,9,27,4,2,66,56,0.0
57210224558,57211437638,0,0,0.0,0.0,9,2,18,5,1,97,5,0.0
57195982562,57554621700,0,0,0.0,0.0,9,10,90,4,0,48,6,0.07692307692307693
35731701000,57200695435,0,0,0.0,0.0,2,23,46,8,2,190,126,0.0
57191866398,57201573233,0,0,0.0,0.0,19,7,133,10,0,207,71,0.04
57189727473,57200447023,0,0,0.0,0.0,3,5,15,5,1,42,10,0.0
56295292100,57202634244,0,0,0.0,0.0,23,7,161,19,15,876,626,0.058823529411764705
55915590900,57221692718,0,0,0.0,0.0,17,1,17,10,4,145,101,0.03225806451612903
36016768600,57208875935,0,0,0.0,0.0,4,2,8,6,2,88,56,0.0
56739975200,56992895800,0,0,0.0,0.0,7,9,63,10,4,544,490,0.0
56156146300,57203101749,0,0,0.0,0.0,1,3,3,5,3,56,50,0.0
35764362600,57221094686,0,0,0.0,0.0,4,6,24,1,1,4,4,0.0
57215102728,57218516928,0,0,0.0,0.0,36,13,468,5,1,120,70,0.0
54380357500,57200565305,0,0,0.0,0.0,23,7,161,7,3,518,376,0.029411764705882353
57211516339,57214181552,0,0,0.0,0.0,2,5,10,5,1,194,176,0.07142857142857142
57210692502,7102178796,0,0,0.0,0.0,5,9,45,16,12,479,469,0.0
55085535700,57189708597,0,0,0.0,0.0,1,8,8,13,5,350,6,0.021739130434782608
52664450800,57224974900,0,0,0.0,0.0,3,4,12,9,1,161,47,0.075
57195933421,57223180447,0,0,0.0,0.0,3,2,6,3,1,28,4,0.0
56182160600,57197269844,0,0,0.0,0.0,5,10,50,5,1,65,31,0.125
57190975605,57218849088,0,0,0.0,0.0,18,10,180,9,5,99,65,0.0
55940439800,57205297181,0,0,0.0,0.0,18,16,288,15,5,397,239,0.05555555555555555
56335960900,57195592867,0,0,0.0,0.0,1,11,11,10,2,204,94,0.021739130434782608
54079371100,57226061739,0,0,0.0,0.0,7,8,56,7,3,103,33,0.05555555555555555
57191415170,57221597907,0,0,0.0,0.0,5,4,20,3,1,51,33,0.0
35546900100,8589168500,0,0,0.0,0.0,26,5,130,16,8,603,285,0.1206896551724138
56258914100,6503985128,0,0,0.0,0.0,8,2,16,5,1,160,92,0.0
55085556800,57192397039,0,0,0.0,0.0,6,8,48,4,2,55,45,0.16666666666666666
57221769089,57696015900,0,0,0.0,0.0,8,4,32,4,2,56,50,0.0
57205616187,57218569616,0,0,0.0,0.0,1,1,1,2,0,7,1,0.0625
57197824872,57557282400,0,0,0.0,0.0,4,2,8,4,0,83,57,0.0
57215537306,57224663361,0,0,0.0,0.0,10,6,60,3,1,38,24,0.0
35584031200,55803742500,0,0,0.0,0.0,8,4,32,5,3,38,34,0.020833333333333332
57216317950,57218940092,0,0,0.0,0.0,2,8,16,10,2,354,286,0.0
36156175900,56131757100,0,0,0.0,0.0,6,2,12,5,1,111,45,0.0
18434783700,57261492100,0,0,0.0,0.0,8,6,48,8,4,120,108,0.1111111111111111
57201433592,57315582700,0,0,0.0,0.0,2,7,14,8,0,210,52,0.047619047619047616
36673933200,56803930400,0,0,0.0,0.0,1,3,3,6,4,76,70,0.0
55619775400,57188758198,0,0,0.0,0.0,10,3,30,6,2,56,4,0.0
56070165000,57222024477,0,0,0.0,0.0,6,28,168,4,0,82,18,0.0
57206888633,57214823832,0,0,0.0,0.0,3,4,12,4,0,43,21,0.058823529411764705
56747200700,57963146900,0,0,0.0,0.0,7,12,84,6,0,60,18,0.04
55954785600,6506901144,0,0,0.0,0.0,11,7,77,14,0,443,17,0.08064516129032258
55933913700,57211132197,0,0,0.0,0.0,3,11,33,7,3,217,81,0.0
57221090422,58934071000,0,0,0.0,0.0,2,7,14,5,1,61,31,0.0
57289236600,57563552800,0,0,0.0,0.0,8,1,8,6,0,47,7,0.0
55916496500,56525225200,0,0,0.0,0.0,23,1,23,13,1,319,61,0.0967741935483871
56962704100,57202782702,0,0,0.0,0.0,16,1,16,4,0,51,39,0.0
35574263900,57094669700,0,0,0.0,0.0,4,14,56,13,5,334,248,0.15384615384615385
14021049800,57224575712,0,0,0.0,0.0,20,3,60,7,5,76,74,0.125
23973868600,55226552800,0,0,0.0,0.0,24,38,912,17,3,525,17,0.21951219512195122
57202060730,6505672538,0,0,0.0,0.0,8,9,72,11,7,307,15,0.08333333333333333
57191403346,57196084513,0,0,0.0,0.0,6,30,180,7,1,108,44,0.125
57191089948,57221912435,0,0,0.0,0.0,8,11,88,7,3,80,60,0.0
57194560502,57204572813,0,0,0.0,0.0,5,1,5,7,1,62,34,0.038461538461538464
57217293200,57218242668,0,0,0.0,0.0,9,21,189,5,1,359,321,0.0
56520358300,59026125200,0,0,0.0,0.0,2,10,20,10,6,171,135,0.06060606060606061
57221918587,57223902831,0,0,0.0,0.0,12,5,60,4,0,15,5,0.0
16301272000,57870068200,0,0,0.0,0.0,24,5,120,19,15,727,675,0.21428571428571427
13104130100,55388149200,0,0,0.0,0.0,36,9,324,17,1,464,102,0.21153846153846154
18633978400,57224155633,0,0,0.0,0.0,7,5,35,6,4,108,76,0.0
26634884900,57293102200,0,0,0.0,0.0,88,5,440,16,12,1429,1399,0.020833333333333332
57220514923,57222536810,0,0,0.0,0.0,12,10,120,14,2,467,49,0.07407407407407407
55479849400,6603153404,0,0,0.0,0.0,8,13,104,13,5,298,152,0.05263157894736842
36342233400,57296576200,0,0,0.0,0.0,2,6,12,3,1,142,128,0.0
55266291800,57222000582,0,0,0.0,0.0,16,4,64,12,8,538,504,0.0
57194194226,57220207200,0,0,0.0,0.0,1,3,3,5,1,96,50,0.0625
57214190336,7003391443,0,0,0.0,0.0,28,2,56,7,3,111,49,0.0
55971993800,57034940200,0,0,0.0,0.0,12,3,36,6,2,97,85,0.02702702702702703
56970940100,57219587097,0,0,0.0,0.0,4,2,8,6,2,191,175,0.12121212121212122
36991101500,55915333900,0,0,0.0,0.0,41,14,574,30,20,2727,2579,0.2558139534883721
14831184100,57191407988,0,0,0.0,0.0,1,3,3,5,1,128,24,0.13333333333333333
36652331000,57195573495,0,0,0.0,0.0,12,19,228,8,4,170,96,0.024390243902439025
14218849700,57627052700,0,0,0.0,0.0,2,5,10,4,2,219,201,0.0
56433597800,57469282300,0,0,0.0,0.0,13,1,13,5,3,123,117,0.0
56505366300,57201449098,0,0,0.0,0.0,32,6,192,10,6,169,125,0.07317073170731707
57200132936,8275704100,0,0,0.0,0.0,3,20,60,10,6,243,219,0.08695652173913043
56422332700,57225938032,0,0,0.0,0.0,5,8,40,7,3,147,123,0.07692307692307693
26636439000,57200116102,0,0,0.0,0.0,3,6,18,4,0,49,1,0.0
7005465927,9743372800,0,0,0.0,0.0,26,2,52,32,28,3329,3299,0.07608695652173914
57214316831,58251274400,0,0,0.0,0.0,4,2,8,3,3,41,41,0.0
56432590300,57777372300,0,0,0.0,0.0,9,1,9,4,4,56,56,0.0
57189236111,57189713730,0,0,0.0,0.0,6,5,30,3,1,69,59,0.0
57200836355,57211524707,0,0,0.0,0.0,1,4,4,2,0,6,4,0.08333333333333333
14007750600,57798912800,0,0,0.0,0.0,26,24,624,9,5,187,131,0.025
55220063300,57197521695,0,0,0.0,0.0,12,6,72,5,3,39,27,0.0
36802392200,57201681975,0,0,0.0,0.0,30,5,150,13,1,256,2,0.075
57038964700,6603574466,0,0,0.0,0.0,5,12,60,10,2,247,7,0.025
57204596625,6602551667,0,0,0.0,0.0,7,1,7,5,3,75,67,0.0
56487825000,57218325951,0,0,0.0,0.0,1,10,10,5,1,103,15,0.05263157894736842
35782421700,6602378345,0,0,0.0,0.0,13,3,39,2,0,39,33,0.0
57216857778,58044242000,0,0,0.0,0.0,4,7,28,6,2,171,25,0.041666666666666664
57216403875,57958064800,0,0,0.0,0.0,11,13,143,8,6,170,158,0.05263157894736842
57193088911,7202075544,0,0,0.0,0.0,15,84,1260,20,12,1009,855,0.04950495049504951
36868722700,57222399096,0,0,0.0,0.0,16,7,112,6,2,175,71,0.1
57202250493,57207449471,0,0,0.0,0.0,10,13,130,7,1,118,68,0.0
55578070700,56145502500,0,0,0.0,0.0,24,12,288,5,1,70,30,0.0
57214183665,57218687063,0,0,0.0,0.0,3,4,12,4,0,72,18,0.1
55007549700,57328979700,0,0,0.0,0.0,5,10,50,4,2,43,37,0.0
57200516957,57202855454,0,0,0.0,0.0,14,13,182,12,2,255,49,0.041666666666666664
57210463803,57215107378,0,0,0.0,0.0,3,3,9,6,2,178,122,0.0
56939963500,57189901715,0,0,0.0,0.0,11,2,22,6,0,99,71,0.0
57205740241,57214185768,0,0,0.0,0.0,5,7,35,4,0,89,35,0.0
16643616700,57218551907,0,0,0.0,0.0,110,5,550,27,21,2217,2129,0.018518518518518517
23004608500,55557419700,0,0,0.0,0.0,15,1,15,10,6,207,187,0.04
59657231200,7006279246,0,0,0.0,0.0,1,9,9,7,1,89,55,0.0425531914893617
57206867017,57214914115,0,0,0.0,0.0,2,1,2,5,5,55,55,0.0
57208437654,7005592130,0,0,0.0,0.0,21,36,756,16,2,316,106,0.0625
57191846864,58045696400,0,0,0.0,0.0,25,7,175,12,10,797,789,0.03125
57202323816,57557409200,0,0,0.0,0.0,4,2,8,4,2,35,29,0.1111111111111111
32668058700,55369035500,0,0,0.0,0.0,34,13,442,9,5,176,150,0.24444444444444444
58067080400,58139792000,0,0,0.0,0.0,1,3,3,3,1,36,4,0.23809523809523808
55597926500,57203409598,0,0,0.0,0.0,106,11,1166,20,8,998,780,0.03125
55984752600,57192438426,0,0,0.0,0.0,7,1,7,9,5,264,250,0.0
55209865200,57192890175,0,0,0.0,0.0,9,1,9,9,5,285,235,0.13636363636363635
57202514299,57218399556,0,0,0.0,0.0,5,2,10,4,2,58,4,0.04
57261492100,7005355323,0,0,0.0,0.0,6,22,132,10,6,324,312,0.06329113924050633
57209746692,8223664400,0,0,0.0,0.0,0,35,0,11,11,366,366,0.0
57202612934,57210452432,0,0,0.0,0.0,5,10,50,8,4,89,67,0.0
57212172859,57215145200,0,0,0.0,0.0,6,1,6,5,1,64,26,0.0
57193343861,57219161373,0,0,0.0,0.0,1,6,6,5,1,79,69,0.037037037037037035
16177877300,57216909327,0,0,0.0,0.0,4,6,24,8,4,180,114,0.019230769230769232
54400811900,55636320349,0,0,0.0,0.0,4,33,132,13,9,648,594,0.014492753623188406
35387319700,57220039211,0,0,0.0,0.0,13,5,65,6,2,135,25,0.0
57217718572,6701608636,0,0,0.0,0.0,4,41,164,13,7,267,175,0.0
57202679910,6602643141,0,0,0.0,0.0,7,15,105,7,3,175,75,0.0
54996034100,57210993536,0,0,0.0,0.0,14,8,112,8,2,177,41,0.0
56927916000,57482520200,0,0,0.0,0.0,7,22,154,6,2,181,161,0.06666666666666667
56480754700,6603753302,0,0,0.0,0.0,8,32,256,15,9,611,327,0.09230769230769231
57211107689,60082572200,0,0,0.0,0.0,4,7,28,4,2,45,19,0.0
35460884400,57211695211,0,0,0.0,0.0,95,23,2185,36,22,2532,2318,0.04285714285714286
11440300600,57204243731,0,0,0.0,0.0,7,8,56,9,3,215,173,0.0
26642336600,57201120639,0,0,0.0,0.0,25,2,50,12,10,256,244,0.038461538461538464
55263512800,57094616900,0,0,0.0,0.0,7,7,49,3,1,45,43,0.0
33267449500,55706745500,0,0,0.0,0.0,57,10,570,18,10,807,705,0.08888888888888889
55607335700,57220047088,0,0,0.0,0.0,9,7,63,9,3,153,79,0.23333333333333334
57200425175,58405037400,0,0,0.0,0.0,22,3,66,5,1,82,30,0.0
56742787500,57222248811,0,0,0.0,0.0,12,1,12,4,0,35,19,0.0
57205608779,57220064244,0,0,0.0,0.0,7,33,231,14,10,441,423,0.07692307692307693
56289557600,57194191719,0,0,0.0,0.0,4,12,48,12,4,272,166,0.023809523809523808
57194613813,57218341338,0,0,0.0,0.0,7,4,28,7,3,198,80,0.2777777777777778
56455210900,57215151446,0,0,0.0,0.0,4,3,12,7,3,219,203,0.043478260869565216
57216509366,6507121325,0,0,0.0,0.0,2,26,52,9,3,194,92,0.021739130434782608
57191908619,7203013613,0,0,0.0,0.0,4,19,76,5,1,71,1,0.0
55653066500,57219845650,0,0,0.0,0.0,12,5,60,8,4,186,52,0.0
56131381100,57202677171,0,0,0.0,0.0,8,12,96,14,2,630,90,0.11538461538461539
57193542018,57194184256,0,0,0.0,0.0,19,7,133,9,3,463,395,0.03125
35434643100,54892907100,0,0,0.0,0.0,3,27,81,8,6,142,128,0.13793103448275862
35574263900,57213597508,0,0,0.0,0.0,4,9,36,12,6,334,248,0.02857142857142857
57202493835,57253709000,0,0,0.0,0.0,7,4,28,4,2,55,13,0.10810810810810811
56659215200,57215383401,0,0,0.0,0.0,5,2,10,5,1,78,32,0.0
10539970600,35277170500,0,0,0.0,0.0,13,14,182,16,2,558,142,0.022222222222222223
57398464800,6701711430,0,0,0.0,0.0,2,14,28,7,3,126,58,0.0425531914893617
57192963392,6603753302,0,0,0.0,0.0,33,32,1056,23,1,696,242,0.1206896551724138
12142068500,57211262772,0,0,0.0,0.0,11,5,55,17,7,918,714,0.10714285714285714
55661019500,57205302262,0,0,0.0,0.0,10,1,10,5,1,57,27,0.1
55973463500,57196022709,0,0,0.0,0.0,6,43,258,6,2,158,66,0.09433962264150944
55970297100,57208323503,0,0,0.0,0.0,13,1,13,7,1,142,36,0.11320754716981132
56033235800,57224106477,0,0,0.0,0.0,2,9,18,7,3,79,65,0.0
54417901000,57203410474,0,0,0.0,0.0,14,8,112,6,0,71,23,0.0
35617224000,57348930400,0,0,0.0,0.0,14,5,70,5,3,95,91,0.0
57221438946,6506395143,0,0,0.0,0.0,1,17,17,10,8,419,417,0.06976744186046512
35175388700,57189255162,0,0,0.0,0.0,63,4,252,9,5,240,180,0.04081632653061224
36868256400,55955755800,0,0,0.0,0.0,3,2,6,5,3,56,54,0.025
13610095800,58486613000,0,0,0.0,0.0,3,1,3,8,4,156,88,0.0
57201877563,57226389009,0,0,0.0,0.0,8,3,24,8,4,241,221,0.09523809523809523
36810373800,57209573401,0,0,0.0,0.0,6,11,66,8,4,111,85,0.125
57212537459,7003921536,0,0,0.0,0.0,4,25,100,10,6,342,328,0.030303030303030304
57189089750,57191692420,0,0,0.0,0.0,7,22,154,9,5,194,132,0.2
58336590900,6504443983,0,0,0.0,0.0,4,50,200,21,17,958,930,0.015151515151515152
37023339900,57205447537,0,0,0.0,0.0,1,2,2,4,0,45,3,0.13513513513513514
57202949469,57899474000,0,0,0.0,0.0,11,4,44,4,2,35,27,0.2222222222222222
14059609600,57204929173,0,0,0.0,0.0,19,7,133,8,6,136,130,0.0
57189241650,7006612363,0,0,0.0,0.0,25,24,600,22,2,692,194,0.06818181818181818
57189096251,7007133905,0,0,0.0,0.0,9,17,153,8,4,110,22,0.12
55882063100,57214332314,0,0,0.0,0.0,68,16,1088,15,7,1346,1012,0.02702702702702703
57212403889,6508202257,0,0,0.0,0.0,6,13,78,8,2,148,14,0.13513513513513514
56469166500,57203842965,0,0,0.0,0.0,6,6,36,3,1,23,7,0.0
57188951648,57224583512,0,0,0.0,0.0,24,1,24,6,4,80,68,0.0
57190258392,57215144279,0,0,0.0,0.0,4,4,16,4,0,39,21,0.08333333333333333
58037639700,7101666751,0,0,0.0,0.0,1,19,19,4,2,50,28,0.041666666666666664
57202578790,57204790076,0,0,0.0,0.0,17,2,34,7,5,158,152,0.0
44061113300,57214940629,0,0,0.0,0.0,7,6,42,6,0,746,118,0.03225806451612903
57217336947,57223143495,0,0,0.0,0.0,6,4,24,3,1,53,33,0.0
57210701256,57217436523,0,0,0.0,0.0,4,5,20,7,1,106,20,0.125
25654395000,6506171002,0,0,0.0,0.0,8,15,120,12,2,214,72,0.08695652173913043
54790826700,57212022686,0,0,0.0,0.0,9,1,9,7,3,69,57,0.0
56990733700,57218681546,0,0,0.0,0.0,5,4,20,4,0,48,22,0.0
55814885800,57221759483,0,0,0.0,0.0,10,7,70,12,10,372,250,0.0
57218348950,57218583376,0,0,0.0,0.0,6,10,60,5,1,107,41,0.07142857142857142
55325349900,57195289413,0,0,0.0,0.0,12,3,36,10,4,442,362,0.0
55664656300,57188924761,0,0,0.0,0.0,2,9,18,5,1,160,10,0.07792207792207792
26645366600,57210134589,0,0,0.0,0.0,5,5,25,9,5,355,209,0.05660377358490566
57313075200,6507102122,0,0,0.0,0.0,4,10,40,4,0,111,23,0.0
57886360900,57970371700,0,0,0.0,0.0,12,7,84,3,1,23,9,0.0
57189986568,57211519146,0,0,0.0,0.0,25,5,125,10,4,219,91,0.11764705882352941
57204553792,7102602128,0,1,0.023255813953488372,0.22630370469475658,27,17,459,8,2,164,94,0.3333333333333333
54880573100,57223231179,0,0,0.0,0.0,27,3,81,13,11,316,302,0.023255813953488372
57204136385,57218761000,0,0,0.0,0.0,6,7,42,4,0,94,32,0.0
56461326000,57194735402,0,0,0.0,0.0,3,21,63,11,5,356,8,0.038461538461538464
22933897800,55653726100,0,0,0.0,0.0,3,2,6,6,4,77,63,0.22727272727272727
57210412147,57217050073,0,0,0.0,0.0,4,5,20,4,0,56,10,0.0
58174710400,6701916486,0,0,0.0,0.0,9,42,378,15,11,658,630,0.021739130434782608
35335955600,7004481112,0,0,0.0,0.0,7,128,896,19,13,838,784,0.05063291139240506
7003450280,7006018359,0,1,0.005747126436781609,0.19585011338479313,136,39,5304,35,7,1771,569,0.11627906976744186
56841143500,57192641626,0,0,0.0,0.0,4,16,64,7,3,105,85,0.07142857142857142
56053215600,57798912800,0,0,0.0,0.0,10,24,240,4,0,36,20,0.0
55418858500,57199848502,0,0,0.0,0.0,15,7,105,11,3,325,21,0.0
57194740873,57195803504,0,0,0.0,0.0,6,2,12,6,4,126,64,0.125
16177877300,56059152500,0,0,0.0,0.0,4,15,60,17,5,550,256,0.014705882352941176
35950439400,57403948100,0,0,0.0,0.0,4,7,28,9,1,286,10,0.12
55979245300,57199330634,0,0,0.0,0.0,14,2,28,11,5,260,128,0.08108108108108109
56958400900,57194288925,0,0,0.0,0.0,15,93,1395,20,10,1536,1320,0.22033898305084745
55641695400,57210724846,0,0,0.0,0.0,7,3,21,10,4,119,67,0.2727272727272727
56587469400,9273383800,0,0,0.0,0.0,1,51,51,12,8,293,275,0.019230769230769232
56180862400,57214940820,0,0,0.0,0.0,2,9,18,6,2,409,279,0.0
57201057880,58283699600,0,0,0.0,0.0,11,7,77,5,1,44,32,0.05714285714285714
54379709900,57219639534,0,0,0.0,0.0,4,4,16,3,1,17,7,0.0
58062614800,7004206776,0,0,0.0,0.0,1,3,3,9,5,177,159,0.03225806451612903
56427492300,57219982774,0,0,0.0,0.0,5,13,65,7,3,156,12,0.13043478260869565
57221520155,58630072200,0,0,0.0,0.0,4,2,8,3,1,35,33,0.0
57226684680,7003699883,0,0,0.0,0.0,6,61,366,17,15,931,923,0.018518518518518517
57210841993,57315502900,0,0,0.0,0.0,5,1,5,6,4,64,52,0.03333333333333333
56970590600,57220645082,0,0,0.0,0.0,5,14,70,6,2,88,54,0.045454545454545456
57191604670,57209244062,0,0,0.0,0.0,18,10,180,25,1,862,66,0.11702127659574468
55640074100,57205548821,0,0,0.0,0.0,6,2,12,2,0,11,1,0.15
57202380390,7005231695,0,0,0.0,0.0,2,22,44,12,8,384,278,0.0
56044626000,57193492200,0,0,0.0,0.0,16,5,80,8,6,189,173,0.0
56422356500,57104445900,0,0,0.0,0.0,7,10,70,14,10,514,480,0.012048192771084338
54880573100,57192073087,0,0,0.0,0.0,27,106,2862,69,45,10974,10356,0.29069767441860467
57215185646,8605183500,0,0,0.0,0.0,4,15,60,9,5,274,248,0.075
36060393900,57212453508,0,0,0.0,0.0,4,5,20,4,0,176,134,0.0
12242010500,12782630800,0,0,0.0,0.0,17,106,1802,22,8,1069,489,0.050505050505050504
57205447537,57969643100,0,0,0.0,0.0,2,1,2,4,0,30,12,0.1111111111111111
35476648500,57209087382,0,0,0.0,0.0,70,35,2450,15,3,266,68,0.07246376811594203
57195314179,6602227729,0,0,0.0,0.0,6,10,60,4,0,24,2,0.05263157894736842
36104074200,57210255285,0,0,0.0,0.0,20,7,140,15,9,587,469,0.023809523809523808
56319500100,59158179600,0,0,0.0,0.0,2,18,36,3,1,45,21,0.0
56371151800,7102098015,0,0,0.0,0.0,13,17,221,13,3,263,139,0.17307692307692307
57203455596,57205765158,0,0,0.0,0.0,2,25,50,6,2,60,42,0.0
57219225523,57221437612,0,0,0.0,0.0,12,1,12,5,3,77,49,0.1
55826044700,57204352960,0,0,0.0,0.0,10,4,40,5,3,59,21,0.0
57190983870,57201120639,0,0,0.0,0.0,12,2,24,5,3,46,34,0.0
27467682900,57200913729,0,0,0.0,0.0,13,2,26,4,2,49,39,0.0
53982777700,57205677091,0,0,0.0,0.0,10,9,90,13,3,536,388,0.021739130434782608
55621406900,57205768766,0,0,0.0,0.0,26,2,52,11,7,515,451,0.0
57194026780,7005040560,0,0,0.0,0.0,2,6,12,5,1,70,38,0.12195121951219512
57069622400,57203974537,0,0,0.0,0.0,21,16,336,10,0,203,105,0.07692307692307693
57205583730,57222749916,0,0,0.0,0.0,6,2,12,6,2,87,59,0.0
57195594364,57204501045,0,0,0.0,0.0,10,3,30,4,0,36,24,0.0
43260935500,57741497200,0,0,0.0,0.0,8,7,56,9,3,131,63,0.0
57218193751,7801532760,0,1,0.0058823529411764705,0.20815895490223127,78,93,7254,21,9,1573,173,0.09090909090909091
26666280700,57206787157,0,0,0.0,0.0,8,9,72,3,1,25,15,0.05128205128205128
56441147000,57201617502,0,0,0.0,0.0,7,5,35,7,3,106,74,0.0
42461223300,6602993112,0,0,0.0,0.0,7,4,28,4,0,76,6,0.02127659574468085
55372096700,56373507100,0,0,0.0,0.0,4,8,32,8,2,367,309,0.02702702702702703
16242557400,57209322988,0,0,0.0,0.0,22,8,176,10,4,359,255,0.0
57208651654,7404444957,0,0,0.0,0.0,17,4,68,12,2,361,63,0.0
42261069700,57221997539,0,0,0.0,0.0,2,13,26,6,2,153,19,0.0
57202263698,57211426825,0,0,0.0,0.0,19,34,646,11,1,250,48,0.07692307692307693
24339158000,57221582056,0,0,0.0,0.0,5,9,45,8,4,146,112,0.08823529411764706
55960567100,57653902100,0,0,0.0,0.0,6,8,48,3,1,47,41,0.0
57195354580,57197023682,0,0,0.0,0.0,6,9,54,11,1,334,4,0.029411764705882353
24480749600,6507085553,0,0,0.0,0.0,10,2,20,8,6,211,205,0.05555555555555555
34880368100,57202947398,0,0,0.0,0.0,1,7,7,6,0,294,230,0.10526315789473684
57192928549,57538517900,0,0,0.0,0.0,6,11,66,6,0,99,41,0.043478260869565216
36639370700,57350373800,0,0,0.0,0.0,8,2,16,11,7,678,634,0.025
55535491100,57201164017,0,0,0.0,0.0,60,1,60,10,4,227,155,0.0
35510387000,57221949854,0,0,0.0,0.0,46,122,5612,33,17,3202,2742,0.3013698630136986
57203822804,7005778076,0,0,0.0,0.0,4,11,44,14,4,387,223,0.11538461538461539
57195995961,57200227440,0,0,0.0,0.0,8,1,8,6,4,79,67,0.0
57209661857,57222043955,0,0,0.0,0.0,17,8,136,3,1,46,4,0.1
56041720100,57209661009,0,0,0.0,0.0,23,3,69,19,13,1058,950,0.08333333333333333
55421338900,7102251118,0,0,0.0,0.0,2,2,4,4,0,45,23,0.0
57201858968,58491983900,0,0,0.0,0.0,7,4,28,5,1,98,50,0.0625
55499300300,7005468526,0,0,0.0,0.0,13,26,338,22,14,1157,1025,0.11842105263157894
57188812962,57215107018,0,1,0.0625,0.2064329849677758,14,3,42,4,0,32,2,0.2857142857142857
57211348936,57967209300,0,0,0.0,0.0,3,8,24,4,0,33,11,0.0
54784204200,57673607400,0,0,0.0,0.0,15,13,195,4,2,63,57,0.0
23987645200,57189616779,0,0,0.0,0.0,1,9,9,5,3,165,149,0.0
7003450280,7006750502,0,0,0.0,0.0,136,8,1088,21,7,778,424,0.029411764705882353
57188643984,6506670264,0,2,0.016,0.3722206604181379,48,79,3792,19,5,692,240,0.15517241379310345
57217120265,57270544900,0,0,0.0,0.0,20,5,100,5,3,83,13,0.0
57191669716,6507616033,0,0,0.0,0.0,28,32,896,15,1,273,75,0.025
35185387700,57213772876,0,0,0.0,0.0,3,7,21,4,0,39,19,0.09859154929577464
57212197546,57954564100,0,0,0.0,0.0,13,8,104,7,1,118,52,0.0
24173141100,35421383500,0,0,0.0,0.0,3,3,9,7,3,91,61,0.06451612903225806
24177391600,57215584160,0,0,0.0,0.0,7,3,21,8,4,92,46,0.0
36020052800,57203525059,0,0,0.0,0.0,1,9,9,4,2,122,42,0.02040816326530612
56489989200,59586827600,0,0,0.0,0.0,8,24,192,12,8,308,250,0.02040816326530612
57201480507,6603127485,0,0,0.0,0.0,21,38,798,8,4,104,78,0.061224489795918366
57194289125,57226165089,0,0,0.0,0.0,29,7,203,10,4,1115,819,0.0
57205109869,7101835153,0,0,0.0,0.0,3,37,111,9,5,185,159,0.08108108108108109
57204120304,57224157586,0,3,0.15,0.9135868073788582,14,9,126,9,5,235,221,0.15
54398460700,57225073927,0,0,0.0,0.0,3,3,9,6,2,77,35,0.20689655172413793
57215187039,8375248900,0,0,0.0,0.0,20,6,120,7,3,126,76,0.041666666666666664
54901949900,57203822804,0,0,0.0,0.0,5,4,20,7,3,110,54,0.0625
57218878899,58310610200,0,0,0.0,0.0,4,2,8,4,0,110,70,0.0
55898255600,57204478890,0,0,0.0,0.0,4,15,60,10,4,253,99,0.07446808510638298
34880731400,58104798300,0,0,0.0,0.0,4,8,32,3,1,37,29,0.0
57381354400,7006331382,0,0,0.0,0.0,3,45,135,12,8,507,237,0.027777777777777776
54945032000,55905205100,0,0,0.0,0.0,25,16,400,9,1,119,25,0.07142857142857142
57201278144,57205526157,0,0,0.0,0.0,2,5,10,4,0,111,55,0.0
57719990600,57946903700,0,0,0.0,0.0,11,5,55,4,0,15,1,0.047619047619047616
55621406900,57201434495,0,3,0.10344827586206896,0.8055047602932837,26,6,156,11,7,585,381,0.05555555555555555
57195415635,57221229361,0,0,0.0,0.0,21,6,126,7,1,142,62,0.043478260869565216
57218684326,57219161373,0,0,0.0,0.0,2,6,12,4,0,22,12,0.1
56044626000,57222100514,0,0,0.0,0.0,16,2,32,9,5,187,175,0.0
57202604681,57226006615,0,0,0.0,0.0,2,2,4,2,0,4,2,0.0
14070116400,57948786000,0,0,0.0,0.0,5,13,65,13,5,248,144,0.03333333333333333
57195065379,57201185210,0,0,0.0,0.0,29,6,174,11,1,377,19,0.0392156862745098
12771097000,57224203439,0,0,0.0,0.0,1,2,2,4,0,27,17,0.0
55405029600,57224974900,0,0,0.0,0.0,18,4,72,11,1,145,31,0.0
57201527512,58086697000,0,0,0.0,0.0,2,1,2,5,3,47,43,0.0
57210452432,59498534200,0,0,0.0,0.0,10,10,100,7,5,88,68,0.0
23096428900,7004361186,0,0,0.0,0.0,19,15,285,10,4,595,537,0.10256410256410256
57202955220,57204759847,0,0,0.0,0.0,3,5,15,4,0,90,70,0.2222222222222222
57221571136,57424025400,0,0,0.0,0.0,7,4,28,2,2,12,12,0.0
36489087800,57200114017,0,0,0.0,0.0,5,7,35,4,0,87,13,0.0196078431372549
56489813900,56845192300,0,0,0.0,0.0,6,14,84,7,3,250,210,0.02564102564102564
55115920800,6603713879,0,0,0.0,0.0,3,6,18,9,5,118,90,0.0
57210718477,57540334900,0,0,0.0,0.0,53,2,106,8,4,323,279,0.0
57202590581,57209748348,0,0,0.0,0.0,4,2,8,3,1,29,15,0.0
57191900480,7006012333,0,0,0.0,0.0,9,44,396,29,23,2049,1889,0.0
56328172700,57203059518,0,0,0.0,0.0,5,12,60,4,0,126,104,0.0
56607432800,57201988030,0,0,0.0,0.0,47,2,94,5,1,63,37,0.0
57192275447,7004521489,0,0,0.0,0.0,25,35,875,17,1,529,13,0.1774193548387097
57193262849,6604037091,0,0,0.0,0.0,10,5,50,9,1,131,11,0.0
57204629917,57205749825,0,0,0.0,0.0,3,20,60,9,1,121,23,0.0
36868256400,7004062333,0,0,0.0,0.0,3,7,21,5,3,111,109,0.04
57202493835,6507189055,0,0,0.0,0.0,7,17,119,10,4,127,85,0.06666666666666667
56599788000,57226750833,0,0,0.0,0.0,5,4,20,4,0,45,23,0.0
55640074100,57200960817,0,0,0.0,0.0,6,4,24,7,5,96,84,0.3709677419354839
36625829300,57219885258,0,0,0.0,0.0,11,6,66,5,1,40,14,0.0
36951893900,57074168400,0,0,0.0,0.0,5,3,15,6,2,65,39,0.05555555555555555
57203886562,57223231179,0,0,0.0,0.0,13,3,39,5,3,58,44,0.0
21833487900,6603363003,0,0,0.0,0.0,5,3,15,15,1,436,86,0.09259259259259259
57204685924,7103043561,0,0,0.0,0.0,1,50,50,16,14,650,640,0.0
57208445123,57948786000,0,0,0.0,0.0,3,13,39,7,1,206,102,0.03571428571428571
56462886200,6508385053,0,0,0.0,0.0,4,21,84,14,10,474,450,0.06976744186046512
57193877561,57213689998,0,0,0.0,0.0,4,2,8,8,4,150,126,0.0
14054610100,57322306100,0,0,0.0,0.0,2,3,6,5,1,31,15,0.0
55956159600,57203880602,0,0,0.0,0.0,5,2,10,4,0,33,21,0.05128205128205128
24371217600,57194761603,0,0,0.0,0.0,10,4,40,8,4,157,105,0.023255813953488372
57215291483,7102126040,0,0,0.0,0.0,13,9,117,10,4,310,100,0.06666666666666667
57201301532,57218399556,0,0,0.0,0.0,3,2,6,3,1,104,50,0.0
57195933421,57204198476,0,0,0.0,0.0,3,18,54,6,2,105,73,0.0
35202276600,55960802600,0,0,0.0,0.0,6,4,24,4,0,28,16,0.07142857142857142
54417901000,55220196200,0,0,0.0,0.0,14,17,238,10,4,124,76,0.027777777777777776
57191912640,57202195479,0,0,0.0,0.0,8,4,32,13,5,343,203,0.0392156862745098
16026698600,57203204973,0,0,0.0,0.0,8,5,40,5,1,46,26,0.07142857142857142
36675972400,6505672538,0,0,0.0,0.0,2,9,18,5,1,183,109,0.030303030303030304
36971878100,57203527004,0,0,0.0,0.0,1,2,2,6,4,280,272,0.0
23096090400,6602828586,0,0,0.0,0.0,1,6,6,7,1,152,72,0.017857142857142856
57214191677,57330321700,0,0,0.0,0.0,15,8,120,6,6,159,159,0.0
56926654500,57191889253,0,0,0.0,0.0,1,1,1,3,1,48,32,0.0
16064360400,57217018455,0,0,0.0,0.0,2,8,16,5,1,55,17,0.0
57160512400,7102633221,0,1,0.0049504950495049506,0.20065789214663352,28,175,4900,24,6,1970,1574,0.125
56709549400,57224974900,0,0,0.0,0.0,5,4,20,9,1,115,1,0.05405405405405406
57200984590,57214185922,0,0,0.0,0.0,7,3,21,4,0,37,17,0.0
14424608900,6603388713,0,0,0.0,0.0,7,27,189,11,7,304,244,0.017543859649122806
57218679133,6507131743,0,0,0.0,0.0,14,6,84,5,1,51,23,0.14285714285714285
25947321200,57195807828,0,0,0.0,0.0,23,7,161,14,6,321,121,0.06382978723404255
15741157800,57210132299,0,0,0.0,0.0,3,3,9,4,0,66,34,0.0
57199645286,57202193229,0,0,0.0,0.0,7,3,21,7,1,332,168,0.3333333333333333
56681872500,57211452861,0,0,0.0,0.0,6,8,48,4,0,146,116,0.0
57203546432,57220184531,0,0,0.0,0.0,5,9,45,7,1,159,63,0.041666666666666664
56730985600,6506160194,0,0,0.0,0.0,9,22,198,15,11,563,517,0.07317073170731707
57192382583,57862176200,0,0,0.0,0.0,4,2,8,4,2,40,38,0.1
37560946400,58694277600,0,0,0.0,0.0,26,3,78,17,15,741,719,0.018867924528301886
57191343877,9338311900,0,0,0.0,0.0,20,3,60,22,6,945,621,0.24390243902439024
58089326200,59091724000,0,0,0.0,0.0,3,4,12,4,0,26,8,0.0
36609838100,57193672454,0,0,0.0,0.0,3,5,15,4,0,134,34,0.0
56237393300,57195100670,0,0,0.0,0.0,3,16,48,6,2,74,50,0.08695652173913043
54913625700,57217131819,0,0,0.0,0.0,27,2,54,37,35,2674,2660,0.014492753623188406
56105087200,8424235900,0,0,0.0,0.0,16,37,592,11,1,290,84,0.16216216216216217
15061843200,57210390541,0,0,0.0,0.0,5,1,5,5,1,75,29,0.0
57222730994,57262367600,0,0,0.0,0.0,10,3,30,3,1,30,10,0.0
57194876074,57203659172,0,0,0.0,0.0,33,7,231,11,3,508,422,0.0
57207967241,57217424563,0,0,0.0,0.0,3,2,6,4,2,22,16,0.2857142857142857
57201802387,57204740716,0,0,0.0,0.0,6,2,12,6,2,61,11,0.0
16062998800,57194283033,0,0,0.0,0.0,1,1,1,5,1,81,31,0.06666666666666667
56448473600,57193922486,0,0,0.0,0.0,9,5,45,9,3,130,48,0.0
57200674591,9640029700,0,0,0.0,0.0,10,6,60,13,5,389,331,0.0425531914893617
57817037700,57915143800,0,0,0.0,0.0,1,3,3,3,1,54,44,0.0
57200116102,57201012786,0,0,0.0,0.0,6,6,36,7,3,104,54,0.1111111111111111
16318838800,23390441500,0,0,0.0,0.0,30,18,540,23,7,777,413,0.09523809523809523
24166599500,57201405929,0,0,0.0,0.0,14,4,56,8,0,115,57,0.28
23972574300,57200960068,0,0,0.0,0.0,12,5,60,10,4,157,95,0.05
57092536700,57202250493,0,0,0.0,0.0,4,10,40,11,3,414,228,0.02631578947368421
57212745344,6507718206,0,0,0.0,0.0,3,2,6,4,0,31,5,0.0
26321876400,57371016000,0,0,0.0,0.0,5,7,35,5,1,28,8,0.0
57191493028,57192697218,0,0,0.0,0.0,7,24,168,10,6,199,133,0.19230769230769232
57226449174,57362885900,0,0,0.0,0.0,11,1,11,5,1,73,31,0.0
57194761603,57224576794,0,0,0.0,0.0,4,4,16,3,1,34,18,0.125
57155881500,57217004041,0,0,0.0,0.0,8,9,72,6,2,188,122,0.0
56596313400,57224315503,0,0,0.0,0.0,12,4,48,10,2,598,142,0.07407407407407407
57212462893,57214849614,0,0,0.0,0.0,1,2,2,5,1,35,11,0.05263157894736842
55831614700,56940459700,0,0,0.0,0.0,28,4,112,18,12,1083,869,0.07407407407407407
56564855100,7003958646,0,0,0.0,0.0,2,40,80,15,11,533,525,0.0
34877235700,55220687000,0,0,0.0,0.0,3,7,21,12,6,736,556,0.16666666666666666
57217018455,57223231179,0,0,0.0,0.0,8,3,24,4,2,43,29,0.0
57204095303,57215490665,0,0,0.0,0.0,13,3,39,11,7,277,175,0.1388888888888889
23994692000,56897081100,0,0,0.0,0.0,3,6,18,11,7,456,438,0.061224489795918366
55190934400,57226357862,0,0,0.0,0.0,1,14,14,7,3,161,37,0.0
57117323700,57212307833,0,0,0.0,0.0,8,1,8,10,6,149,133,0.0
35148438600,56025767600,0,0,0.0,0.0,14,28,392,13,5,813,743,0.1095890410958904
57213596703,57216401706,0,0,0.0,0.0,7,4,28,3,1,14,6,0.0
55347531400,57293057700,0,0,0.0,0.0,21,2,42,9,5,231,211,0.14285714285714285
57219123892,7005797030,0,0,0.0,0.0,10,12,120,10,4,344,204,0.020833333333333332
23099238800,26321347400,0,0,0.0,0.0,38,10,380,13,3,411,181,0.125
56399167300,57190766886,0,0,0.0,0.0,2,5,10,5,3,32,24,0.02040816326530612
57202219556,57211744823,0,0,0.0,0.0,4,7,28,4,0,58,42,0.0
57214105087,7202134742,0,0,0.0,0.0,1,8,8,2,0,6,4,0.06666666666666667
56684707300,57202188259,0,0,0.0,0.0,19,2,38,10,4,195,85,0.0
55351753800,57195560550,0,0,0.0,0.0,13,11,143,15,1,411,151,0.0
15741157800,57204177993,0,0,0.0,0.0,3,3,9,5,1,58,26,0.03333333333333333
37091702000,57209097511,0,0,0.0,0.0,1,4,4,4,2,95,9,0.0
37035058100,42761833500,0,0,0.0,0.0,3,33,99,15,1,355,21,0.15
56123715400,57143765400,0,0,0.0,0.0,6,9,54,12,4,227,91,0.0784313725490196
6504311468,9037312600,0,0,0.0,0.0,62,57,3534,21,9,909,677,0.1864406779661017
56236850000,57222615192,0,0,0.0,0.0,3,17,51,4,2,35,3,0.0
57199848502,57211870849,0,0,0.0,0.0,7,4,28,7,1,245,101,0.125
23981156000,57210696636,0,0,0.0,0.0,21,6,126,8,2,161,21,0.0
57195280315,57210805871,0,0,0.0,0.0,4,7,28,4,0,75,9,0.2222222222222222
16314810000,57190802420,0,0,0.0,0.0,5,4,20,9,3,213,29,0.06666666666666667
57194183386,57674157400,0,0,0.0,0.0,6,15,90,2,0,11,5,0.0
24174298100,56819111900,0,0,0.0,0.0,9,8,72,6,2,148,32,0.13636363636363635
57201090157,57223122313,0,0,0.0,0.0,6,3,18,6,2,140,28,0.06666666666666667
56385629000,57935083000,0,0,0.0,0.0,35,7,245,15,9,542,438,0.0761904761904762
55087222300,56681785000,0,0,0.0,0.0,19,6,114,13,1,538,76,0.023255813953488372
55324294400,57194734970,0,0,0.0,0.0,4,2,8,4,0,91,63,0.07692307692307693
55934349000,7101662648,0,0,0.0,0.0,6,5,30,10,6,195,119,0.028169014084507043
57094669700,57217633174,0,0,0.0,0.0,14,21,294,7,1,102,16,0.043478260869565216
36868722700,57241560600,0,0,0.0,0.0,16,2,32,4,0,66,38,0.1
57191343877,57893550000,0,0,0.0,0.0,20,12,240,16,12,794,772,0.02857142857142857
35387319700,36666109700,0,0,0.0,0.0,13,13,169,6,2,190,30,0.038461538461538464
6701405364,7004062333,0,0,0.0,0.0,5,7,35,8,0,156,64,0.046511627906976744
12786182200,57224556300,0,0,0.0,0.0,68,4,272,13,1,513,29,0.06521739130434782
57205150265,57222810020,0,0,0.0,0.0,5,3,15,5,1,83,33,0.10526315789473684
56576220800,56600872900,0,0,0.0,0.0,3,5,15,13,1,360,138,0.1
57188628987,57193495004,0,0,0.0,0.0,1,2,2,5,1,125,53,0.06666666666666667
35169491400,56537108900,0,3,0.02702702702702703,0.6041509496433686,27,87,2349,20,10,730,506,0.20588235294117646
57200513614,57215432245,0,0,0.0,0.0,3,8,24,6,2,44,30,0.05555555555555555
35473838700,57909510900,0,0,0.0,0.0,18,3,54,6,2,77,11,0.07894736842105263
24167716600,57190191765,0,0,0.0,0.0,35,11,385,20,0,1109,561,0.06521739130434782
56895810800,57193647460,0,0,0.0,0.0,2,6,12,4,0,16,4,0.0
57642885800,59313752200,0,0,0.0,0.0,3,40,120,18,14,837,815,0.08620689655172414
57212697795,57220989806,0,0,0.0,0.0,5,8,40,12,2,178,20,0.0
55868704200,6506106345,0,0,0.0,0.0,26,16,416,11,7,281,251,0.03125
57201728561,57212501237,0,0,0.0,0.0,2,4,8,8,2,253,219,0.14285714285714285
57193011001,57205616187,0,0,0.0,0.0,15,1,15,5,3,58,50,0.15789473684210525
56901271600,6508364691,0,0,0.0,0.0,5,10,50,6,0,147,61,0.12
56386015500,6701424197,0,1,0.011904761904761904,0.2239186238120062,3,82,246,15,11,397,217,0.043478260869565216
54951517500,57210202522,0,0,0.0,0.0,5,10,50,6,2,60,24,0.07692307692307693
42461223300,56747425000,0,0,0.0,0.0,7,40,280,13,9,1576,1494,0.01818181818181818
36104074200,57210195604,0,0,0.0,0.0,20,9,180,16,8,559,497,0.0
57200944662,58288472900,0,0,0.0,0.0,2,4,8,8,6,76,58,0.0
57206889270,58000043100,0,0,0.0,0.0,10,11,110,8,4,106,64,0.058823529411764705
10044311600,7003479249,0,0,0.0,0.0,2,24,48,9,5,312,58,0.15730337078651685
54965487500,57194112908,0,0,0.0,0.0,5,4,20,5,3,107,81,0.0625
54386526400,7004835587,0,0,0.0,0.0,4,290,1160,34,30,3110,3052,0.06521739130434782
56421951000,57113291300,0,0,0.0,0.0,16,3,48,14,4,285,43,0.047619047619047616
23484917300,57211085493,0,0,0.0,0.0,11,3,33,5,3,76,64,0.0
57203413251,7102795216,0,0,0.0,0.0,4,40,160,11,7,367,319,0.07272727272727272
56712389600,57312048600,0,1,0.125,0.5581106265512472,1,8,8,4,2,61,23,0.0
57225938032,7004870189,0,0,0.0,0.0,8,6,48,7,3,194,76,0.013333333333333334
57223190210,7101828170,0,0,0.0,0.0,19,68,1292,26,14,1302,968,0.015384615384615385
57217181411,57218126879,0,0,0.0,0.0,1,7,7,4,0,76,36,0.0
36675972400,55437936800,0,0,0.0,0.0,2,4,8,4,2,48,26,0.15384615384615385
57215101197,57364172700,0,0,0.0,0.0,3,1,3,4,0,37,1,0.0
57201722633,57204314194,0,0,0.0,0.0,13,3,39,12,6,296,208,0.07692307692307693
57214192451,57223862253,0,0,0.0,0.0,2,5,10,6,2,60,32,0.0
52664007700,57190441690,0,0,0.0,0.0,7,19,133,7,3,159,41,0.058823529411764705
53263670000,57195420487,0,0,0.0,0.0,7,13,91,8,4,125,101,0.16326530612244897
57208667025,57209222127,0,0,0.0,0.0,6,4,24,3,1,69,43,0.0
57192591670,57200388852,0,0,0.0,0.0,0,5,0,5,1,33,15,0.0
57144663400,57216404368,0,0,0.0,0.0,15,2,30,11,5,275,183,0.047619047619047616
56437217100,59169513800,0,0,0.0,0.0,11,2,22,5,3,70,60,0.18181818181818182
55344658600,6506626752,0,0,0.0,0.0,3,3,9,20,10,1103,953,0.047619047619047616
55642295700,57215144273,0,0,0.0,0.0,4,5,20,15,11,1323,1277,0.06818181818181818
57452457000,7801624906,0,0,0.0,0.0,3,95,285,17,1,424,116,0.1206896551724138
57213358811,57213539478,0,0,0.0,0.0,14,1,14,3,1,26,10,0.0
55628432900,57220165440,0,0,0.0,0.0,3,9,27,7,5,97,81,0.19642857142857142
35071113300,57210566450,0,0,0.0,0.0,2,10,20,12,10,370,232,0.04
56494277900,57223087546,0,0,0.0,0.0,8,9,72,10,2,137,75,0.08695652173913043
23003258800,36056049400,0,0,0.0,0.0,55,43,2365,28,10,1822,1406,0.13846153846153847
57201879402,6507550236,0,0,0.0,0.0,2,5,10,5,1,79,59,0.0
57023536800,57779252800,0,0,0.0,0.0,9,4,36,5,1,41,31,0.0
55628432900,59078152800,0,0,0.0,0.0,3,3,9,3,1,37,21,0.06666666666666667
57203816121,57218159309,0,0,0.0,0.0,8,1,8,4,0,288,256,0.15384615384615385
57214737063,57217100420,0,0,0.0,0.0,2,7,14,3,1,21,1,0.05
52363632600,57200376897,0,0,0.0,0.0,2,17,34,8,0,200,96,0.024390243902439025
57222481947,6602828586,0,0,0.0,0.0,4,6,24,5,3,116,108,0.02127659574468085
55895199400,57218686403,0,0,0.0,0.0,1,21,21,7,3,203,165,0.09302325581395349
56487822900,57203894446,0,0,0.0,0.0,4,23,92,8,4,136,124,0.1111111111111111
57189363992,58533234200,0,0,0.0,0.0,2,3,6,16,12,703,609,0.0
56008733700,56688575600,0,0,0.0,0.0,10,14,140,9,5,166,52,0.13333333333333333
57189440797,57218994837,0,0,0.0,0.0,3,6,18,5,1,63,45,0.0625
57214792636,57218556770,0,0,0.0,0.0,7,4,28,12,8,571,469,0.0
55654645500,57316553000,0,0,0.0,0.0,5,9,45,6,2,102,58,0.0
56903779800,57216294315,0,0,0.0,0.0,16,7,112,10,4,561,505,0.125
57200965730,57808818900,0,0,0.0,0.0,12,5,60,7,3,115,97,0.0625
57223434569,6603953740,0,0,0.0,0.0,8,8,64,7,1,108,16,0.25925925925925924
55546293600,57194237814,0,0,0.0,0.0,11,1,11,6,0,47,13,0.058823529411764705
55661019500,57203178271,0,0,0.0,0.0,10,7,70,5,1,66,36,0.034482758620689655
57200960817,57211404233,0,0,0.0,0.0,4,3,12,9,3,162,18,0.02040816326530612
56050389900,6603156028,0,0,0.0,0.0,2,79,158,36,32,2989,2949,0.029411764705882353
55917698800,57204171151,0,0,0.0,0.0,1,10,10,3,1,37,21,0.030303030303030304
57540334900,7005805486,0,0,0.0,0.0,2,10,20,6,2,66,22,0.0
55361319500,6603271904,0,0,0.0,0.0,7,47,329,15,11,705,669,0.03571428571428571
57212172859,6506305946,0,0,0.0,0.0,6,44,264,17,13,738,648,0.056338028169014086
57191266289,57426794900,0,0,0.0,0.0,27,3,81,6,4,84,56,0.0
57189236111,57219472222,0,0,0.0,0.0,6,2,12,4,2,54,44,0.17142857142857143
57201989588,57219660583,0,0,0.0,0.0,2,9,18,6,2,210,150,0.04
55868704200,58090740800,0,0,0.0,0.0,26,2,52,11,7,272,260,0.03225806451612903
57205287889,57208899553,0,0,0.0,0.0,10,2,20,7,3,73,53,0.0
14023289800,57191344544,0,0,0.0,0.0,1,28,28,13,9,276,250,0.07017543859649122
57205102882,57216583353,0,0,0.0,0.0,4,2,8,3,1,53,45,0.0
37080314200,57195468678,0,0,0.0,0.0,11,3,33,8,2,270,158,0.16666666666666666
57194183386,57219445207,0,0,0.0,0.0,6,4,24,4,2,44,28,0.0
57200824306,6508289518,0,0,0.0,0.0,27,5,135,3,1,37,13,0.058823529411764705
57219354172,57293057700,0,0,0.0,0.0,13,2,26,6,2,217,197,0.17142857142857143
57189688011,57204827588,0,0,0.0,0.0,15,6,90,6,2,46,34,0.0
56688575600,57222178455,0,0,0.0,0.0,14,12,168,9,5,157,61,0.05263157894736842
56641717100,57193520263,0,0,0.0,0.0,19,14,266,31,25,2309,2261,0.17647058823529413
55890179600,57200113310,0,0,0.0,0.0,9,7,63,8,2,243,87,0.0
37118336200,57117323700,0,0,0.0,0.0,11,8,88,10,6,201,81,0.06451612903225806
55868205600,57214314265,0,0,0.0,0.0,5,14,70,6,0,193,101,0.0
6701723514,7003902989,0,0,0.0,0.0,12,32,384,20,0,754,164,0.04477611940298507
36151206500,57216317950,0,0,0.0,0.0,5,2,10,6,2,60,8,0.0
56567731200,58533234200,0,0,0.0,0.0,3,3,9,17,11,714,598,0.0
36651339200,57194254327,0,0,0.0,0.0,5,9,45,14,4,716,502,0.2
54583143500,57557409200,0,0,0.0,0.0,21,2,42,6,4,105,99,0.09523809523809523
57196442016,57212035789,0,0,0.0,0.0,3,23,69,12,6,560,360,0.13636363636363635
13008420400,57226399900,0,0,0.0,0.0,12,3,36,4,2,61,1,0.03225806451612903
57216276073,57651822100,0,0,0.0,0.0,6,3,18,8,2,85,15,0.02702702702702703
55884865400,57214180726,0,0,0.0,0.0,2,3,6,5,1,34,6,0.029411764705882353
57200291145,57215693235,0,0,0.0,0.0,1,2,2,5,1,62,48,0.125
55252499600,57207987084,0,0,0.0,0.0,13,3,39,5,1,80,26,0.038461538461538464
55220687000,57195414864,0,0,0.0,0.0,7,18,126,16,2,780,512,0.024390243902439025
55208845600,57193382012,0,0,0.0,0.0,3,11,33,3,1,14,0,0.13333333333333333
57200037148,57212019494,0,0,0.0,0.0,7,4,28,9,5,237,229,0.0
56548901900,57217336947,0,0,0.0,0.0,5,6,30,9,5,423,337,0.0
55614676600,6701718828,0,0,0.0,0.0,4,26,104,11,7,397,363,0.1282051282051282
57212272884,6603673097,0,0,0.0,0.0,73,14,1022,11,1,940,784,0.09090909090909091
36841545200,57189576162,0,0,0.0,0.0,2,2,4,3,1,16,10,0.05263157894736842
54986324600,57198496495,0,0,0.0,0.0,10,6,60,5,1,63,31,0.043478260869565216
35722833300,57195964703,0,0,0.0,0.0,3,2,6,4,0,123,27,0.0
57199330634,57218568200,0,0,0.0,0.0,2,4,8,5,1,86,46,0.1111111111111111
57200661409,57214183847,0,0,0.0,0.0,3,9,27,6,2,83,11,0.0
57222000582,57817621100,0,0,0.0,0.0,4,5,20,5,1,41,7,0.0
56289741000,57204038909,0,1,0.05263157894736842,0.24136313830927508,8,12,96,11,5,272,216,0.2857142857142857
57205559965,57315502900,0,0,0.0,0.0,1,1,1,3,1,14,2,0.05
55340880600,57203746746,0,0,0.0,0.0,2,3,6,6,2,107,79,0.09523809523809523
57056521300,7201906013,0,0,0.0,0.0,4,39,156,6,6,80,80,0.0
34867881000,57206032001,0,0,0.0,0.0,17,9,153,15,3,606,250,0.04878048780487805
55868704200,58822965000,0,0,0.0,0.0,26,11,286,12,6,277,255,0.02564102564102564
37038193900,56053126600,0,0,0.0,0.0,4,9,36,3,1,80,74,0.041666666666666664
56433597800,57203549453,0,0,0.0,0.0,13,1,13,5,3,133,107,0.0
57192700087,58140925900,0,0,0.0,0.0,5,8,40,5,1,199,131,0.09090909090909091
15061843200,57209882568,0,0,0.0,0.0,5,7,35,9,3,133,29,0.0
57194323286,6603942569,0,0,0.0,0.0,7,16,112,10,2,278,164,0.024390243902439025
55115920800,57894035200,0,0,0.0,0.0,3,13,39,4,0,25,3,0.17391304347826086
56967860700,57170689800,0,0,0.0,0.0,10,5,50,20,12,855,637,0.23333333333333334
57117489600,6701718828,0,0,0.0,0.0,1,26,26,11,7,399,361,0.07692307692307693
57201719319,57202250493,0,0,0.0,0.0,24,10,240,12,4,294,108,0.022222222222222223
51665689800,6603605014,0,0,0.0,0.0,1,12,12,6,2,94,4,0.0
57216368717,57222043955,0,0,0.0,0.0,3,8,24,2,0,45,5,0.0
57773902000,6508375138,0,0,0.0,0.0,16,3,48,5,1,50,28,0.16666666666666666
57192686298,57211980385,0,0,0.0,0.0,2,1,2,3,1,38,30,0.0625
57221953193,59091724000,0,0,0.0,0.0,2,4,8,5,1,55,21,0.0
57195676028,6508328264,0,0,0.0,0.0,19,3,57,22,0,2005,623,0.07575757575757576
36145399600,57204735945,0,0,0.0,0.0,13,10,130,5,1,88,42,0.043478260869565216
23101781200,55344487200,0,0,0.0,0.0,13,16,208,8,0,188,34,0.25806451612903225
13406569500,57194183386,0,0,0.0,0.0,5,6,30,3,1,40,24,0.0
57209285279,6701768461,0,0,0.0,0.0,4,5,20,5,3,48,38,0.125
23567383600,6506906545,0,0,0.0,0.0,33,29,957,27,21,1880,1818,0.01818181818181818
57211601402,6506382388,0,0,0.0,0.0,5,4,20,6,0,70,22,0.0
36986835400,55317765400,0,0,0.0,0.0,14,1,14,10,6,155,143,0.0
57215828952,8534471900,0,0,0.0,0.0,5,76,380,17,13,607,583,0.09090909090909091
37052613300,57201948418,0,0,0.0,0.0,6,9,54,4,0,41,25,0.15
57191557302,7003478797,0,0,0.0,0.0,6,72,432,20,14,1222,1132,0.0
57220996918,7102474754,0,0,0.0,0.0,8,67,536,23,15,1293,1163,0.14285714285714285
57798686400,58525934700,0,0,0.0,0.0,15,3,45,7,3,74,50,0.03225806451612903
55256983900,57219225523,0,0,0.0,0.0,3,12,36,3,1,27,1,0.15384615384615385
57203166008,7004225897,0,0,0.0,0.0,3,36,108,15,11,629,601,0.0
54955558900,57271034700,0,0,0.0,0.0,10,6,60,8,2,240,102,0.12
36998799200,57200730023,0,0,0.0,0.0,4,1,4,5,1,82,58,0.08108108108108109
57216279131,58321920800,0,0,0.0,0.0,13,3,39,11,3,279,111,0.13333333333333333
58102558100,7202566988,0,0,0.0,0.0,6,6,36,3,1,27,9,0.08108108108108109
57214183368,57218707376,0,0,0.0,0.0,10,5,50,9,3,148,12,0.0
36128430700,57219671587,0,0,0.0,0.0,10,10,100,3,1,54,26,0.07142857142857142
16553665300,54791865700,0,0,0.0,0.0,12,12,144,11,1,243,91,0.06451612903225806
57205705195,7102314294,0,0,0.0,0.0,9,28,252,23,19,1695,1497,0.0
57216294315,57222735293,0,0,0.0,0.0,7,8,56,5,1,62,6,0.08333333333333333
35583000200,57204938647,0,0,0.0,0.0,1,11,11,4,0,51,25,0.0625
56732423100,57211534375,0,0,0.0,0.0,12,6,72,7,5,133,111,0.047619047619047616
35422588700,57491116800,0,0,0.0,0.0,4,4,16,3,1,12,4,0.0
55942805000,9235487600,0,0,0.0,0.0,3,22,66,12,6,983,861,0.1346153846153846
11739296200,57193730238,0,0,0.0,0.0,18,7,126,12,4,372,70,0.30434782608695654
57190137206,57215106856,0,0,0.0,0.0,7,4,28,3,1,18,2,0.047619047619047616
57421541900,7006625893,0,0,0.0,0.0,1,3,3,7,3,183,159,0.05128205128205128
57213686247,6508177495,0,0,0.0,0.0,2,2,4,5,3,89,87,0.06818181818181818
56576608900,57190572638,0,0,0.0,0.0,13,19,247,23,7,667,283,0.09090909090909091
57203000098,57955500700,0,0,0.0,0.0,1,12,12,2,0,45,9,0.0
57194598932,57209087382,0,0,0.0,0.0,15,35,525,16,2,565,231,0.023255813953488372
57103819300,57216457753,0,0,0.0,0.0,9,9,81,6,2,310,208,0.0
16400718100,57188853853,0,0,0.0,0.0,9,3,27,16,8,475,275,0.11428571428571428
57189374217,57218316668,0,0,0.0,0.0,10,5,50,7,5,128,122,0.07142857142857142
57195550569,57214183120,0,0,0.0,0.0,2,10,20,4,0,51,9,0.05660377358490566
13610095800,57202581227,0,0,0.0,0.0,3,14,42,11,1,189,55,0.034482758620689655
57191632365,57211349867,0,0,0.0,0.0,5,3,15,5,1,93,13,0.1875
55545633500,7103053518,0,0,0.0,0.0,2,122,244,15,13,553,551,0.047619047619047616
57195677316,60429549400,0,0,0.0,0.0,11,3,33,3,1,81,61,0.0
59956517300,6603919610,0,0,0.0,0.0,13,1,13,11,1,293,191,0.058823529411764705
35602313000,6602715112,0,0,0.0,0.0,35,23,805,30,14,1482,1150,0.07216494845360824
57222000582,57317666400,0,0,0.0,0.0,4,1,4,3,1,34,0,0.0
57188683967,57209750153,0,0,0.0,0.0,1,3,3,3,1,66,50,0.0
37031406300,57390313500,0,0,0.0,0.0,3,12,36,5,1,44,12,0.0
24776424000,26221591900,0,0,0.0,0.0,1,23,23,14,6,410,258,0.15384615384615385
57203844922,58104798300,0,0,0.0,0.0,7,8,56,7,3,277,211,0.047619047619047616
56703525900,57216367360,0,0,0.0,0.0,0,1,0,10,6,1367,1355,0.0
36461041400,57218852842,0,0,0.0,0.0,6,3,18,6,2,137,83,0.06451612903225806
57203965820,57823268500,0,0,0.0,0.0,4,5,20,8,0,121,25,0.09090909090909091
56346204600,57210956102,0,0,0.0,0.0,8,10,80,3,1,22,8,0.029411764705882353
35613260800,57003502400,0,0,0.0,0.0,3,10,30,7,1,123,13,0.125
54780172900,56506588300,0,0,0.0,0.0,15,10,150,13,3,286,166,0.1111111111111111
57204136385,58308831700,0,0,0.0,0.0,6,3,18,3,1,34,28,0.0
57199731514,57221784997,0,0,0.0,0.0,3,4,12,16,8,491,409,0.0
57203897353,7102126040,0,0,0.0,0.0,4,9,36,5,1,115,95,0.020833333333333332
35510387000,57214861754,0,0,0.0,0.0,46,8,368,10,6,254,206,0.07142857142857142
53879403200,57217148663,0,0,0.0,0.0,9,4,36,9,5,159,73,0.0967741935483871
57220109247,57296780900,0,0,0.0,0.0,5,9,45,6,0,77,33,0.0625
56173632300,57193262849,0,0,0.0,0.0,2,10,20,6,2,193,51,0.08571428571428572
57211046642,57215107378,0,0,0.0,0.0,15,3,45,5,1,117,61,0.04
57955500700,6602844477,0,0,0.0,0.0,12,29,348,11,9,466,412,0.10256410256410256
57219791677,58300629700,0,0,0.0,0.0,1,5,5,3,1,10,4,0.0
35145814800,7401739764,0,0,0.0,0.0,16,3,48,16,12,830,630,0.02564102564102564
57237606700,59827720000,0,0,0.0,0.0,11,0,0,4,0,19,3,0.0
25635426900,57074168400,0,0,0.0,0.0,5,3,15,7,1,70,34,0.10256410256410256
56245395300,56820027700,0,0,0.0,0.0,4,1,4,8,4,99,55,0.0
57202219556,6701639216,0,0,0.0,0.0,4,3,12,5,1,105,5,0.030303030303030304
55252654100,57835514000,0,0,0.0,0.0,4,4,16,3,1,152,130,0.05555555555555555
57212445342,7004185360,0,0,0.0,0.0,5,27,135,24,12,1131,803,0.20652173913043478
36627561600,57217043875,0,0,0.0,0.0,35,4,140,17,13,603,553,0.10416666666666667
56201455000,7102812576,0,0,0.0,0.0,11,11,121,5,1,59,27,0.043478260869565216
57195807828,57200400301,0,0,0.0,0.0,7,27,189,14,6,496,296,0.058823529411764705
56260930100,7004751343,0,0,0.0,0.0,16,60,960,46,28,3661,3271,0.18556701030927836
56779911800,57201990834,0,0,0.0,0.0,16,51,816,13,1,227,19,0.14634146341463414
57218516928,57612865600,0,0,0.0,0.0,13,4,52,4,2,35,15,0.0
57214191037,57214444776,0,0,0.0,0.0,17,4,68,6,2,62,22,0.0
35606519100,56845515200,0,0,0.0,0.0,8,3,24,8,4,178,12,0.034482758620689655
57192700087,57210928006,0,0,0.0,0.0,5,8,40,6,2,103,35,0.0625
57191867430,6602808786,0,0,0.0,0.0,3,59,177,16,4,528,98,0.0
57211315519,7801604422,0,0,0.0,0.0,0,10,0,7,5,97,95,0.0
57412349400,6603785139,0,0,0.0,0.0,5,39,195,13,9,447,369,0.0
57117412100,57200272134,0,0,0.0,0.0,33,10,330,6,0,95,19,0.06666666666666667
34968901700,56462316000,0,0,0.0,0.0,5,6,30,5,1,224,4,0.14285714285714285
57203844922,57211030130,0,0,0.0,0.0,7,14,98,8,2,311,177,0.09375
57208819121,57578634600,0,0,0.0,0.0,17,2,34,7,7,345,345,0.0
55623402000,57221606534,0,0,0.0,0.0,0,84,0,7,3,227,143,0.038461538461538464
57225422813,7801528716,0,0,0.0,0.0,2,6,12,5,1,32,6,0.0
57201475816,57218272578,0,0,0.0,0.0,3,3,9,4,2,95,45,0.0
14420864600,57192938250,0,0,0.0,0.0,5,42,210,21,3,1085,549,0.21052631578947367
57195197945,6701722261,0,0,0.0,0.0,3,31,93,12,6,227,167,0.0
15136212300,56556155600,0,0,0.0,0.0,6,6,36,8,2,182,8,0.0449438202247191
35365153000,57195358619,0,0,0.0,0.0,2,3,6,6,2,98,68,0.03125
57195987896,57203880602,0,0,0.0,0.0,5,2,10,5,1,95,41,0.03125
37108270100,6602828632,0,0,0.0,0.0,5,30,150,16,10,624,374,0.38636363636363635
38662288000,57205162626,0,0,0.0,0.0,2,9,18,7,5,159,145,0.0
35202276600,37118336200,0,0,0.0,0.0,6,11,66,4,0,66,54,0.06666666666666667
47361218700,57331084500,0,0,0.0,0.0,8,3,24,5,1,103,25,0.0
37020703900,6508385053,0,0,0.0,0.0,8,21,168,18,6,617,307,0.03773584905660377
57209322988,6504280283,0,0,0.0,0.0,8,90,720,13,7,362,258,0.0
57207877810,57218871316,0,0,0.0,0.0,1,3,3,2,0,9,7,0.0
57197748523,57202792218,0,0,0.0,0.0,2,1,2,3,1,91,85,0.0
25931183500,55361659900,0,0,0.0,0.0,2,19,38,9,5,185,149,0.02702702702702703
24824188400,57220743167,0,0,0.0,0.0,24,4,96,10,6,224,204,0.027777777777777776
57205342880,57219885053,0,0,0.0,0.0,2,15,30,6,0,174,132,0.0
57203928236,7202085730,0,0,0.0,0.0,6,5,30,5,3,177,67,0.06666666666666667
56732311700,8580703200,0,0,0.0,0.0,57,13,741,22,10,978,732,0.06451612903225806
57203870517,57207695231,0,0,0.0,0.0,5,16,80,14,8,347,221,0.1935483870967742
56416487300,57200376897,0,0,0.0,0.0,4,17,68,9,1,151,47,0.06818181818181818
57208427094,59166000600,0,0,0.0,0.0,4,3,12,7,1,55,19,0.06896551724137931
57189870236,57215146466,0,0,0.0,0.0,5,5,25,3,1,16,4,0.0
55376455200,59662861800,0,0,0.0,0.0,8,3,24,8,4,231,99,0.08333333333333333
56433597800,57190427965,0,0,0.0,0.0,13,5,65,5,3,135,105,0.0
57201725370,6603509762,0,0,0.0,0.0,9,6,54,4,0,107,17,0.1
52664007700,56281960600,0,0,0.0,0.0,7,1,7,4,0,202,2,0.2033898305084746
54382485600,57218991639,0,0,0.0,0.0,39,4,156,14,0,273,3,0.0
55212615700,57202322317,0,0,0.0,0.0,16,11,176,9,5,381,359,0.20689655172413793
56437217100,57222276278,0,0,0.0,0.0,11,3,33,6,2,81,49,0.034482758620689655
16202617000,57201998453,0,0,0.0,0.0,4,11,44,6,2,237,215,0.04
56770826700,57226448848,0,0,0.0,0.0,6,5,30,8,4,257,207,0.07407407407407407
56462886200,6506716797,0,0,0.0,0.0,4,7,28,4,0,31,7,0.08333333333333333
14060455600,35584031200,0,0,0.0,0.0,134,8,1072,44,36,5075,5003,0.27906976744186046
57215107959,57540334900,0,0,0.0,0.0,6,2,12,5,1,58,14,0.0
55630517700,57201196015,0,0,0.0,0.0,10,5,50,11,1,264,36,0.0
24479959000,58313855200,0,0,0.0,0.0,11,6,66,15,9,1607,1451,0.08333333333333333
15836326300,57073063900,0,0,0.0,0.0,48,4,192,14,8,269,241,0.03278688524590164
56028769400,57200969953,0,0,0.0,0.0,5,4,20,5,1,54,30,0.0
55320794400,55694511900,0,0,0.0,0.0,4,2,8,8,4,105,95,0.02702702702702703
19640313400,57189326030,0,0,0.0,0.0,16,10,160,9,3,177,121,0.06521739130434782
55746940300,55970297100,0,0,0.0,0.0,1,13,13,9,3,173,5,0.013157894736842105
57212350721,7005091934,0,0,0.0,0.0,3,11,33,4,0,58,18,0.03125
57210977636,6504067845,0,0,0.0,0.0,8,2,16,6,0,144,82,0.047619047619047616
57195411285,57199101804,0,0,0.0,0.0,8,6,48,5,1,37,11,0.09090909090909091
35555798600,8656299100,0,0,0.0,0.0,65,6,390,26,18,1508,1434,0.11578947368421053
57196117932,57201119814,0,0,0.0,0.0,4,4,16,4,0,59,23,0.0
56789638500,57262195800,0,0,0.0,0.0,11,2,22,8,6,157,155,0.0
24504319000,57208142067,0,0,0.0,0.0,9,24,216,13,3,387,117,0.09523809523809523
44361299900,57215776173,0,0,0.0,0.0,16,12,192,7,3,93,69,0.0625
57209591609,57211960952,0,0,0.0,0.0,3,1,3,5,1,105,9,0.05263157894736842
57215149890,57958064800,0,0,0.0,0.0,11,13,143,8,6,126,114,0.04878048780487805
57190761644,57558221300,0,0,0.0,0.0,2,5,10,4,0,34,16,0.0
57191568144,57207688686,0,0,0.0,0.0,13,9,117,13,3,371,117,0.03125
57210389913,57217311399,0,0,0.0,0.0,2,5,10,5,1,165,125,0.2857142857142857
57202188259,6602715112,0,0,0.0,0.0,2,23,46,25,19,1371,1261,0.08955223880597014
52664007700,57120078000,0,0,0.0,0.0,7,1,7,4,0,218,18,0.08823529411764706
24381682400,57215663741,0,0,0.0,0.0,15,5,75,12,10,282,280,0.05263157894736842
57191708331,57195410197,0,0,0.0,0.0,28,2,56,14,10,823,543,0.0
36739221800,55846106800,0,0,0.0,0.0,5,3,15,3,1,64,38,0.0
57204596625,57220434860,0,0,0.0,0.0,7,9,63,6,2,110,32,0.0
57194464165,57225737613,0,0,0.0,0.0,5,2,10,9,5,256,226,0.14285714285714285
57194469942,57207458121,0,0,0.0,0.0,9,9,81,13,1,464,244,0.0
55839010900,57219435558,0,0,0.0,0.0,12,1,12,8,4,228,164,0.0
57189221940,57247984700,0,0,0.0,0.0,22,2,44,17,5,625,503,0.037037037037037035
57196479330,57209175245,0,0,0.0,0.0,3,3,9,5,3,32,22,0.0
55996324500,57197750458,0,0,0.0,0.0,4,20,80,25,19,1524,1452,0.16883116883116883
15768120800,57208623046,0,0,0.0,0.0,5,44,220,7,3,187,105,0.07894736842105263
56646323900,57190970262,0,0,0.0,0.0,1,21,21,10,4,263,101,0.0
55587917400,57195070975,0,0,0.0,0.0,22,0,0,5,1,31,19,0.0
55587974700,57932056700,0,0,0.0,0.0,17,1,17,11,7,260,246,0.06060606060606061
14054610100,57904040900,0,0,0.0,0.0,2,3,6,4,2,30,16,0.0625
19035625400,9735536400,0,0,0.0,0.0,4,2,8,13,5,576,410,0.19718309859154928
57208651654,57366260200,0,0,0.0,0.0,17,5,85,7,3,166,132,0.125
57425394900,7404382052,0,0,0.0,0.0,3,7,21,5,1,102,32,0.0
37666056000,8718772800,0,0,0.0,0.0,26,10,260,13,1,403,45,0.09615384615384616
57205215527,7403277146,0,0,0.0,0.0,3,2,6,2,0,31,23,0.0
57203792010,57219727623,0,0,0.0,0.0,12,9,108,13,1,261,67,0.13513513513513514
57201726260,57210221370,0,0,0.0,0.0,6,2,12,2,2,125,125,0.0
36952258700,56732517800,0,0,0.0,0.0,20,1,20,9,5,191,81,0.0
56954622400,57202783289,0,0,0.0,0.0,1,9,9,11,9,681,675,0.0
55180753500,57193929028,0,0,0.0,0.0,6,5,30,4,0,82,72,0.0
57210463803,57223087546,0,0,0.0,0.0,3,9,27,10,2,256,44,0.0
57191222926,6603007070,0,0,0.0,0.0,7,10,70,11,7,356,66,0.08620689655172414
56180274600,57193673606,0,0,0.0,0.0,2,1,2,2,2,14,14,0.07142857142857142
56971526400,57214185326,0,0,0.0,0.0,9,4,36,8,4,150,100,0.14285714285714285
56780215300,57216656795,0,0,0.0,0.0,5,8,40,9,1,186,100,0.05555555555555555
57220190496,57226149042,0,0,0.0,0.0,7,25,175,7,3,137,101,0.0
55177578300,57201548063,0,0,0.0,0.0,7,1,7,9,3,308,200,0.32
57212272884,57226468811,0,0,0.0,0.0,73,3,219,8,4,963,761,0.0
57189901715,7006279246,0,0,0.0,0.0,2,9,18,6,0,31,3,0.0
35997230900,57209661009,0,0,0.0,0.0,55,3,165,12,6,705,597,0.14285714285714285
56993156800,6701448651,0,0,0.0,0.0,8,20,160,11,5,408,252,0.05714285714285714
57201406627,57212492905,0,0,0.0,0.0,14,20,280,9,1,132,36,0.13043478260869565
52664450800,56196163700,0,0,0.0,0.0,3,1,3,10,2,345,137,0.1206896551724138
36844104900,56245796600,0,0,0.0,0.0,27,2,54,13,9,586,564,0.020833333333333332
16028772900,57193566572,0,0,0.0,0.0,44,27,1188,28,2,1240,84,0.18
35098561600,9745198000,0,0,0.0,0.0,1,12,12,7,5,173,153,0.08571428571428572
55393377600,57193131830,0,0,0.0,0.0,10,11,110,9,1,266,40,0.2916666666666667
22033565300,35615066800,0,0,0.0,0.0,6,52,312,31,17,1847,1553,0.0
57193447530,57194153124,0,0,0.0,0.0,22,20,440,16,4,879,79,0.07407407407407407
55437936800,57193644869,0,0,0.0,0.0,4,3,12,2,0,15,7,0.0
55819425300,57211462657,0,0,0.0,0.0,11,7,77,12,6,584,320,0.15625
54383232900,57217186756,0,0,0.0,0.0,150,7,1050,18,14,1124,1092,0.0958904109589041
55185349100,57224180948,0,0,0.0,0.0,3,7,21,2,0,28,22,0.2222222222222222
55070746900,9273383800,0,0,0.0,0.0,6,51,306,13,7,310,258,0.09259259259259259
54791365300,6603839720,0,0,0.0,0.0,4,54,216,32,24,2562,2448,0.010416666666666666
57196219628,57200291145,0,0,0.0,0.0,25,1,25,16,10,641,531,0.04878048780487805
57193730238,57223014620,0,0,0.0,0.0,7,10,70,6,2,242,200,0.06557377049180328
56429499100,57216275328,0,0,0.0,0.0,7,12,84,4,0,122,18,0.0
57202679910,57211534375,0,0,0.0,0.0,7,6,42,3,1,136,114,0.0
57196707430,6602277744,0,0,0.0,0.0,22,133,2926,35,9,2454,1476,0.10227272727272728
57209301796,57822663000,0,0,0.0,0.0,2,3,6,4,4,145,145,0.0
13611549900,56506744300,0,0,0.0,0.0,4,13,52,9,5,571,499,0.038461538461538464
57193645493,57535718100,0,0,0.0,0.0,2,1,2,4,0,26,4,0.11764705882352941
56024497200,57192661896,0,0,0.0,0.0,4,15,60,15,11,560,498,0.029411764705882353
57217186654,57314518400,0,0,0.0,0.0,7,3,21,4,0,28,8,0.0
57190736386,57209683121,0,0,0.0,0.0,1,1,1,6,4,55,45,0.0
57208899553,57210162585,0,0,0.0,0.0,2,2,4,5,1,26,6,0.125
57194735868,57215695361,0,0,0.0,0.0,18,35,630,9,3,220,162,0.05128205128205128
56779935800,7004405540,0,0,0.0,0.0,6,97,582,16,10,597,507,0.05970149253731343
55975324900,57193345637,0,0,0.0,0.0,3,30,90,17,11,555,441,0.03333333333333333
57200860592,57206889270,0,0,0.0,0.0,5,10,50,8,4,98,72,0.058823529411764705
56175367200,57193520263,0,0,0.0,0.0,2,14,28,4,2,28,20,0.0
57202137592,57218685839,0,0,0.0,0.0,29,1,29,7,3,97,5,0.0
57219563270,57483438000,0,0,0.0,0.0,3,1,3,3,1,16,0,0.0
55984672100,57205102882,0,0,0.0,0.0,18,4,72,23,21,1384,1286,0.061224489795918366
57192199126,57211523239,0,0,0.0,0.0,12,15,180,14,10,431,325,0.0
35617224000,57219494022,0,0,0.0,0.0,14,3,42,7,1,123,63,0.0
56004722300,57209449016,0,0,0.0,0.0,6,28,168,17,11,518,486,0.09722222222222222
56004835000,57377994600,0,0,0.0,0.0,7,4,28,6,0,151,3,0.0
6701916486,7202143407,0,0,0.0,0.0,42,3,126,19,7,750,538,0.06896551724137931
56740449800,57190340003,0,0,0.0,0.0,1,9,9,5,1,127,53,0.08
56161056700,57208088761,0,0,0.0,0.0,7,3,21,9,5,180,84,0.1
34978111800,55873463600,0,0,0.0,0.0,16,6,96,14,0,304,90,0.13043478260869565
57015395100,6603293779,0,0,0.0,0.0,2,8,16,22,18,2913,2881,0.10144927536231885
57213539478,57218246541,0,0,0.0,0.0,1,5,5,4,2,43,27,0.038461538461538464
36503590600,57218610871,0,0,0.0,0.0,2,13,26,8,4,223,95,0.037037037037037035
56755367700,58862004300,0,0,0.0,0.0,13,3,39,6,2,109,69,0.17647058823529413
57185831200,57193213089,0,0,0.0,0.0,8,3,24,5,1,299,245,0.0
6506847178,6601905996,0,0,0.0,0.0,1,9,9,7,3,78,54,0.016666666666666666
25925922300,57202961712,0,0,0.0,0.0,5,3,15,14,10,642,440,0.02857142857142857
55989421700,6507584540,0,0,0.0,0.0,16,2,32,10,6,217,195,0.020833333333333332
50960925600,56518279500,0,0,0.0,0.0,24,16,384,13,3,337,59,0.18518518518518517
18434783700,57222622132,0,0,0.0,0.0,8,9,72,9,3,176,52,0.04
55323420300,56421951000,0,0,0.0,0.0,25,16,400,14,4,304,24,0.1951219512195122
25621414000,56545194900,0,0,0.0,0.0,22,9,198,20,8,576,424,0.19230769230769232
56134717100,57216404226,0,0,0.0,0.0,16,18,288,18,14,1402,1370,0.0
16070628100,57216002789,0,0,0.0,0.0,8,3,24,4,0,77,23,0.1282051282051282
57195426504,7003376733,0,0,0.0,0.0,4,6,24,11,7,438,328,0.0
57206481447,57347901100,0,0,0.0,0.0,3,3,9,4,0,46,14,0.0
36971878100,57366114000,0,0,0.0,0.0,1,2,2,7,3,294,258,0.0
55312463700,57204658698,0,0,0.0,0.0,45,69,3105,17,7,393,195,0.0975609756097561
57209714947,57218122043,0,0,0.0,0.0,8,6,48,5,1,127,89,0.07692307692307693
57195279135,57210843347,0,0,0.0,0.0,1,1,1,5,3,139,111,0.0
57200727733,8871368500,0,0,0.0,0.0,16,10,160,7,1,114,6,0.1111111111111111
6504646694,7003305314,0,0,0.0,0.0,23,174,4002,17,13,1742,1708,0.16666666666666666
57211281308,57413715900,0,0,0.0,0.0,2,32,64,4,0,55,29,0.0
56395383000,57213569875,0,0,0.0,0.0,14,4,56,5,1,38,8,0.1
37077016100,57218164265,0,0,0.0,0.0,6,2,12,5,1,37,3,0.2777777777777778
7003767448,7005233332,0,0,0.0,0.0,7,5,35,8,6,108,100,0.0196078431372549
56430927200,57214850165,0,0,0.0,0.0,136,7,952,16,8,1377,1283,0.0
56282400000,57201990640,0,0,0.0,0.0,5,20,100,7,3,169,89,0.16
57214711058,8722213800,0,0,0.0,0.0,2,45,90,10,6,248,228,0.015384615384615385
36767009800,57211744823,0,0,0.0,0.0,8,7,56,9,5,257,241,0.0
23987119600,54786143800,0,0,0.0,0.0,21,3,63,6,4,74,70,0.023255813953488372
33667994000,57189579649,0,0,0.0,0.0,9,5,45,4,0,79,41,0.043478260869565216
35326255200,57208427094,0,0,0.0,0.0,5,4,20,10,2,164,90,0.08888888888888889
57194232387,57208036984,0,0,0.0,0.0,23,13,299,7,3,130,92,0.17391304347826086
57204022682,8551369700,0,0,0.0,0.0,12,19,228,10,4,484,430,0.0
6506298338,7801407600,0,0,0.0,0.0,4,4,16,7,3,101,47,0.17777777777777778
55667231400,57204765322,0,0,0.0,0.0,3,5,15,4,0,215,193,0.0
57211160801,9744867500,0,0,0.0,0.0,4,8,32,5,1,87,57,0.09090909090909091
57193207695,6507566707,0,0,0.0,0.0,6,2,12,5,1,81,27,0.07142857142857142
57201974603,58191426800,0,0,0.0,0.0,1,3,3,2,0,18,12,0.0
37018663100,55427624900,0,0,0.0,0.0,8,2,16,3,1,82,8,0.0
57194283033,57195575460,0,0,0.0,0.0,1,9,9,5,1,78,34,0.15384615384615385
56479115000,57219017039,0,0,0.0,0.0,15,9,135,7,3,109,57,0.22727272727272727
15846769500,57226715767,0,0,0.0,0.0,7,3,21,10,8,313,307,0.03333333333333333
17342671000,7003467120,0,1,0.008333333333333333,0.22630370469475658,42,79,3318,16,6,401,233,0.2909090909090909
57219176706,57223859581,0,0,0.0,0.0,9,8,72,9,1,165,37,0.07692307692307693
36601085400,57215583488,0,0,0.0,0.0,5,4,20,3,1,36,20,0.08333333333333333
57201389246,57214331393,0,0,0.0,0.0,13,9,117,6,0,146,28,0.06666666666666667
55620172900,57189616779,0,0,0.0,0.0,50,9,450,20,12,873,559,0.01639344262295082
35773428500,57208035064,0,0,0.0,0.0,4,13,52,4,0,59,31,0.30434782608695654
37018663100,57219285911,0,0,0.0,0.0,8,3,24,4,0,42,32,0.0
57202493835,57215903709,0,0,0.0,0.0,7,6,42,7,1,53,11,0.06666666666666667
57191965526,57223927741,0,0,0.0,0.0,4,6,24,6,2,130,28,0.045454545454545456
55628238100,57219169440,0,0,0.0,0.0,5,6,30,4,2,34,30,0.25
55087222300,55552961100,0,0,0.0,0.0,19,7,133,11,3,274,188,0.05555555555555555
55932949800,57211142396,0,0,0.0,0.0,24,1,24,25,21,2617,2485,0.08
57209244438,57221688357,0,0,0.0,0.0,6,4,24,7,3,150,128,0.0
57207695231,57221145769,0,0,0.0,0.0,16,1,16,13,9,299,269,0.0
57205511747,8446174100,0,2,0.04081632653061224,0.4317913130043102,28,23,644,8,0,132,0,0.19444444444444445
16403831600,35894571100,0,0,0.0,0.0,4,29,116,10,6,254,246,0.0
56907053800,57214189056,0,0,0.0,0.0,1,1,1,3,1,24,8,0.04081632653061224
57207946765,57210908574,0,0,0.0,0.0,6,6,36,6,2,67,25,0.0
36911445600,57215152082,0,0,0.0,0.0,10,5,50,4,2,54,32,0.041666666666666664
57195962879,57224831324,0,0,0.0,0.0,9,0,0,5,1,54,4,0.0
55411452400,57217190881,0,0,0.0,0.0,10,15,150,7,3,65,51,0.21428571428571427
55955245900,57204453282,0,0,0.0,0.0,3,3,9,11,7,481,463,0.0
36136955100,57762944800,0,0,0.0,0.0,12,1,12,2,0,18,8,0.0
54882813200,57210151909,0,0,0.0,0.0,27,11,297,13,9,348,308,0.0
57207688686,57221769089,0,0,0.0,0.0,9,8,72,11,5,297,191,0.0
57193079613,57315057300,0,0,0.0,0.0,23,2,46,7,3,107,3,0.07142857142857142
54785510000,6504284862,0,0,0.0,0.0,2,52,104,13,9,496,246,0.11904761904761904
57194870679,57209458861,0,0,0.0,0.0,1,1,1,6,2,160,142,0.0
57205627840,57211427406,0,0,0.0,0.0,14,37,518,13,7,287,229,0.05555555555555555
55967938200,57216432854,0,0,0.0,0.0,16,4,64,15,9,518,472,0.125
57194184312,57211786756,0,0,0.0,0.0,5,6,30,6,2,83,23,0.05555555555555555
7401739764,8202851100,0,0,0.0,0.0,3,2,6,4,0,137,63,0.034482758620689655
23003258800,56703319900,0,2,0.023809523809523808,0.3964751292635037,55,31,1705,33,5,2257,971,0.1511627906976744
36626263300,57201658547,0,0,0.0,0.0,15,2,30,6,2,102,40,0.0
55194722700,57218166257,0,0,0.0,0.0,1,6,6,5,1,126,76,0.058823529411764705
55249712800,57119396700,0,0,0.0,0.0,23,5,115,6,0,103,75,0.0
56524961100,57194769305,0,0,0.0,0.0,1,32,32,15,13,480,470,0.0
22433734000,7004941263,0,0,0.0,0.0,8,68,544,21,15,1197,1081,0.08139534883720931
58298582600,7005228726,0,0,0.0,0.0,1,12,12,6,2,318,170,0.057692307692307696
57203066384,57222251209,0,0,0.0,0.0,5,2,10,5,1,213,133,0.0
57209458861,57219563270,0,0,0.0,0.0,1,3,3,4,0,17,1,0.0
55266291800,57201878797,0,0,0.0,0.0,16,1,16,12,8,528,514,0.09615384615384616
25926668200,57219674432,0,0,0.0,0.0,7,2,14,4,0,23,11,0.0
48360967300,57194689601,0,0,0.0,0.0,7,5,35,11,3,119,71,0.020833333333333332
57194041971,7202566988,0,0,0.0,0.0,29,6,174,9,7,247,229,0.0
56545194900,58491552400,0,0,0.0,0.0,9,3,27,6,6,76,76,0.0
56182160600,57224588100,0,0,0.0,0.0,5,2,10,3,3,17,17,0.022222222222222223
56731126200,57221698724,0,0,0.0,0.0,1,8,8,5,1,57,29,0.0
56004835000,57224577912,0,0,0.0,0.0,7,6,42,4,2,78,70,0.0
24073262200,57159190500,0,0,0.0,0.0,14,8,112,3,1,14,2,0.0
57192587200,58782951900,0,0,0.0,0.0,1,10,10,4,2,68,64,0.0
57215497382,57350373800,0,0,0.0,0.0,5,2,10,6,2,77,33,0.14285714285714285
37661803000,57192698024,0,0,0.0,0.0,1,9,9,16,6,404,288,0.018867924528301886
35386080600,57211209210,0,0,0.0,0.0,3,21,63,10,8,330,328,0.03125
56910252000,57957081700,0,0,0.0,0.0,35,2,70,30,28,3359,3329,0.024691358024691357
36850997100,57215149048,0,0,0.0,0.0,15,17,255,5,1,52,18,0.1
36838460400,57217155322,0,0,0.0,0.0,5,4,20,5,1,165,83,0.0
54685141100,57189049081,0,0,0.0,0.0,18,11,198,17,5,490,192,0.1
57956252100,57956262000,0,0,0.0,0.0,3,1,3,4,0,34,6,0.0
35337448400,57204740716,0,0,0.0,0.0,5,2,10,6,2,88,16,0.0
55964412900,6601976136,0,0,0.0,0.0,5,40,200,18,14,1259,1245,0.015151515151515152
57211861736,6603772028,0,0,0.0,0.0,6,38,228,8,2,120,84,0.057692307692307696
57218492392,57711316900,0,0,0.0,0.0,7,2,14,2,2,60,60,0.18181818181818182
57201127458,57215419320,0,0,0.0,0.0,37,8,296,9,1,106,12,0.0
56118724000,57203789639,0,0,0.0,0.0,3,38,114,12,2,271,149,0.0
23026082700,57205596425,0,0,0.0,0.0,32,12,384,12,0,171,3,0.023255813953488372
56689966300,57211318007,0,0,0.0,0.0,9,2,18,6,2,62,42,0.06666666666666667
35453890900,56319500100,0,0,0.0,0.0,26,2,52,10,8,284,260,0.020833333333333332
55323420300,55927927000,0,0,0.0,0.0,25,3,75,5,5,140,140,0.06451612903225806
57216430900,57948786000,0,0,0.0,0.0,9,13,117,6,2,66,38,0.09523809523809523
57202745618,8298677400,0,0,0.0,0.0,6,25,150,21,11,1075,665,0.01694915254237288
57217181411,57218492392,0,0,0.0,0.0,1,7,7,4,0,80,40,0.0
56615162900,57220921306,0,0,0.0,0.0,5,1,5,9,1,121,45,0.05555555555555555
56938785300,57216918488,0,0,0.0,0.0,7,6,42,6,2,375,31,0.06666666666666667
57203531204,57215583488,0,0,0.0,0.0,20,4,80,7,5,156,140,0.06666666666666667
57195568405,57574976000,0,0,0.0,0.0,8,39,312,26,6,1336,356,0.10909090909090909
35497928300,50462510200,0,0,0.0,0.0,7,2,14,7,1,124,52,0.1
36669038500,36675972400,0,0,0.0,0.0,19,2,38,4,2,39,35,0.02857142857142857
55578807642,57205251798,0,0,0.0,0.0,11,8,88,14,8,1235,1127,0.0
56244888300,7102008829,0,0,0.0,0.0,19,5,95,13,7,348,292,0.1111111111111111
57193005664,57218656687,0,0,0.0,0.0,2,19,38,5,3,49,45,0.0
55885670800,57322306100,0,0,0.0,0.0,4,3,12,4,0,77,61,0.08695652173913043
57192382583,57571322500,0,0,0.0,0.0,4,2,8,5,1,50,28,0.0
57203897353,7004239568,0,0,0.0,0.0,4,25,100,8,4,1359,1339,0.0
55325823300,57210185493,0,0,0.0,0.0,2,23,46,8,2,154,94,0.023255813953488372
57204023107,57216500981,0,0,0.0,0.0,5,3,15,5,1,188,124,0.058823529411764705
57204017182,57218569616,0,0,0.0,0.0,31,1,31,9,7,818,812,0.0
55909692500,57207883215,0,0,0.0,0.0,7,8,56,9,3,193,139,0.0
35757374200,55224067300,0,0,0.0,0.0,18,3,54,8,4,198,146,0.0
57201114242,8219543000,0,0,0.0,0.0,12,17,204,9,3,191,107,0.0967741935483871
55635809300,56755367700,0,0,0.0,0.0,11,13,143,7,1,121,57,0.029411764705882353
55403844500,57205229669,0,0,0.0,0.0,84,7,588,16,10,519,471,0.020833333333333332
57200447023,57221864536,0,0,0.0,0.0,5,14,70,4,0,38,6,0.0
57190751891,57216437861,0,0,0.0,0.0,1,10,10,7,3,92,60,0.0
35997230900,57201333411,0,0,0.0,0.0,55,6,330,13,5,726,576,0.03571428571428571
57219485718,57806911200,0,0,0.0,0.0,6,5,30,5,3,64,22,0.0
57155881500,57209659745,0,0,0.0,0.0,8,6,48,3,1,70,4,0.05
57194507415,7005844374,0,0,0.0,0.0,14,25,350,14,6,434,326,0.11764705882352941
57193148546,57270614000,0,0,0.0,0.0,2,3,6,5,1,79,19,0.041666666666666664
56708900000,57672505100,0,0,0.0,0.0,17,13,221,3,1,17,13,0.1111111111111111
55574026000,55878518900,0,0,0.0,0.0,31,13,403,12,8,335,315,0.15789473684210525
57170411000,8046818200,0,0,0.0,0.0,1,10,10,7,3,95,71,0.0
55587974700,56084446200,0,0,0.0,0.0,17,4,68,10,8,264,242,0.125
57196234145,57200875705,0,0,0.0,0.0,19,15,285,20,2,532,176,0.19230769230769232
57202949469,57205884945,0,0,0.0,0.0,11,11,121,5,1,89,27,0.06666666666666667
56308418600,57497433600,0,0,0.0,0.0,2,7,14,4,2,80,66,0.0
54781300600,57192697218,0,0,0.0,0.0,8,24,192,11,5,185,147,0.0967741935483871
57194740873,57209661663,0,0,0.0,0.0,6,7,42,5,5,95,95,0.0
55578808500,57217237669,0,0,0.0,0.0,4,4,16,3,1,6,4,0.09090909090909091
36627561600,57194283033,0,0,0.0,0.0,35,1,35,18,12,634,522,0.09803921568627451
57214183120,57218286932,0,0,0.0,0.0,10,5,50,4,0,84,24,0.041666666666666664
25958813300,57214440843,0,0,0.0,0.0,13,1,13,5,1,188,164,0.0
57211031880,57557394900,0,0,0.0,0.0,2,1,2,3,1,17,9,0.0
55403844500,9640029700,0,0,0.0,0.0,84,6,504,17,9,524,466,0.05660377358490566
42761833500,57204392643,0,0,0.0,0.0,33,5,165,9,5,373,39,0.07407407407407407
57201492752,57218195605,0,0,0.0,0.0,10,101,1010,12,6,952,910,0.0
56379824600,56479115000,0,0,0.0,0.0,2,15,30,7,3,88,78,0.0
55850511800,57213651245,0,0,0.0,0.0,41,22,902,11,5,301,197,0.16666666666666666
56404041200,6508060144,0,0,0.0,0.0,5,8,40,6,2,77,35,0.03225806451612903
57204099075,57219615160,0,0,0.0,0.0,6,6,36,6,0,117,33,0.047619047619047616
55665456000,56819980000,0,0,0.0,0.0,81,9,729,25,3,865,193,0.07692307692307693
57192642829,57211852761,0,0,0.0,0.0,28,50,1400,12,4,237,121,0.14893617021276595
35937375900,7004361186,0,0,0.0,0.0,9,15,135,10,4,641,491,0.03333333333333333
57196544254,57203104504,0,0,0.0,0.0,9,6,54,7,1,208,34,0.030303030303030304
57201989588,57323175600,0,0,0.0,0.0,2,4,8,4,0,68,8,0.2857142857142857
42461275200,57226237387,0,0,0.0,0.0,16,4,64,14,2,276,114,0.125
56377870900,57216608788,0,0,0.0,0.0,9,6,54,3,1,41,33,0.07692307692307693
57190380910,57201318293,0,0,0.0,0.0,6,5,30,5,3,43,37,0.0
56399138200,6603904264,0,1,0.04,0.43429448190325176,12,14,168,23,11,1070,850,0.35714285714285715
26432556200,26638969400,0,0,0.0,0.0,5,12,60,8,4,191,115,0.0
55487063400,6506561384,0,0,0.0,0.0,3,6,18,4,0,95,43,0.0
57208510656,7102631044,0,0,0.0,0.0,15,8,120,4,0,49,11,0.0625
57867438200,58305032800,0,0,0.0,0.0,3,3,9,6,2,94,40,0.24
37664726500,57760385300,0,0,0.0,0.0,89,6,534,12,8,1147,1137,0.0
56179227100,57222538412,0,0,0.0,0.0,6,5,30,7,3,255,97,0.0
55905205100,57204658698,0,0,0.0,0.0,16,69,1104,10,0,171,27,0.07692307692307693
57201879993,58869453300,0,0,0.0,0.0,4,13,52,10,4,126,96,0.14285714285714285
55323420300,57886360900,0,0,0.0,0.0,25,12,300,7,3,147,133,0.037037037037037035
57173260200,57204002113,0,0,0.0,0.0,11,3,33,14,4,524,120,0.24242424242424243
57192200403,57218684326,0,0,0.0,0.0,14,2,28,5,1,73,39,0.3
57217154962,57266562700,0,0,0.0,0.0,5,12,60,4,0,65,5,0.0
57209258400,57211287922,0,0,0.0,0.0,5,17,85,7,1,68,38,0.0
57202787420,7801532760,0,0,0.0,0.0,4,93,372,17,13,720,680,0.023529411764705882
56719193000,8393086500,0,0,0.0,0.0,4,7,28,8,2,70,38,0.02127659574468085
23568707200,57215107389,0,0,0.0,0.0,1,1,1,3,1,12,6,0.0
56025568600,57203246888,0,0,0.0,0.0,6,1,6,5,1,197,173,0.07692307692307693
56369891000,57210885575,0,0,0.0,0.0,0,8,0,5,1,105,21,0.1875
57204186666,58822981700,0,0,0.0,0.0,2,9,18,3,1,268,262,0.1
24377391500,56766050900,0,0,0.0,0.0,22,3,66,20,14,726,648,0.03389830508474576
55637497100,57217484884,0,0,0.0,0.0,7,2,14,8,2,188,104,0.1111111111111111
57212590380,57221104876,0,0,0.0,0.0,2,5,10,3,1,30,16,0.0
56454907300,57206938115,0,0,0.0,0.0,103,7,721,10,6,306,98,0.06060606060606061
57211046642,57219592561,0,0,0.0,0.0,15,4,60,5,1,119,59,0.05263157894736842
56924845600,57214192451,0,0,0.0,0.0,4,2,8,9,1,190,98,0.0
57202361345,57208772594,0,0,0.0,0.0,1,4,4,6,2,201,181,0.0
55940439800,57196460207,0,0,0.0,0.0,18,15,270,14,6,503,133,0.1590909090909091
57217336719,8342748400,0,0,0.0,0.0,11,49,539,15,7,586,330,0.0
57216727772,57218491923,0,0,0.0,0.0,6,6,36,4,0,115,5,0.0
57215538915,8533612500,0,0,0.0,0.0,11,3,33,3,1,16,2,0.04
55178041700,57217336344,0,0,0.0,0.0,20,1,20,1,1,17,17,0.0
57196442016,57222730994,0,0,0.0,0.0,3,10,30,5,1,120,80,0.08333333333333333
51461307100,57214178608,0,0,0.0,0.0,2,6,12,4,0,72,2,0.0
57195576902,7003959774,0,0,0.0,0.0,13,138,1794,29,21,2423,2331,0.02666666666666667
16416659200,55835740200,0,0,0.0,0.0,29,6,174,42,28,5241,4601,0.02631578947368421
55598364800,57028170700,0,0,0.0,0.0,13,4,52,6,0,68,6,0.047619047619047616
57204140640,58769120700,0,0,0.0,0.0,10,5,50,5,3,50,46,0.0
57201288831,57213557667,0,0,0.0,0.0,5,6,30,7,1,121,3,0.0
55328810400,57203006095,0,0,0.0,0.0,17,5,85,6,2,161,131,0.0
58082494500,8424235900,0,0,0.0,0.0,6,37,222,7,3,117,89,0.11538461538461539
57211289303,57226125260,0,0,0.0,0.0,9,4,36,5,3,88,2,0.0
7003467120,7203013613,0,1,0.010309278350515464,0.20355592307196482,79,19,1501,14,8,353,281,0.038461538461538464
57188697738,57210157372,0,0,0.0,0.0,12,3,36,7,1,94,36,0.0
55679310300,57197269844,0,0,0.0,0.0,14,10,140,16,12,907,811,0.0
12805937500,57224577912,0,0,0.0,0.0,1,6,6,3,1,22,14,0.0
56112942400,6603826892,0,0,0.0,0.0,4,14,56,18,2,342,16,0.02702702702702703
24477066700,57213647258,0,0,0.0,0.0,10,6,60,8,4,120,70,0.0
37107641900,56437217100,0,0,0.0,0.0,16,11,176,18,10,645,515,0.208955223880597
24824925500,57211255039,0,0,0.0,0.0,2,3,6,5,1,38,24,0.034482758620689655
57193520263,57207259655,0,0,0.0,0.0,14,7,98,5,1,42,6,0.125
57191410688,57200163221,0,0,0.0,0.0,4,2,8,5,3,106,104,0.23529411764705882
43761643700,57214444776,0,0,0.0,0.0,8,4,32,4,0,52,12,0.0
14037194400,7202480403,0,0,0.0,0.0,50,12,600,23,11,1053,877,0.25882352941176473
57215187039,7007060970,0,0,0.0,0.0,20,17,340,11,7,341,291,0.13157894736842105
57204825661,8314479600,0,0,0.0,0.0,8,7,56,7,3,154,98,0.022727272727272728
55941514600,57207695253,0,0,0.0,0.0,4,9,36,12,2,189,71,0.06666666666666667
55022678600,56373507100,0,0,0.0,0.0,11,8,88,8,2,105,47,0.07692307692307693
57198331685,6602118481,0,0,0.0,0.0,14,8,112,10,4,469,83,0.25
55413466200,57222377612,0,3,0.2,0.6581835989015519,11,7,77,5,1,54,22,0.23076923076923078
57188415100,57192587200,0,0,0.0,0.0,27,1,27,8,2,153,21,0.0
57204637412,6602787349,0,0,0.0,0.0,7,16,112,12,6,473,163,0.13513513513513514
57219130663,57819337000,0,0,0.0,0.0,8,7,56,5,1,99,41,0.0
57207764547,57211715117,0,0,0.0,0.0,5,23,115,9,7,201,185,0.03125
55907520600,57217485254,0,0,0.0,0.0,17,11,187,11,3,248,120,0.06
57212611089,8580703200,0,0,0.0,0.0,17,13,221,13,1,468,222,0.17073170731707318
56897081100,6503985128,0,0,0.0,0.0,6,2,12,11,7,481,413,0.06779661016949153
57469952900,7404608099,0,0,0.0,0.0,6,16,96,21,19,1561,1543,0.013157894736842105
57204515495,57207764447,0,0,0.0,0.0,3,8,24,3,1,29,11,0.10526315789473684
57208147782,57212462957,0,0,0.0,0.0,9,8,72,11,1,139,27,0.0
22733536400,57211214455,0,0,0.0,0.0,3,39,117,10,8,212,172,0.0
57215693018,6506670264,0,0,0.0,0.0,2,79,158,13,11,471,461,0.06976744186046512
47361218700,57222670928,0,0,0.0,0.0,8,1,8,5,1,124,4,0.05
56525306900,57220131805,0,0,0.0,0.0,5,1,5,7,1,82,40,0.0
57211132197,57223276586,0,0,0.0,0.0,11,4,44,7,3,178,120,0.0
57195933421,7202395510,0,0,0.0,0.0,3,6,18,4,0,26,6,0.0392156862745098
55344658600,57205109869,0,0,0.0,0.0,3,3,9,7,3,88,62,0.02
56983023200,57215769602,0,0,0.0,0.0,10,2,20,5,3,256,252,0.0
36675600000,56211390500,0,0,0.0,0.0,4,5,20,3,1,32,30,0.05555555555555555
55930258000,57208164122,0,0,0.0,0.0,10,14,140,7,3,448,280,0.13333333333333333
54783486600,57194833881,0,0,0.0,0.0,8,6,48,11,5,145,91,0.058823529411764705
35185387700,57201007272,0,0,0.0,0.0,3,15,45,7,3,177,119,0.025974025974025976
57205063868,6603311220,0,0,0.0,0.0,6,42,252,20,16,1128,1088,0.0784313725490196
34875664600,57289768100,0,0,0.0,0.0,12,6,72,8,0,175,105,0.14814814814814814
55220687000,7004427430,0,0,0.0,0.0,7,12,84,13,5,691,601,0.017857142857142856
56399167300,56942451600,0,0,0.0,0.0,2,6,12,4,2,33,25,0.24
57039962300,57217224230,0,0,0.0,0.0,5,3,15,8,4,167,53,0.0
35419894800,57915019800,0,0,0.0,0.0,40,2,80,12,8,451,405,0.0
57198412586,57208036984,0,0,0.0,0.0,7,13,91,4,0,80,42,0.07692307692307693
53983638600,6506214929,0,0,0.0,0.0,2,28,56,7,3,89,69,0.1111111111111111
52263339900,6601977808,0,0,0.0,0.0,43,37,1591,31,3,2479,1551,0.08108108108108109
53263670000,57202785952,0,0,0.0,0.0,7,12,84,10,2,156,70,0.02
55345608100,57221869886,0,0,0.0,0.0,2,1,2,4,0,19,1,0.0
55328939800,6603160075,0,0,0.0,0.0,4,27,108,13,9,311,293,0.10416666666666667
36991101500,55320076100,0,0,0.0,0.0,41,1,41,27,23,2668,2638,0.023255813953488372
57188711784,57203924074,0,0,0.0,0.0,4,29,116,23,9,906,626,0.046511627906976744
57195197340,57215106726,0,0,0.0,0.0,5,3,15,6,2,71,27,0.037037037037037035
57190029635,57203165474,0,0,0.0,0.0,1,9,9,4,0,52,18,0.0625
57192083628,58175035500,0,0,0.0,0.0,10,5,50,6,2,131,109,0.0
57200208907,57219387197,0,0,0.0,0.0,5,20,100,5,1,55,3,0.0
58919213900,7005637352,0,0,0.0,0.0,1,50,50,12,10,474,470,0.013333333333333334
56012624400,57205197486,0,0,0.0,0.0,15,10,150,20,2,633,185,0.08771929824561403
57205202353,57215043417,0,0,0.0,0.0,1,4,4,3,1,55,25,0.0
55367728700,7103294844,0,0,0.0,0.0,1,19,19,6,4,106,84,0.017241379310344827
56674598600,57214183066,0,0,0.0,0.0,28,2,56,9,5,135,83,0.0
56194942000,57195239694,0,0,0.0,0.0,9,10,90,12,4,263,59,0.08888888888888889
55999384600,57193110663,0,0,0.0,0.0,8,33,264,15,11,492,440,0.09375
57220933497,57865339700,0,0,0.0,0.0,8,4,32,6,0,73,1,0.0
56020397800,57207728602,0,0,0.0,0.0,23,11,253,8,4,432,32,0.043478260869565216
55446662500,56539945500,0,0,0.0,0.0,5,15,75,9,5,158,124,0.10344827586206896
57192872816,57205501448,0,0,0.0,0.0,3,7,21,8,2,169,25,0.037037037037037035
56423543100,57193681931,0,0,0.0,0.0,9,1,9,6,2,91,25,0.0
57211450084,57213546459,0,0,0.0,0.0,2,14,28,4,2,40,36,0.047619047619047616
57218566681,57794115600,0,0,0.0,0.0,2,7,14,5,1,58,2,0.25
57201617982,7003958646,0,0,0.0,0.0,4,40,160,15,11,535,523,0.05
57206787157,57211638107,0,0,0.0,0.0,9,3,27,4,0,130,90,0.0
57312048600,57982355200,0,0,0.0,0.0,8,5,40,6,0,65,19,0.045454545454545456
57219601317,57322942600,0,0,0.0,0.0,5,4,20,5,1,58,2,0.0
25635426900,35410389400,0,0,0.0,0.0,5,3,15,4,2,35,1,0.05714285714285714
56418579500,57214180080,0,0,0.0,0.0,18,7,126,13,5,357,21,0.35714285714285715
56053126600,7005233332,0,0,0.0,0.0,9,5,45,9,5,181,27,0.07142857142857142
57117892400,57212492905,0,0,0.0,0.0,12,20,240,9,1,138,30,0.15384615384615385
56469166500,56529093700,0,0,0.0,0.0,6,2,12,5,1,335,319,0.02702702702702703
56394965400,57396461300,0,0,0.0,0.0,6,2,12,6,4,115,111,0.045454545454545456
55607369800,56320719800,0,0,0.0,0.0,2,25,50,14,6,432,276,0.0392156862745098
58491983900,6603110227,0,0,0.0,0.0,4,23,92,12,8,311,263,0.08333333333333333
57435766000,58037639700,0,0,0.0,0.0,7,1,7,3,1,40,18,0.16666666666666666
55992177600,57219437153,0,0,0.0,0.0,10,7,70,11,1,519,283,0.16666666666666666
57201068285,57209244219,0,0,0.0,0.0,8,3,24,4,0,49,11,0.16666666666666666
57211638107,57218159427,0,0,0.0,0.0,3,18,54,6,2,153,67,0.0
57203711586,57915534600,0,0,0.0,0.0,10,7,70,3,1,14,2,0.16666666666666666
57197767979,57201298715,0,0,0.0,0.0,19,8,152,7,1,163,3,0.058823529411764705
57215148037,59158332000,0,0,0.0,0.0,3,6,18,3,1,57,49,0.1
24381682400,36844104900,0,0,0.0,0.0,15,27,405,22,0,856,294,0.08695652173913043
56525306900,6603835270,0,0,0.0,0.0,5,21,105,9,1,159,37,0.15873015873015872
57207047002,59662914500,0,0,0.0,0.0,4,1,4,4,0,113,9,0.0
57147359700,57226577471,0,0,0.0,0.0,3,3,9,7,3,158,84,0.045454545454545456
57218246541,57226109813,0,0,0.0,0.0,5,5,25,7,1,189,119,0.25
52363632600,57573282600,0,0,0.0,0.0,2,8,16,5,3,151,145,0.14285714285714285
56728918000,57220184531,0,0,0.0,0.0,7,9,63,9,1,176,46,0.16666666666666666
56453211700,57211317466,0,0,0.0,0.0,9,1,9,10,2,152,32,0.1875
57204520499,7202811057,0,0,0.0,0.0,4,2,8,5,1,67,41,0.16666666666666666
26666280700,56549855500,0,0,0.0,0.0,8,14,112,7,5,98,88,0.015625
55257393500,57220131805,0,0,0.0,0.0,48,1,48,16,10,523,481,0.0
6701670128,7006827604,0,5,0.054945054945054944,1.1976817807421198,73,23,1679,16,12,653,435,0.5
54986324600,57195237565,0,0,0.0,0.0,10,17,170,8,2,136,42,0.05128205128205128
56748079300,57226744981,0,0,0.0,0.0,5,7,35,3,1,28,18,0.0
25931183500,56253057200,0,0,0.0,0.0,2,21,42,5,1,49,13,0.06666666666666667
57201857610,6603267560,0,0,0.0,0.0,3,14,42,11,9,458,382,0.018518518518518517
57211205211,57340458500,0,0,0.0,0.0,7,3,21,5,1,53,11,0.0625
15020462500,36911445600,0,0,0.0,0.0,8,10,80,6,0,77,9,0.13333333333333333
36868722700,57349073900,0,0,0.0,0.0,16,5,80,3,1,54,50,0.0
16300561800,36627561600,0,0,0.0,0.0,6,35,210,17,13,598,558,0.10526315789473684
55361659900,57940387600,0,0,0.0,0.0,19,7,133,9,5,174,160,0.0
55861003600,57965324800,0,0,0.0,0.0,5,10,50,5,1,36,8,0.047619047619047616
35495208900,57103759600,0,0,0.0,0.0,2,1,2,6,2,125,97,0.04878048780487805
26634884900,57190340003,0,2,0.021052631578947368,0.47490542666041674,88,9,792,17,11,1504,1324,0.08620689655172414
57210841993,57211482914,0,0,0.0,0.0,5,17,85,9,1,199,83,0.03225806451612903
57200960068,57209661009,0,0,0.0,0.0,5,3,15,6,0,85,23,0.05555555555555555
57218316668,57935374200,0,0,0.0,0.0,5,2,10,3,1,46,40,0.0
35112646100,56487308200,0,0,0.0,0.0,4,3,12,7,1,231,99,0.25
35546900100,57218883509,0,0,0.0,0.0,26,5,130,14,10,534,354,0.0
57185805600,8630861900,0,0,0.0,0.0,4,10,40,6,0,100,32,0.1111111111111111
55424695500,57193011001,0,0,0.0,0.0,29,15,435,20,12,558,450,0.027777777777777776
57226449174,6505980963,0,0,0.0,0.0,11,21,231,8,2,126,22,0.0625
57189391159,7003958646,0,0,0.0,0.0,6,40,240,17,9,605,453,0.10869565217391304
55933913700,57094031700,0,0,0.0,0.0,3,19,57,12,8,312,176,0.041666666666666664
55979356800,57201057880,0,0,0.0,0.0,3,11,33,18,12,789,713,0.14754098360655737
57352592100,6701557594,0,0,0.0,0.0,1,5,5,7,3,351,189,0.03636363636363636
57156113400,57211245221,0,0,0.0,0.0,5,5,25,4,2,39,37,0.16666666666666666
57205158107,58659151000,0,0,0.0,0.0,13,3,39,4,2,48,46,0.0
55886033100,57206039206,0,0,0.0,0.0,14,7,98,12,8,465,265,0.03333333333333333
57218272578,7801614854,0,0,0.0,0.0,3,18,54,6,0,92,48,0.0
35563352400,57195230065,0,0,0.0,0.0,9,1,9,6,2,359,33,0.0
57198781913,57204575069,0,0,0.0,0.0,3,2,6,4,0,67,5,0.0
57218196293,57220109247,0,0,0.0,0.0,1,5,5,7,1,91,47,0.07142857142857142
55204775100,57215291483,0,0,0.0,0.0,19,13,247,18,4,656,246,0.16
57429841700,8666782100,0,0,0.0,0.0,1,43,43,17,15,807,781,0.02127659574468085
37018663100,6602825456,0,0,0.0,0.0,8,12,96,4,0,60,14,0.0425531914893617
24476818100,57835487300,0,0,0.0,0.0,10,6,60,6,4,166,158,0.0
40361398000,54996034100,0,0,0.0,0.0,1,14,14,9,1,217,81,0.1891891891891892
57218363515,57224157586,0,0,0.0,0.0,5,9,45,4,0,14,0,0.09090909090909091
57219790908,6507063353,0,0,0.0,0.0,1,14,14,8,4,125,103,0.02564102564102564
54901949900,57214861450,0,0,0.0,0.0,5,6,30,6,2,93,37,0.0
55969994800,57190799130,0,0,0.0,0.0,2,40,80,12,4,349,15,0.020833333333333332
52364875700,56009911300,0,0,0.0,0.0,0,3,0,4,0,52,36,0.19047619047619047
12801111200,57194679642,0,0,0.0,0.0,14,5,70,12,6,339,69,0.0
39961139400,57193088911,0,0,0.0,0.0,1,15,15,9,1,114,40,0.08823529411764706
56489989200,57195494051,0,0,0.0,0.0,8,1,8,6,2,77,19,0.0
55936832400,57194112908,0,0,0.0,0.0,22,4,88,13,5,237,49,0.16216216216216217
10143354000,57214717827,0,0,0.0,0.0,144,4,576,24,22,1156,1146,0.0
14033894900,57219639268,0,0,0.0,0.0,3,1,3,5,1,71,23,0.0
57095642900,7005355323,0,0,0.0,0.0,2,22,44,12,4,360,276,0.014492753623188406
57497371000,6603351261,0,0,0.0,0.0,2,4,8,3,3,32,32,0.1
57195904455,57203520233,0,0,0.0,0.0,8,14,112,5,1,83,69,0.0
57673036900,6603449202,0,0,0.0,0.0,5,6,30,7,3,321,233,0.07894736842105263
57203246888,57216584870,0,0,0.0,0.0,1,18,18,6,2,70,46,0.0
57216755559,6506893389,0,0,0.0,0.0,10,7,70,12,8,496,378,0.125
57192163082,58445911900,0,0,0.0,0.0,5,6,30,5,1,118,6,0.09090909090909091
57217127541,57893972000,0,0,0.0,0.0,9,4,36,5,1,54,18,0.2
57191868264,6701632574,0,0,0.0,0.0,2,19,38,8,6,268,264,0.0
57203897353,6507790545,0,0,0.0,0.0,4,10,40,4,0,54,34,0.0
42361850800,57196045519,0,0,0.0,0.0,8,5,40,9,3,166,102,0.0
58087833600,9239516400,0,0,0.0,0.0,4,12,48,7,3,80,66,0.07692307692307693
55636320349,57215417733,0,0,0.0,0.0,33,1,33,13,9,807,435,0.15151515151515152
13612663800,57219379425,0,0,0.0,0.0,22,24,528,10,2,200,68,0.04918032786885246
57948002100,7801369283,0,0,0.0,0.0,5,13,65,5,1,40,20,0.0
56292043700,57224646930,0,0,0.0,0.0,3,4,12,5,1,64,2,0.0
57131351600,57202776363,0,1,0.06666666666666667,0.209243389805969,6,10,60,14,2,884,290,0.16326530612244897
35473251400,57203489818,0,0,0.0,0.0,8,6,48,4,2,47,23,0.0
55315642100,57558221300,0,0,0.0,0.0,8,5,40,5,1,137,87,0.02564102564102564
57226350513,57226732619,0,0,0.0,0.0,0,14,0,3,1,14,6,0.0
56443460800,8059496300,0,0,0.0,0.0,3,53,159,20,16,1023,943,0.038461538461538464
12796793300,9734887600,0,0,0.0,0.0,10,12,120,5,1,101,7,0.041666666666666664
57188482200,57222501287,0,0,0.0,0.0,7,12,84,5,1,108,54,0.1111111111111111
19933786000,57715757800,0,0,0.0,0.0,12,4,48,8,6,179,177,0.027777777777777776
56664043200,57209714947,0,0,0.0,0.0,37,8,296,10,4,201,163,0.037037037037037035
57214889617,57220418694,0,0,0.0,0.0,10,17,170,7,3,186,68,0.0
57215306945,57218161512,0,0,0.0,0.0,2,2,4,3,1,54,4,0.0
57192179573,57493412400,0,0,0.0,0.0,8,2,16,6,2,151,1,0.0
56168942900,57212537459,0,0,0.0,0.0,8,4,32,5,1,43,29,0.058823529411764705
36462959600,57205440547,0,0,0.0,0.0,2,1,2,4,0,36,4,0.17647058823529413
57211262772,57757849200,0,0,0.0,0.0,5,6,30,6,4,105,99,0.07692307692307693
58824549100,7007060094,0,0,0.0,0.0,1,5,5,4,0,19,1,0.08823529411764706
56605875600,57223309138,0,0,0.0,0.0,12,12,144,4,0,62,2,0.16666666666666666
57199505943,57219023773,0,0,0.0,0.0,11,4,44,6,2,49,3,0.0
57214178608,57217782102,0,0,0.0,0.0,6,1,6,4,0,102,28,0.0
54583188600,57200935294,0,1,0.05555555555555555,0.22755980665670933,8,11,88,11,7,328,182,0.18604651162790697
57194854340,57206783797,0,0,0.0,0.0,1,6,6,4,2,69,27,0.0
57194742238,57215362609,0,0,0.0,0.0,5,5,25,5,1,87,65,0.0
57210956628,57310745900,0,0,0.0,0.0,9,3,27,3,1,40,20,0.0
57193213089,57215306945,0,0,0.0,0.0,3,2,6,3,1,301,243,0.0
35609932800,46861477300,0,0,0.0,0.0,7,2,14,7,3,128,26,0.07692307692307693
57197858027,57208149153,0,0,0.0,0.0,10,2,20,9,5,213,129,0.03571428571428571
57221993670,6508083361,0,0,0.0,0.0,9,1,9,5,1,71,57,0.0
25932177400,57212418884,0,0,0.0,0.0,29,7,203,20,14,1530,1434,0.0
57203257068,57212549528,0,0,0.0,0.0,1,8,8,5,1,44,8,0.0
57222998015,6602275550,0,0,0.0,0.0,4,6,24,4,0,30,14,0.06666666666666667
34768087000,57213692823,0,0,0.0,0.0,0,11,0,8,2,179,149,0.14545454545454545
55262959400,56957702700,0,0,0.0,0.0,4,7,28,5,1,57,21,0.0
57194101972,57221571136,0,0,0.0,0.0,12,7,84,6,6,112,112,0.058823529411764705
54583306200,57209860294,0,0,0.0,0.0,3,16,48,11,7,277,201,0.2727272727272727
24476818100,57202254217,0,0,0.0,0.0,10,6,60,12,2,389,65,0.0392156862745098
56674832400,56790133000,0,0,0.0,0.0,5,4,20,7,3,79,29,0.07407407407407407
37110131400,6508228018,0,0,0.0,0.0,13,56,728,23,11,1094,598,0.125
55981667500,7102205549,0,0,0.0,0.0,31,12,372,20,2,657,135,0.041666666666666664
6602553851,7004194383,0,0,0.0,0.0,2,3,6,6,2,67,3,0.2808988764044944
57188961791,57220434860,0,0,0.0,0.0,4,9,36,3,1,40,38,0.0
57194855038,6603873202,0,0,0.0,0.0,14,11,154,12,4,284,126,0.04878048780487805
36971878100,57205162626,0,0,0.0,0.0,1,9,9,11,1,428,124,0.05084745762711865
56211110600,57212585521,0,0,0.0,0.0,3,10,30,6,0,131,41,0.022222222222222223
57190026512,57202731272,0,0,0.0,0.0,25,6,150,17,13,491,465,0.08
57224576738,6603912395,0,0,0.0,0.0,8,11,88,7,3,209,117,0.0
57201153334,57204349370,0,0,0.0,0.0,7,15,105,13,1,306,32,0.05263157894736842
57204068654,58175035500,0,0,0.0,0.0,3,5,15,3,1,55,33,0.125
57212104592,57216841198,0,0,0.0,0.0,3,6,18,5,1,74,46,0.0
57203173708,60152072400,0,0,0.0,0.0,9,4,36,2,2,17,17,0.0
57212611089,58298376900,0,0,0.0,0.0,17,6,102,9,5,375,315,0.043478260869565216
54786143800,57216292992,0,0,0.0,0.0,3,9,27,3,1,17,13,0.0
57202129227,57210706661,0,0,0.0,0.0,10,3,30,11,5,409,171,0.06666666666666667
57188643984,6504280283,0,1,0.0072992700729927005,0.17637054703334476,48,90,4320,17,3,536,84,0.09090909090909091
57225923318,7006572404,0,0,0.0,0.0,16,2,32,8,0,204,64,0.05263157894736842
36163560500,56688575600,0,0,0.0,0.0,1,14,14,10,4,169,49,0.15151515151515152
57211014966,57214183066,0,0,0.0,0.0,3,2,6,4,0,68,16,0.0625
57217011143,57226350513,0,0,0.0,0.0,6,0,0,5,1,24,4,0.0
55312463700,57534636400,0,0,0.0,0.0,45,2,90,14,10,358,230,0.02040816326530612
57209799600,57221552670,0,0,0.0,0.0,14,18,252,9,3,229,119,0.06060606060606061
52264226300,57220896417,0,0,0.0,0.0,9,6,54,6,4,122,26,0.11538461538461539
18436233000,59795716700,0,0,0.0,0.0,6,5,30,4,0,36,4,0.08333333333333333
57203599101,59851417600,0,0,0.0,0.0,1,6,6,4,0,107,29,0.0
56650773000,7004427430,0,0,0.0,0.0,3,12,36,6,2,60,30,0.023255813953488372
57202424701,57218551907,0,0,0.0,0.0,0,5,0,5,1,75,13,0.0
57195457711,57558221300,0,0,0.0,0.0,6,5,30,6,2,84,34,0.0
55690757700,57209447843,0,0,0.0,0.0,1,3,3,3,1,44,40,0.12903225806451613
37561153100,56025568600,0,0,0.0,0.0,14,6,84,6,0,236,134,0.025
57207008535,57217138390,0,0,0.0,0.0,10,2,20,6,0,79,13,0.0
57670853800,8717065900,0,0,0.0,0.0,2,6,12,7,3,80,58,0.08823529411764706
56610376800,7103109872,0,0,0.0,0.0,14,4,56,8,2,176,30,0.08823529411764706
57212197546,57221712438,0,0,0.0,0.0,13,17,221,7,1,120,54,0.0
57191991115,59606597200,0,0,0.0,0.0,12,7,84,7,1,96,36,0.0
23013587700,57218325471,0,0,0.0,0.0,18,3,54,6,0,47,7,0.06060606060606061
56209004700,57208142802,0,0,0.0,0.0,14,17,238,9,1,167,3,0.05405405405405406
56954622400,57200121227,0,0,0.0,0.0,1,7,7,3,1,22,16,0.0
57204929759,57328979700,0,0,0.0,0.0,3,10,30,6,4,70,64,0.041666666666666664
57200164025,57213619626,0,0,0.0,0.0,5,16,80,7,1,115,5,0.5714285714285714
36965913900,56262841300,0,0,0.0,0.0,0,11,0,6,2,127,85,0.03225806451612903
35145814800,57219446439,0,0,0.0,0.0,16,13,208,21,7,814,646,0.023255813953488372
54408304200,57204897122,0,0,0.0,0.0,1,13,13,11,5,354,320,0.08108108108108109
54405056900,57120078000,0,0,0.0,0.0,11,1,11,4,0,128,108,0.0
57192918558,57215105099,0,0,0.0,0.0,7,4,28,9,1,280,184,0.043478260869565216
56435771100,57221862956,0,0,0.0,0.0,1,8,8,4,0,78,36,0.0
57204446271,57214187811,0,0,0.0,0.0,7,4,28,4,0,86,26,0.0
57202901050,6508289518,0,0,0.0,0.0,9,5,45,3,1,34,10,0.09411764705882353
57215066418,57223009414,0,0,0.0,0.0,4,4,16,4,0,171,149,0.0
57214187155,59454890900,0,0,0.0,0.0,50,3,150,4,2,84,36,0.09523809523809523
57205501448,57215093791,0,0,0.0,0.0,7,3,21,5,1,227,83,0.2857142857142857
57189220102,57196442016,0,0,0.0,0.0,7,3,21,8,2,205,5,0.0
15755373400,57213767003,0,0,0.0,0.0,22,4,88,8,4,113,89,0.047619047619047616
22733536400,57193213489,0,0,0.0,0.0,3,12,36,6,4,127,87,0.0
33368324200,57188643984,0,0,0.0,0.0,33,48,1584,17,3,541,89,0.2
57094160700,57193207695,0,0,0.0,0.0,4,6,24,5,1,73,35,0.16
55946024800,57219182019,0,0,0.0,0.0,24,8,192,11,3,351,103,0.0
55986627700,57200889937,0,1,0.038461538461538464,0.30341307554227914,20,7,140,7,3,140,112,0.26666666666666666
57205690283,58869453300,0,0,0.0,0.0,5,13,65,9,5,177,45,0.12
57206888633,57221417645,0,0,0.0,0.0,3,12,36,7,3,133,111,0.0
57143765400,6506002895,0,0,0.0,0.0,9,59,531,8,0,133,3,0.0625
25822049200,56084970400,0,0,0.0,0.0,117,10,1170,26,18,1710,1550,0.19444444444444445
57210636363,58055957000,0,0,0.0,0.0,10,8,80,10,2,341,199,0.07142857142857142
56393969400,56671395200,0,0,0.0,0.0,13,9,117,16,8,850,730,0.04285714285714286
57056521300,57215537168,0,0,0.0,0.0,4,11,44,1,1,7,7,0.1111111111111111
23493442400,57218568200,0,0,0.0,0.0,24,4,96,5,1,461,421,0.0
57191492308,57221498469,0,0,0.0,0.0,12,1,12,8,4,232,214,0.11764705882352941
57196347416,57887572500,0,0,0.0,0.0,9,9,81,6,2,179,159,0.0
55351753800,56229476100,0,0,0.0,0.0,13,2,26,10,6,285,277,0.0
57190762585,57215104982,0,0,0.0,0.0,6,12,72,4,2,146,126,0.0
26967874700,34869477000,0,0,0.0,0.0,13,13,169,12,8,331,317,0.02564102564102564
55039209500,57190845377,0,0,0.0,0.0,6,1,6,9,3,180,162,0.0
57203257068,8355630100,0,0,0.0,0.0,1,1,1,5,1,72,36,0.0
55600616300,7201849882,0,0,0.0,0.0,8,27,216,12,8,333,299,0.13725490196078433
35975609800,55982391800,0,0,0.0,0.0,29,7,203,14,10,424,402,0.10638297872340426
57217681621,7006200042,0,0,0.0,0.0,1,57,57,21,19,1352,1336,0.0
44061113300,55324754000,0,0,0.0,0.0,7,14,98,6,0,465,399,0.21212121212121213
57191198857,7103315128,0,0,0.0,0.0,14,7,98,8,2,473,407,0.0
35077555400,57211695211,0,0,0.0,0.0,6,23,138,10,4,131,83,0.0
56004722300,57205565495,0,0,0.0,0.0,6,3,18,6,0,76,44,0.0
56331374700,57213267355,0,0,0.0,0.0,32,8,256,11,1,407,39,0.08108108108108109
57163855400,7004481112,0,0,0.0,0.0,3,128,384,21,11,925,697,0.021739130434782608
55189438200,57201298944,0,0,0.0,0.0,54,14,756,33,23,2127,1807,0.029411764705882353
57195473054,57207121382,0,0,0.0,0.0,1,5,5,6,0,123,51,0.0
35112646100,57217148663,0,0,0.0,0.0,4,4,16,6,2,109,23,0.06666666666666667
57125475100,57554621700,0,0,0.0,0.0,2,10,20,4,0,69,27,0.0
55334528900,59944389400,0,0,0.0,0.0,12,33,396,27,7,1564,914,0.11864406779661017
56964363600,57218419020,0,0,0.0,0.0,1,4,4,4,0,44,14,0.03333333333333333
56985399600,57192690553,0,0,0.0,0.0,1,6,6,4,0,48,20,0.018518518518518517
14056461000,57104208800,0,0,0.0,0.0,12,5,60,7,3,145,125,0.225
35997230900,6603920983,0,0,0.0,0.0,55,4,220,10,8,656,646,0.12307692307692308
56385629000,6603826892,0,0,0.0,0.0,35,14,490,22,2,669,311,0.031914893617021274
57214737063,57215316003,0,0,0.0,0.0,2,1,2,3,1,29,7,0.0
57189213896,57469952900,0,0,0.0,0.0,6,6,36,4,2,135,117,0.1111111111111111
57200599601,57214188493,0,0,0.0,0.0,3,37,111,10,4,287,245,0.0
57195148289,57201494217,0,0,0.0,0.0,2,4,8,4,0,57,9,0.11764705882352941
37561902600,57200227440,0,0,0.0,0.0,3,1,3,2,0,9,3,0.15384615384615385
57208214907,57218265161,0,0,0.0,0.0,8,1,8,9,1,155,95,0.0
57197857623,57204685924,0,0,0.0,0.0,9,1,9,9,7,140,130,0.0
36697180500,57218159309,0,0,0.0,0.0,14,1,14,6,2,73,41,0.16666666666666666
57194041971,57218886578,0,0,0.0,0.0,29,3,87,10,6,245,231,0.041666666666666664
6602498091,7202241794,0,0,0.0,0.0,6,7,42,9,5,266,72,0.19402985074626866
57202742236,57208936945,0,0,0.0,0.0,2,12,24,14,8,421,387,0.0
56084970400,57477683000,0,0,0.0,0.0,10,3,30,6,2,93,67,0.0
56927703600,57200140686,0,0,0.0,0.0,20,1,20,10,6,115,65,0.023809523809523808
27169708600,57200603691,0,0,0.0,0.0,5,5,25,6,0,79,13,0.06896551724137931
55757203600,57217224086,0,0,0.0,0.0,8,2,16,7,1,57,23,0.08571428571428572
25031854100,57264877700,0,0,0.0,0.0,3,5,15,5,1,43,9,0.0
56901169400,57965324800,0,0,0.0,0.0,2,10,20,5,1,38,10,0.09090909090909091
7102210862,8298677400,0,0,0.0,0.0,27,25,675,22,10,975,765,0.025974025974025976
15922168100,57190802420,0,0,0.0,0.0,24,4,96,19,13,769,527,0.06060606060606061
55618665400,58102558100,0,0,0.0,0.0,112,6,672,11,7,1123,1087,0.02127659574468085
57217424563,7006629961,0,0,0.0,0.0,2,11,22,4,2,26,20,0.0425531914893617
55891253400,7006097264,0,0,0.0,0.0,18,27,486,22,2,654,20,0.08163265306122448
57189631142,57219674433,0,0,0.0,0.0,7,4,28,7,3,261,249,0.05263157894736842
15838303100,55757203600,0,0,0.0,0.0,11,8,88,9,1,123,43,0.061224489795918366
56521528700,58126043600,0,0,0.0,0.0,20,5,100,10,2,335,189,0.034482758620689655
56076362200,57425394900,0,0,0.0,0.0,4,3,12,5,1,79,9,0.0
6505698418,6506028112,0,0,0.0,0.0,5,7,35,11,3,229,67,0.0
33667994000,8983451000,0,0,0.0,0.0,9,22,198,7,3,122,2,0.04
57212197438,6504786804,0,0,0.0,0.0,5,42,210,6,2,192,170,0.05
57193262849,57203527179,0,0,0.0,0.0,10,4,40,7,1,107,35,0.08333333333333333
57219674432,59313752200,0,0,0.0,0.0,2,40,80,18,14,832,820,0.0
57200619062,57429254100,0,0,0.0,0.0,13,6,78,3,1,26,14,0.0
55225014800,55861003600,0,0,0.0,0.0,37,5,185,11,5,267,223,0.24324324324324326
57200860118,57218159427,0,0,0.0,0.0,5,18,90,6,2,70,16,0.07142857142857142
6508089504,7005141725,0,0,0.0,0.0,5,27,135,8,2,131,29,0.09900990099009901
57188681176,57191205328,0,0,0.0,0.0,6,8,48,7,1,115,39,0.07142857142857142
57201668565,57215695361,0,0,0.0,0.0,9,35,315,7,1,80,22,0.0625
57212151104,59863203900,0,0,0.0,0.0,16,15,240,11,5,943,807,0.16129032258064516
57195279135,59863203900,0,0,0.0,0.0,1,15,15,7,1,193,57,0.034482758620689655
14831676900,57214188536,0,0,0.0,0.0,61,12,732,21,17,1033,973,0.11538461538461539
56253057200,57201405929,0,0,0.0,0.0,21,4,84,7,1,60,2,0.2222222222222222
26023085000,57205703793,0,0,0.0,0.0,94,4,376,27,23,2024,1966,0.0
56681872500,57999454200,0,0,0.0,0.0,6,4,24,4,0,110,80,0.0625
57193011405,57202766462,0,0,0.0,0.0,6,1,6,8,4,207,191,0.0
57196021981,57212136924,0,0,0.0,0.0,88,8,704,14,10,348,316,0.02702702702702703
55974158800,57201164017,0,0,0.0,0.0,3,1,3,6,0,71,1,0.0
56491360900,56801025900,0,0,0.0,0.0,14,6,84,7,3,138,64,0.13333333333333333
54411902000,57214190714,0,0,0.0,0.0,7,16,112,9,1,229,131,0.13793103448275862
57196049025,6601973250,0,0,0.0,0.0,15,19,285,18,4,665,315,0.05
57197768338,59263820600,0,0,0.0,0.0,12,3,36,7,3,204,176,0.0
57040829300,57194049511,0,0,0.0,0.0,1,12,12,5,1,74,8,0.034482758620689655
57191403586,57821720100,0,0,0.0,0.0,13,6,78,4,0,40,26,0.0
57211243493,57218195127,0,0,0.0,0.0,9,15,135,8,2,199,159,0.0851063829787234
56557107400,57203021622,0,0,0.0,0.0,2,6,12,4,0,64,32,0.06666666666666667
50961404100,57212021928,0,0,0.0,0.0,16,5,80,9,3,153,101,0.125
55953493500,57215106856,0,0,0.0,0.0,4,4,16,4,2,24,8,0.0625
57204392643,6507198930,0,0,0.0,0.0,5,43,215,12,8,462,50,0.0
56608729500,57899998700,0,0,0.0,0.0,10,5,50,5,1,166,138,0.07142857142857142
56089509300,57214444776,0,0,0.0,0.0,4,4,16,4,0,71,31,0.045454545454545456
57200081815,57445179700,0,0,0.0,0.0,4,2,8,4,0,48,12,0.0
57773902000,58307618500,0,0,0.0,0.0,16,4,64,4,2,14,8,0.14285714285714285
35473251400,57205695081,0,0,0.0,0.0,8,2,16,3,1,35,11,0.0
57219639268,57351582500,0,0,0.0,0.0,1,9,9,4,0,41,7,0.022727272727272728
56378542800,56469309400,0,0,0.0,0.0,68,5,340,20,16,1149,1133,0.02857142857142857
57223143495,57956116700,0,0,0.0,0.0,4,1,4,2,0,11,9,0.0
54583433300,6508364691,0,0,0.0,0.0,43,10,430,14,8,444,236,0.06382978723404255
57221865286,58481893500,0,0,0.0,0.0,8,2,16,4,0,25,13,0.047619047619047616
56116845300,6603156028,0,4,0.04938271604938271,1.4883790588712298,6,79,474,40,28,3595,2343,0.20634920634920634
54419500600,57201677202,0,0,0.0,0.0,3,1,3,5,3,47,45,0.08333333333333333
57189255162,57195071622,0,0,0.0,0.0,4,5,20,4,0,386,326,0.0
57211601878,57216658302,0,0,0.0,0.0,1,1,1,2,2,7,7,0.0625
7005228726,7006940836,0,0,0.0,0.0,12,33,396,15,7,1060,572,0.32432432432432434
16028772900,56530431400,0,0,0.0,0.0,44,7,308,20,10,639,517,0.018518518518518517
56381148600,57205640833,0,0,0.0,0.0,2,5,10,3,1,11,1,0.0
35074139100,57203678896,0,0,0.0,0.0,2,11,22,8,2,222,64,0.0
16312002800,46661131200,0,0,0.0,0.0,9,6,54,8,4,211,1,0.023809523809523808
54783486600,57204202845,0,0,0.0,0.0,8,4,32,17,1,303,67,0.08620689655172414
57192913068,57284400900,0,0,0.0,0.0,16,4,64,5,3,50,42,0.03571428571428571
57190278097,7003699883,0,0,0.0,0.0,27,61,1647,25,7,1086,768,0.175
57194769305,7004074021,0,1,0.008695652173913044,0.267546386419054,32,84,2688,26,2,809,141,0.057971014492753624
54383241100,55567301300,0,0,0.0,0.0,50,13,650,24,12,1007,787,0.06349206349206349
24167716600,57202634244,0,0,0.0,0.0,35,7,245,12,8,399,149,0.11764705882352941
43461171700,57205193634,0,0,0.0,0.0,11,6,66,18,2,385,41,0.22
56736635000,57221682183,0,0,0.0,0.0,5,6,30,6,4,128,120,0.1111111111111111
52664450800,56659215200,0,0,0.0,0.0,3,5,15,7,1,159,49,0.0
36138972900,57224370277,0,0,0.0,0.0,9,13,117,9,3,200,160,0.06060606060606061
55749596900,57217100420,0,0,0.0,0.0,21,7,147,22,18,906,886,0.1794871794871795
36480585000,56830151700,0,0,0.0,0.0,5,10,50,7,1,92,26,0.09090909090909091
57215102117,57221582133,0,0,0.0,0.0,2,5,10,6,0,34,4,0.0
55932574500,57191205328,0,0,0.0,0.0,2,8,16,7,1,233,79,0.0
55992478200,57219706579,0,0,0.0,0.0,12,3,36,10,2,311,159,0.015873015873015872
57213772876,57218164265,0,0,0.0,0.0,7,2,14,5,1,30,10,0.0
36813736000,57222744061,0,0,0.0,0.0,2,8,16,4,0,19,11,0.0
57219556250,7003450280,0,0,0.0,0.0,3,136,408,16,12,634,568,0.0
57201119804,59498534200,0,0,0.0,0.0,5,10,50,4,2,81,61,0.0
57220933497,57446732400,0,0,0.0,0.0,8,2,16,4,2,48,24,0.0
57202137592,57224831324,0,0,0.0,0.0,29,0,0,7,3,76,26,0.0
57217698482,57218194363,0,1,0.011111111111111112,0.22569202144874392,2,89,178,14,0,2218,102,0.17073170731707318
57200661409,57215108895,0,0,0.0,0.0,3,10,30,5,1,88,6,0.0
56928302200,57211342197,0,0,0.0,0.0,12,7,84,4,0,23,3,0.0
57215319242,57224477762,0,0,0.0,0.0,3,2,6,5,1,33,7,0.0
35345554700,57219717607,0,0,0.0,0.0,4,5,20,4,2,48,32,0.07142857142857142
56258914100,57203104504,0,0,0.0,0.0,8,6,48,6,0,247,5,0.15625
6603388713,7004062333,0,0,0.0,0.0,27,7,189,13,5,384,164,0.13043478260869565
57210928006,57957081700,0,0,0.0,0.0,8,2,16,5,3,84,54,0.0
57211160801,57212453508,0,0,0.0,0.0,4,5,20,4,0,36,6,0.0
57193670804,57212280266,0,0,0.0,0.0,0,6,0,4,2,160,148,0.0
57189253895,57201198471,0,0,0.0,0.0,12,33,396,11,1,147,25,0.3157894736842105
57191446190,6506382388,0,0,0.0,0.0,2,4,8,8,2,126,34,0.030303030303030304
57201719319,57719990600,0,0,0.0,0.0,24,11,264,10,6,209,193,0.043478260869565216
36986835400,57208004073,0,0,0.0,0.0,14,6,84,10,6,171,127,0.0
57201792167,57210926756,0,0,0.0,0.0,6,9,54,21,13,1706,1588,0.038461538461538464
55700283700,57218994837,0,0,0.0,0.0,3,6,18,9,5,160,142,0.08333333333333333
57193716519,57203974537,0,0,0.0,0.0,1,16,16,8,2,195,113,0.0
55654537000,6505884924,0,0,0.0,0.0,3,7,21,5,1,33,17,0.0
15045722200,24479726500,0,0,0.0,0.0,23,17,391,25,7,1044,630,0.05405405405405406
57190682714,57200565305,0,0,0.0,0.0,7,7,49,5,1,469,425,0.17647058823529413
56118064000,6701901312,0,0,0.0,0.0,7,16,112,11,7,203,163,0.15
57200188106,57204002113,0,0,0.0,0.0,6,3,18,7,3,247,157,0.125
35077555400,55221002700,0,0,0.0,0.0,6,3,18,8,2,211,163,0.11904761904761904
57215148675,6504280283,0,0,0.0,0.0,13,90,1170,14,6,376,244,0.16071428571428573
37261601200,57224941989,0,0,0.0,0.0,9,2,18,5,1,48,8,0.034482758620689655
13607606600,57222398718,0,0,0.0,0.0,26,6,156,12,8,385,287,0.02564102564102564
36492568500,57219556394,0,0,0.0,0.0,2,3,6,7,3,292,48,0.025
16202617000,55203915600,0,0,0.0,0.0,4,13,52,16,12,610,588,0.045454545454545456
55671510900,57205436615,0,0,0.0,0.0,10,6,60,10,2,174,50,0.0
57200284842,57212842237,0,0,0.0,0.0,6,5,30,3,1,117,15,0.08
36720453500,7006118189,0,0,0.0,0.0,1,22,22,9,5,173,155,0.08695652173913043
54791365300,55863857900,0,0,0.0,0.0,4,4,16,5,3,60,54,0.0
23490079100,57193064193,0,0,0.0,0.0,3,9,27,9,7,203,185,0.02702702702702703
12143506000,59158871000,0,0,0.0,0.0,20,8,160,5,3,49,31,0.0
57190062691,57199731514,0,0,0.0,0.0,10,3,30,16,8,561,339,0.0
56122157300,56973349700,0,1,0.015151515151515152,0.2749075777424936,55,12,660,20,6,586,376,0.10909090909090909
55645347300,57813436700,0,0,0.0,0.0,5,1,5,7,1,83,51,0.05263157894736842
56785606800,57224155383,0,0,0.0,0.0,7,1,7,3,1,16,10,0.0
37077016100,7003514045,0,0,0.0,0.0,6,8,48,12,8,343,309,0.041666666666666664
58201811600,6603717726,0,0,0.0,0.0,4,20,80,8,6,131,121,0.04
57217390643,7006466498,0,0,0.0,0.0,1,86,86,20,16,850,830,0.011904761904761904
55237904100,7006731667,0,0,0.0,0.0,7,2,14,14,8,365,343,0.01694915254237288
57219790908,57225024461,0,0,0.0,0.0,1,11,11,6,2,54,32,0.0
54894520000,57207031458,0,0,0.0,0.0,8,6,48,8,0,117,7,0.0
57191621886,58282114600,0,0,0.0,0.0,7,2,14,9,7,359,351,0.0
16400718100,33368250200,0,0,0.0,0.0,9,5,45,14,10,395,355,0.023809523809523808
54787646600,56089509300,0,0,0.0,0.0,53,4,212,18,14,649,547,0.12244897959183673
55848380500,57108771800,0,0,0.0,0.0,12,17,204,21,1,476,86,0.078125
57210820864,57869772300,0,0,0.0,0.0,1,8,8,4,2,35,27,0.0
55226136900,57217154962,0,0,0.0,0.0,14,5,70,5,1,79,9,0.029411764705882353
57261486200,9745198000,0,0,0.0,0.0,3,12,36,7,5,173,153,0.03225806451612903
55421047900,8449947400,0,0,0.0,0.0,9,10,90,5,1,75,57,0.11538461538461539
23093428200,57207038764,0,0,0.0,0.0,4,6,24,4,0,121,79,0.0625
48360967300,7005586609,0,0,0.0,0.0,7,4,28,9,5,113,77,0.0
55930258000,56830151700,0,0,0.0,0.0,10,10,100,9,1,143,25,0.10526315789473684
57193922486,57200513614,0,0,0.0,0.0,5,3,15,5,1,48,34,0.0
57194798214,57213171709,0,0,0.0,0.0,5,7,35,5,1,404,320,0.09375
16022155700,57208722115,0,0,0.0,0.0,16,6,96,18,14,762,708,0.0
57221520155,57225115048,0,0,0.0,0.0,4,3,12,4,0,64,4,0.0
57200728212,57218172060,0,0,0.0,0.0,9,23,207,8,4,148,42,0.0625
55446662500,57194020360,0,0,0.0,0.0,5,5,25,4,0,21,13,0.0
57197749404,57211980770,0,0,0.0,0.0,8,1,8,7,3,141,81,0.14814814814814814
57214185812,7003980008,0,0,0.0,0.0,7,31,217,22,14,1052,890,0.04225352112676056
42361850800,57200516957,0,0,0.0,0.0,8,14,112,8,2,135,71,0.13793103448275862
55224067300,6701335257,0,0,0.0,0.0,3,5,15,4,0,64,12,0.12
55811278600,57210186381,0,0,0.0,0.0,6,7,42,4,0,62,36,0.0
57220208183,57364236700,0,0,0.0,0.0,2,2,4,3,1,31,5,0.0
35453890900,36192068600,0,0,0.0,0.0,26,3,78,15,3,564,20,0.020833333333333332
55878047800,57201901874,0,0,0.0,0.0,34,4,136,9,3,125,35,0.05
16038883100,57192679655,0,0,0.0,0.0,6,54,324,11,3,348,208,0.05555555555555555
57094717800,7004952714,0,0,0.0,0.0,11,4,44,5,1,69,5,0.0
55338934900,57204629917,0,0,0.0,0.0,6,3,18,6,4,89,55,0.11764705882352941
57202054317,8298677400,0,0,0.0,0.0,17,25,425,21,11,1055,685,0.017241379310344827
57195904455,57212389835,0,0,0.0,0.0,8,3,24,4,0,220,206,0.1111111111111111
57212172859,57214191892,0,0,0.0,0.0,6,13,78,4,0,85,5,0.0
57218854980,57219187761,0,0,0.0,0.0,2,8,16,6,4,126,94,0.10526315789473684
55672416800,57191621886,0,0,0.0,0.0,11,7,77,10,6,437,273,0.0
57215907509,57222248811,0,0,0.0,0.0,5,1,5,3,1,11,5,0.0
57191498025,57204088786,0,0,0.0,0.0,18,30,540,14,8,421,375,0.09090909090909091
57191557302,57217208569,0,0,0.0,0.0,6,10,60,5,1,86,4,0.0
55587917400,7006012333,0,0,0.0,0.0,22,44,968,29,23,1994,1944,0.0967741935483871
25822598300,57200641844,0,0,0.0,0.0,20,9,180,15,7,505,217,0.030303030303030304
56414682100,57219974632,0,0,0.0,0.0,3,6,18,5,1,102,64,0.038461538461538464
55257149800,56380525500,0,0,0.0,0.0,13,21,273,18,8,580,300,0.1111111111111111
56703525900,6602487131,0,0,0.0,0.0,0,6,0,21,5,2142,580,0.02040816326530612
36597892800,57200422818,0,0,0.0,0.0,4,9,36,9,3,721,555,0.08333333333333333
55507423800,57188961791,0,0,0.0,0.0,16,4,64,13,11,404,402,0.029411764705882353
55202981400,56505483400,0,0,0.0,0.0,1,7,7,25,19,2216,2096,0.20408163265306123
57217120265,7202320552,0,0,0.0,0.0,20,2,40,7,1,88,8,0.029411764705882353
55974158800,57208035064,0,0,0.0,0.0,3,13,39,5,1,80,10,0.037037037037037035
57218707376,7102802523,0,0,0.0,0.0,5,6,30,6,0,115,21,0.0
57194761603,57201429583,0,0,0.0,0.0,4,1,4,3,1,30,22,0.0
57201237275,57210390541,0,0,0.0,0.0,3,1,3,9,5,6737,6691,0.03571428571428571
54791045400,57191888376,0,0,0.0,0.0,13,4,52,22,20,1390,1360,0.0
57221951393,6602828632,0,0,0.0,0.0,5,30,150,15,11,549,449,0.10638297872340426
44961160900,57200415234,0,0,0.0,0.0,20,9,180,6,4,74,62,0.02857142857142857
44760952200,57263403000,0,0,0.0,0.0,18,3,54,14,6,418,258,0.0
55932949800,56768212800,0,0,0.0,0.0,24,5,120,25,21,2565,2537,0.0
56009911300,57226680783,0,0,0.0,0.0,3,8,24,6,2,71,55,0.07407407407407407
57214178886,57216404490,0,0,0.0,0.0,1,6,6,4,0,116,104,0.0
57190987523,57193613314,0,0,0.0,0.0,9,2,18,7,3,263,19,0.0
35507950000,57215300006,0,0,0.0,0.0,10,11,110,15,11,1634,1506,0.034482758620689655
15849625600,58336590900,0,0,0.0,0.0,66,4,264,13,9,750,722,0.05405405405405406
57192896977,57211003908,0,0,0.0,0.0,1,4,4,8,4,133,5,0.0
57224583512,57837726300,0,0,0.0,0.0,1,11,11,3,1,15,3,0.0
57221104876,7102098015,0,0,0.0,0.0,5,17,85,10,6,224,178,0.0
54783293900,55618871000,0,0,0.0,0.0,2,2,4,4,0,30,4,0.0
37055346900,57217436523,0,2,0.13333333333333333,0.7385387461377101,12,5,60,4,2,72,54,0.2631578947368421
56693891900,57220921306,0,0,0.0,0.0,5,1,5,7,3,94,72,0.0967741935483871
55814885800,57191362485,0,0,0.0,0.0,10,12,120,13,9,318,304,0.0
57205202353,57219601317,0,0,0.0,0.0,1,5,5,3,1,45,15,0.0
57194265142,57218593408,0,0,0.0,0.0,6,3,18,6,2,106,90,0.0
55890179600,7004904297,0,0,0.0,0.0,9,8,72,7,3,209,121,0.13793103448275862
57208717781,7004062139,0,0,0.0,0.0,3,41,123,16,4,338,192,0.0625
57210735919,57219485718,0,0,0.0,0.0,3,6,18,7,1,69,17,0.03125
35588917000,56369064100,0,0,0.0,0.0,12,1,12,12,2,293,111,0.125
23570399700,57193207695,0,0,0.0,0.0,16,6,96,8,2,169,61,0.017543859649122806
56524948400,57190441690,0,0,0.0,0.0,9,19,171,8,2,159,41,0.045454545454545456
22938031400,57204693093,0,0,0.0,0.0,60,1,60,9,5,183,85,0.08823529411764706
57211167870,57214798137,0,0,0.0,0.0,16,6,96,8,0,148,44,0.14814814814814814
57210285313,58395292000,0,0,0.0,0.0,8,1,8,8,6,195,185,0.0
37099155100,7004767629,0,0,0.0,0.0,22,21,462,19,7,968,766,0.05333333333333334
57190983870,6603787466,0,0,0.0,0.0,12,6,72,6,2,60,20,0.08823529411764706
57208263840,6603037978,0,0,0.0,0.0,2,3,6,6,2,802,734,0.029850746268656716
57203547083,57289236600,0,0,0.0,0.0,2,8,16,5,1,27,13,0.06666666666666667
57206144971,57215683523,0,0,0.0,0.0,6,11,66,14,8,464,274,0.3064516129032258
57195480765,57202604681,0,0,0.0,0.0,5,2,10,3,1,221,219,0.0
25639998500,7102251118,0,0,0.0,0.0,4,2,8,4,0,27,5,0.16129032258064516
57195282664,57210284271,0,0,0.0,0.0,4,18,72,7,1,138,44,0.045454545454545456
57206187560,6701901312,0,1,0.05555555555555555,0.3898712452512801,3,16,48,11,7,193,173,0.05405405405405406
57200369542,7006912075,0,0,0.0,0.0,1,11,11,23,23,3703,3703,0.0
56346968400,57208004073,0,0,0.0,0.0,4,6,24,6,2,141,97,0.0
56012624400,57195550569,0,0,0.0,0.0,15,2,30,13,9,430,388,0.10666666666666667
29767703100,57200159075,0,0,0.0,0.0,17,3,51,21,17,1407,1179,0.0
36612953000,57206845679,0,0,0.0,0.0,5,3,15,7,1,211,115,0.0
57195442657,57219088940,0,0,0.0,0.0,170,2,340,21,9,755,433,0.20634920634920634
56053126600,57216289923,0,0,0.0,0.0,9,5,45,6,2,104,50,0.0967741935483871
55927927000,57214192991,0,0,0.0,0.0,3,41,123,3,3,223,223,0.13636363636363635
57195568405,6603839720,0,0,0.0,0.0,8,54,432,38,18,3351,1659,0.17045454545454544
58919213900,60106470500,0,0,0.0,0.0,1,5,5,7,5,219,215,0.2
36625829300,7006683766,0,2,0.06896551724137931,0.7947428852085272,11,20,220,8,2,116,62,0.06666666666666667
57218300529,8948536400,0,0,0.0,0.0,36,13,468,10,4,209,69,0.05555555555555555
57189215849,57205218245,0,0,0.0,0.0,6,6,36,9,3,213,53,0.15555555555555556
57206239200,7006177272,0,0,0.0,0.0,5,80,400,19,17,1010,978,0.0
57202195479,58192215200,0,0,0.0,0.0,4,2,8,6,2,81,59,0.05263157894736842
57198412586,57204073157,0,0,0.0,0.0,7,10,70,6,2,93,29,0.14285714285714285
57223912375,57224302699,0,0,0.0,0.0,0,2,0,4,0,21,3,0.0
55886033100,57483730300,0,0,0.0,0.0,14,5,70,10,10,365,365,0.037037037037037035
55514754800,57205739069,0,0,0.0,0.0,49,27,1323,26,6,1016,654,0.08928571428571429
57200227440,57217546552,0,0,0.0,0.0,1,5,5,8,6,218,206,0.0
35308026500,6603356492,0,0,0.0,0.0,4,4,16,13,7,229,169,0.05357142857142857
57218378776,6506736837,0,0,0.0,0.0,2,57,114,22,20,1401,1387,0.009615384615384616
55574026000,56349737900,0,0,0.0,0.0,31,6,186,12,8,330,320,0.05555555555555555
57205369615,6701418900,0,0,0.0,0.0,7,13,91,5,1,110,90,0.0
55886033100,57218265161,0,0,0.0,0.0,14,1,14,14,6,395,335,0.0
57197499872,9743081700,0,0,0.0,0.0,17,19,323,17,11,602,520,0.1111111111111111
56421487000,6504311468,0,5,0.06944444444444445,1.0210949967438374,15,62,930,9,3,218,14,0.19230769230769232
57210186381,57212460388,0,0,0.0,0.0,7,24,168,15,11,553,527,0.0
57201421643,57214861984,0,0,0.0,0.0,6,5,30,3,1,79,71,0.0
36973301500,57203416958,0,0,0.0,0.0,4,3,12,6,0,115,77,0.0
35085431000,57205575907,0,0,0.0,0.0,3,5,15,5,1,84,16,0.07407407407407407
57203923646,8223664400,0,0,0.0,0.0,8,35,280,13,9,393,339,0.023809523809523808
57203678896,57218582698,0,0,0.0,0.0,11,5,55,6,4,145,141,0.0
56461326000,6507278254,0,0,0.0,0.0,3,2,6,7,1,236,128,0.02702702702702703
56131381100,6602638796,0,0,0.0,0.0,8,26,208,12,4,423,297,0.022727272727272728
57218679825,8944481500,0,0,0.0,0.0,28,13,364,12,2,290,72,0.0625
57192929383,6602672295,0,0,0.0,0.0,0,26,0,11,9,341,331,0.0
57201677203,6603729308,0,0,0.0,0.0,13,25,325,18,12,669,633,0.07142857142857142
55898255600,7004355226,0,0,0.0,0.0,4,6,24,11,3,232,120,0.23376623376623376
57194049511,57195803504,0,0,0.0,0.0,12,2,24,4,2,64,2,0.125
55923221700,57221683008,0,0,0.0,0.0,2,8,16,4,2,14,8,0.05263157894736842
57211943844,57223848036,0,0,0.0,0.0,2,6,12,5,3,90,76,0.2
57188482200,57193423111,0,0,0.0,0.0,7,3,21,4,0,89,73,0.037037037037037035
57222501287,8939026000,0,0,0.0,0.0,12,5,60,8,2,80,26,0.0625
57202894349,57219841927,0,0,0.0,0.0,11,8,88,7,3,118,18,0.08695652173913043
57216743972,6507441195,0,0,0.0,0.0,1,13,13,8,6,308,294,0.037037037037037035
12244286600,36057286100,0,0,0.0,0.0,9,47,423,12,0,418,62,0.0
24823755400,57193846028,0,0,0.0,0.0,4,16,64,7,3,128,100,0.021739130434782608
55903914900,57200371411,0,0,0.0,0.0,1,3,3,3,1,34,10,0.0
56182160600,57214917728,0,0,0.0,0.0,5,5,25,3,3,17,17,0.0
57190013276,57216198039,0,0,0.0,0.0,14,6,84,12,8,411,369,0.038461538461538464
56899043500,8146513400,0,0,0.0,0.0,26,39,1014,12,8,562,404,0.0
14218849700,57191903320,0,0,0.0,0.0,2,1,2,4,2,242,178,0.0625
57216776380,57435766000,0,0,0.0,0.0,8,7,56,4,0,57,1,0.0625
57190171149,57200822092,0,0,0.0,0.0,7,5,35,8,0,192,86,0.06451612903225806
57192179573,8299640100,0,0,0.0,0.0,8,23,184,14,6,458,308,0.019230769230769232
56927703600,57215428779,0,0,0.0,0.0,20,9,180,12,4,141,39,0.0
37666056000,56879237300,0,1,0.03225806451612903,0.21443402172070247,26,6,156,9,5,241,207,0.17073170731707318
56973349700,57221723823,0,0,0.0,0.0,12,7,84,9,5,124,86,0.06666666666666667
55664656300,56940459700,0,0,0.0,0.0,2,4,8,6,0,192,22,0.0
57190046127,57217235247,0,0,0.0,0.0,11,6,66,5,3,118,74,0.0
7003327298,7202606880,0,0,0.0,0.0,12,22,264,26,8,1289,845,0.013157894736842105
15926505500,16639084100,0,0,0.0,0.0,22,3,66,4,2,45,35,0.125
57201550536,7201676108,0,0,0.0,0.0,1,44,44,13,11,395,389,0.0
57194186623,57202668445,0,0,0.0,0.0,8,5,40,10,6,232,106,0.047619047619047616
57217216201,57360529800,0,0,0.0,0.0,19,3,57,4,2,21,17,0.0
57190802420,7005281683,0,0,0.0,0.0,4,6,24,5,1,143,99,0.0
57226548735,6506425835,0,0,0.0,0.0,7,3,21,4,0,38,4,0.038461538461538464
57188711562,57428307800,0,0,0.0,0.0,2,11,22,5,1,77,37,0.0
57215934737,7006065236,0,0,0.0,0.0,8,61,488,24,14,1351,1055,0.027777777777777776
57217346265,57728837000,0,0,0.0,0.0,6,6,36,6,2,72,22,0.045454545454545456
57195285883,57212026794,0,0,0.0,0.0,5,8,40,7,3,120,36,0.0
57218870180,7202143212,0,0,0.0,0.0,5,45,225,11,9,294,258,0.0625
56012725500,57196205393,0,0,0.0,0.0,2,5,10,7,1,128,30,0.07407407407407407
12794601400,8051550000,0,0,0.0,0.0,6,4,24,7,3,389,283,0.0
35762732900,57198136106,0,0,0.0,0.0,15,15,225,12,2,342,24,0.09230769230769231
35389514400,57211883988,0,0,0.0,0.0,10,3,30,8,0,157,17,0.0847457627118644
57053197100,6603160075,0,0,0.0,0.0,5,27,135,19,3,580,24,0.04477611940298507
25031854100,56734378000,0,0,0.0,0.0,3,16,48,5,1,59,7,0.06382978723404255
36542157500,56042126200,0,0,0.0,0.0,6,1,6,4,0,185,97,0.05128205128205128
55929968300,6603865548,0,0,0.0,0.0,12,20,240,17,3,690,446,0.03636363636363636
57195469490,6504280283,0,0,0.0,0.0,2,90,180,12,8,352,268,0.0
35322954900,9744867500,0,0,0.0,0.0,25,8,200,6,0,132,12,0.12121212121212122
55083474300,57191270368,0,0,0.0,0.0,4,30,120,8,4,164,140,0.05555555555555555
57205640833,57657415900,0,0,0.0,0.0,5,7,35,4,0,40,28,0.1
57207780549,6508363068,0,0,0.0,0.0,17,3,51,14,2,318,116,0.022222222222222223
44461002100,57219982774,0,0,0.0,0.0,5,13,65,4,0,101,43,0.0
57219209220,57384054900,0,0,0.0,0.0,3,3,9,3,1,38,2,0.0
54379709900,57202250493,0,0,0.0,0.0,4,10,40,6,2,98,88,0.0
6507441195,7004441231,0,0,0.0,0.0,13,17,221,19,5,687,85,0.275
40161025300,57451854100,0,0,0.0,0.0,28,5,140,12,8,470,458,0.03333333333333333
56326376300,57204178425,0,0,0.0,0.0,2,3,6,8,2,447,289,0.03225806451612903
35750735600,57222660465,0,0,0.0,0.0,9,0,0,9,3,243,187,0.1875
57194636478,57220077843,0,0,0.0,0.0,3,6,18,4,0,40,0,0.0
55640145100,57293102200,0,0,0.0,0.0,79,5,395,17,13,566,536,0.03225806451612903
45161224700,57217224086,0,0,0.0,0.0,47,2,94,14,8,264,230,0.024390243902439025
57223341206,7102743604,0,0,0.0,0.0,6,42,252,16,12,680,602,0.1568627450980392
55014207300,56224796600,0,0,0.0,0.0,2,18,36,18,12,896,832,0.3333333333333333
25635426900,57209412605,0,0,0.0,0.0,5,3,15,6,0,273,237,0.03225806451612903
56715896100,57201443305,0,0,0.0,0.0,3,5,15,2,0,23,7,0.0
57195065455,59312128300,0,0,0.0,0.0,28,4,112,12,12,567,567,0.0
56430562200,56656184700,0,0,0.0,0.0,8,5,40,5,1,72,4,0.03571428571428571
57193665886,57218257221,0,0,0.0,0.0,2,8,16,7,1,247,83,0.0
36163291700,57194279893,0,0,0.0,0.0,5,7,35,9,5,278,66,0.047619047619047616
56728915900,57657415900,0,0,0.0,0.0,7,7,49,7,3,269,201,0.034482758620689655
36810373800,56012317700,0,0,0.0,0.0,6,6,36,5,1,41,15,0.034482758620689655
57202600498,57219746232,0,0,0.0,0.0,5,15,75,6,2,205,153,0.07692307692307693
16311686500,57201686333,0,0,0.0,0.0,16,1,16,14,10,759,701,0.02127659574468085
57214183738,7005934666,0,0,0.0,0.0,9,11,99,17,9,407,343,0.0
57193148546,57209641808,0,0,0.0,0.0,2,21,42,10,6,333,235,0.1
56209004700,57211960952,0,0,0.0,0.0,14,1,14,6,2,142,28,0.030303030303030304
35574475800,57203173708,0,0,0.0,0.0,14,9,126,6,2,82,48,0.1111111111111111
57200889937,57209285279,0,0,0.0,0.0,7,4,28,3,1,19,9,0.0
56600872900,57320372800,0,0,0.0,0.0,5,3,15,8,6,251,247,0.04
57189253029,57194769305,0,0,0.0,0.0,5,32,160,18,10,581,369,0.14
57196256851,57429254100,0,0,0.0,0.0,1,6,6,4,2,19,7,0.0625
57204084745,57226734959,0,0,0.0,0.0,7,11,77,8,4,187,141,0.037037037037037035
55022701000,57217797374,0,0,0.0,0.0,39,6,234,29,25,2166,2146,0.016129032258064516
16402502400,57192697218,0,0,0.0,0.0,8,24,192,12,4,290,42,0.11320754716981132
57200078915,6602076702,0,0,0.0,0.0,8,17,136,13,5,378,272,0.1016949152542373
56857250500,57735286700,0,0,0.0,0.0,4,5,20,8,4,117,81,0.0
57192593705,7202183609,0,0,0.0,0.0,7,13,91,10,0,145,27,0.0
57190015285,57217336947,0,0,0.0,0.0,0,6,0,2,2,43,43,0.0
57206032001,57216539523,0,0,0.0,0.0,9,16,144,11,1,233,123,0.13636363636363635
55616396400,57204829606,0,0,0.0,0.0,65,11,715,9,7,288,274,0.058823529411764705
55427624900,57223027257,0,0,0.0,0.0,2,12,24,3,1,80,10,0.0
57204140640,6507278254,0,0,0.0,0.0,10,2,20,8,0,102,6,0.0
56237340500,57205526157,0,0,0.0,0.0,2,5,10,4,0,34,22,0.22727272727272727
36193268600,57215152591,0,0,0.0,0.0,11,12,132,5,1,86,68,0.06382978723404255
16426192300,57191628734,0,0,0.0,0.0,5,10,50,6,4,99,75,0.0
57195803504,6504222858,0,0,0.0,0.0,2,4,8,2,0,58,4,0.14285714285714285
35883658100,58174710400,0,0,0.0,0.0,9,9,81,7,3,91,63,0.06060606060606061
56359247700,56511751400,0,0,0.0,0.0,2,1,2,7,3,269,231,0.0
8446174100,8940775900,0,0,0.0,0.0,23,8,184,9,1,216,84,0.08333333333333333
57214664064,57218491501,0,0,0.0,0.0,7,13,91,5,1,84,28,0.0
56016071500,57216736833,0,0,0.0,0.0,18,4,72,11,7,237,221,0.0
57189266703,57193382012,0,0,0.0,0.0,9,11,99,8,4,657,643,0.17647058823529413
55810848300,56779692100,0,0,0.0,0.0,3,87,261,15,7,392,266,0.12121212121212122
57203044423,6602179402,0,0,0.0,0.0,3,15,45,13,3,213,11,0.0136986301369863
57209244438,57225202614,0,0,0.0,0.0,6,1,6,5,5,139,139,0.0
35099287000,57210908468,0,0,0.0,0.0,5,4,20,5,3,46,26,0.0
56025855800,57196465756,0,0,0.0,0.0,6,2,12,4,0,55,9,0.023809523809523808
55961050600,57215104982,0,0,0.0,0.0,3,12,36,6,4,87,67,0.0
57205616187,57224181326,0,0,0.0,0.0,1,7,7,3,1,42,34,0.07142857142857142
36156175900,55992177600,0,0,0.0,0.0,6,10,60,7,3,196,40,0.0
55992197100,56209004700,0,0,0.0,0.0,6,14,84,6,2,153,17,0.1794871794871795
36627561600,57208678786,0,0,0.0,0.0,35,3,105,17,13,621,535,0.015625
57205123119,57218595708,0,0,0.0,0.0,4,4,16,3,1,20,8,0.0
57202263698,6508289866,0,0,0.0,0.0,19,9,171,7,3,182,20,0.125
57212443709,57222963063,0,0,0.0,0.0,9,2,18,4,0,34,26,0.0
57219188269,57219225523,0,0,0.0,0.0,11,12,132,3,1,47,19,0.125
56662920700,57222422731,0,0,0.0,0.0,4,16,64,4,0,37,1,0.05555555555555555
24536770200,56437217100,0,0,0.0,0.0,4,11,44,5,3,75,55,0.11764705882352941
56669851300,57218599145,0,0,0.0,0.0,2,2,4,4,0,78,68,0.07142857142857142
36620235700,57212702190,0,0,0.0,0.0,6,3,18,7,1,100,32,0.0
57192957965,57222622132,0,0,0.0,0.0,2,9,18,5,1,74,50,0.15
24172674100,57216608788,0,0,0.0,0.0,42,6,252,17,15,1085,1077,0.015625
57199330634,57211534375,0,0,0.0,0.0,2,6,12,4,2,77,55,0.0
55889213000,57208875935,0,0,0.0,0.0,11,2,22,11,3,265,121,0.03125
16307042200,6506938864,0,0,0.0,0.0,5,6,30,7,3,163,95,0.07407407407407407
10939275100,57201686257,0,0,0.0,0.0,17,6,102,20,8,1025,801,0.125
57204955592,57215108895,0,0,0.0,0.0,6,10,60,7,1,87,5,0.0
12783424700,56406029500,0,0,0.0,0.0,6,13,78,15,5,535,241,0.08333333333333333
35976473700,57209973062,0,0,0.0,0.0,15,15,225,10,0,216,84,0.12244897959183673
55957149400,58082334200,0,0,0.0,0.0,2,4,8,3,1,49,37,0.0
57188861877,57215436548,0,0,0.0,0.0,22,6,132,12,2,240,40,0.12244897959183673
24474341000,33267449500,0,0,0.0,0.0,1,57,57,18,10,803,709,0.041666666666666664
56211110600,57192892615,0,0,0.0,0.0,3,84,252,11,5,904,814,0.19298245614035087
57195313178,57212026794,0,0,0.0,0.0,5,8,40,7,3,84,72,0.07142857142857142
55659638800,57215410734,0,0,0.0,0.0,3,3,9,10,8,317,295,0.03571428571428571
56462839800,57191037210,0,0,0.0,0.0,2,1,2,3,1,25,3,0.0
56548901900,57193241274,0,0,0.0,0.0,5,15,75,9,5,435,325,0.023809523809523808
55985149100,57219414136,0,0,0.0,0.0,10,10,100,14,4,235,103,0.03225806451612903
55907520600,57212514253,0,0,0.0,0.0,17,5,85,9,5,211,157,0.0196078431372549
36245952100,57194833881,0,0,0.0,0.0,9,6,54,6,0,51,3,0.0
35574263900,57222660465,0,0,0.0,0.0,4,0,0,12,6,319,263,0.1
36085044800,57208580149,0,0,0.0,0.0,12,4,48,34,28,4188,4130,0.2631578947368421
12801111200,56701962100,0,0,0.0,0.0,14,10,140,12,6,223,185,0.10714285714285714
57211115618,57230877100,0,0,0.0,0.0,5,4,20,9,5,166,144,0.075
28367907800,55905205100,0,0,0.0,0.0,6,16,96,9,1,143,1,0.02702702702702703
56527030000,9744469200,0,0,0.0,0.0,3,10,30,5,1,58,2,0.038461538461538464
7005355323,7202183609,0,0,0.0,0.0,22,13,286,13,3,377,259,0.1797752808988764
55936865800,57204572813,0,0,0.0,0.0,10,1,10,9,3,116,88,0.023809523809523808
57204929759,7202819763,0,0,0.0,0.0,3,22,66,16,6,611,477,0.07042253521126761
56844997500,57222539196,0,0,0.0,0.0,10,6,60,8,0,149,11,0.07142857142857142
55667231400,56346968400,0,0,0.0,0.0,3,4,12,6,2,130,108,0.19444444444444445
57214742305,59795716700,0,0,0.0,0.0,3,5,15,4,0,44,4,0.0
57194482614,57211136874,0,0,0.0,0.0,16,10,160,8,2,178,20,0.045454545454545456
57211232334,59795716700,0,0,0.0,0.0,5,5,25,8,4,180,140,0.09090909090909091
36245952100,7006572404,0,0,0.0,0.0,9,2,18,7,1,94,46,0.02857142857142857
55619738000,57296819700,0,0,0.0,0.0,0,4,0,3,1,19,15,0.02702702702702703
56715423800,57216874423,0,0,0.0,0.0,3,5,15,3,3,45,45,0.0
35389514400,57194395615,0,0,0.0,0.0,10,5,50,7,1,129,45,0.03333333333333333
35350379700,57224481268,0,0,0.0,0.0,4,3,12,4,2,46,34,0.034482758620689655
57218541935,7402213724,0,0,0.0,0.0,6,11,66,13,11,422,416,0.0
55838145700,57202938171,0,0,0.0,0.0,16,5,80,9,3,152,20,0.0
56790073300,57204759847,0,0,0.0,0.0,24,5,120,7,3,79,59,0.0
56019914100,6507353478,0,0,0.0,0.0,22,4,88,5,1,51,9,0.03333333333333333
56047033500,57571822600,0,0,0.0,0.0,6,6,36,5,1,156,10,0.0
57207455831,57216876993,0,0,0.0,0.0,7,7,49,4,0,48,26,0.0
55664937300,57214850165,0,0,0.0,0.0,2,7,14,5,3,51,43,0.29545454545454547
55339506500,57211330588,0,0,0.0,0.0,3,3,9,5,1,93,49,0.11538461538461539
57205769047,57571896000,0,0,0.0,0.0,10,4,40,7,3,75,57,0.20689655172413793
57211469086,57212151104,0,0,0.0,0.0,8,16,128,10,6,884,866,0.045454545454545456
57163083200,57202677171,0,0,0.0,0.0,24,12,288,17,5,499,41,0.016666666666666666
37013762500,57217633174,0,0,0.0,0.0,20,21,420,9,3,162,44,0.13043478260869565
57216908182,57694715600,0,0,0.0,0.0,7,3,21,4,0,43,23,0.0
56308309200,57217798823,0,0,0.0,0.0,11,2,22,5,3,93,47,0.0
57192890175,57201896796,0,0,0.0,0.0,1,16,16,5,1,145,95,0.043478260869565216
16639084100,57207615640,0,0,0.0,0.0,3,4,12,3,1,78,68,0.2
24476818100,57214191677,0,0,0.0,0.0,10,15,150,11,1,321,3,0.02040816326530612
56195416200,57879728600,0,0,0.0,0.0,22,5,110,21,17,1138,1108,0.03225806451612903
12242010500,35473032800,0,0,0.0,0.0,17,1,17,10,4,310,270,0.0
57211536403,57845858500,0,0,0.0,0.0,4,3,12,4,0,41,33,0.07142857142857142
57209299160,58545304600,0,0,0.0,0.0,6,2,12,2,2,18,18,0.0
57218610871,57773902000,0,0,0.0,0.0,13,16,208,9,3,170,148,0.2222222222222222
16318838800,57223105880,0,0,0.0,0.0,30,19,570,14,2,433,69,0.24489795918367346
55976136700,57777372300,0,0,0.0,0.0,2,1,2,5,5,94,94,0.0
56113181900,56527129000,0,0,0.0,0.0,6,31,186,9,5,254,170,0.05263157894736842
16678820800,57194507415,0,0,0.0,0.0,23,14,322,15,7,417,309,0.027777777777777776
57211516339,57224783614,0,0,0.0,0.0,2,4,8,3,1,12,6,0.08333333333333333
36839858800,57219706579,0,0,0.0,0.0,6,3,18,9,1,230,78,0.075
57203455596,57204012974,0,0,0.0,0.0,2,11,22,10,2,259,157,0.0
36085727700,57222049354,0,0,0.0,0.0,36,11,396,9,5,124,88,0.0
14013330900,36523912000,0,0,0.0,0.0,1,11,11,5,1,81,45,0.029411764705882353
15061843200,35883658100,0,0,0.0,0.0,5,9,45,8,2,129,25,0.0
57196343046,7005543703,0,0,0.0,0.0,2,22,44,9,5,220,150,0.044444444444444446
56524948400,6603317232,0,0,0.0,0.0,9,16,144,12,6,320,120,0.1282051282051282
56728915900,57226006615,0,0,0.0,0.0,7,2,14,6,4,238,232,0.0
56654983800,57189758876,0,0,0.0,0.0,1,17,17,9,5,240,64,0.10810810810810811
57189253636,6602101968,0,0,0.0,0.0,2,75,150,28,24,2085,1931,0.056179775280898875
55530682500,57208923087,0,0,0.0,0.0,30,14,420,21,3,820,414,0.024390243902439025
57190065256,57211516339,0,0,0.0,0.0,9,2,18,9,5,150,132,0.05714285714285714
57213619699,6603835270,0,0,0.0,0.0,3,21,63,10,0,265,69,0.046875
24758131700,8589168500,0,0,0.0,0.0,7,5,35,14,6,540,222,0.1282051282051282
57192928378,57219885258,0,0,0.0,0.0,12,6,72,4,0,95,69,0.037037037037037035
57216002789,7101893707,0,0,0.0,0.0,3,17,51,8,4,225,125,0.019230769230769232
26532350200,54789187900,0,0,0.0,0.0,2,27,54,8,4,247,115,0.11904761904761904
14019685200,14029585100,0,0,0.0,0.0,1,48,48,19,17,1104,1042,0.3055555555555556
55202981400,57189892002,0,0,0.0,0.0,1,2,2,8,2,140,20,0.05128205128205128
55664005800,57219342028,0,0,0.0,0.0,5,6,30,7,3,155,121,0.08888888888888889
57217058476,7004357973,0,0,0.0,0.0,10,54,540,17,15,720,716,0.0125
57192595142,57212019639,0,0,0.0,0.0,1,5,5,7,3,135,93,0.21428571428571427
57214182620,57218272578,0,0,0.0,0.0,7,3,21,5,1,87,53,0.05
57196402806,57212228481,0,0,0.0,0.0,8,2,16,6,4,256,246,0.0
57195760307,57218144267,0,0,0.0,0.0,36,3,108,16,10,653,571,0.175
54790586800,57188440500,0,0,0.0,0.0,12,16,192,22,6,823,29,0.0425531914893617
36868722700,57041085500,0,0,0.0,0.0,16,13,208,9,5,278,174,0.045454545454545456
56079359200,56080452600,0,0,0.0,0.0,38,35,1330,14,4,348,114,0.16129032258064516
57201617795,57475686400,0,0,0.0,0.0,8,1,8,9,5,143,133,0.0
36971878100,57193616375,0,0,0.0,0.0,1,9,9,12,2,528,24,0.03773584905660377
56029506300,57202689961,0,0,0.0,0.0,8,3,24,7,3,206,158,0.1111111111111111
22938031400,57217211003,0,0,0.0,0.0,60,4,240,10,4,163,105,0.0
57203868309,57209368012,0,0,0.0,0.0,39,7,273,17,13,747,689,0.045454545454545456
10140958400,53464349300,0,0,0.0,0.0,7,1,7,7,3,130,90,0.030303030303030304
55970678100,57226715767,0,0,0.0,0.0,5,3,15,3,1,22,16,0.0
14831184100,57226374657,0,0,0.0,0.0,1,3,3,3,3,76,76,0.0
57209914610,58766061200,0,0,0.0,0.0,9,5,45,6,4,76,74,0.0
57195060271,57204586575,0,0,0.0,0.0,18,9,162,14,6,411,187,0.13636363636363635
57200283406,57219227832,0,0,0.0,0.0,2,25,50,8,4,157,143,0.0
6603193612,7005805486,0,0,0.0,0.0,6,10,60,9,1,111,23,0.038461538461538464
24796317600,55602656100,0,0,0.0,0.0,4,1,4,3,1,45,29,0.10526315789473684
56998752500,57198770529,0,0,0.0,0.0,3,3,9,8,6,128,110,0.0
55691083100,58138842000,0,0,0.0,0.0,1,10,10,7,3,115,95,0.043478260869565216
57200377026,57683694700,0,0,0.0,0.0,17,2,34,21,15,2118,1974,0.08620689655172414
57207687413,57214917728,0,0,0.0,0.0,1,5,5,2,2,5,5,0.08333333333333333
57188440500,57204177993,0,0,0.0,0.0,16,3,48,11,5,439,355,0.0
55441693700,57284114100,0,0,0.0,0.0,4,6,24,5,1,95,17,0.03225806451612903
49862080100,55886033100,0,0,0.0,0.0,5,14,70,18,2,548,182,0.02702702702702703
6508357924,6602978778,0,2,0.01694915254237288,0.472582250509251,39,81,3159,26,2,877,27,0.27710843373493976
16022096800,57194469942,0,0,0.0,0.0,7,9,63,10,2,149,71,0.0
35609932800,57194470146,0,0,0.0,0.0,7,4,28,8,2,137,17,0.034482758620689655
57211243493,6508037327,0,0,0.0,0.0,9,23,207,13,3,342,16,0.1206896551724138
57219327377,57956252100,0,0,0.0,0.0,3,3,9,4,0,65,37,0.0
39961139400,57212026794,0,0,0.0,0.0,1,8,8,10,0,115,41,0.0625
36343722700,57195732051,0,0,0.0,0.0,4,4,16,8,2,160,46,0.13636363636363635
57190963483,57194382730,0,0,0.0,0.0,5,1,5,3,1,152,132,0.0
57214054456,57867438200,0,0,0.0,0.0,4,3,12,6,2,99,35,0.14285714285714285
55339506500,57190404366,0,0,0.0,0.0,3,3,9,8,4,238,194,0.23076923076923078
36994478600,57113291300,0,0,0.0,0.0,6,3,18,8,2,199,43,0.21428571428571427
57188728709,57206260044,0,0,0.0,0.0,17,9,153,16,2,452,306,0.034482758620689655
57194104468,7006097264,0,0,0.0,0.0,27,27,729,17,3,466,208,0.05405405405405406
57215143430,57218341338,0,0,0.0,0.0,12,4,48,3,1,66,52,0.0
57031886100,7003952459,0,0,0.0,0.0,11,125,1375,17,9,628,420,0.140625
37093481700,57201127458,0,0,0.0,0.0,3,37,111,9,1,153,35,0.02564102564102564
14422612800,56427492300,0,0,0.0,0.0,9,5,45,9,1,374,206,0.0
13104402000,57555079900,0,0,0.0,0.0,32,2,64,11,3,187,121,0.023809523809523808
35145814800,56067899600,0,0,0.0,0.0,16,4,64,18,10,770,690,0.1111111111111111
23013587700,57364236700,0,0,0.0,0.0,18,2,36,4,2,40,14,0.0
16432457600,57642885800,0,0,0.0,0.0,11,3,33,12,8,338,316,0.10606060606060606
12241738600,6701718828,0,0,0.0,0.0,6,26,156,13,5,464,296,0.0
25031122000,54784204200,0,0,0.0,0.0,59,15,885,12,6,322,202,0.10810810810810811
56926654500,57217100420,0,0,0.0,0.0,1,7,7,4,0,50,30,0.15789473684210525
55659638800,57193540668,0,0,0.0,0.0,3,4,12,12,6,341,271,0.01818181818181818
56070841600,57986628800,0,0,0.0,0.0,5,3,15,4,0,48,10,0.25
57204932850,57207472482,0,0,0.0,0.0,6,5,30,5,1,34,16,0.0
56487791700,57224646930,0,0,0.0,0.0,8,4,32,5,1,81,15,0.0
57197169255,7202819763,0,0,0.0,0.0,15,22,330,13,9,571,517,0.09375
57194466483,57195469490,0,0,0.0,0.0,15,2,30,22,18,1395,1311,0.08108108108108109
55332427600,7801396889,0,0,0.0,0.0,13,2,26,7,1,77,9,0.17647058823529413
57215693018,6701623022,0,0,0.0,0.0,2,67,134,12,10,429,419,0.07692307692307693
55536183600,57226141788,0,0,0.0,0.0,17,3,51,7,3,90,32,0.058823529411764705
57201984868,57210591208,0,0,0.0,0.0,2,16,32,7,3,94,72,0.0
13607877300,35213201500,0,0,0.0,0.0,32,5,160,21,9,7124,5696,0.15966386554621848
54584841300,7006479978,0,0,0.0,0.0,18,3,54,10,6,262,210,0.1388888888888889
57200965730,57202779377,0,0,0.0,0.0,12,4,48,7,3,113,99,0.3076923076923077
55440558900,57540334900,0,0,0.0,0.0,4,2,8,4,0,42,2,0.0
57198441530,6701623022,0,0,0.0,0.0,8,67,536,15,7,481,367,0.043478260869565216
36763791600,57209338427,0,0,0.0,0.0,13,10,130,7,1,97,27,0.06451612903225806
57201984868,6603284338,0,0,0.0,0.0,2,4,8,8,4,108,86,0.1
49061004000,6603942569,0,0,0.0,0.0,8,16,128,8,4,238,204,0.0
37096845900,57214189667,0,0,0.0,0.0,10,3,30,14,4,258,78,0.07407407407407407
57194439905,57219187761,0,0,0.0,0.0,5,8,40,9,1,252,32,0.038461538461538464
56377870900,57213619626,0,0,0.0,0.0,9,16,144,6,2,92,18,0.04
15134994000,57192397433,0,0,0.0,0.0,9,15,135,18,14,982,970,0.0625
16021377700,26027149800,0,0,0.0,0.0,6,14,84,5,1,76,34,0.0625
52964022200,55274252500,0,0,0.0,0.0,7,3,21,9,3,353,165,0.11538461538461539
57221520155,7005936077,0,0,0.0,0.0,4,84,336,9,5,151,83,0.061224489795918366
55931740800,57218886578,0,0,0.0,0.0,3,3,9,5,1,145,131,0.02631578947368421
56262841300,57197521695,0,0,0.0,0.0,11,6,66,3,1,27,15,0.06666666666666667
57094031700,57189986568,0,2,0.047619047619047616,0.7362378050771787,19,25,475,17,3,399,89,0.2926829268292683
57266105400,6603037978,0,0,0.0,0.0,11,3,33,6,2,799,737,0.04225352112676056
36603279900,58615275700,0,0,0.0,0.0,34,1,34,11,9,285,283,0.0
35786735700,57201012572,0,0,0.0,0.0,8,6,48,12,8,663,625,0.02
57117279100,57205652702,0,0,0.0,0.0,18,2,36,9,1,201,33,0.0
56895757200,57193556294,0,0,0.0,0.0,18,1,18,20,18,1290,1272,0.0
57105113000,57214054456,0,0,0.0,0.0,1,4,4,3,1,33,31,0.0
56674725400,57209747356,0,0,0.0,0.0,4,4,16,5,1,71,61,0.0
57189584266,57705181100,0,0,0.0,0.0,16,23,368,11,3,303,11,0.05263157894736842
55911154400,57205583730,0,0,0.0,0.0,6,6,36,7,1,94,52,0.14285714285714285
57221227724,7004916334,0,0,0.0,0.0,3,8,24,10,6,240,216,0.01694915254237288
57192931040,6602227729,0,0,0.0,0.0,5,10,50,4,0,30,8,0.09523809523809523
57052581100,57206780600,0,0,0.0,0.0,9,6,54,7,1,129,9,0.0
57216584870,7005231695,0,0,0.0,0.0,18,22,396,14,6,389,273,0.09523809523809523
57215103143,6507718206,0,0,0.0,0.0,2,2,4,4,0,32,6,0.0
57202780463,57221520155,0,0,0.0,0.0,2,4,8,7,3,123,55,0.0
56567731200,57222735293,0,0,0.0,0.0,3,8,24,5,1,92,24,0.0
57215683127,57550715400,0,0,0.0,0.0,118,28,3304,22,4,1469,319,0.11392405063291139
15020462500,57214940995,0,0,0.0,0.0,8,9,72,7,1,376,308,0.022727272727272728
55153093800,57201975171,0,0,0.0,0.0,1,33,33,9,1,122,4,0.06060606060606061
55212615700,55815301900,0,0,0.0,0.0,16,1,16,9,5,439,301,0.03225806451612903
55308038800,57202779441,0,0,0.0,0.0,4,10,40,13,5,695,583,0.0
59842697900,8589168500,0,0,0.0,0.0,47,5,235,17,9,565,247,0.3953488372093023
46161079100,57208717781,0,0,0.0,0.0,10,3,30,15,3,569,423,0.14814814814814814
15058927200,54780172900,0,0,0.0,0.0,2,15,30,10,6,293,159,0.024390243902439025
57210842981,57219433461,0,0,0.0,0.0,12,10,120,15,9,693,547,0.03225806451612903
57224106477,7101794327,0,0,0.0,0.0,9,4,36,11,1,214,70,0.11428571428571428
56966388800,57212227838,0,0,0.0,0.0,19,4,76,5,3,64,58,0.03333333333333333
57215026290,60152072400,0,0,0.0,0.0,4,4,16,1,1,16,16,0.0
24073819900,7007180997,0,0,0.0,0.0,12,21,252,16,14,620,614,0.020833333333333332
56819980000,57216924887,0,0,0.0,0.0,9,13,117,13,9,376,296,0.045454545454545456
7004870189,7005430904,0,0,0.0,0.0,6,2,12,5,1,78,40,0.09523809523809523
57202729931,58635462800,0,0,0.0,0.0,10,5,50,3,1,36,4,0.1111111111111111
56507330400,57201580887,0,0,0.0,0.0,13,7,91,19,13,1406,1356,0.171875
35112646100,57205145236,0,0,0.0,0.0,4,3,12,6,2,119,13,0.0
56023181200,57194687938,0,0,0.0,0.0,8,2,16,10,2,182,102,0.06
55971993800,57193699176,0,0,0.0,0.0,12,2,24,5,3,128,54,0.05555555555555555
56381411700,57296780900,0,0,0.0,0.0,5,9,45,5,1,64,46,0.06451612903225806
57315057300,57817037700,0,0,0.0,0.0,2,1,2,3,1,60,50,0.0
57201723003,57202493835,0,0,0.0,0.0,8,7,56,6,0,47,5,0.0
57188751717,57194049511,0,0,0.0,0.0,2,12,24,5,1,146,80,0.0
36561004700,54387228000,0,0,0.0,0.0,35,15,525,14,6,412,220,0.10526315789473684
57210202522,6506893389,0,0,0.0,0.0,10,7,70,12,8,455,419,0.06896551724137931
55632780300,57203949863,0,0,0.0,0.0,5,150,750,17,9,1468,1290,0.17777777777777778
37087037000,57219660583,0,0,0.0,0.0,4,9,36,6,2,208,152,0.038461538461538464
57209578821,57224181326,0,0,0.0,0.0,5,7,35,4,0,84,8,0.08333333333333333
35731701000,55989421700,0,0,0.0,0.0,2,16,32,11,5,238,174,0.022222222222222223
57200949604,57210185999,0,0,0.0,0.0,14,5,70,9,5,125,103,0.038461538461538464
57217181411,57235785200,0,0,0.0,0.0,1,8,8,3,1,22,18,0.0
57193857062,57835514000,0,0,0.0,0.0,4,4,16,2,0,14,8,0.16666666666666666
57194855038,57207982050,0,0,0.0,0.0,14,5,70,8,0,132,26,0.175
56675379200,57221438946,0,0,0.0,0.0,5,1,5,3,1,9,7,0.047619047619047616
57204803206,7005381764,0,0,0.0,0.0,7,15,105,15,7,390,120,0.1267605633802817
36112975500,57192179573,0,0,0.0,0.0,36,8,288,12,4,234,84,0.11363636363636363
56355096200,57219908210,0,0,0.0,0.0,5,4,20,3,1,52,26,0.16
57212702190,58445911900,0,0,0.0,0.0,3,6,18,5,1,96,28,0.0
57191283207,57193093623,0,0,0.0,0.0,5,12,60,13,7,448,360,0.1875
55203002200,57202093490,0,0,0.0,0.0,5,11,55,10,4,316,276,0.0
49662123500,57204634911,0,0,0.0,0.0,2,1,2,5,3,195,185,0.1
57118274600,57210174703,0,0,0.0,0.0,18,9,162,18,6,425,247,0.027777777777777776
55982391800,57195230065,0,0,0.0,0.0,7,1,7,4,0,174,152,0.0
55596434400,57220051365,0,0,0.0,0.0,7,6,42,7,3,71,31,0.09090909090909091
15032600400,57191991115,0,0,0.0,0.0,3,12,36,7,1,125,7,0.0
57190751891,58000043100,0,0,0.0,0.0,1,11,11,7,3,97,55,0.0
57188965609,57222195231,0,0,0.0,0.0,20,3,60,13,7,439,141,0.0625
57194520838,57214186713,0,0,0.0,0.0,3,5,15,4,0,76,42,0.0
55844549500,57193573999,0,0,0.0,0.0,5,4,20,10,4,207,151,0.0
55926851800,57118110300,0,0,0.0,0.0,10,1,10,5,1,83,41,0.0
57192593705,57216413958,0,0,0.0,0.0,7,6,42,11,1,514,342,0.03333333333333333
55989421700,57210956628,0,0,0.0,0.0,16,9,144,10,6,236,176,0.0
57201721084,57216671308,0,0,0.0,0.0,31,6,186,23,15,1291,1049,0.05714285714285714
56257919200,57202600498,0,0,0.0,0.0,14,5,70,6,2,103,51,0.08695652173913043
55504274200,57209970436,0,0,0.0,0.0,6,1,6,4,2,40,8,0.0625
57194104468,57207827862,0,0,0.0,0.0,27,8,216,10,4,252,6,0.10526315789473684
57189616779,7005228726,0,1,0.05,0.30341307554227914,9,12,108,8,0,401,87,0.3392857142857143
14821864000,8051550000,0,0,0.0,0.0,1,4,4,9,1,395,277,0.011363636363636364
55934349000,56393969400,0,0,0.0,0.0,6,13,78,14,10,828,752,0.1891891891891892
57190046127,57191037210,0,0,0.0,0.0,11,1,11,5,3,107,85,0.0
57189374217,57202642008,0,0,0.0,0.0,10,8,80,9,3,164,86,0.09090909090909091
57195929341,57211341728,0,0,0.0,0.0,1,8,8,7,3,147,65,0.3
57209008905,57243831900,0,0,0.0,0.0,5,4,20,6,2,118,74,0.0
57189623051,57208393419,0,0,0.0,0.0,20,15,300,18,2,425,139,0.15384615384615385
55833066700,57266335300,0,0,0.0,0.0,8,13,104,5,1,61,43,0.13043478260869565
24073262200,56244888300,0,0,0.0,0.0,14,19,266,12,8,326,314,0.0
57008808800,57217678160,0,0,0.0,0.0,4,2,8,4,0,77,29,0.0
57203523392,57211448989,0,0,0.0,0.0,1,19,19,6,2,68,34,0.08
56747425000,57542568600,0,0,0.0,0.0,40,12,480,16,6,1615,1455,0.015384615384615385
26325007700,57207815145,0,0,0.0,0.0,4,25,100,9,1,166,6,0.0
42761833500,59863203900,0,0,0.0,0.0,33,15,495,10,4,235,99,0.1794871794871795
23026082700,57200601045,0,0,0.0,0.0,32,5,160,8,4,118,50,0.0
57201634282,57211558593,0,0,0.0,0.0,19,4,76,10,8,169,161,0.0
57210578491,57218122043,0,0,0.0,0.0,7,6,42,4,0,119,97,0.0
15045722200,57222404485,0,0,0.0,0.0,23,8,184,17,15,839,835,0.021739130434782608
35077555400,8963566700,0,0,0.0,0.0,6,3,18,5,1,36,12,0.13513513513513514
14218849700,57099808000,0,0,0.0,0.0,2,10,20,12,6,490,70,0.38095238095238093
16021377700,57224833308,0,0,0.0,0.0,6,3,18,5,1,47,5,0.043478260869565216
57217853428,57908309100,0,0,0.0,0.0,1,3,3,4,0,42,14,0.1
57220434860,57224311701,0,0,0.0,0.0,9,0,0,5,1,53,25,0.0
57193114096,57224156670,0,0,0.0,0.0,5,2,10,3,1,31,17,0.0
35567766200,57214470968,0,0,0.0,0.0,30,2,60,15,11,962,866,0.017857142857142856
48860936400,57209322988,0,0,0.0,0.0,5,8,40,12,6,503,399,0.02631578947368421
55811114600,57220064372,0,0,0.0,0.0,29,13,377,11,3,199,99,0.05128205128205128
57862176200,8283972600,0,0,0.0,0.0,2,2,4,8,6,148,146,0.0
56081399500,57750849600,0,0,0.0,0.0,7,5,35,5,3,220,210,0.05084745762711865
57215059759,57401816100,0,0,0.0,0.0,3,8,24,5,1,72,32,0.0
56471915200,56942512700,0,0,0.0,0.0,9,4,36,5,1,67,21,0.05
56966388800,7006686754,0,0,0.0,0.0,19,39,741,15,7,1236,1114,0.11320754716981132
57195676028,6506003725,0,0,0.0,0.0,19,4,76,14,8,1331,1297,0.15555555555555556
35421383500,56747438200,0,0,0.0,0.0,3,10,30,9,1,234,82,0.08108108108108109
57213672260,57226450621,0,0,0.0,0.0,5,4,20,8,2,738,606,0.09090909090909091
34874490300,55153093800,0,0,0.0,0.0,34,1,34,10,2,164,38,0.06896551724137931
57222395294,6508177495,0,0,0.0,0.0,9,2,18,6,2,143,33,0.05
36967865500,57210772027,0,0,0.0,0.0,7,16,112,10,0,265,33,0.043478260869565216
25825541000,57216590176,0,0,0.0,0.0,5,6,30,8,4,292,74,0.0
57038894000,57218329330,0,0,0.0,0.0,23,2,46,12,10,599,45,0.15151515151515152
36669038500,58093368000,0,0,0.0,0.0,19,5,95,3,1,17,13,0.0
37020703900,6503983729,0,0,0.0,0.0,8,7,56,7,5,160,150,0.0
15749725800,57194705410,0,0,0.0,0.0,2,9,18,10,8,358,332,0.030303030303030304
57202514592,57224179574,0,0,0.0,0.0,2,8,16,9,3,292,32,0.08333333333333333
57203945158,57249539900,0,0,0.0,0.0,2,3,6,4,0,83,27,0.03571428571428571
57203000513,57371375000,0,0,0.0,0.0,2,9,18,4,0,79,25,0.0
57217217541,58532096700,0,0,0.0,0.0,9,4,36,4,0,94,62,0.045454545454545456
55829472500,56731050800,0,0,0.0,0.0,8,4,32,8,0,279,177,0.038461538461538464
7101626401,7202811057,0,0,0.0,0.0,11,2,22,5,1,68,42,0.10638297872340426
57201634282,57208279498,0,0,0.0,0.0,19,4,76,12,6,231,99,0.02564102564102564
35173756700,57222399729,0,0,0.0,0.0,4,6,24,4,0,17,3,0.0
55927598000,6701314769,0,0,0.0,0.0,23,4,92,6,2,114,80,0.20588235294117646
55873463600,7006572404,0,0,0.0,0.0,6,2,12,11,3,267,127,0.21428571428571427
56527030000,57401049200,0,0,0.0,0.0,3,2,6,4,2,34,22,0.12
57213267355,7006792253,0,0,0.0,0.0,8,5,40,7,3,280,166,0.045454545454545456
57196036128,58635998700,0,0,0.0,0.0,10,2,20,4,2,65,57,0.0
56957223600,7004447092,0,0,0.0,0.0,8,12,96,12,4,222,158,0.0967741935483871
55958529800,56076362200,0,0,0.0,0.0,1,4,4,5,1,280,192,0.07692307692307693
57224646930,57225182251,0,0,0.0,0.0,4,12,48,6,2,91,25,0.09090909090909091
57201151550,57216509366,0,0,0.0,0.0,0,2,0,5,1,75,27,0.07692307692307693
57193556906,6701746391,0,0,0.0,0.0,8,7,56,5,1,199,139,0.1111111111111111
57132480100,57223859581,0,0,0.0,0.0,3,8,24,10,0,268,66,0.0196078431372549
57202219556,57226353769,0,0,0.0,0.0,4,9,36,7,3,168,68,0.0
36839858800,57164746200,0,0,0.0,0.0,6,13,78,8,2,303,5,0.0
35997230900,57388485800,0,0,0.0,0.0,55,1,55,11,7,671,631,0.019230769230769232
57192697218,57204586575,0,0,0.0,0.0,24,9,216,12,4,278,54,0.08
57216763037,57962093500,0,0,0.0,0.0,1,17,17,6,0,34,10,0.03225806451612903
24504319000,57215539484,0,0,0.0,0.0,9,12,108,9,7,259,245,0.0
56921446800,58145364900,0,0,0.0,0.0,14,3,42,9,5,127,99,0.09523809523809523
56520976100,57207847450,0,0,0.0,0.0,10,4,40,15,3,258,90,0.0196078431372549
57217054548,6603584415,0,0,0.0,0.0,10,42,420,16,14,1479,1475,0.0
57201703959,57211085447,0,0,0.0,0.0,2,7,14,7,1,213,155,0.0
57195735397,57215105233,0,0,0.0,0.0,9,2,18,5,3,184,182,0.045454545454545456
16067739500,23488185000,0,0,0.0,0.0,39,4,156,15,13,1147,1139,0.027777777777777776
57193730238,57201618221,0,0,0.0,0.0,7,7,49,6,2,230,212,0.0
16177877300,57213595044,0,0,0.0,0.0,4,4,16,13,1,315,21,0.25
53868248900,57220996918,0,0,0.0,0.0,4,8,32,6,2,139,9,0.22727272727272727
57194464165,57216253201,0,0,0.0,0.0,5,1,5,8,6,242,240,0.04
18436233000,41461314400,0,0,0.0,0.0,6,5,30,17,13,1208,1176,0.027777777777777776
16237858300,24381682400,0,0,0.0,0.0,12,15,180,15,7,440,122,0.0
36342233400,57194520838,0,0,0.0,0.0,2,3,6,4,0,152,118,0.0
57201429583,57202093490,0,0,0.0,0.0,1,11,11,8,6,300,292,0.0
57195060271,57209661009,0,0,0.0,0.0,18,3,54,13,7,353,245,0.0
57204856560,6603813409,0,0,0.0,0.0,1,33,33,12,4,410,216,0.0
25229039000,58069070600,0,0,0.0,0.0,7,1,7,4,0,45,33,0.0
57196023105,6602100418,0,0,0.0,0.0,46,12,552,9,1,199,11,0.04878048780487805
57190660749,57207986703,0,0,0.0,0.0,17,5,85,8,4,194,130,0.0
57567212400,7202534688,0,0,0.0,0.0,4,46,184,21,19,1227,1225,0.0
55466744300,57203599101,0,0,0.0,0.0,13,1,13,8,4,252,174,0.0
24381651100,57207847450,0,0,0.0,0.0,25,4,100,10,2,134,34,0.0
56435594400,7102098015,0,0,0.0,0.0,3,17,51,9,7,205,197,0.08333333333333333
57200642904,57217533046,0,0,0.0,0.0,2,2,4,3,1,13,5,0.0
35976473700,56966388800,0,0,0.0,0.0,15,19,285,9,1,127,5,0.1702127659574468
24469300300,54957059600,0,0,0.0,0.0,2,7,14,4,0,28,6,0.04
57189627815,57202642940,0,0,0.0,0.0,20,9,180,12,4,230,104,0.021739130434782608
6603188445,7004508608,0,0,0.0,0.0,33,29,957,15,3,372,102,0.25757575757575757
57204149623,58499306200,0,0,0.0,0.0,6,2,12,4,0,52,26,0.05
16022096800,57211861736,0,0,0.0,0.0,7,6,42,7,1,57,21,0.0
57195070975,6504359000,0,0,0.0,0.0,0,7,0,4,0,26,14,0.0
15045722200,57222090741,0,0,0.0,0.0,23,2,46,19,13,862,812,0.04081632653061224
55664777800,57195940931,0,0,0.0,0.0,15,26,390,16,10,654,600,0.05172413793103448
57203993836,6603363265,0,0,0.0,0.0,8,3,24,8,4,225,81,0.0
57202513641,57203178271,0,0,0.0,0.0,13,7,91,5,1,66,36,0.0
57218159427,58144715700,0,0,0.0,0.0,18,6,108,9,1,138,52,0.02127659574468085
57201686257,57207008514,0,0,0.0,0.0,6,3,18,8,4,128,96,0.01694915254237288
23092704700,57188861877,0,0,0.0,0.0,5,22,110,19,5,465,185,0.16393442622950818
36651122600,57205198099,0,0,0.0,0.0,13,3,39,6,2,91,11,0.0
55320475800,57192201395,0,0,0.0,0.0,3,28,84,12,10,606,560,0.1
55007549700,55963960000,0,0,0.0,0.0,5,6,30,9,3,112,32,0.023255813953488372
6701922481,7003571242,0,0,0.0,0.0,14,16,224,26,8,1292,590,0.25
55241360300,57214185326,0,0,0.0,0.0,16,4,64,5,1,56,6,0.0
57201406627,57203814878,0,0,0.0,0.0,14,9,126,10,2,344,248,0.10526315789473684
23102200100,55405029600,0,2,0.06896551724137931,0.6797844569565277,13,18,234,11,1,178,2,0.16666666666666666
37080514000,57207008535,0,0,0.0,0.0,10,10,100,7,1,121,29,0.047619047619047616
57204955592,57221341400,0,0,0.0,0.0,6,10,60,6,2,61,31,0.0
57191889253,7103109872,0,0,0.0,0.0,1,4,4,4,2,81,65,0.0
56139889100,57221606534,0,0,0.0,0.0,5,84,420,7,3,207,163,0.07692307692307693
57200730023,57216420195,0,0,0.0,0.0,1,2,2,5,1,94,46,0.10714285714285714
55945194400,6603400945,0,0,0.0,0.0,2,34,68,13,9,380,350,0.05084745762711865
57193087551,57208702273,0,0,0.0,0.0,10,2,20,4,2,46,16,0.0
56520976100,7101828170,0,0,0.0,0.0,10,68,680,29,11,1309,961,0.13095238095238096
57202029288,6506938864,0,0,0.0,0.0,8,6,48,7,3,152,106,0.0
57201855029,57214185808,0,0,0.0,0.0,3,18,54,4,0,43,25,0.0
56320904000,57200035416,0,0,0.0,0.0,7,7,49,5,1,73,9,0.0
57212403802,57217678160,0,0,0.0,0.0,1,2,2,3,1,27,21,0.0
58221326000,6506451414,0,0,0.0,0.0,0,24,0,17,13,715,695,0.14285714285714285
57210802312,57222634825,0,0,0.0,0.0,3,4,12,4,0,46,22,0.0
57200188106,57211131431,0,0,0.0,0.0,6,2,12,4,0,70,20,0.0
56487825000,57212307833,0,0,0.0,0.0,1,1,1,5,1,52,36,0.0
36652922300,54419323400,0,0,0.0,0.0,7,1,7,13,5,306,184,0.15789473684210525
57215148675,57221109427,0,0,0.0,0.0,13,2,26,5,3,70,62,0.08333333333333333
57195197340,57208667025,0,0,0.0,0.0,5,6,30,6,2,105,7,0.0
57209714947,6603328586,0,0,0.0,0.0,8,4,32,6,0,69,31,0.02857142857142857
55770895400,56906903200,0,0,0.0,0.0,25,3,75,9,5,199,173,0.04285714285714286
57201734615,57223087546,0,0,0.0,0.0,58,9,522,19,7,844,632,0.06060606060606061
56289741000,57216441606,0,0,0.0,0.0,8,4,32,4,2,36,20,0.0
57200108150,57673883400,0,0,0.0,0.0,5,13,65,10,8,290,284,0.04
57219982774,57222810020,0,0,0.0,0.0,13,3,39,5,1,97,47,0.047619047619047616
55873463600,57202514299,0,0,0.0,0.0,6,5,30,10,4,228,166,0.09259259259259259
57188659251,7006625893,0,0,0.0,0.0,1,3,3,7,3,217,125,0.04878048780487805
57197139370,57201732322,0,0,0.0,0.0,10,26,260,19,17,1069,1053,0.03125
36159000900,57189089750,0,0,0.0,0.0,1,7,7,4,0,87,25,0.03225806451612903
57070745000,57211980385,0,0,0.0,0.0,7,1,7,5,3,105,97,0.0
55206360800,9640029700,0,0,0.0,0.0,14,6,84,11,3,230,172,0.08064516129032258
55811114600,56674631200,0,0,0.0,0.0,29,6,174,12,2,196,102,0.038461538461538464
54412962900,56227341800,0,0,0.0,0.0,12,2,24,5,1,93,13,0.0
56819117900,57209087382,0,0,0.0,0.0,3,35,105,13,5,213,121,0.0
57188581536,7402031672,0,0,0.0,0.0,7,23,161,6,2,150,56,0.1111111111111111
55203915600,56386934800,0,0,0.0,0.0,13,4,52,16,12,606,592,0.3076923076923077
57205890458,57343120900,0,0,0.0,0.0,7,1,7,4,0,157,119,0.1111111111111111
55343310400,6602971364,0,0,0.0,0.0,2,4,8,4,0,65,25,0.03225806451612903
57214191037,57215907602,0,0,0.0,0.0,17,4,68,6,2,92,8,0.058823529411764705
57191347298,57200524491,0,0,0.0,0.0,9,9,81,5,1,301,279,0.1111111111111111
57223180447,59454864300,0,0,0.0,0.0,2,3,6,4,2,45,21,0.0
57204693093,57226375720,0,0,0.0,0.0,1,5,5,4,0,59,39,0.0
56732974800,57217640646,0,0,0.0,0.0,22,11,242,8,2,129,55,0.21052631578947367
57164746200,57207458121,0,0,0.0,0.0,13,9,117,10,4,503,205,0.0
57188751717,6506214929,0,0,0.0,0.0,2,28,56,7,3,192,34,0.0
57195197340,57201719319,0,0,0.0,0.0,5,24,120,12,4,250,152,0.0
57190140446,57207457530,0,0,0.0,0.0,10,15,150,8,4,194,128,0.04
14831934500,6602680085,0,0,0.0,0.0,14,86,1204,37,9,3141,1205,0.030927835051546393
57201688248,57580338900,0,0,0.0,0.0,10,6,60,14,2,327,95,0.13043478260869565
55421338900,57214755482,0,0,0.0,0.0,2,9,18,6,2,66,2,0.021739130434782608
55691083100,57196021981,0,0,0.0,0.0,1,88,88,14,10,342,322,0.0
57207452039,57218527995,0,0,0.0,0.0,5,11,55,5,3,65,59,0.0
55882827100,57202642940,0,0,0.0,0.0,5,9,45,10,6,180,154,0.02564102564102564
56237340500,57189501491,0,0,0.0,0.0,2,15,30,4,0,13,1,0.12
55180668900,55216567600,0,0,0.0,0.0,24,5,120,14,8,424,358,0.05357142857142857
55262959400,56425076100,0,0,0.0,0.0,4,15,60,5,1,116,80,0.17391304347826086
56668764200,57205197612,0,0,0.0,0.0,15,7,105,11,7,219,187,0.07407407407407407
36816603100,57202703855,0,0,0.0,0.0,2,11,22,12,0,354,8,0.0
57220087133,7004894512,0,0,0.0,0.0,4,4,16,6,2,119,73,0.020833333333333332
57202783289,6603822311,0,0,0.0,0.0,9,12,108,17,3,828,528,0.0
56548901900,57218387464,0,0,0.0,0.0,5,6,30,12,2,450,310,0.0
57201614824,57212385804,0,0,0.0,0.0,3,12,36,11,1,428,238,0.034482758620689655
57194153124,57221086605,0,0,0.0,0.0,20,6,120,8,4,420,380,0.13043478260869565
57203860123,57214230102,0,0,0.0,0.0,14,5,70,15,1,554,348,0.05263157894736842
24472732900,57221369272,0,0,0.0,0.0,15,46,690,10,2,341,137,0.1
57196278674,57218991631,0,0,0.0,0.0,4,3,12,4,0,62,8,0.0625
56747535400,57216253201,0,0,0.0,0.0,14,1,14,6,4,140,138,0.0
57198136106,57220177277,0,0,0.0,0.0,15,3,45,9,1,215,151,0.15789473684210525
57205393249,57218170832,0,0,0.0,0.0,5,1,5,7,1,143,79,0.08695652173913043
57197805115,57360529800,0,0,0.0,0.0,8,3,24,3,1,9,5,0.0
46661608200,57191301877,0,0,0.0,0.0,8,3,24,4,0,91,31,0.0
24462686100,57205632211,0,0,0.0,0.0,5,2,10,5,1,224,142,0.09333333333333334
56211110600,57215216359,0,0,0.0,0.0,3,4,12,7,1,155,65,0.08
55546002700,57206459890,0,0,0.0,0.0,2,9,18,4,0,74,62,0.3
55754467500,57210185493,0,0,0.0,0.0,4,23,92,6,0,111,51,0.034482758620689655
57164833400,8585695400,0,0,0.0,0.0,6,64,384,15,5,413,281,0.1590909090909091
56970595000,7006504347,0,0,0.0,0.0,3,11,33,11,7,358,188,0.23529411764705882
57214410064,8963566700,0,0,0.0,0.0,2,3,6,4,0,53,29,0.0
36603279900,8283972600,0,0,0.0,0.0,34,2,68,17,3,431,137,0.0196078431372549
56732517800,57219050927,0,0,0.0,0.0,1,9,9,6,2,101,9,0.0
35308026500,55212615700,0,0,0.0,0.0,4,16,64,17,3,569,171,0.07142857142857142
36882558500,57192391154,0,0,0.0,0.0,15,1,15,9,1,189,115,0.030303030303030304
57195062935,57219564979,0,0,0.0,0.0,7,7,49,5,1,59,9,0.0
58090740800,7005645193,0,0,0.0,0.0,2,32,64,7,3,111,99,0.0
57193934157,57209345549,0,0,0.0,0.0,3,6,18,8,2,164,78,0.025
57204759847,57204879604,0,0,0.0,0.0,5,2,10,4,0,39,19,0.0
15021715600,35796101600,0,0,0.0,0.0,12,26,312,8,0,153,7,0.09803921568627451
57222576457,57287307800,0,0,0.0,0.0,6,8,48,6,2,142,128,0.0
57205616187,57209641823,0,0,0.0,0.0,1,11,11,3,1,33,25,0.0
55887007300,57206889270,0,0,0.0,0.0,5,10,50,9,3,145,25,0.06060606060606061
57189619607,57215102117,0,0,0.0,0.0,1,2,2,15,9,1795,1765,0.0
57194031859,57210805871,0,0,0.0,0.0,8,7,56,6,2,109,25,0.0
56599788000,57201573233,0,0,0.0,0.0,5,7,35,7,3,173,105,0.25925925925925924
57210293047,7006668715,0,0,0.0,0.0,6,18,108,15,13,542,512,0.0
57190732544,6701448651,0,0,0.0,0.0,65,20,1300,15,1,454,206,0.07407407407407407
57201858968,57218477328,0,0,0.0,0.0,7,18,126,11,5,210,62,0.038461538461538464
56416487300,57197512902,0,0,0.0,0.0,4,12,48,7,3,187,11,0.0
25959640900,56715896100,0,0,0.0,0.0,6,3,18,6,4,186,156,0.14634146341463414
14029585100,16243020100,0,1,0.0038022813688212928,0.22630370469475658,48,216,10368,43,7,4698,2552,0.32038834951456313
56449354900,57194834780,0,0,0.0,0.0,1,11,11,14,6,1225,1091,0.36363636363636365
54894988400,57200163221,0,0,0.0,0.0,6,2,12,3,1,57,55,0.0
55884865400,57200960817,0,0,0.0,0.0,2,4,8,9,3,110,70,0.09375
35976473700,57225722952,0,0,0.0,0.0,15,2,30,6,4,70,62,0.023809523809523808
57209242984,7801374608,0,0,0.0,0.0,3,7,21,4,0,91,3,0.0
57201196907,57203523392,0,0,0.0,0.0,16,1,16,7,3,50,16,0.0
57194789300,57948659200,0,0,0.0,0.0,5,9,45,7,1,332,248,0.05555555555555555
55669253000,57211695211,0,0,0.0,0.0,4,23,92,11,3,330,116,0.0
57211115618,57222193631,0,0,0.0,0.0,5,43,215,19,5,547,237,0.03260869565217391
57203000513,57222749916,0,0,0.0,0.0,2,2,4,4,0,41,13,0.0
24476818100,57203394800,0,0,0.0,0.0,10,6,60,6,4,179,145,0.0
56919341400,57192686429,0,0,0.0,0.0,4,0,0,8,4,309,249,0.05
58074396900,8937627500,0,0,0.0,0.0,4,9,36,3,3,66,66,0.0
57201879993,59542585400,0,0,0.0,0.0,4,6,24,5,1,64,34,0.21052631578947367
56545026700,57218195127,0,0,0.0,0.0,17,15,255,21,15,1372,1332,0.125
37050828000,57746115500,0,0,0.0,0.0,1,10,10,6,0,68,2,0.0
57193268552,57222537490,0,0,0.0,0.0,11,4,44,8,4,230,50,0.038461538461538464
57208645087,57211980385,0,0,0.0,0.0,8,1,8,4,2,85,77,0.0
55986606800,57396223900,0,0,0.0,0.0,16,7,112,11,5,240,80,0.11363636363636363
57193556906,58539953000,0,0,0.0,0.0,8,4,32,3,1,33,27,0.0
57209292495,6701424197,0,0,0.0,0.0,9,82,738,16,10,357,257,0.1
14822544000,35588325000,0,0,0.0,0.0,2,52,104,19,17,1070,1054,0.05714285714285714
55234979200,55996324500,0,0,0.0,0.0,10,4,40,6,0,77,5,0.08
16678820800,57235619600,0,0,0.0,0.0,23,12,276,15,7,413,313,0.08823529411764706
57212172859,57857783600,0,0,0.0,0.0,6,3,18,3,1,47,43,0.0
57206938059,6506777512,0,0,0.0,0.0,14,10,140,14,4,884,352,0.0
57003502400,57217225402,0,0,0.0,0.0,10,6,60,5,1,130,20,0.0
56783150200,57192685584,0,0,0.0,0.0,24,13,312,12,4,417,251,0.015873015873015872
23004608500,7006625893,0,0,0.0,0.0,15,3,45,13,3,368,26,0.11320754716981132
56834997800,57315582700,0,0,0.0,0.0,20,7,140,9,1,217,45,0.043478260869565216
55743865300,57216658302,0,0,0.0,0.0,13,1,13,6,6,176,176,0.0
56582449700,7004199959,0,0,0.0,0.0,3,14,42,14,8,434,356,0.07462686567164178
57221337264,7102649763,0,0,0.0,0.0,6,20,120,9,5,236,194,0.0
57194679642,57214551475,0,0,0.0,0.0,5,13,65,5,1,150,120,0.0
14007750600,56784297000,0,0,0.0,0.0,26,2,52,12,2,233,85,0.07142857142857142
57211337705,57223859581,0,0,0.0,0.0,3,8,24,8,2,137,65,0.03225806451612903
57201864122,57640213000,0,0,0.0,0.0,17,4,68,5,3,49,43,0.038461538461538464
57221341400,57965324800,0,0,0.0,0.0,10,10,100,4,0,29,1,0.2
57211861736,6506938864,0,0,0.0,0.0,6,6,36,8,2,147,111,0.045454545454545456
55914355100,57205104327,0,0,0.0,0.0,3,18,54,12,0,193,45,0.05555555555555555
57223341206,57223808599,0,0,0.0,0.0,6,9,54,4,0,60,18,0.13636363636363635
26655075400,34571143700,0,0,0.0,0.0,33,12,396,20,2,990,486,0.1875
57193947763,59157983200,0,0,0.0,0.0,3,6,18,5,1,198,138,0.02564102564102564
57190258392,6508289518,0,0,0.0,0.0,4,5,20,3,1,42,18,0.02666666666666667
57192397433,57220950721,0,0,0.0,0.0,15,1,15,17,15,979,973,0.0
57214850165,7006625732,0,0,0.0,0.0,7,5,35,6,2,140,46,0.3333333333333333
57201688248,57211159662,0,0,0.0,0.0,10,4,40,10,6,232,190,0.0
57202424701,57454603700,0,0,0.0,0.0,0,3,0,4,0,36,26,0.0
23987741800,6508357924,0,0,0.0,0.0,12,39,468,23,5,925,75,0.1016949152542373
57216002789,57286620800,0,0,0.0,0.0,3,22,66,6,2,131,31,0.047619047619047616
57203204973,57211266186,0,0,0.0,0.0,5,2,10,8,4,166,146,0.0
55974678000,57218144267,0,0,0.0,0.0,8,3,24,5,1,95,13,0.2
37561153100,57193882076,0,0,0.0,0.0,14,20,280,6,0,87,15,0.030303030303030304
56850461100,57200644240,0,3,0.024193548387096774,0.611083782026669,51,76,3876,14,0,505,77,0.16666666666666666
57195935522,57207692557,0,0,0.0,0.0,5,5,25,13,3,417,87,0.10869565217391304
51663826300,57221393685,0,0,0.0,0.0,1,2,2,2,0,5,3,0.0
55576394100,7801374608,0,0,0.0,0.0,13,7,91,11,7,618,524,0.16981132075471697
44760952200,57201250923,0,0,0.0,0.0,18,30,540,15,5,511,165,0.022222222222222223
57185253200,57219446796,0,0,0.0,0.0,4,20,80,7,1,203,9,0.05405405405405406
57191344418,57211292618,0,0,0.0,0.0,16,5,80,11,7,260,242,0.0
48161853500,57202263698,0,0,0.0,0.0,17,19,323,10,0,161,41,0.09523809523809523
56423543100,57214030833,0,0,0.0,0.0,9,5,45,5,3,104,12,0.0
15032600400,6504443983,0,0,0.0,0.0,3,50,150,22,16,1003,885,0.015873015873015872
55324365600,57200164025,0,0,0.0,0.0,5,5,25,7,1,118,2,0.0
57192876741,57219232917,0,0,0.0,0.0,4,1,4,5,3,66,56,0.0
35559665600,57203945030,0,0,0.0,0.0,15,3,45,4,0,46,18,0.0
54986324600,57203413251,0,0,0.0,0.0,10,4,40,5,1,71,23,0.0
57188759143,6602257132,0,0,0.0,0.0,4,90,360,20,6,694,310,0.12280701754385964
57220607113,57224179574,0,0,0.0,0.0,6,8,48,7,5,171,153,0.0
55345608100,57224477762,0,0,0.0,0.0,2,2,4,4,0,23,3,0.11764705882352941
57218192507,58145364900,0,0,0.0,0.0,76,3,228,9,5,891,863,0.058823529411764705
36675972400,57216148720,0,0,0.0,0.0,2,2,4,4,2,40,34,0.024390243902439025
44961160900,55331323800,0,0,0.0,0.0,20,46,920,12,2,244,108,0.05
56462839800,57221090422,0,0,0.0,0.0,2,2,4,4,0,29,1,0.0
35092058800,57200674591,0,0,0.0,0.0,2,10,20,14,4,487,233,0.0196078431372549
57214188515,7007018624,0,0,0.0,0.0,6,32,192,17,11,684,652,0.03333333333333333
57197856140,57473904200,0,0,0.0,0.0,2,3,6,3,1,31,21,0.0
57194288925,57261608300,0,0,0.0,0.0,93,3,279,16,14,1430,1426,0.0
57201775200,57205624942,0,0,0.0,0.0,8,0,0,13,9,813,791,0.034482758620689655
55211263300,57203484568,0,0,0.0,0.0,11,7,77,9,1,130,36,0.0
57210281711,6507189055,0,0,0.0,0.0,2,17,34,8,6,108,104,0.05263157894736842
36612500400,57190065256,0,0,0.0,0.0,7,9,63,11,3,250,32,0.028169014084507043
56237393300,57191614204,0,0,0.0,0.0,3,10,30,3,1,14,10,0.0
57207826682,57219092528,0,0,0.0,0.0,20,7,140,3,1,24,22,0.0
37057681700,57214798137,0,0,0.0,0.0,13,6,78,6,2,83,21,0.07142857142857142
57213814632,57955781100,0,0,0.0,0.0,5,11,55,4,0,24,16,0.1
57192384912,57222402952,0,0,0.0,0.0,18,2,36,8,8,174,174,0.0
57219518963,57357277400,0,0,0.0,0.0,2,1,2,4,0,28,8,0.0
57221322669,57226450621,0,0,0.0,0.0,11,4,44,8,2,127,5,0.06451612903225806
56041416200,56489813900,0,0,0.0,0.0,16,6,96,5,1,87,47,0.041666666666666664
57202689961,57222400953,0,0,0.0,0.0,3,2,6,4,0,45,3,0.0
57192642829,57193343861,0,0,0.0,0.0,28,1,28,11,5,253,105,0.044444444444444446
12804338800,57212445529,0,0,0.0,0.0,14,5,70,7,1,140,20,0.23809523809523808
57188537146,57207451630,0,0,0.0,0.0,6,7,42,5,1,43,7,0.0
55975324900,57204546450,0,0,0.0,0.0,3,7,21,5,1,73,41,0.043478260869565216
15051957000,55971047700,0,0,0.0,0.0,5,6,30,7,1,118,14,0.18181818181818182
55616142000,57197805115,0,0,0.0,0.0,1,8,8,4,0,17,3,0.0
57188628987,57215147476,0,0,0.0,0.0,1,10,10,7,1,137,65,0.2702702702702703
57216432854,60106470500,0,0,0.0,0.0,4,5,20,9,3,240,194,0.0
56818486400,57219330049,0,0,0.0,0.0,1,2,2,3,1,274,202,0.0
57209542137,57221531300,0,0,0.0,0.0,2,8,16,3,1,41,27,0.0
56542466800,57199505943,0,0,0.0,0.0,3,11,33,6,2,37,15,0.0
56712342900,57193913494,0,0,0.0,0.0,18,16,288,20,8,758,570,0.05263157894736842
14010734200,57215291483,0,0,0.0,0.0,4,13,52,12,2,305,105,0.034482758620689655
35750735600,55203002200,0,0,0.0,0.0,9,5,45,9,3,235,195,0.0
22938031400,47361218700,0,0,0.0,0.0,60,8,480,10,4,198,70,0.10344827586206896
37666192500,57219053763,0,0,0.0,0.0,1,1,1,7,3,78,66,0.0
37762294800,59158206400,0,0,0.0,0.0,1,5,5,6,2,60,30,0.23684210526315788
57207778989,57211558593,0,0,0.0,0.0,2,4,8,4,2,28,20,0.0
57204104250,57221337264,0,0,0.0,0.0,3,6,18,4,0,66,24,0.0
55560606300,57194689601,0,0,0.0,0.0,24,5,120,8,0,108,60,0.0
57210692502,57213596703,0,0,0.0,0.0,5,7,35,3,1,9,1,0.0
57189584266,7005936077,0,0,0.0,0.0,16,84,1344,11,3,274,40,0.2391304347826087
57205564497,57215584160,0,0,0.0,0.0,14,3,42,4,0,72,26,0.0
36902842200,57735286700,0,0,0.0,0.0,13,5,65,15,11,349,313,0.0
57210390533,57772698300,0,0,0.0,0.0,18,7,126,12,8,367,313,0.0
56601334700,57817037700,0,0,0.0,0.0,3,1,3,3,1,23,13,0.08333333333333333
56099793900,56708122100,0,0,0.0,0.0,11,41,451,19,13,684,618,0.04081632653061224
22933897800,35473838700,0,0,0.0,0.0,3,18,54,5,3,51,37,0.08333333333333333
57195239694,57218876692,0,0,0.0,0.0,10,5,50,13,3,276,46,0.05714285714285714
25640638600,57211883988,0,0,0.0,0.0,3,3,9,7,1,87,53,0.03125
56728918000,57226389030,0,0,0.0,0.0,7,10,70,6,4,68,62,0.0
34877385900,57210150969,0,0,0.0,0.0,4,5,20,4,0,198,136,0.2
49061029800,57201068285,0,0,0.0,0.0,31,8,248,10,6,375,337,0.058823529411764705
56828766000,57203062458,0,0,0.0,0.0,15,4,60,23,15,2220,2114,0.0196078431372549
56245796600,57230084300,0,0,0.0,0.0,2,2,4,3,1,15,7,0.15384615384615385
23972525300,55624616000,0,0,0.0,0.0,12,10,120,15,3,723,465,0.0
15844706600,57195148289,0,0,0.0,0.0,4,2,8,4,0,67,1,0.0
57188829651,57203456202,0,0,0.0,0.0,4,4,16,4,2,40,20,0.15789473684210525
57197521695,57222990908,0,0,0.0,0.0,6,32,192,8,6,131,119,0.0625
57190802420,57212197438,0,0,0.0,0.0,4,5,20,5,1,132,110,0.0
6701314769,6701409040,0,0,0.0,0.0,4,4,16,4,0,30,4,0.2692307692307692
57206263089,8324300100,0,0,0.0,0.0,16,13,208,15,7,515,341,0.02631578947368421
25031122000,57214717827,0,0,0.0,0.0,59,4,236,10,8,267,257,0.0
26023085000,57289236600,0,0,0.0,0.0,94,8,752,28,22,2015,1975,0.013513513513513514
13406569500,57190166582,0,0,0.0,0.0,5,2,10,7,3,87,23,0.0
55850511800,57215683127,0,2,0.012738853503184714,0.44100550855958853,41,118,4838,17,1,1143,645,0.13043478260869565
55851403100,57193446228,0,0,0.0,0.0,15,6,90,7,3,104,60,0.0425531914893617
56268711100,57904040900,0,0,0.0,0.0,17,3,51,6,4,85,71,0.03333333333333333
57193087446,7004549172,0,0,0.0,0.0,7,7,49,8,6,111,109,0.023255813953488372
55262959400,57271996600,0,0,0.0,0.0,4,1,4,4,0,81,45,0.05263157894736842
56576220800,56593551000,0,0,0.0,0.0,3,7,21,11,1,529,307,0.25
54965487500,57208225252,0,0,0.0,0.0,5,1,5,2,0,19,7,0.0
22135510100,57421541900,0,0,0.0,0.0,4,1,4,11,7,301,277,0.08450704225352113
57211085447,58044116500,0,0,0.0,0.0,7,7,49,6,0,90,32,0.041666666666666664
56081399500,57194870679,0,0,0.0,0.0,7,1,7,8,0,366,64,0.06779661016949153
57034025700,57431831400,0,0,0.0,0.0,0,5,0,4,2,39,33,0.08
57200412020,57222276278,0,0,0.0,0.0,10,3,30,5,1,85,53,0.0
56244888300,57315582700,0,0,0.0,0.0,19,7,133,14,6,451,189,0.18518518518518517
35606519100,57216437861,0,0,0.0,0.0,8,10,80,8,4,99,67,0.0
56506646900,6505517404,0,0,0.0,0.0,1,18,18,5,1,65,15,0.06896551724137931
57193628522,57210122175,0,0,0.0,0.0,3,12,36,18,4,489,217,0.041666666666666664
57224315503,7004916334,0,0,0.0,0.0,4,8,32,12,4,456,0,0.015873015873015872
18436000300,57195774676,0,0,0.0,0.0,15,7,105,12,2,292,50,0.1111111111111111
55153093800,57210183032,0,0,0.0,0.0,1,4,4,6,2,70,56,0.0
57188581536,57201896666,0,0,0.0,0.0,7,2,14,5,1,202,108,0.0
39862790000,6505698418,0,0,0.0,0.0,36,5,180,17,9,819,657,0.07017543859649122
56925585200,57282290400,0,0,0.0,0.0,7,11,77,5,1,28,12,0.125
55345344600,57208667025,0,0,0.0,0.0,4,6,24,2,2,56,56,0.0
57193874214,57201504995,0,0,0.0,0.0,1,61,61,13,9,383,137,0.08928571428571429
50861102400,57219665854,0,0,0.0,0.0,5,6,30,3,1,15,11,0.0
56001001600,56990944200,0,0,0.0,0.0,14,28,392,9,3,758,700,0.12195121951219512
57211927845,7402170845,0,0,0.0,0.0,10,19,190,9,5,162,84,0.0
33267446900,37033733600,0,0,0.0,0.0,5,23,115,7,3,155,63,0.14545454545454545
57087112000,57224783614,0,0,0.0,0.0,15,4,60,9,7,200,194,0.038461538461538464
56267296900,57194735363,0,0,0.0,0.0,7,14,98,12,2,504,70,0.0
36598939000,57223595085,0,0,0.0,0.0,14,4,56,7,3,145,115,0.1
57200283406,57201683846,0,0,0.0,0.0,2,0,0,4,0,36,22,0.10256410256410256
56016155100,57194237814,0,0,0.0,0.0,4,1,4,6,0,75,15,0.037037037037037035
57189892002,57192438426,0,0,0.0,0.0,2,1,2,7,3,87,73,0.0967741935483871
57203767462,57891040100,0,0,0.0,0.0,17,4,68,6,2,87,1,0.0
57197754933,57203822525,0,0,0.0,0.0,9,15,135,12,2,439,265,0.07142857142857142
15020462500,57216918488,0,0,0.0,0.0,8,6,48,5,1,237,169,0.06818181818181818
57214182065,57224181231,0,0,0.0,0.0,6,7,42,3,1,23,1,0.0
57190734513,58298122500,0,0,0.0,0.0,2,5,10,6,2,80,20,0.04
57211601222,6603822311,0,0,0.0,0.0,4,12,48,9,5,167,133,0.0
57204691995,57414199800,0,0,0.0,0.0,8,2,16,3,1,77,57,0.05263157894736842
56747324300,57209973062,0,0,0.0,0.0,1,15,15,7,3,159,141,0.037037037037037035
57188575644,57215102117,0,0,0.0,0.0,2,2,4,7,1,109,79,0.0
56047033500,57203717609,0,0,0.0,0.0,6,3,18,3,1,76,70,0.0
57194523287,57200644240,0,11,0.09821428571428571,2.3065227823373813,47,76,3572,14,0,519,63,0.2857142857142857
56955704200,57195320845,0,0,0.0,0.0,6,13,78,8,4,149,123,0.18181818181818182
55602656100,57226061739,0,0,0.0,0.0,1,8,8,3,1,72,2,0.0
55511514300,57196023539,0,0,0.0,0.0,2,8,16,5,1,34,4,0.037037037037037035
57191692420,57194200924,0,0,0.0,0.0,22,16,352,20,6,668,342,0.01694915254237288
56690393200,6701501754,0,0,0.0,0.0,4,21,84,16,8,608,524,0.08
23493442400,57746115500,0,0,0.0,0.0,24,10,240,6,0,476,406,0.07142857142857142
57198345630,57220613317,0,0,0.0,0.0,3,14,42,7,3,148,82,0.08695652173913043
56368499800,57218195652,0,0,0.0,0.0,20,11,220,15,9,1036,998,0.13513513513513514
57222660465,57863837200,0,0,0.0,0.0,0,4,0,3,3,28,28,0.0
57219671587,57222377213,0,0,0.0,0.0,10,11,110,4,0,30,2,0.2
13609877600,18437640800,0,0,0.0,0.0,12,5,60,10,2,179,3,0.023809523809523808
57194279893,57204938647,0,0,0.0,0.0,7,11,77,4,0,119,93,0.058823529411764705
57213619626,57349166900,0,0,0.0,0.0,16,14,224,5,3,68,42,0.19047619047619047
56146474900,8937627500,0,0,0.0,0.0,5,9,45,7,1,101,31,0.09090909090909091
56025733100,57712744300,0,0,0.0,0.0,6,4,24,6,2,41,31,0.041666666666666664
55194722700,56180862400,0,0,0.0,0.0,1,2,2,4,0,90,40,0.03225806451612903
25825541000,57214183858,0,0,0.0,0.0,5,18,90,4,0,148,70,0.125
54965487500,6507525596,0,0,0.0,0.0,5,11,55,5,3,87,61,0.047619047619047616
36843605000,7007053749,0,0,0.0,0.0,6,17,102,8,4,127,17,0.022222222222222223
57209828320,57218602621,0,0,0.0,0.0,6,13,78,14,4,272,162,0.027777777777777776
50960937600,57197750458,0,0,0.0,0.0,7,20,140,26,18,1535,1441,0.1038961038961039
55420972300,56019914100,0,0,0.0,0.0,5,22,110,5,1,137,77,0.02564102564102564
50262384000,57202924082,0,0,0.0,0.0,13,6,78,9,1,156,16,0.05
22834387100,7006434026,0,0,0.0,0.0,26,43,1118,21,3,749,273,0.016129032258064516
52664450800,57203847149,0,0,0.0,0.0,3,3,9,9,1,219,11,0.10810810810810811
57200913729,57284778900,0,0,0.0,0.0,2,13,26,7,5,76,66,0.0
36851295700,57209571682,0,0,0.0,0.0,11,8,88,6,2,83,1,0.12903225806451613
57194636478,57215094997,0,0,0.0,0.0,3,6,18,4,0,58,18,0.0
36662021500,7202853939,0,0,0.0,0.0,10,4,40,9,3,206,156,0.06666666666666667
57212197438,57218594010,0,0,0.0,0.0,5,3,15,4,0,19,3,0.0
56668479100,57226237387,0,0,0.0,0.0,7,4,28,17,1,467,77,0.10526315789473684
53464170300,57216404490,0,0,0.0,0.0,17,6,102,7,3,86,74,0.0
56955704200,7005553803,0,0,0.0,0.0,6,2,12,3,1,86,60,0.0
56118724000,57192382786,0,0,0.0,0.0,3,6,18,15,5,432,310,0.018518518518518517
58769120700,7003895942,0,0,0.0,0.0,5,11,55,7,5,105,101,0.075
55581041300,7203089161,0,0,0.0,0.0,83,5,415,35,19,2585,2143,0.10606060606060606
54882813200,57222049354,0,0,0.0,0.0,27,11,297,13,9,346,310,0.0
57195197340,57821720100,0,0,0.0,0.0,5,6,30,6,2,56,42,0.08
56525306900,57224311701,0,0,0.0,0.0,5,0,0,7,1,75,47,0.0
56175244500,57193737463,0,0,0.0,0.0,3,4,12,5,3,58,50,0.0
57213619538,7003731076,0,0,0.0,0.0,5,24,120,20,10,798,468,0.05454545454545454
35095506200,58166544500,0,0,0.0,0.0,74,10,740,21,15,986,914,0.09090909090909091
57812666600,6507924993,0,0,0.0,0.0,26,15,390,10,4,223,163,0.14893617021276595
57196023539,7005001396,0,0,0.0,0.0,8,41,328,12,6,291,261,0.02631578947368421
57223271809,7401770179,0,0,0.0,0.0,4,20,80,8,6,111,101,0.2857142857142857
56954535800,57202029288,0,0,0.0,0.0,9,8,72,10,6,190,144,0.03333333333333333
57194539161,57205559965,0,0,0.0,0.0,17,1,17,7,3,76,60,0.0967741935483871
35324039000,6507550236,0,0,0.0,0.0,2,5,10,7,1,134,4,0.23076923076923078
55357477800,58157133500,0,0,0.0,0.0,34,2,68,8,4,158,140,0.15
59956618700,6507552484,0,0,0.0,0.0,20,21,420,13,5,311,175,0.15254237288135594
55882827100,57195964672,0,0,0.0,0.0,5,6,30,4,0,25,1,0.0
56919132800,57205325248,0,0,0.0,0.0,0,12,0,9,7,218,198,0.0
57016539100,58694277600,0,0,0.0,0.0,3,3,9,5,3,194,172,0.0
57202887572,57226551715,0,0,0.0,0.0,40,2,80,9,3,331,43,0.0
57213651245,57219671587,0,0,0.0,0.0,22,10,220,5,1,66,38,0.07692307692307693
57195573495,57216404490,0,0,0.0,0.0,19,6,114,8,4,139,127,0.18604651162790697
57215213867,57218477328,0,0,0.0,0.0,3,18,54,9,7,139,133,0.0
22934833900,7004376921,0,0,0.0,0.0,38,29,1102,25,9,871,523,0.40625
21741992200,55981667500,0,0,0.0,0.0,8,31,248,13,9,452,340,0.058823529411764705
57201333411,57221085828,0,0,0.0,0.0,6,5,30,6,2,79,71,0.0
36197442000,8944638600,0,0,0.0,0.0,6,23,138,10,6,186,166,0.05714285714285714
56010491300,56025767600,0,0,0.0,0.0,8,28,224,11,7,793,763,0.018867924528301886
55642454600,57222615192,0,0,0.0,0.0,3,17,51,4,2,53,21,0.0
57753975100,7203013613,0,0,0.0,0.0,9,19,171,5,1,44,28,0.038461538461538464
24174852000,57201703959,0,0,0.0,0.0,29,2,58,22,14,1255,887,0.0
57203281987,57214861984,0,0,0.0,0.0,2,5,10,5,3,50,42,0.0
57214175164,57224556300,0,0,0.0,0.0,4,4,16,8,4,251,233,0.05263157894736842
56603632300,57189215849,0,0,0.0,0.0,10,6,60,8,4,155,111,0.05
24464916700,58069070600,0,0,0.0,0.0,9,1,9,4,0,21,9,0.0
57172631000,57220642258,0,0,0.0,0.0,9,11,99,4,0,88,6,0.0
57217031649,60429549400,0,0,0.0,0.0,1,3,3,3,1,17,3,0.0
56587445700,6506561384,0,0,0.0,0.0,62,6,372,11,7,250,198,0.030303030303030304
24759095300,57215281565,0,0,0.0,0.0,2,9,18,10,4,266,142,0.02857142857142857
56688575600,57226267364,0,0,0.0,0.0,14,4,56,8,6,115,103,0.18181818181818182
24177391600,57211558125,0,0,0.0,0.0,7,3,21,7,5,73,65,0.0
57188318700,57208919070,0,0,0.0,0.0,22,8,176,4,0,45,1,0.09090909090909091
57193495004,57200914791,0,0,0.0,0.0,2,7,14,5,1,143,35,0.0
35880914800,57211744823,0,0,0.0,0.0,18,7,126,11,7,178,162,0.08333333333333333
27967551900,53983638600,0,0,0.0,0.0,140,2,280,22,18,1529,1509,0.01818181818181818
57195549409,57217100420,0,0,0.0,0.0,3,7,21,3,1,20,0,0.0
37261601200,56564855100,0,0,0.0,0.0,9,2,18,5,1,32,24,0.21052631578947367
57191903320,57225024461,0,0,0.0,0.0,1,11,11,5,3,75,11,0.043478260869565216
57199328648,7003712236,0,0,0.0,0.0,5,6,30,5,1,55,35,0.25
12240246800,57566651600,0,0,0.0,0.0,7,5,35,9,1,197,57,0.06451612903225806
55955755800,6701718828,0,0,0.0,0.0,2,26,52,13,5,435,325,0.18518518518518517
57202137592,58307618500,0,0,0.0,0.0,29,4,116,6,4,54,48,0.11538461538461539
57214192400,57935374200,0,0,0.0,0.0,7,2,14,6,2,132,46,0.07894736842105263
55550695600,57215537459,0,0,0.0,0.0,14,11,154,13,11,535,521,0.02857142857142857
27067481500,57221949854,0,0,0.0,0.0,29,122,3538,34,16,3172,2772,0.3442622950819672
50960926700,57220642258,0,0,0.0,0.0,31,11,341,14,10,461,367,0.0
57203617316,57557409200,0,0,0.0,0.0,5,2,10,3,1,76,70,0.0
57192422813,7005944724,0,0,0.0,0.0,5,25,125,11,5,385,309,0.03636363636363636
57193382012,57214185922,0,0,0.0,0.0,11,3,33,4,0,17,3,0.0
57193645493,57208338696,0,0,0.0,0.0,2,5,10,5,1,68,46,0.045454545454545456
36838460400,57223135463,0,0,0.0,0.0,5,1,5,3,1,149,67,0.13333333333333333
22834387100,6603713879,0,0,0.0,0.0,26,6,156,19,5,615,407,0.0684931506849315
57214034350,57219697094,0,0,0.0,0.0,7,2,14,4,0,183,45,0.058823529411764705
56666993200,57196185087,0,0,0.0,0.0,1,16,16,7,3,136,94,0.027777777777777776
35613260800,45661023000,0,0,0.0,0.0,3,7,21,5,3,71,65,0.02857142857142857
57193423579,58089326200,0,0,0.0,0.0,2,3,6,6,2,64,46,0.0
56032699700,57214180080,0,0,0.0,0.0,21,7,147,9,1,307,71,0.06382978723404255
43461584000,57210554857,0,0,0.0,0.0,10,3,30,3,1,266,68,0.058823529411764705
57210287553,57218119689,0,0,0.0,0.0,15,10,150,10,4,249,5,0.0
57090837100,7102374850,0,0,0.0,0.0,10,3,30,5,1,162,56,0.03389830508474576
16204004300,7003686739,0,0,0.0,0.0,5,23,115,8,2,145,5,0.11764705882352941
24381651100,57201634282,0,0,0.0,0.0,25,19,475,13,5,215,115,0.1
36463952800,36899832000,0,0,0.0,0.0,2,44,88,14,4,344,184,0.13114754098360656
24504549500,55362857300,0,0,0.0,0.0,2,4,8,4,0,50,8,0.0
57211861964,57215152082,0,0,0.0,0.0,4,5,20,2,0,13,9,0.16666666666666666
56395383000,57188667367,0,1,0.03333333333333333,0.23782951347935782,14,17,238,6,0,65,19,0.1111111111111111
56100276100,57195415635,0,0,0.0,0.0,5,21,105,7,1,74,6,0.10526315789473684
26026264500,55664777800,0,0,0.0,0.0,7,15,105,6,0,69,15,0.19230769230769232
57194349796,57194769305,0,0,0.0,0.0,6,32,192,16,12,578,372,0.04878048780487805
57195136446,57215143687,0,0,0.0,0.0,15,6,90,11,7,260,190,0.0
57216321182,6603574466,0,0,0.0,0.0,7,12,84,8,4,176,64,0.05405405405405406
57204343177,57904702600,0,0,0.0,0.0,9,5,45,5,1,122,98,0.015625
14821864000,57219671587,0,0,0.0,0.0,1,10,10,6,2,73,45,0.014492753623188406
39961139400,57215129481,0,0,0.0,0.0,1,9,9,7,3,53,21,0.07142857142857142
57204243731,58166544500,0,0,0.0,0.0,8,10,80,6,0,57,15,0.0625
56625619300,57218880822,0,0,0.0,0.0,6,4,24,3,1,31,7,0.043478260869565216
55657575200,57837668400,0,0,0.0,0.0,10,1,10,5,1,36,20,0.06666666666666667
57210559078,57212025718,0,0,0.0,0.0,7,7,49,4,2,16,8,0.0
55249513200,57222172230,0,1,0.09090909090909091,0.3396232718951086,9,3,27,8,4,443,333,0.18181818181818182
15848917900,55263512800,0,0,0.0,0.0,17,7,119,12,8,396,308,0.08
55325823300,57205731647,0,0,0.0,0.0,2,1,2,8,2,218,30,0.11904761904761904
57209970436,57217487916,0,0,0.0,0.0,1,10,10,6,0,67,19,0.021739130434782608
56973349700,7005543703,0,0,0.0,0.0,12,22,264,14,0,290,80,0.058823529411764705
57202792218,57202955175,0,0,0.0,0.0,1,4,4,5,3,138,132,0.0
57203550028,57211602931,0,0,0.0,0.0,6,4,24,4,0,76,2,0.0
57190013276,57218378776,0,0,0.0,0.0,14,2,28,11,9,397,383,0.0
54387228000,8962997000,0,3,0.0297029702970297,0.7046686881078108,15,89,1335,29,21,2060,1868,0.075
57214940820,7004978561,0,0,0.0,0.0,9,23,207,16,8,751,63,0.16326530612244897
56320904000,57208035064,0,0,0.0,0.0,7,13,91,5,1,86,4,0.10526315789473684
57189331236,57222043955,0,0,0.0,0.0,7,8,56,6,4,128,78,0.0
52664007700,57209322988,0,0,0.0,0.0,7,8,56,5,1,152,48,0.02
12805937500,57214112643,0,0,0.0,0.0,1,12,12,5,1,70,34,0.06666666666666667
24376383400,57199101804,0,0,0.0,0.0,10,6,60,4,0,57,31,0.0
57200984590,57205596214,0,0,0.0,0.0,7,5,35,4,0,44,10,0.0
57195735368,57215116709,0,0,0.0,0.0,16,18,288,11,7,299,267,0.08695652173913043
16643616700,57202968313,0,1,0.00819672131147541,0.2023618696943225,110,13,1430,32,16,2523,1823,0.026785714285714284
56533630800,57195468678,0,0,0.0,0.0,3,3,9,5,1,239,189,0.1
55338934900,57216747690,0,0,0.0,0.0,6,4,24,3,1,26,8,0.0
56532006800,57192958390,0,0,0.0,0.0,4,2,8,5,3,46,42,0.0
25655622000,35796101600,0,0,0.0,0.0,18,26,468,12,4,226,80,0.23636363636363636
37661803000,57423670500,0,0,0.0,0.0,1,3,3,12,10,359,333,0.0
57074168400,57220554391,0,0,0.0,0.0,3,3,9,6,2,71,33,0.0
57190175049,57200552045,0,0,0.0,0.0,10,13,130,4,2,92,44,0.08333333333333333
57191039949,6602823371,0,0,0.0,0.0,25,18,450,15,5,703,57,0.07317073170731707
57117412100,7801424387,0,0,0.0,0.0,33,12,396,7,1,157,81,0.030303030303030304
23472984600,57203215683,0,0,0.0,0.0,19,8,152,7,3,68,40,0.05263157894736842
55936832400,57211874104,0,0,0.0,0.0,22,8,176,11,7,167,119,0.13043478260869565
37011530500,56486081700,0,0,0.0,0.0,16,5,80,7,3,230,214,0.15384615384615385
37117779600,57219592561,0,0,0.0,0.0,10,4,40,7,3,267,207,0.038461538461538464
57203747822,7101975791,0,0,0.0,0.0,3,22,66,25,21,1480,1386,0.0
57214861520,57267262100,0,0,0.0,0.0,6,3,18,4,0,66,32,0.0
35609932800,57225073927,0,0,0.0,0.0,7,3,21,9,1,133,21,0.08108108108108109
60000009300,7006012333,0,0,0.0,0.0,7,44,308,32,20,2550,1388,0.13725490196078433
57193623498,57216419840,0,0,0.0,0.0,2,6,12,5,1,69,19,0.0
57201345951,57202766462,0,0,0.0,0.0,13,1,13,8,4,149,133,0.02631578947368421
57200949604,58020431000,0,0,0.0,0.0,14,4,56,10,4,192,36,0.02040816326530612
57226109813,6504651173,0,0,0.0,0.0,5,37,185,13,5,417,109,0.0
54955193100,56988931300,0,0,0.0,0.0,5,1,5,13,9,591,511,0.05555555555555555
54963750300,57218136681,0,0,0.0,0.0,8,5,40,5,1,118,40,0.16129032258064516
36851295700,7004481112,0,0,0.0,0.0,11,128,1408,20,12,852,770,0.2222222222222222
57192383343,57212445529,0,0,0.0,0.0,4,5,20,5,1,80,40,0.16666666666666666
16064406700,57408805500,0,0,0.0,0.0,3,2,6,3,1,52,32,0.0
57204023107,57390357300,0,0,0.0,0.0,5,5,25,3,1,41,23,0.25
57222634825,6506645414,0,2,0.09090909090909091,0.44551923230751567,4,20,80,9,5,166,98,0.1111111111111111
57343633300,58027976500,0,0,0.0,0.0,15,5,75,6,4,74,16,0.041666666666666664
57202660685,57215530391,0,0,0.0,0.0,16,13,208,5,1,78,4,0.05263157894736842
56955599800,57222481947,0,0,0.0,0.0,21,4,84,7,5,943,935,0.02702702702702703
37099155100,57223308289,0,0,0.0,0.0,22,11,242,9,3,166,36,0.09090909090909091
55749596900,6602109801,0,0,0.0,0.0,21,2,42,22,18,908,884,0.0
35337121100,57206893445,0,0,0.0,0.0,6,11,66,7,1,152,42,0.2727272727272727
57223122313,7004239568,0,0,0.0,0.0,3,25,75,8,4,1405,1293,0.1111111111111111
55885881500,57614238500,0,0,0.0,0.0,15,5,75,9,5,226,56,0.12121212121212122
56911753200,57201449098,0,0,0.0,0.0,13,6,78,6,2,69,25,0.1111111111111111
55986606800,6508037327,0,1,0.02631578947368421,0.28599966750267436,16,23,368,16,0,323,3,0.234375
57201634282,7102474754,0,0,0.0,0.0,19,67,1273,28,10,1393,1063,0.15476190476190477
56286973200,57211262772,0,0,0.0,0.0,6,5,30,7,3,117,87,0.08333333333333333
57215962202,7006788459,0,0,0.0,0.0,4,27,108,8,4,168,66,0.03333333333333333
56506744300,57210582296,0,0,0.0,0.0,13,3,39,9,5,592,478,0.0
57190797190,57454578500,0,0,0.0,0.0,32,3,96,12,8,348,338,0.03225806451612903
57450321900,57457149700,0,0,0.0,0.0,1,1,1,4,0,17,5,0.058823529411764705
57211678716,57423670500,0,0,0.0,0.0,42,3,126,7,5,147,121,0.0
56294865400,57226248248,0,0,0.0,0.0,8,11,88,4,0,55,29,0.025
53983638600,56511751400,0,0,0.0,0.0,2,1,2,7,3,260,240,0.0
24432034800,57191473903,0,0,0.0,0.0,5,1,5,10,6,236,182,0.0
57217059317,57224123277,0,0,0.0,0.0,10,5,50,6,0,190,128,0.13333333333333333
56455196900,57506265400,0,0,0.0,0.0,13,2,26,7,1,147,103,0.16666666666666666
57450321900,7201929601,0,0,0.0,0.0,1,2,2,4,0,19,3,0.0
55456971100,7005909070,0,0,0.0,0.0,3,20,60,8,0,101,27,0.14102564102564102
57203454123,57205703089,0,0,0.0,0.0,6,9,54,3,1,83,5,0.0
55110225800,55578808500,0,0,0.0,0.0,79,4,316,15,11,539,529,0.047619047619047616
57191347298,57214188556,0,0,0.0,0.0,9,42,378,6,0,494,86,0.1
57205263489,57218338315,0,0,0.0,0.0,3,29,87,8,4,185,57,0.0
12646175000,57215590312,0,0,0.0,0.0,13,8,104,11,7,391,343,0.03076923076923077
57206839368,6505901432,0,0,0.0,0.0,5,15,75,15,9,623,545,0.0196078431372549
57220607113,59436164000,0,0,0.0,0.0,6,66,396,8,6,209,191,0.0
57197092087,57219124507,0,0,0.0,0.0,5,8,40,7,3,122,12,0.07692307692307693
57219437153,8657454300,0,0,0.0,0.0,7,15,105,8,4,419,383,0.0
57189507284,57196346722,0,0,0.0,0.0,5,2,10,12,2,231,19,0.0
55769165700,57197750458,0,0,0.0,0.0,1,20,20,24,20,1512,1464,0.04
57223919857,57550030800,0,0,0.0,0.0,5,5,25,3,1,24,12,0.0
57204108963,6603079011,0,0,0.0,0.0,8,63,504,22,14,1202,1090,0.08823529411764706
56333925500,57223087914,0,0,0.0,0.0,11,2,22,13,3,521,39,0.0
57209252159,57221582056,0,0,0.0,0.0,8,9,72,6,2,89,55,0.08333333333333333
27067901300,57194279893,0,0,0.0,0.0,8,7,56,3,1,121,91,0.07407407407407407
57198136106,8270443200,0,0,0.0,0.0,15,14,210,13,3,477,111,0.22
55969453600,6507565457,0,0,0.0,0.0,8,3,24,7,1,84,22,0.08823529411764706
57213195597,57214551475,0,0,0.0,0.0,2,13,26,3,1,17,13,0.0
57201975171,57218836033,0,0,0.0,0.0,33,1,33,7,3,68,50,0.0
57200824306,6602436600,0,1,0.029411764705882353,0.2239186238120062,27,8,216,5,1,106,56,0.017857142857142856
55770884000,57216777429,0,0,0.0,0.0,4,7,28,8,2,684,616,0.13636363636363635
57221100629,59158332000,0,0,0.0,0.0,4,6,24,4,0,68,38,0.0
57189266703,57193447530,0,0,0.0,0.0,9,22,198,16,4,1129,171,0.08695652173913043
55886563200,57205106670,0,0,0.0,0.0,14,20,280,13,1,307,11,0.08695652173913043
50061211900,57403948100,0,0,0.0,0.0,8,7,56,6,2,192,104,0.16129032258064516
36500840300,57608704100,0,0,0.0,0.0,0,5,0,5,1,41,27,0.0
57218435526,7005141725,0,0,0.0,0.0,8,27,216,6,4,109,51,0.02564102564102564
57203066384,57215143430,0,0,0.0,0.0,5,12,60,4,2,180,166,0.0
55835740200,7202452342,0,0,0.0,0.0,6,11,66,11,3,460,180,0.06451612903225806
35337121100,57218223534,0,0,0.0,0.0,6,13,78,9,1,197,3,0.10810810810810811
6603640296,7103061271,0,0,0.0,0.0,8,112,896,22,16,1255,1147,0.10638297872340426
57215903709,7102008829,0,0,0.0,0.0,6,5,30,7,1,60,4,0.05555555555555555
55334528900,57216857778,0,0,0.0,0.0,12,4,48,19,15,1337,1141,0.11538461538461539
57203059518,57216294315,0,0,0.0,0.0,12,7,84,5,1,143,87,0.1111111111111111
57150050300,57214183120,0,0,0.0,0.0,1,10,10,5,1,120,60,0.0
57197748523,7004650022,0,0,0.0,0.0,2,20,40,13,9,348,172,0.0
55642295700,57234377700,0,0,0.0,0.0,4,4,16,16,10,1316,1284,0.07272727272727272
57190183602,7201890059,0,0,0.0,0.0,8,12,96,12,8,281,245,0.09523809523809523
57214099401,6506171002,0,0,0.0,0.0,2,15,30,9,5,149,137,0.0
56668772700,57219884392,0,0,0.0,0.0,17,12,204,12,8,309,255,0.0392156862745098
56455210900,57213692823,0,0,0.0,0.0,4,11,44,10,0,375,47,0.11320754716981132
56168942900,57189038533,0,0,0.0,0.0,8,7,56,6,0,66,6,0.027777777777777776
55941314800,57194572637,0,0,0.0,0.0,9,4,36,5,1,48,10,0.02702702702702703
36542157500,7003327298,0,0,0.0,0.0,6,12,72,11,7,363,81,0.2727272727272727
56006831500,57916143500,0,0,0.0,0.0,10,3,30,11,7,275,193,0.041666666666666664
55838145700,57214188262,0,0,0.0,0.0,16,18,288,9,3,90,42,0.17142857142857143
35609932800,57218251679,0,0,0.0,0.0,7,2,14,6,4,81,73,0.0
22985592800,6504345622,0,0,0.0,0.0,5,4,20,6,2,63,27,0.057692307692307696
57200945886,57216276299,0,0,0.0,0.0,2,8,16,5,1,35,13,0.0
56926654500,57193670804,0,0,0.0,0.0,1,0,0,5,1,194,114,0.18181818181818182
57476577900,57642885800,0,0,0.0,0.0,9,3,27,3,1,12,10,0.05263157894736842
57203867228,57268328400,0,0,0.0,0.0,5,6,30,9,1,135,19,0.2692307692307692
36598939000,57191043562,0,0,0.0,0.0,14,1,14,10,0,297,37,0.023809523809523808
52364875700,55413928100,0,0,0.0,0.0,0,3,0,4,0,51,37,0.0
35202276600,55984805800,0,0,0.0,0.0,6,5,30,5,1,131,119,0.0
57204171151,57218193751,0,0,0.0,0.0,10,78,780,7,5,881,865,0.07142857142857142
26645366600,55319211200,0,0,0.0,0.0,5,1,5,9,5,292,272,0.13725490196078433
57211927845,8202851100,0,0,0.0,0.0,10,2,20,4,0,76,2,0.0
57218511476,57557394900,0,0,0.0,0.0,8,1,8,4,2,89,81,0.0
57205541173,57219471190,0,0,0.0,0.0,7,3,21,3,1,69,57,0.09090909090909091
56263833900,7005474747,0,0,0.0,0.0,2,2,4,3,1,33,19,0.02127659574468085
58985607000,7004206776,0,0,0.0,0.0,2,3,6,10,4,185,151,0.027777777777777776
16307042200,55332536900,0,0,0.0,0.0,5,18,90,8,4,184,116,0.05714285714285714
57207987084,7005465927,0,0,0.0,0.0,3,26,78,32,28,3341,3287,0.012987012987012988
57211980770,6504285422,0,0,0.0,0.0,1,18,18,9,5,176,116,0.13636363636363635
32668058700,57210150969,0,0,0.0,0.0,34,5,170,9,5,330,4,0.027777777777777776
54387228000,55746940300,0,0,0.0,0.0,15,1,15,10,2,180,12,0.02631578947368421
55193515100,57223261084,0,0,0.0,0.0,12,1,12,4,0,57,7,0.0
57195197340,57204068654,0,0,0.0,0.0,5,3,15,5,3,93,5,0.0
57196392129,57201550536,0,0,0.0,0.0,6,1,6,3,1,19,13,0.0
36873751100,57207946765,0,0,0.0,0.0,31,6,186,12,4,223,131,0.016129032258064516
16403831600,57197756333,0,0,0.0,0.0,4,17,68,8,4,247,239,0.0
56818486400,57169746700,0,0,0.0,0.0,1,1,1,2,0,40,32,0.0
57193929795,57201307482,0,0,0.0,0.0,1,4,4,4,0,27,3,0.0
55899357800,56939817500,0,0,0.0,0.0,6,3,18,5,1,203,181,0.13333333333333333
50061211900,55903914900,0,0,0.0,0.0,8,1,8,3,1,66,22,0.025
57212228049,57212764115,0,0,0.0,0.0,2,15,30,5,3,185,183,0.0
55648370300,57224181103,0,0,0.0,0.0,4,2,8,4,2,133,131,0.0
57192199126,57211894564,0,0,0.0,0.0,12,0,0,13,11,380,376,0.0
57207695231,6602633095,0,0,0.0,0.0,16,59,944,21,1,492,76,0.02912621359223301
57204638546,57315502900,0,0,0.0,0.0,3,1,3,3,1,32,20,0.037037037037037035
57203678896,57222276278,0,0,0.0,0.0,11,3,33,7,3,159,127,0.0
35434643100,56641717100,0,0,0.0,0.0,3,19,57,29,27,2292,2278,0.140625
57188676353,8937627500,0,0,0.0,0.0,4,9,36,6,0,225,93,0.029411764705882353
23091409000,57202060730,0,0,0.0,0.0,46,8,368,27,9,1423,1101,0.10526315789473684
56455196900,57194183386,0,0,0.0,0.0,13,6,78,5,3,133,117,0.0
25636359300,56850348100,0,0,0.0,0.0,23,3,69,8,4,196,80,0.05128205128205128
56998752500,57203317480,0,0,0.0,0.0,3,6,18,9,5,172,66,0.0
55613154000,57214618988,0,0,0.0,0.0,15,7,105,11,5,253,73,0.0
57057275300,57208423429,0,2,0.14285714285714285,0.548015235830882,5,11,55,5,1,93,65,0.2222222222222222
57205749825,58826703900,0,0,0.0,0.0,20,27,540,8,0,188,90,0.1
55933323300,57207112042,0,0,0.0,0.0,36,6,216,4,0,77,51,0.0
56520358300,57198426793,0,0,0.0,0.0,2,9,18,10,6,190,116,0.03125
55410054500,57212019494,0,0,0.0,0.0,23,4,92,10,6,199,191,0.0
57195675149,57223241922,0,0,0.0,0.0,0,11,0,5,1,37,23,0.0
14831722300,57202977378,0,0,0.0,0.0,42,6,252,20,6,691,413,0.1282051282051282
57218144267,59574971800,0,0,0.0,0.0,3,18,54,6,0,96,14,0.05555555555555555
57209222127,57214988901,0,0,0.0,0.0,4,6,24,4,2,30,4,0.0
57207684461,57218376468,0,0,0.0,0.0,11,26,286,16,8,497,367,0.25806451612903225
15741157800,57209002257,0,0,0.0,0.0,3,8,24,4,0,51,19,0.0
57214190875,57217237669,0,0,0.0,0.0,1,4,4,3,1,50,48,0.2
55022701000,57205109869,0,0,0.0,0.0,39,3,117,29,25,2169,2143,0.02564102564102564
57204879604,57211536403,0,0,0.0,0.0,2,4,8,4,0,66,8,0.0
57213689998,58629743700,0,0,0.0,0.0,2,1,2,4,0,34,10,0.07142857142857142
57202899987,57205229669,0,0,0.0,0.0,7,7,49,5,1,32,16,0.0
56489594600,57217072136,0,0,0.0,0.0,6,7,42,7,1,70,50,0.07142857142857142
56600198600,7201849882,0,0,0.0,0.0,4,27,108,12,8,346,286,0.018867924528301886
57191621886,7201455990,0,0,0.0,0.0,7,31,217,16,0,785,75,0.0
57210638469,57214183368,0,0,0.0,0.0,16,10,160,15,3,497,337,0.07692307692307693
57215108230,58144715700,0,0,0.0,0.0,1,6,6,7,3,112,78,0.05263157894736842
57219974632,57224181231,0,0,0.0,0.0,6,7,42,4,0,30,8,0.1111111111111111
56742787500,57191611102,0,0,0.0,0.0,12,9,108,5,1,182,128,0.06666666666666667
37107641900,56040771800,0,0,0.0,0.0,16,1,16,16,12,608,552,0.0
56785606800,57786340400,0,0,0.0,0.0,7,6,42,4,0,38,12,0.125
57194439260,6506384162,0,0,0.0,0.0,12,2,24,9,5,216,174,0.0
36522431400,57201456169,0,0,0.0,0.0,13,5,65,5,1,72,54,0.0
57202318301,57573282600,0,0,0.0,0.0,7,8,56,8,6,109,103,0.42857142857142855
55369035500,57207008514,0,0,0.0,0.0,13,3,39,4,0,29,3,0.022222222222222223
56462886200,57203847149,0,0,0.0,0.0,4,3,12,7,3,127,103,0.058823529411764705
55878518900,57357424100,0,0,0.0,0.0,13,3,39,3,1,16,4,0.0
55868205600,56115462100,0,0,0.0,0.0,5,19,95,11,5,268,26,0.0
57203511535,6602571895,0,0,0.0,0.0,2,6,12,5,1,81,35,0.14285714285714285
55188506200,57206239200,0,0,0.0,0.0,1,5,5,3,1,27,5,0.06666666666666667
45161530100,57211759862,0,0,0.0,0.0,14,6,84,8,4,162,146,0.0
57205195001,57958386600,0,0,0.0,0.0,23,4,92,3,1,68,66,0.0
55700283700,57192817765,0,0,0.0,0.0,3,10,30,11,3,356,54,0.08333333333333333
57210452432,57217718572,0,0,0.0,0.0,10,4,40,9,3,124,32,0.0
35386080600,57221918587,0,0,0.0,0.0,3,12,36,3,1,11,9,0.0
24176529600,56505366300,0,0,0.0,0.0,1,32,32,10,6,162,132,0.05660377358490566
57226123823,8256031000,0,0,0.0,0.0,7,5,35,3,1,38,30,0.0
57192805123,57216590176,0,0,0.0,0.0,7,6,42,9,3,254,112,0.3333333333333333
12771529000,16025645400,0,0,0.0,0.0,4,2,8,4,2,146,120,0.0
14013402500,36145399600,0,0,0.0,0.0,22,13,286,8,4,191,145,0.12195121951219512
57822663000,60403668400,0,0,0.0,0.0,3,7,21,5,5,97,97,0.0
57201198471,57212428239,0,11,0.12643678160919541,2.2294568406242927,33,65,2145,9,3,219,97,0.35714285714285715
57202424701,57204182284,0,0,0.0,0.0,0,3,0,4,0,38,24,0.0
57222401768,57365466000,0,0,0.0,0.0,12,8,96,5,3,72,66,0.0
57188951648,7202085730,0,0,0.0,0.0,24,5,120,6,4,129,19,0.14285714285714285
35612006900,56715423800,0,0,0.0,0.0,1,3,3,5,1,59,31,0.0967741935483871
24831587100,57220336619,0,0,0.0,0.0,10,1,10,7,1,121,85,0.044444444444444446
55757203600,57194255296,0,0,0.0,0.0,8,1,8,6,2,51,29,0.10344827586206896
55811278600,57204513287,0,0,0.0,0.0,6,8,48,6,2,83,15,0.0
57021797000,57214183368,0,0,0.0,0.0,15,10,150,12,0,240,80,0.2222222222222222
36944857500,57190740486,0,0,0.0,0.0,17,2,34,9,1,244,54,0.0
54419500600,57760832100,0,0,0.0,0.0,3,4,12,6,2,51,41,0.0
57206658992,58044116500,0,0,0.0,0.0,8,7,56,7,1,219,97,0.06666666666666667
57188688151,57216798630,0,0,0.0,0.0,2,12,24,18,0,386,78,0.14285714285714285
57190015285,57289236600,0,0,0.0,0.0,0,8,0,3,3,20,20,0.0
57201426073,7005430904,0,0,0.0,0.0,5,2,10,6,0,127,89,0.0
57219777484,6603110227,0,0,0.0,0.0,9,23,207,13,7,304,270,0.0
12645700300,6506670264,0,0,0.0,0.0,4,79,316,12,12,466,466,0.02
57211169861,57222081690,0,0,0.0,0.0,12,5,60,4,2,34,26,0.0
57193343345,57206263089,0,0,0.0,0.0,4,16,64,12,4,280,106,0.041666666666666664
55654537000,57223906737,0,0,0.0,0.0,3,4,12,3,3,25,25,0.0
38660925700,56576220800,0,0,0.0,0.0,30,3,90,16,4,406,184,0.09375
57196516585,57216608788,0,0,0.0,0.0,3,6,18,2,0,5,3,0.0
55616120700,57189270902,0,0,0.0,0.0,7,36,252,30,22,1768,1690,0.09433962264150944
24559165600,57203246888,0,0,0.0,0.0,5,1,5,4,0,29,5,0.0
58170860400,58288472900,0,0,0.0,0.0,2,4,8,5,3,154,136,0.0975609756097561
55970297100,57218556770,0,0,0.0,0.0,13,4,52,5,1,140,38,0.09259259259259259
57215107378,57237785000,0,0,0.0,0.0,3,3,9,4,0,68,12,0.0
56210364100,6503985128,0,0,0.0,0.0,8,2,16,9,5,322,254,0.3170731707317073
57216400133,6505758008,0,0,0.0,0.0,5,6,30,17,13,1474,1320,0.0
57214333012,7101835141,0,0,0.0,0.0,16,20,320,11,5,393,247,0.017857142857142856
16554843500,7102450017,0,0,0.0,0.0,51,24,1224,27,9,1905,1369,0.0759493670886076
57204149623,7007175125,0,0,0.0,0.0,6,6,36,8,4,116,38,0.13333333333333333
56007251600,57216568938,0,0,0.0,0.0,5,14,70,6,4,116,68,0.0
54791045400,57219330311,0,0,0.0,0.0,13,12,156,23,19,1417,1333,0.0
15838303100,57222061171,0,0,0.0,0.0,11,5,55,7,3,93,73,0.034482758620689655
27067481500,57202753279,0,0,0.0,0.0,29,4,116,13,5,376,24,0.22857142857142856
57364264600,8948536400,0,0,0.0,0.0,19,13,247,11,3,184,94,0.09803921568627451
52563804900,57222101401,0,0,0.0,0.0,2,9,18,5,1,249,91,0.16666666666666666
15136671100,7006636636,0,0,0.0,0.0,24,7,168,24,0,895,175,0.0
54398460700,55706745500,0,0,0.0,0.0,3,10,30,6,2,72,30,0.0967741935483871
56939963500,59078152800,0,0,0.0,0.0,11,3,33,5,1,114,56,0.0
56533331100,58247778100,0,0,0.0,0.0,6,2,12,3,1,21,3,0.20689655172413793
45161224700,57552726000,0,0,0.0,0.0,47,7,329,13,9,264,230,0.0
34880731400,57222501287,0,0,0.0,0.0,4,12,48,4,2,31,23,0.037037037037037035
57209458861,57215428779,0,0,0.0,0.0,1,9,9,6,2,60,42,0.0
56588991300,7102802523,0,0,0.0,0.0,5,6,30,5,1,89,5,0.02702702702702703
37057681700,57207689403,0,0,0.0,0.0,13,15,195,7,3,123,61,0.07142857142857142
18437640800,57211205211,0,0,0.0,0.0,5,7,35,9,3,123,59,0.0
56829048900,57221933008,0,0,0.0,0.0,11,8,88,6,2,58,46,0.047619047619047616
57190278097,57201775200,0,0,0.0,0.0,27,8,216,20,2,961,643,0.11475409836065574
57217869851,57414199800,0,0,0.0,0.0,8,2,16,4,0,38,18,0.0
55535491100,57193379060,0,0,0.0,0.0,60,2,120,10,4,276,106,0.03333333333333333
57216220748,57219672415,0,0,0.0,0.0,5,7,35,7,3,223,201,0.0
57218126879,57224412495,0,0,0.0,0.0,7,1,7,4,0,85,27,0.0
57208691584,57217120265,0,0,0.0,0.0,2,20,40,6,2,61,35,0.0
57195280315,57216404500,0,0,0.0,0.0,4,7,28,6,2,95,29,0.0
57206867017,6507213163,0,0,0.0,0.0,2,5,10,6,4,63,47,0.03508771929824561
57435766000,7801528716,0,0,0.0,0.0,7,6,42,5,1,48,10,0.045454545454545456
57210993536,6507924993,0,0,0.0,0.0,8,15,120,10,4,302,84,0.0
59791432300,7005386667,0,0,0.0,0.0,1,2,2,8,4,177,165,0.0
54797008100,57205197486,0,0,0.0,0.0,4,10,40,11,7,231,217,0.058823529411764705
56850461100,57190219361,0,0,0.0,0.0,51,5,255,10,4,263,165,0.07142857142857142
55347249800,8583716700,0,0,0.0,0.0,18,4,72,9,1,161,93,0.0392156862745098
57194347166,57211131431,0,0,0.0,0.0,10,2,20,5,1,57,7,0.0
56684707300,57110082200,0,0,0.0,0.0,19,2,38,10,4,430,150,0.25
24338809600,55931005800,0,0,0.0,0.0,5,13,65,12,4,260,44,0.08333333333333333
55589269800,57205063868,0,0,0.0,0.0,2,6,12,4,0,46,6,0.0
36865582000,56131757100,0,0,0.0,0.0,8,2,16,8,2,130,64,0.0
26645089900,57222024477,0,0,0.0,0.0,6,28,168,7,3,140,40,0.041666666666666664
57210162585,6602378213,0,0,0.0,0.0,2,15,30,12,6,177,145,0.01694915254237288
55846257200,58491983900,0,0,0.0,0.0,27,4,108,10,6,233,185,0.11627906976744186
55887007300,7005934666,0,0,0.0,0.0,5,11,55,16,10,435,315,0.02631578947368421
56237393300,57143765400,0,0,0.0,0.0,3,9,27,6,2,80,56,0.05555555555555555
57194769305,7003435386,0,0,0.0,0.0,32,51,1632,26,2,1009,59,0.024096385542168676
57202640262,6603551893,0,0,0.0,0.0,16,4,64,7,1,726,568,0.04
57053197100,57210573473,0,0,0.0,0.0,5,5,25,10,6,305,251,0.03125
24558599900,57193825729,0,0,0.0,0.0,2,8,16,3,1,15,9,0.044444444444444446
56112797000,58093159300,0,0,0.0,0.0,4,4,16,5,1,107,77,0.0
37003768700,57215436548,0,0,0.0,0.0,9,6,54,7,3,137,63,0.14814814814814814
57192928378,57949458500,0,0,0.0,0.0,12,2,24,2,2,82,82,0.05263157894736842
57191473903,57203814878,0,0,0.0,0.0,1,9,9,8,4,323,269,0.0
37052613300,57207048621,0,0,0.0,0.0,6,1,6,4,0,34,18,0.07692307692307693
35173756700,57217148219,0,0,0.0,0.0,4,7,28,4,0,28,14,0.1
57201728561,57226267364,0,0,0.0,0.0,2,4,8,6,4,242,230,0.17142857142857143
36573321300,55882827100,0,0,0.0,0.0,29,5,145,6,2,165,139,0.043478260869565216
57190013276,57221682183,0,0,0.0,0.0,14,6,84,11,9,394,386,0.034482758620689655
57218159309,57222090741,0,0,0.0,0.0,1,2,2,5,1,41,9,0.07142857142857142
57031886100,7102450017,0,0,0.0,0.0,11,24,264,22,14,1741,1533,0.061224489795918366
57194283033,57201548063,0,0,0.0,0.0,1,1,1,6,0,110,2,0.0
38662288000,57038894000,0,0,0.0,0.0,2,23,46,12,10,329,315,0.07317073170731707
24537961100,55508572500,0,0,0.0,0.0,2,1,2,1,1,4,4,0.0
56019245400,57190569747,0,0,0.0,0.0,4,5,20,6,2,73,9,0.175
55325349900,57203511535,0,0,0.0,0.0,12,2,24,5,1,63,17,0.1
58445911900,7003327298,0,0,0.0,0.0,6,12,72,11,7,284,160,0.038461538461538464
36971878100,59863203900,0,0,0.0,0.0,1,15,15,8,2,344,208,0.0
57195933421,57212537459,0,0,0.0,0.0,3,4,12,4,0,23,9,0.23809523809523808
57193315259,58249730700,0,0,0.0,0.0,8,2,16,8,6,233,223,0.0
57195134052,57218105207,0,0,0.0,0.0,4,2,8,11,5,198,116,0.0
6506106345,8721928400,0,0,0.0,0.0,16,6,96,5,1,71,41,0.14285714285714285
57210151909,57219012294,0,0,0.0,0.0,11,36,396,4,0,29,11,0.0
57089853400,57211004693,0,0,0.0,0.0,6,11,66,6,2,71,29,0.06666666666666667
51664151600,57212445342,0,0,0.0,0.0,7,5,35,9,3,216,112,0.0
57194439905,57219384397,0,0,0.0,0.0,5,13,65,7,1,180,104,0.0
57384054900,7801532760,0,0,0.0,0.0,3,93,279,16,14,720,680,0.0
57207244828,57207844316,0,0,0.0,0.0,2,1,2,4,0,33,9,0.0
55487063400,57189758876,0,0,0.0,0.0,3,17,51,9,5,221,83,0.08695652173913043
53463188500,6701335257,0,0,0.0,0.0,3,5,15,3,1,39,37,0.037037037037037035
25923097000,56948379200,0,0,0.0,0.0,11,39,429,13,7,236,154,0.125
7004357093,9735536400,0,0,0.0,0.0,13,2,26,8,0,160,6,0.045454545454545456
57193882076,57208054392,0,0,0.0,0.0,20,14,280,8,2,125,53,0.05263157894736842
57214316831,57219540911,0,0,0.0,0.0,4,18,72,11,5,191,109,0.0
57217472308,57325393100,0,0,0.0,0.0,12,6,72,6,2,85,23,0.043478260869565216
57208255346,57216823698,0,0,0.0,0.0,19,7,133,20,14,918,868,0.0
57214192681,7003327298,0,0,0.0,0.0,4,12,48,11,7,253,191,0.03571428571428571
56612660700,57192595142,0,0,0.0,0.0,3,1,3,5,5,114,114,0.14814814814814814
57203961109,57216583353,0,0,0.0,0.0,4,2,8,6,2,41,33,0.0
57211536782,6508177495,0,0,0.0,0.0,7,2,14,5,3,99,77,0.02564102564102564
57216401706,7003379409,0,0,0.0,0.0,4,14,56,12,8,296,276,0.0625
57760832100,6504359000,0,0,0.0,0.0,4,7,28,4,0,25,15,0.0
21934592300,57210636908,0,0,0.0,0.0,22,3,66,11,9,358,348,0.0
57218135478,57222221893,0,0,0.0,0.0,11,17,187,13,7,553,473,0.0625
57210894280,57215428779,0,0,0.0,0.0,9,9,81,10,2,130,28,0.0
57196707430,7004062333,0,0,0.0,0.0,22,7,154,17,9,599,379,0.06382978723404255
57220058547,57222322800,0,0,0.0,0.0,3,2,6,3,1,21,1,0.0
56940459700,57190740486,0,0,0.0,0.0,4,2,8,7,1,256,42,0.1
55341051500,55637497100,0,0,0.0,0.0,12,7,84,10,0,213,79,0.11627906976744186
55907520600,57362983700,0,0,0.0,0.0,17,18,306,9,5,195,173,0.04
57201564046,57223241991,0,0,0.0,0.0,2,9,18,3,1,84,66,0.0
38361199900,57188537146,0,0,0.0,0.0,2,6,12,4,0,32,4,0.35294117647058826
54419500600,55615833500,0,0,0.0,0.0,3,0,0,9,1,137,45,0.12195121951219512
57212019494,8507685700,0,0,0.0,0.0,4,7,28,5,1,76,68,0.038461538461538464
57038059300,59685511300,0,0,0.0,0.0,15,5,75,6,2,211,105,0.21052631578947367
56530358600,7202606880,0,0,0.0,0.0,16,22,352,21,13,1127,1007,0.0
19035625400,56012624400,0,0,0.0,0.0,4,15,60,20,2,902,84,0.15
21233394500,57219556250,0,0,0.0,0.0,22,3,66,8,4,137,71,0.0
6701380843,8344146700,0,0,0.0,0.0,46,3,138,15,11,779,189,0.0273972602739726
55319040900,55378410100,0,0,0.0,0.0,3,1,3,3,1,13,1,0.2
56964363600,6603729308,0,0,0.0,0.0,1,25,25,17,13,680,622,0.0
57200045265,7203013613,0,0,0.0,0.0,5,19,95,4,2,38,34,0.06666666666666667
37079049100,7004074021,0,2,0.018691588785046728,0.5560853945968467,25,84,2100,18,6,495,173,0.08888888888888889
55990644200,7004143438,0,0,0.0,0.0,24,13,312,14,4,446,174,0.07547169811320754
55314365000,57211480788,0,0,0.0,0.0,8,13,104,8,2,107,9,0.1111111111111111
57215598462,57221865286,0,0,0.0,0.0,4,8,32,4,0,36,24,0.0
54950226200,7005969319,0,0,0.0,0.0,19,99,1881,31,1,1446,398,0.1111111111111111
24537722200,43260935500,0,0,0.0,0.0,4,8,32,6,6,97,97,0.043478260869565216
57218161512,7004663022,0,0,0.0,0.0,2,21,42,13,9,416,366,0.05
57188586315,57202776363,0,0,0.0,0.0,13,10,130,17,1,783,391,0.08333333333333333
56428622900,57224181770,0,0,0.0,0.0,6,25,150,14,4,406,252,0.043478260869565216
56940104900,57211287922,0,0,0.0,0.0,6,17,102,12,6,225,195,0.0967741935483871
25635426900,57197510614,0,0,0.0,0.0,5,2,10,5,1,42,6,0.02631578947368421
57191262146,57215598462,0,0,0.0,0.0,6,4,24,5,1,61,1,0.0
56382377200,57201273749,0,0,0.0,0.0,4,5,20,3,1,16,8,0.0
57200513614,58313855200,0,0,0.0,0.0,3,6,18,5,1,85,71,0.0
56305667900,57204515495,0,0,0.0,0.0,13,3,39,4,2,66,48,0.06666666666666667
54782477100,7202594350,0,0,0.0,0.0,4,4,16,4,0,91,7,0.0
57195935522,57211116981,0,0,0.0,0.0,5,1,5,6,4,173,157,0.0
57208032180,57956262000,0,0,0.0,0.0,9,1,9,3,1,23,17,0.0
57211715117,6701817002,0,0,0.0,0.0,23,3,69,15,1,356,30,0.16393442622950818
57204588679,58045696400,0,0,0.0,0.0,12,7,84,7,5,98,90,0.07142857142857142
56539945500,57219400414,0,0,0.0,0.0,15,7,105,10,4,162,120,0.12121212121212122
57203974537,57821720100,0,0,0.0,0.0,16,6,96,7,3,161,147,0.0
57195933421,57209542137,0,0,0.0,0.0,3,2,6,3,1,23,9,0.13043478260869565
18633978400,57211336525,0,0,0.0,0.0,7,13,91,11,1,181,3,0.02631578947368421
34978111800,55627752400,0,0,0.0,0.0,16,16,256,12,2,138,76,0.07894736842105263
56708983100,57204847637,0,0,0.0,0.0,5,8,40,9,5,375,319,0.03571428571428571
57191344418,57210960198,0,0,0.0,0.0,16,135,2160,18,0,1481,979,0.05
57077922100,6603873202,0,0,0.0,0.0,1,11,11,10,6,211,199,0.01694915254237288
35997230900,57205298384,0,0,0.0,0.0,55,5,275,10,8,658,644,0.03278688524590164
54930614800,6503983729,0,0,0.0,0.0,8,7,56,1,1,5,5,0.0
57218684326,57219342028,0,0,0.0,0.0,2,6,12,4,0,34,0,0.1111111111111111
25121390100,57203162035,0,0,0.0,0.0,6,7,42,3,1,36,16,0.08333333333333333
57190489365,57224831324,0,0,0.0,0.0,7,0,0,5,1,96,46,0.038461538461538464
56462886200,7201998846,0,0,0.0,0.0,4,23,92,6,2,73,49,0.09090909090909091
26654926000,57216404500,0,0,0.0,0.0,7,7,49,9,1,168,44,0.04918032786885246
24331672700,57202071668,0,0,0.0,0.0,1,19,19,7,1,290,266,0.0
57203546432,57210999556,0,0,0.0,0.0,5,5,25,6,0,65,31,0.2
56494751200,57216471752,0,0,0.0,0.0,3,12,36,8,4,115,69,0.0
58827472400,7006572404,0,0,0.0,0.0,5,2,10,5,3,77,63,0.058823529411764705
57191222926,57954564100,0,0,0.0,0.0,7,8,56,5,1,230,60,0.058823529411764705
57296398100,6701768461,0,0,0.0,0.0,8,5,40,6,2,56,30,0.0
56689207300,57202575414,0,0,0.0,0.0,11,18,198,9,7,226,224,0.05714285714285714
57210977636,57214186954,0,0,0.0,0.0,8,7,56,7,1,157,69,0.027777777777777776
56990733700,6507796594,0,0,0.0,0.0,5,41,205,19,15,2359,2289,0.014925373134328358
16402502400,57216857778,0,0,0.0,0.0,8,4,32,6,2,222,26,0.07142857142857142
23973868600,57219485718,0,0,0.0,0.0,24,6,144,11,3,297,211,0.0
56479216800,57223093121,0,0,0.0,0.0,7,5,35,3,1,48,22,0.13333333333333333
57205063868,57211450084,0,0,0.0,0.0,6,2,12,3,1,22,18,0.0
55600080400,57198890094,0,0,0.0,0.0,13,15,195,14,6,390,212,0.02631578947368421
54080224900,7006704861,0,0,0.0,0.0,12,14,168,8,6,142,130,0.0
57192928378,7004254585,0,0,0.0,0.0,12,7,84,12,8,752,588,0.0851063829787234
57211452861,57219884099,0,0,0.0,0.0,8,12,96,4,0,141,121,0.0
57196795591,7006614631,0,0,0.0,0.0,2,15,30,7,3,82,66,0.03333333333333333
57193608475,57212239205,0,0,0.0,0.0,4,2,8,6,2,207,161,0.08196721311475409
56320904000,57214171104,0,0,0.0,0.0,7,2,14,4,2,45,37,0.0
56964363600,57217669796,0,0,0.0,0.0,1,5,5,4,0,67,9,0.0
57190983870,57190987523,0,0,0.0,0.0,12,9,108,9,1,181,101,0.13333333333333333
57192929383,57204835697,0,0,0.0,0.0,0,15,0,5,3,154,144,0.08333333333333333
57032358800,57195973683,0,0,0.0,0.0,2,7,14,7,3,71,55,0.0
24315127000,57203924074,0,0,0.0,0.0,3,29,87,18,14,804,728,0.05263157894736842
54783293900,56487822900,0,0,0.0,0.0,2,4,8,4,0,19,7,0.0
16067892900,36598939000,0,0,0.0,0.0,21,14,294,12,2,272,12,0.027777777777777776
56973349700,57208794505,0,0,0.0,0.0,12,61,732,14,0,1238,1028,0.08333333333333333
57205677091,57218251679,0,0,0.0,0.0,9,2,18,9,7,466,458,0.0
57219108089,58985607000,0,0,0.0,0.0,9,2,18,7,1,272,238,0.0
54682077400,57191415162,0,0,0.0,0.0,4,6,24,3,1,86,52,0.0
56373507100,57429254100,0,0,0.0,0.0,8,6,48,4,2,35,23,0.05555555555555555
55325186200,55985149100,0,0,0.0,0.0,2,10,20,11,7,178,160,0.0
56743105600,57216350704,0,0,0.0,0.0,6,7,42,4,2,87,85,0.08333333333333333
56907053800,57202856333,0,0,0.0,0.0,1,3,3,3,1,24,8,0.0
14054610100,22135510100,0,0,0.0,0.0,2,4,8,12,6,312,266,0.013333333333333334
57219982774,57460557900,0,0,0.0,0.0,13,1,13,5,1,109,35,0.09090909090909091
57204068654,57215026290,0,0,0.0,0.0,3,4,12,2,0,60,28,0.2
57205162626,58689350700,0,0,0.0,0.0,9,8,72,8,4,225,79,0.07142857142857142
57173260200,57200166732,0,0,0.0,0.0,11,7,77,13,5,399,245,0.04878048780487805
44961160900,6701691981,0,0,0.0,0.0,20,15,300,24,14,1300,1164,0.016129032258064516
35145814800,54913625700,0,0,0.0,0.0,16,27,432,50,22,3397,1937,0.14942528735632185
57211031880,6701723514,0,0,0.0,0.0,2,12,24,12,8,472,446,0.1509433962264151
57206893445,58249730700,0,0,0.0,0.0,11,2,22,4,2,60,50,0.0
57214186713,57642875700,0,0,0.0,0.0,5,6,30,3,1,66,52,0.05
31667532100,36928963300,0,0,0.0,0.0,32,4,128,22,12,826,614,0.10344827586206896
57195237565,58499306200,0,0,0.0,0.0,17,2,34,7,3,102,76,0.03125
57210706661,7003921536,0,0,0.0,0.0,3,25,75,11,5,454,216,0.08571428571428572
55664036300,56487308200,0,0,0.0,0.0,20,3,60,16,10,649,319,0.04081632653061224
12783424700,57196074470,0,0,0.0,0.0,6,22,132,8,2,262,32,0.022727272727272728
23026082700,58636377600,0,0,0.0,0.0,32,0,0,7,5,89,79,0.0
36480585000,7004127474,0,0,0.0,0.0,5,2,10,6,0,139,73,0.22448979591836735
23972525300,57712744300,0,0,0.0,0.0,12,4,48,11,7,134,124,0.0
